-- phpMyAdmin SQL Dump
-- version 5.2.0
-- https://www.phpmyadmin.net/
--
-- Host: 127.0.0.1
-- Generation Time: Nov 27, 2023 at 03:13 PM
-- Server version: 10.4.27-MariaDB
-- PHP Version: 7.4.33

SET SQL_MODE = "NO_AUTO_VALUE_ON_ZERO";
START TRANSACTION;
SET time_zone = "+00:00";


/*!40101 SET @OLD_CHARACTER_SET_CLIENT=@@CHARACTER_SET_CLIENT */;
/*!40101 SET @OLD_CHARACTER_SET_RESULTS=@@CHARACTER_SET_RESULTS */;
/*!40101 SET @OLD_COLLATION_CONNECTION=@@COLLATION_CONNECTION */;
/*!40101 SET NAMES utf8mb4 */;

--
-- Database: `moco9688_bacapustaka`
--

-- --------------------------------------------------------

--
-- Table structure for table `accounting`
--

CREATE TABLE `accounting` (
  `id` int(10) UNSIGNED NOT NULL,
  `user_id` int(10) UNSIGNED DEFAULT NULL,
  `creator_id` int(11) DEFAULT NULL,
  `order_item_id` int(10) UNSIGNED DEFAULT NULL,
  `webinar_id` int(10) UNSIGNED DEFAULT NULL,
  `bundle_id` int(10) UNSIGNED DEFAULT NULL,
  `meeting_time_id` int(10) UNSIGNED DEFAULT NULL,
  `subscribe_id` int(10) UNSIGNED DEFAULT NULL,
  `promotion_id` int(10) UNSIGNED DEFAULT NULL,
  `registration_package_id` int(10) UNSIGNED DEFAULT NULL,
  `product_id` int(10) UNSIGNED DEFAULT NULL,
  `installment_payment_id` int(10) UNSIGNED DEFAULT NULL,
  `installment_order_id` int(10) UNSIGNED DEFAULT NULL COMMENT 'This field is filled in the seller''s financial document to find the installment order',
  `gift_id` int(10) UNSIGNED DEFAULT NULL,
  `system` tinyint(1) NOT NULL DEFAULT 0,
  `tax` tinyint(1) NOT NULL DEFAULT 0,
  `amount` decimal(13,2) DEFAULT NULL,
  `type` enum('addiction','deduction') NOT NULL,
  `type_account` enum('income','asset','subscribe','promotion','registration_package','installment_payment') DEFAULT NULL,
  `store_type` enum('automatic','manual') NOT NULL DEFAULT 'automatic',
  `referred_user_id` int(10) UNSIGNED DEFAULT NULL,
  `is_affiliate_amount` tinyint(1) NOT NULL DEFAULT 0,
  `is_affiliate_commission` tinyint(1) NOT NULL DEFAULT 0,
  `is_registration_bonus` tinyint(1) NOT NULL DEFAULT 0,
  `is_cashback` tinyint(1) NOT NULL DEFAULT 0,
  `description` text DEFAULT NULL,
  `created_at` int(11) NOT NULL
) ENGINE=InnoDB DEFAULT CHARSET=utf8mb4 COLLATE=utf8mb4_unicode_ci ROW_FORMAT=DYNAMIC;

--
-- Dumping data for table `accounting`
--

INSERT INTO `accounting` (`id`, `user_id`, `creator_id`, `order_item_id`, `webinar_id`, `bundle_id`, `meeting_time_id`, `subscribe_id`, `promotion_id`, `registration_package_id`, `product_id`, `installment_payment_id`, `installment_order_id`, `gift_id`, `system`, `tax`, `amount`, `type`, `type_account`, `store_type`, `referred_user_id`, `is_affiliate_amount`, `is_affiliate_commission`, `is_registration_bonus`, `is_cashback`, `description`, `created_at`) VALUES
(251, 996, 1, NULL, NULL, NULL, NULL, NULL, NULL, NULL, NULL, NULL, NULL, NULL, 0, 0, '500.00', 'addiction', 'asset', 'automatic', NULL, 0, 0, 0, 0, 'offline payment approved', 1625944212),
(252, 996, NULL, NULL, NULL, NULL, 98, NULL, NULL, NULL, NULL, NULL, NULL, NULL, 0, 0, '165.00', 'deduction', 'asset', 'automatic', NULL, 0, 0, 0, 0, 'Paid for 1:30 hours of consultation', 1625944347),
(253, 996, NULL, NULL, NULL, NULL, 98, NULL, NULL, NULL, NULL, NULL, NULL, NULL, 0, 1, '15.00', 'addiction', 'asset', 'automatic', NULL, 0, 0, 0, 0, 'Tax form Buyer', 1625944347),
(254, 1015, NULL, NULL, NULL, NULL, 98, NULL, NULL, NULL, NULL, NULL, NULL, NULL, 0, 0, '120.00', 'addiction', 'income', 'automatic', NULL, 0, 0, 0, 0, 'Income Sale', 1625944347),
(255, 1015, NULL, NULL, NULL, NULL, 98, NULL, NULL, NULL, NULL, NULL, NULL, NULL, 1, 0, '30.00', 'addiction', 'income', 'automatic', NULL, 0, 0, 0, 0, 'Commission from Seller', 1625944347),
(256, 930, 1, NULL, NULL, NULL, NULL, NULL, NULL, NULL, NULL, NULL, NULL, NULL, 0, 0, '600.00', 'addiction', 'asset', 'manual', NULL, 0, 0, 0, 0, 'Gifts from the platform', 1625950715),
(257, 995, 1, NULL, NULL, NULL, NULL, NULL, NULL, NULL, NULL, NULL, NULL, NULL, 0, 0, '1000.00', 'addiction', 'asset', 'automatic', NULL, 0, 0, 0, 0, 'offline payment approved', 1625950749),
(258, 995, NULL, NULL, NULL, NULL, 160, NULL, NULL, NULL, NULL, NULL, NULL, NULL, 0, 0, '110.00', 'deduction', 'asset', 'automatic', NULL, 0, 0, 0, 0, 'Paid for 1:00 hours of consultation', 1625952630),
(259, 995, NULL, NULL, NULL, NULL, 160, NULL, NULL, NULL, NULL, NULL, NULL, NULL, 0, 1, '10.00', 'addiction', 'asset', 'automatic', NULL, 0, 0, 0, 0, 'Tax form Buyer', 1625952630),
(260, 934, NULL, NULL, NULL, NULL, 160, NULL, NULL, NULL, NULL, NULL, NULL, NULL, 0, 0, '80.00', 'addiction', 'income', 'automatic', NULL, 0, 0, 0, 0, 'Income Sale', 1625952630),
(261, 934, NULL, NULL, NULL, NULL, 160, NULL, NULL, NULL, NULL, NULL, NULL, NULL, 1, 0, '20.00', 'addiction', 'income', 'automatic', NULL, 0, 0, 0, 0, 'Commission from Seller', 1625952630),
(262, 995, NULL, NULL, 2005, NULL, NULL, NULL, NULL, NULL, NULL, NULL, NULL, NULL, 0, 0, '11.00', 'deduction', 'asset', 'automatic', NULL, 0, 0, 0, 0, 'Paid form Credit', 1625953197),
(263, 995, NULL, NULL, 2005, NULL, NULL, NULL, NULL, NULL, NULL, NULL, NULL, NULL, 0, 1, '1.00', 'addiction', 'asset', 'automatic', NULL, 0, 0, 0, 0, 'Tax form Buyer', 1625953198),
(264, 4, NULL, NULL, 2005, NULL, NULL, NULL, NULL, NULL, NULL, NULL, NULL, NULL, 0, 0, '8.00', 'addiction', 'income', 'automatic', NULL, 0, 0, 0, 0, 'Income Sale', 1625953198),
(265, 4, NULL, NULL, 2005, NULL, NULL, NULL, NULL, NULL, NULL, NULL, NULL, NULL, 1, 0, '2.00', 'addiction', 'income', 'automatic', NULL, 0, 0, 0, 0, 'Commission from Seller', 1625953198),
(266, 979, 1, NULL, NULL, NULL, NULL, NULL, NULL, NULL, NULL, NULL, NULL, NULL, 0, 0, '400.00', 'addiction', 'asset', 'automatic', NULL, 0, 0, 0, 0, 'offline payment approved', 1625992548),
(267, 995, NULL, NULL, NULL, NULL, 103, NULL, NULL, NULL, NULL, NULL, NULL, NULL, 0, 0, '137.50', 'deduction', 'asset', 'automatic', NULL, 0, 0, 0, 0, 'Paid for 1:15 hours of consultation', 1625996816),
(268, 995, NULL, NULL, NULL, NULL, 103, NULL, NULL, NULL, NULL, NULL, NULL, NULL, 0, 1, '12.50', 'addiction', 'asset', 'automatic', NULL, 0, 0, 0, 0, 'Tax form Buyer', 1625996817),
(269, 1015, NULL, NULL, NULL, NULL, 103, NULL, NULL, NULL, NULL, NULL, NULL, NULL, 0, 0, '100.00', 'addiction', 'income', 'automatic', NULL, 0, 0, 0, 0, 'Income Sale', 1625996817),
(270, 1015, NULL, NULL, NULL, NULL, 103, NULL, NULL, NULL, NULL, NULL, NULL, NULL, 1, 0, '25.00', 'addiction', 'income', 'automatic', NULL, 0, 0, 0, 0, 'Commission from Seller', 1625996817),
(271, 995, NULL, NULL, 1999, NULL, NULL, NULL, NULL, NULL, NULL, NULL, NULL, NULL, 0, 0, '55.00', 'deduction', 'asset', 'automatic', NULL, 0, 0, 0, 0, 'Paid form Credit', 1625996942),
(272, 995, NULL, NULL, 1999, NULL, NULL, NULL, NULL, NULL, NULL, NULL, NULL, NULL, 0, 1, '5.00', 'addiction', 'asset', 'automatic', NULL, 0, 0, 0, 0, 'Tax form Buyer', 1625996943),
(273, 929, NULL, NULL, 1999, NULL, NULL, NULL, NULL, NULL, NULL, NULL, NULL, NULL, 0, 0, '45.00', 'addiction', 'income', 'automatic', NULL, 0, 0, 0, 0, 'Income Sale', 1625996943),
(274, 929, NULL, NULL, 1999, NULL, NULL, NULL, NULL, NULL, NULL, NULL, NULL, NULL, 1, 0, '5.00', 'addiction', 'income', 'automatic', NULL, 0, 0, 0, 0, 'Commission from Seller', 1625996943),
(275, 995, NULL, NULL, 1998, NULL, NULL, NULL, NULL, NULL, NULL, NULL, NULL, NULL, 0, 0, '55.00', 'deduction', 'asset', 'automatic', NULL, 0, 0, 0, 0, 'Paid form Credit', 1625996979),
(276, 995, NULL, NULL, 1998, NULL, NULL, NULL, NULL, NULL, NULL, NULL, NULL, NULL, 0, 1, '5.00', 'addiction', 'asset', 'automatic', NULL, 0, 0, 0, 0, 'Tax form Buyer', 1625996979),
(277, 1015, NULL, NULL, 1998, NULL, NULL, NULL, NULL, NULL, NULL, NULL, NULL, NULL, 0, 0, '40.00', 'addiction', 'income', 'automatic', NULL, 0, 0, 0, 0, 'Income Sale', 1625996979),
(278, 1015, NULL, NULL, 1998, NULL, NULL, NULL, NULL, NULL, NULL, NULL, NULL, NULL, 1, 0, '10.00', 'addiction', 'income', 'automatic', NULL, 0, 0, 0, 0, 'Commission from Seller', 1625996979),
(279, 995, NULL, NULL, 2001, NULL, NULL, NULL, NULL, NULL, NULL, NULL, NULL, NULL, 0, 0, '17.60', 'deduction', 'asset', 'automatic', NULL, 0, 0, 0, 0, 'Paid form Credit', 1625997105),
(280, 995, NULL, NULL, 2001, NULL, NULL, NULL, NULL, NULL, NULL, NULL, NULL, NULL, 0, 1, '1.60', 'addiction', 'asset', 'automatic', NULL, 0, 0, 0, 0, 'Tax form Buyer', 1625997106),
(281, 3, NULL, NULL, 2001, NULL, NULL, NULL, NULL, NULL, NULL, NULL, NULL, NULL, 0, 0, '14.40', 'addiction', 'income', 'automatic', NULL, 0, 0, 0, 0, 'Income Sale', 1625997106),
(282, 3, NULL, NULL, 2001, NULL, NULL, NULL, NULL, NULL, NULL, NULL, NULL, NULL, 1, 0, '1.60', 'addiction', 'income', 'automatic', NULL, 0, 0, 0, 0, 'Commission from Seller', 1625997106),
(283, 996, NULL, NULL, 2006, NULL, NULL, NULL, NULL, NULL, NULL, NULL, NULL, NULL, 0, 0, '24.75', 'deduction', 'asset', 'automatic', NULL, 0, 0, 0, 0, 'Paid form Credit', 1626060488),
(284, 996, NULL, NULL, 2006, NULL, NULL, NULL, NULL, NULL, NULL, NULL, NULL, NULL, 0, 1, '2.25', 'addiction', 'asset', 'automatic', NULL, 0, 0, 0, 0, 'Tax form Buyer', 1626060488),
(285, 867, NULL, NULL, 2006, NULL, NULL, NULL, NULL, NULL, NULL, NULL, NULL, NULL, 0, 0, '18.00', 'addiction', 'income', 'automatic', NULL, 0, 0, 0, 0, 'Income Sale', 1626060488),
(286, 867, NULL, NULL, 2006, NULL, NULL, NULL, NULL, NULL, NULL, NULL, NULL, NULL, 1, 0, '4.50', 'addiction', 'income', 'automatic', NULL, 0, 0, 0, 0, 'Commission from Seller', 1626060488),
(287, 996, NULL, NULL, 1998, NULL, NULL, NULL, NULL, NULL, NULL, NULL, NULL, NULL, 0, 0, '44.00', 'deduction', 'asset', 'automatic', NULL, 0, 0, 0, 0, 'Paid form Credit', 1626060553),
(288, 996, NULL, NULL, 1998, NULL, NULL, NULL, NULL, NULL, NULL, NULL, NULL, NULL, 0, 1, '4.00', 'addiction', 'asset', 'automatic', NULL, 0, 0, 0, 0, 'Tax form Buyer', 1626060553),
(289, 1015, NULL, NULL, 1998, NULL, NULL, NULL, NULL, NULL, NULL, NULL, NULL, NULL, 0, 0, '32.00', 'addiction', 'income', 'automatic', NULL, 0, 0, 0, 0, 'Income Sale', 1626060553),
(290, 1015, NULL, NULL, 1998, NULL, NULL, NULL, NULL, NULL, NULL, NULL, NULL, NULL, 1, 0, '8.00', 'addiction', 'income', 'automatic', NULL, 0, 0, 0, 0, 'Commission from Seller', 1626060553),
(291, 930, NULL, NULL, 1998, NULL, NULL, NULL, NULL, NULL, NULL, NULL, NULL, NULL, 0, 0, '55.00', 'deduction', 'asset', 'automatic', NULL, 0, 0, 0, 0, 'Paid form Credit', 1626060836),
(292, 930, NULL, NULL, 1998, NULL, NULL, NULL, NULL, NULL, NULL, NULL, NULL, NULL, 0, 1, '5.00', 'addiction', 'asset', 'automatic', NULL, 0, 0, 0, 0, 'Tax form Buyer', 1626060837),
(293, 1015, NULL, NULL, 1998, NULL, NULL, NULL, NULL, NULL, NULL, NULL, NULL, NULL, 0, 0, '40.00', 'addiction', 'income', 'automatic', NULL, 0, 0, 0, 0, 'Income Sale', 1626060837),
(294, 1015, NULL, NULL, 1998, NULL, NULL, NULL, NULL, NULL, NULL, NULL, NULL, NULL, 1, 0, '10.00', 'addiction', 'income', 'automatic', NULL, 0, 0, 0, 0, 'Commission from Seller', 1626060837),
(295, 1015, 1, NULL, NULL, NULL, NULL, NULL, NULL, NULL, NULL, NULL, NULL, NULL, 0, 0, '332.00', 'deduction', 'income', 'automatic', NULL, 0, 0, 0, 0, 'Payout request', 1626061220),
(296, 979, NULL, NULL, 2004, NULL, NULL, NULL, NULL, NULL, NULL, NULL, NULL, NULL, 0, 0, '66.00', 'deduction', 'asset', 'automatic', NULL, 0, 0, 0, 0, 'Paid form Credit', 1626061333),
(297, 979, NULL, NULL, 2004, NULL, NULL, NULL, NULL, NULL, NULL, NULL, NULL, NULL, 0, 1, '6.00', 'addiction', 'asset', 'automatic', NULL, 0, 0, 0, 0, 'Tax form Buyer', 1626061334),
(298, 929, NULL, NULL, 2004, NULL, NULL, NULL, NULL, NULL, NULL, NULL, NULL, NULL, 0, 0, '54.00', 'addiction', 'income', 'automatic', NULL, 0, 0, 0, 0, 'Income Sale', 1626061334),
(299, 929, NULL, NULL, 2004, NULL, NULL, NULL, NULL, NULL, NULL, NULL, NULL, NULL, 1, 0, '6.00', 'addiction', 'income', 'automatic', NULL, 0, 0, 0, 0, 'Commission from Seller', 1626061334),
(300, 979, NULL, NULL, 2002, NULL, NULL, NULL, NULL, NULL, NULL, NULL, NULL, NULL, 0, 0, '22.00', 'deduction', 'asset', 'automatic', NULL, 0, 0, 0, 0, 'Paid form Credit', 1626061374),
(301, 979, NULL, NULL, 2002, NULL, NULL, NULL, NULL, NULL, NULL, NULL, NULL, NULL, 0, 1, '2.00', 'addiction', 'asset', 'automatic', NULL, 0, 0, 0, 0, 'Tax form Buyer', 1626061374),
(302, 863, NULL, NULL, 2002, NULL, NULL, NULL, NULL, NULL, NULL, NULL, NULL, NULL, 0, 0, '16.00', 'addiction', 'income', 'automatic', NULL, 0, 0, 0, 0, 'Income Sale', 1626061374),
(303, 863, NULL, NULL, 2002, NULL, NULL, NULL, NULL, NULL, NULL, NULL, NULL, NULL, 1, 0, '4.00', 'addiction', 'income', 'automatic', NULL, 0, 0, 0, 0, 'Commission from Seller', 1626061374),
(304, 979, NULL, NULL, 2000, NULL, NULL, NULL, NULL, NULL, NULL, NULL, NULL, NULL, 0, 0, '33.00', 'deduction', 'asset', 'automatic', NULL, 0, 0, 0, 0, 'Paid form Credit', 1626061375),
(305, 979, NULL, NULL, 2000, NULL, NULL, NULL, NULL, NULL, NULL, NULL, NULL, NULL, 0, 1, '3.00', 'addiction', 'asset', 'automatic', NULL, 0, 0, 0, 0, 'Tax form Buyer', 1626061376),
(306, 867, NULL, NULL, 2000, NULL, NULL, NULL, NULL, NULL, NULL, NULL, NULL, NULL, 0, 0, '24.00', 'addiction', 'income', 'automatic', NULL, 0, 0, 0, 0, 'Income Sale', 1626061376),
(307, 867, NULL, NULL, 2000, NULL, NULL, NULL, NULL, NULL, NULL, NULL, NULL, NULL, 1, 0, '6.00', 'addiction', 'income', 'automatic', NULL, 0, 0, 0, 0, 'Commission from Seller', 1626061376),
(308, 995, NULL, NULL, NULL, NULL, NULL, 3, NULL, NULL, NULL, NULL, NULL, NULL, 0, 0, '22.00', 'deduction', 'asset', 'automatic', NULL, 0, 0, 0, 0, 'Paid form Credit', 1626061450),
(309, 995, NULL, NULL, NULL, NULL, NULL, 3, NULL, NULL, NULL, NULL, NULL, NULL, 0, 1, '2.00', 'addiction', 'asset', 'automatic', NULL, 0, 0, 0, 0, 'Tax form Buyer', 1626061451),
(310, 995, NULL, NULL, NULL, NULL, NULL, 3, NULL, NULL, NULL, NULL, NULL, NULL, 1, 0, '20.00', 'addiction', 'subscribe', 'automatic', NULL, 0, 0, 0, 0, 'Income for Subscribe', 1626061451),
(311, 867, NULL, NULL, 2006, NULL, NULL, NULL, NULL, NULL, NULL, NULL, NULL, NULL, 0, 0, '0.16', 'addiction', 'income', 'automatic', NULL, 0, 0, 0, 0, 'Paid for Subscribe', 1626061483),
(312, 1, NULL, NULL, 2006, NULL, NULL, NULL, NULL, NULL, NULL, NULL, NULL, NULL, 1, 0, '0.16', 'deduction', 'asset', 'automatic', NULL, 0, 0, 0, 0, 'Paid for Subscribe', 1626061483),
(313, 929, NULL, NULL, 2004, NULL, NULL, NULL, NULL, NULL, NULL, NULL, NULL, NULL, 0, 0, '0.16', 'addiction', 'income', 'automatic', NULL, 0, 0, 0, 0, 'Paid for Subscribe', 1626061490),
(314, 1, NULL, NULL, 2004, NULL, NULL, NULL, NULL, NULL, NULL, NULL, NULL, NULL, 1, 0, '0.16', 'deduction', 'asset', 'automatic', NULL, 0, 0, 0, 0, 'Paid for Subscribe', 1626061490),
(315, 863, NULL, NULL, 2002, NULL, NULL, NULL, NULL, NULL, NULL, NULL, NULL, NULL, 0, 0, '0.16', 'addiction', 'income', 'automatic', NULL, 0, 0, 0, 0, 'Paid for Subscribe', 1626061494),
(316, 1, NULL, NULL, 2002, NULL, NULL, NULL, NULL, NULL, NULL, NULL, NULL, NULL, 1, 0, '0.16', 'deduction', 'asset', 'automatic', NULL, 0, 0, 0, 0, 'Paid for Subscribe', 1626061494),
(317, 1015, 1, NULL, NULL, NULL, NULL, NULL, NULL, NULL, NULL, NULL, NULL, NULL, 0, 0, '500.00', 'addiction', 'asset', 'automatic', NULL, 0, 0, 0, 0, 'offline payment approved', 1626132570),
(318, 1015, NULL, NULL, 2002, NULL, NULL, NULL, NULL, NULL, NULL, NULL, NULL, NULL, 0, 0, '17.60', 'deduction', 'asset', 'automatic', NULL, 0, 0, 0, 0, 'Paid form Credit', 1626132845),
(319, 1015, NULL, NULL, 2002, NULL, NULL, NULL, NULL, NULL, NULL, NULL, NULL, NULL, 0, 1, '1.60', 'addiction', 'asset', 'automatic', NULL, 0, 0, 0, 0, 'Tax form Buyer', 1626132845),
(320, 863, NULL, NULL, 2002, NULL, NULL, NULL, NULL, NULL, NULL, NULL, NULL, NULL, 0, 0, '12.80', 'addiction', 'income', 'automatic', NULL, 0, 0, 0, 0, 'Income Sale', 1626132845),
(321, 863, NULL, NULL, 2002, NULL, NULL, NULL, NULL, NULL, NULL, NULL, NULL, NULL, 1, 0, '3.20', 'addiction', 'income', 'automatic', NULL, 0, 0, 0, 0, 'Commission from Seller', 1626132845),
(322, 929, 1, NULL, NULL, NULL, NULL, NULL, NULL, NULL, NULL, NULL, NULL, NULL, 0, 0, '300.00', 'addiction', 'asset', 'automatic', NULL, 0, 0, 0, 0, 'offline payment approved', 1626241074),
(323, 929, NULL, NULL, 2004, NULL, NULL, NULL, 3, NULL, NULL, NULL, NULL, NULL, 0, 0, '55.00', 'deduction', 'asset', 'automatic', NULL, 0, 0, 0, 0, 'Paid form Credit', 1626241152),
(324, 929, NULL, NULL, 2004, NULL, NULL, NULL, 3, NULL, NULL, NULL, NULL, NULL, 0, 1, '5.00', 'addiction', 'asset', 'automatic', NULL, 0, 0, 0, 0, 'Tax form Buyer', 1626241153),
(325, 929, NULL, NULL, NULL, NULL, NULL, NULL, 3, NULL, NULL, NULL, NULL, NULL, 1, 0, '50.00', 'addiction', 'promotion', 'automatic', NULL, 0, 0, 0, 0, 'Paid for Promotion', 1626241153),
(326, 929, NULL, NULL, 2003, NULL, NULL, NULL, NULL, NULL, NULL, NULL, NULL, NULL, 0, 0, '33.00', 'deduction', 'asset', 'automatic', NULL, 0, 0, 0, 0, 'Paid form Credit', 1626241213),
(327, 929, NULL, NULL, 2003, NULL, NULL, NULL, NULL, NULL, NULL, NULL, NULL, NULL, 0, 1, '3.00', 'addiction', 'asset', 'automatic', NULL, 0, 0, 0, 0, 'Tax form Buyer', 1626241214),
(328, 864, NULL, NULL, 2003, NULL, NULL, NULL, NULL, NULL, NULL, NULL, NULL, NULL, 0, 0, '24.00', 'addiction', 'income', 'automatic', NULL, 0, 0, 0, 0, 'Income Sale', 1626241214),
(329, 864, NULL, NULL, 2003, NULL, NULL, NULL, NULL, NULL, NULL, NULL, NULL, NULL, 1, 0, '6.00', 'addiction', 'income', 'automatic', NULL, 0, 0, 0, 0, 'Commission from Seller', 1626241214),
(330, 995, NULL, NULL, NULL, NULL, 114, NULL, NULL, NULL, NULL, NULL, NULL, NULL, 0, 0, '110.00', 'deduction', 'asset', 'automatic', NULL, 0, 0, 0, 0, 'Paid for 1:00 hours of consultation', 1626247196),
(331, 995, NULL, NULL, NULL, NULL, 114, NULL, NULL, NULL, NULL, NULL, NULL, NULL, 0, 1, '10.00', 'addiction', 'asset', 'automatic', NULL, 0, 0, 0, 0, 'Tax form Buyer', 1626247196),
(332, 870, NULL, NULL, NULL, NULL, 114, NULL, NULL, NULL, NULL, NULL, NULL, NULL, 0, 0, '80.00', 'addiction', 'income', 'automatic', NULL, 0, 0, 0, 0, 'Income Sale', 1626247196),
(333, 870, NULL, NULL, NULL, NULL, 114, NULL, NULL, NULL, NULL, NULL, NULL, NULL, 1, 0, '20.00', 'addiction', 'income', 'automatic', NULL, 0, 0, 0, 0, 'Commission from Seller', 1626247196),
(334, 995, NULL, NULL, NULL, NULL, 114, NULL, NULL, NULL, NULL, NULL, NULL, NULL, 0, 0, '110.00', 'addiction', 'asset', 'automatic', NULL, 0, 0, 0, 0, 'Refunded to Buyer', 1626247245),
(335, NULL, NULL, NULL, NULL, NULL, 114, NULL, NULL, NULL, NULL, NULL, NULL, NULL, 0, 1, '10.00', 'deduction', 'asset', 'automatic', NULL, 0, 0, 0, 0, 'Refunded Tax', 1626247245),
(336, 870, NULL, NULL, NULL, NULL, 114, NULL, NULL, NULL, NULL, NULL, NULL, NULL, 0, 0, '100.00', 'deduction', 'income', 'automatic', NULL, 0, 0, 0, 0, 'Refunded Income', 1626247245),
(337, 870, NULL, NULL, NULL, NULL, 114, NULL, NULL, NULL, NULL, NULL, NULL, NULL, 0, 0, '20.00', 'addiction', 'income', 'automatic', NULL, 0, 0, 0, 0, 'Refunded Commission to Seller', 1626247245),
(338, 870, NULL, NULL, NULL, NULL, 114, NULL, NULL, NULL, NULL, NULL, NULL, NULL, 1, 0, '20.00', 'deduction', 'income', 'automatic', NULL, 0, 0, 0, 0, 'Refunded Commission', 1626247245),
(339, 996, NULL, NULL, 2000, NULL, NULL, NULL, NULL, NULL, NULL, NULL, NULL, NULL, 0, 0, '29.70', 'deduction', 'asset', 'automatic', NULL, 0, 0, 0, 0, 'Paid form Credit', 1626508957),
(340, 996, NULL, NULL, 2000, NULL, NULL, NULL, NULL, NULL, NULL, NULL, NULL, NULL, 0, 1, '2.70', 'addiction', 'asset', 'automatic', NULL, 0, 0, 0, 0, 'Tax form Buyer', 1626508957),
(341, 867, NULL, NULL, 2000, NULL, NULL, NULL, NULL, NULL, NULL, NULL, NULL, NULL, 0, 0, '21.60', 'addiction', 'income', 'automatic', NULL, 0, 0, 0, 0, 'Income Sale', 1626508957),
(342, 867, NULL, NULL, 2000, NULL, NULL, NULL, NULL, NULL, NULL, NULL, NULL, NULL, 1, 0, '5.40', 'addiction', 'income', 'automatic', NULL, 0, 0, 0, 0, 'Commission from Seller', 1626508957),
(343, 930, 1, NULL, NULL, NULL, NULL, NULL, NULL, NULL, NULL, NULL, NULL, NULL, 0, 0, '250.00', 'addiction', 'asset', 'automatic', NULL, 0, 0, 0, 0, 'offline payment approved', 1628704280),
(344, 923, 1, NULL, NULL, NULL, NULL, NULL, NULL, NULL, NULL, NULL, NULL, NULL, 0, 0, '300.00', 'addiction', 'asset', 'automatic', NULL, 0, 0, 0, 0, 'offline payment approved', 1628704284),
(345, 995, 1, NULL, NULL, NULL, NULL, NULL, NULL, NULL, NULL, NULL, NULL, NULL, 0, 0, '200.00', 'addiction', 'asset', 'automatic', NULL, 0, 0, 0, 0, 'offline payment approved', 1628704378),
(346, 995, 1, NULL, NULL, NULL, NULL, NULL, NULL, NULL, NULL, NULL, NULL, NULL, 0, 0, '100.00', 'addiction', 'asset', 'automatic', NULL, 0, 0, 0, 0, 'offline payment approved', 1628704382),
(347, 996, 1, NULL, NULL, NULL, NULL, NULL, NULL, NULL, NULL, NULL, NULL, NULL, 0, 0, '200.00', 'addiction', 'asset', 'automatic', NULL, 0, 0, 0, 0, 'offline payment approved', 1628704397),
(348, 929, NULL, NULL, 2000, NULL, NULL, NULL, NULL, NULL, NULL, NULL, NULL, NULL, 0, 0, '33.00', 'deduction', 'asset', 'automatic', NULL, 0, 0, 0, 0, 'Paid form Credit', 1635412197),
(349, 929, NULL, NULL, 2000, NULL, NULL, NULL, NULL, NULL, NULL, NULL, NULL, NULL, 0, 1, '3.00', 'addiction', 'asset', 'automatic', NULL, 0, 0, 0, 0, 'Tax form Buyer', 1635412197),
(350, 867, NULL, NULL, 2000, NULL, NULL, NULL, NULL, NULL, NULL, NULL, NULL, NULL, 0, 0, '24.00', 'addiction', 'income', 'automatic', NULL, 0, 0, 0, 0, 'Income Sale', 1635412197),
(351, 867, NULL, NULL, 2000, NULL, NULL, NULL, NULL, NULL, NULL, NULL, NULL, NULL, 1, 0, '6.00', 'addiction', 'income', 'automatic', NULL, 0, 0, 0, 0, 'Commission from Seller', 1635412197),
(352, 1015, NULL, NULL, NULL, NULL, NULL, NULL, NULL, NULL, NULL, NULL, NULL, NULL, 0, 0, '80.00', 'addiction', 'income', 'automatic', 1017, 1, 0, 0, 0, 'public.get_amount_from_referral', 1639378855),
(353, 1015, NULL, NULL, NULL, NULL, NULL, NULL, NULL, NULL, NULL, NULL, NULL, NULL, 1, 0, '80.00', 'deduction', 'income', 'automatic', 1017, 1, 0, 0, 0, 'public.get_amount_from_referral', 1639378855),
(354, 1017, NULL, NULL, NULL, NULL, NULL, NULL, NULL, NULL, NULL, NULL, NULL, NULL, 0, 0, '50.00', 'addiction', 'income', 'automatic', NULL, 1, 0, 0, 0, 'public.get_amount_from_referral', 1639378855),
(355, 1017, NULL, NULL, NULL, NULL, NULL, NULL, NULL, NULL, NULL, NULL, NULL, NULL, 1, 0, '50.00', 'deduction', 'income', 'automatic', NULL, 1, 0, 0, 0, 'public.get_amount_from_referral', 1639378855),
(356, 1017, 1, NULL, NULL, NULL, NULL, NULL, NULL, NULL, NULL, NULL, NULL, NULL, 0, 0, '500.00', 'addiction', 'asset', 'manual', NULL, 0, 0, 0, 0, 'charging for test', 1639379205),
(357, 1017, NULL, NULL, 2000, NULL, NULL, NULL, NULL, NULL, NULL, NULL, NULL, NULL, 0, 0, '33.00', 'deduction', 'asset', 'automatic', NULL, 0, 0, 0, 0, 'Paid form Credit', 1639379284),
(358, 1017, NULL, NULL, 2000, NULL, NULL, NULL, NULL, NULL, NULL, NULL, NULL, NULL, 0, 1, '3.00', 'addiction', 'asset', 'automatic', NULL, 0, 0, 0, 0, 'Tax form Buyer', 1639379285),
(359, 867, NULL, NULL, 2000, NULL, NULL, NULL, NULL, NULL, NULL, NULL, NULL, NULL, 0, 0, '24.00', 'addiction', 'income', 'automatic', NULL, 0, 0, 0, 0, 'Income Sale', 1639379285),
(360, 867, NULL, NULL, 2000, NULL, NULL, NULL, NULL, NULL, NULL, NULL, NULL, NULL, 1, 0, '4.50', 'addiction', 'income', 'automatic', NULL, 0, 0, 0, 0, 'Commission from Seller', 1639379285),
(361, 1015, NULL, NULL, 2000, NULL, NULL, NULL, NULL, NULL, NULL, NULL, NULL, NULL, 0, 0, '1.50', 'addiction', 'income', 'automatic', 1017, 0, 1, 0, 0, 'public.get_commission_from_referral', 1639379285),
(362, 1017, NULL, NULL, 1998, NULL, NULL, NULL, NULL, NULL, NULL, NULL, NULL, NULL, 0, 0, '110.00', 'deduction', 'asset', 'automatic', NULL, 0, 0, 0, 0, 'Paid form Credit', 1639379351),
(363, 1017, NULL, NULL, 1998, NULL, NULL, NULL, NULL, NULL, NULL, NULL, NULL, NULL, 0, 1, '10.00', 'addiction', 'asset', 'automatic', NULL, 0, 0, 0, 0, 'Tax form Buyer', 1639379352),
(364, 1015, NULL, NULL, 1998, NULL, NULL, NULL, NULL, NULL, NULL, NULL, NULL, NULL, 0, 0, '80.00', 'addiction', 'income', 'automatic', NULL, 0, 0, 0, 0, 'Income Sale', 1639379352),
(365, 1015, NULL, NULL, 1998, NULL, NULL, NULL, NULL, NULL, NULL, NULL, NULL, NULL, 1, 0, '15.00', 'addiction', 'income', 'automatic', NULL, 0, 0, 0, 0, 'Commission from Seller', 1639379352),
(366, 1015, NULL, NULL, 1998, NULL, NULL, NULL, NULL, NULL, NULL, NULL, NULL, NULL, 0, 0, '5.00', 'addiction', 'income', 'automatic', 1017, 0, 1, 0, 0, 'public.get_commission_from_referral', 1639379352),
(367, 1017, NULL, NULL, 2003, NULL, NULL, NULL, NULL, NULL, NULL, NULL, NULL, NULL, 0, 0, '33.00', 'deduction', 'asset', 'automatic', NULL, 0, 0, 0, 0, 'Paid form Credit', 1639379394),
(368, 1017, NULL, NULL, 2003, NULL, NULL, NULL, NULL, NULL, NULL, NULL, NULL, NULL, 0, 1, '3.00', 'addiction', 'asset', 'automatic', NULL, 0, 0, 0, 0, 'Tax form Buyer', 1639379395),
(369, 864, NULL, NULL, 2003, NULL, NULL, NULL, NULL, NULL, NULL, NULL, NULL, NULL, 0, 0, '24.00', 'addiction', 'income', 'automatic', NULL, 0, 0, 0, 0, 'Income Sale', 1639379395),
(370, 864, NULL, NULL, 2003, NULL, NULL, NULL, NULL, NULL, NULL, NULL, NULL, NULL, 1, 0, '4.50', 'addiction', 'income', 'automatic', NULL, 0, 0, 0, 0, 'Commission from Seller', 1639379395),
(371, 1015, NULL, NULL, 2003, NULL, NULL, NULL, NULL, NULL, NULL, NULL, NULL, NULL, 0, 0, '1.50', 'addiction', 'income', 'automatic', 1017, 0, 1, 0, 0, 'public.get_commission_from_referral', 1639379395),
(372, 995, NULL, NULL, 2009, NULL, NULL, NULL, NULL, NULL, NULL, NULL, NULL, NULL, 0, 0, '11.00', 'deduction', 'asset', 'automatic', NULL, 0, 0, 0, 0, 'Paid Form Credit', 1646172087),
(373, 995, NULL, NULL, 2009, NULL, NULL, NULL, NULL, NULL, NULL, NULL, NULL, NULL, 0, 1, '1.00', 'addiction', 'asset', 'automatic', NULL, 0, 0, 0, 0, 'Tax Get Form Buyer', 1646172087),
(374, 1015, NULL, NULL, 2009, NULL, NULL, NULL, NULL, NULL, NULL, NULL, NULL, NULL, 0, 0, '8.00', 'addiction', 'income', 'automatic', NULL, 0, 0, 0, 0, 'Income Sale', 1646172087),
(375, 1015, NULL, NULL, 2009, NULL, NULL, NULL, NULL, NULL, NULL, NULL, NULL, NULL, 1, 0, '2.00', 'addiction', 'income', 'automatic', NULL, 0, 0, 0, 0, 'Get Commission From Seller', 1646172087),
(376, 996, NULL, NULL, 2009, NULL, NULL, NULL, NULL, NULL, NULL, NULL, NULL, NULL, 0, 0, '9.90', 'deduction', 'asset', 'automatic', NULL, 0, 0, 0, 0, 'Paid Form Credit', 1646172124),
(377, 996, NULL, NULL, 2009, NULL, NULL, NULL, NULL, NULL, NULL, NULL, NULL, NULL, 0, 1, '0.90', 'addiction', 'asset', 'automatic', NULL, 0, 0, 0, 0, 'Tax Get Form Buyer', 1646172124),
(378, 1015, NULL, NULL, 2009, NULL, NULL, NULL, NULL, NULL, NULL, NULL, NULL, NULL, 0, 0, '7.20', 'addiction', 'income', 'automatic', NULL, 0, 0, 0, 0, 'Income Sale', 1646172124),
(379, 1015, NULL, NULL, 2009, NULL, NULL, NULL, NULL, NULL, NULL, NULL, NULL, NULL, 1, 0, '1.80', 'addiction', 'income', 'automatic', NULL, 0, 0, 0, 0, 'Get Commission From Seller', 1646172124),
(380, 979, NULL, NULL, 2009, NULL, NULL, NULL, NULL, NULL, NULL, NULL, NULL, NULL, 0, 0, '11.00', 'deduction', 'asset', 'automatic', NULL, 0, 0, 0, 0, 'Paid Form Credit', 1646172160),
(381, 979, NULL, NULL, 2009, NULL, NULL, NULL, NULL, NULL, NULL, NULL, NULL, NULL, 0, 1, '1.00', 'addiction', 'asset', 'automatic', NULL, 0, 0, 0, 0, 'Tax Get Form Buyer', 1646172160),
(382, 1015, NULL, NULL, 2009, NULL, NULL, NULL, NULL, NULL, NULL, NULL, NULL, NULL, 0, 0, '8.00', 'addiction', 'income', 'automatic', NULL, 0, 0, 0, 0, 'Income Sale', 1646172160),
(383, 1015, NULL, NULL, 2009, NULL, NULL, NULL, NULL, NULL, NULL, NULL, NULL, NULL, 1, 0, '2.00', 'addiction', 'income', 'automatic', NULL, 0, 0, 0, 0, 'Get Commission From Seller', 1646172160),
(384, 929, NULL, NULL, 2009, NULL, NULL, NULL, NULL, NULL, NULL, NULL, NULL, NULL, 0, 0, '11.00', 'deduction', 'asset', 'automatic', NULL, 0, 0, 0, 0, 'Paid Form Credit', 1646172296),
(385, 929, NULL, NULL, 2009, NULL, NULL, NULL, NULL, NULL, NULL, NULL, NULL, NULL, 0, 1, '1.00', 'addiction', 'asset', 'automatic', NULL, 0, 0, 0, 0, 'Tax Get Form Buyer', 1646172297),
(386, 1015, NULL, NULL, 2009, NULL, NULL, NULL, NULL, NULL, NULL, NULL, NULL, NULL, 0, 0, '8.00', 'addiction', 'income', 'automatic', NULL, 0, 0, 0, 0, 'Income Sale', 1646172297),
(387, 1015, NULL, NULL, 2009, NULL, NULL, NULL, NULL, NULL, NULL, NULL, NULL, NULL, 1, 0, '2.00', 'addiction', 'income', 'automatic', NULL, 0, 0, 0, 0, 'Get Commission From Seller', 1646172297),
(388, 995, NULL, NULL, NULL, NULL, 169, NULL, NULL, NULL, NULL, NULL, NULL, NULL, 0, 0, '825.00', 'deduction', 'asset', 'automatic', NULL, 0, 0, 0, 0, 'Paid for 1:00 hours of consultation', 1646379290),
(389, 995, NULL, NULL, NULL, NULL, 169, NULL, NULL, NULL, NULL, NULL, NULL, NULL, 0, 1, '75.00', 'addiction', 'asset', 'automatic', NULL, 0, 0, 0, 0, 'Tax Get Form Buyer', 1646379290),
(390, 1015, NULL, NULL, NULL, NULL, 169, NULL, NULL, NULL, NULL, NULL, NULL, NULL, 0, 0, '600.00', 'addiction', 'income', 'automatic', NULL, 0, 0, 0, 0, 'Income Sale', 1646379290),
(391, 1015, NULL, NULL, NULL, NULL, 169, NULL, NULL, NULL, NULL, NULL, NULL, NULL, 1, 0, '150.00', 'addiction', 'income', 'automatic', NULL, 0, 0, 0, 0, 'Get Commission From Seller', 1646379290),
(392, 867, 1, NULL, NULL, NULL, NULL, NULL, NULL, NULL, NULL, NULL, NULL, NULL, 0, 0, '200.00', 'addiction', 'asset', 'manual', NULL, 0, 0, 0, 0, 'gift', 1646381415),
(393, 930, NULL, NULL, NULL, NULL, NULL, NULL, NULL, 2, NULL, NULL, NULL, NULL, 0, 0, '218.90', 'deduction', 'asset', 'automatic', NULL, 0, 0, 0, 0, 'Paid Form Credit', 1646386792),
(394, 930, NULL, NULL, NULL, NULL, NULL, NULL, NULL, 2, NULL, NULL, NULL, NULL, 0, 1, '19.90', 'addiction', 'asset', 'automatic', NULL, 0, 0, 0, 0, 'Tax Get Form Buyer', 1646386797),
(395, 1, NULL, NULL, NULL, NULL, NULL, NULL, NULL, 2, NULL, NULL, NULL, NULL, 1, 0, '199.00', 'addiction', 'registration_package', 'automatic', NULL, 0, 0, 0, 0, 'Paid For Registration Package', 1646386797),
(396, 859, 1, NULL, NULL, NULL, NULL, NULL, NULL, NULL, NULL, NULL, NULL, NULL, 0, 0, '500.00', 'addiction', 'asset', 'manual', NULL, 0, 0, 0, 0, 'Charge for the test.', 1646387608),
(397, 859, NULL, NULL, NULL, NULL, NULL, NULL, NULL, 4, NULL, NULL, NULL, NULL, 0, 0, '220.00', 'deduction', 'asset', 'automatic', NULL, 0, 0, 0, 0, 'Paid Form Credit', 1646387660),
(398, 859, NULL, NULL, NULL, NULL, NULL, NULL, NULL, 4, NULL, NULL, NULL, NULL, 0, 1, '20.00', 'addiction', 'asset', 'automatic', NULL, 0, 0, 0, 0, 'Tax Get Form Buyer', 1646387660),
(399, 1, NULL, NULL, NULL, NULL, NULL, NULL, NULL, 4, NULL, NULL, NULL, NULL, 1, 0, '200.00', 'addiction', 'registration_package', 'automatic', NULL, 0, 0, 0, 0, 'Paid For Registration Package', 1646387660),
(400, 930, NULL, NULL, NULL, 1, NULL, NULL, NULL, NULL, NULL, NULL, NULL, NULL, 0, 0, '55.00', 'deduction', 'asset', 'automatic', NULL, 0, 0, 0, 0, 'Paid form credit', 1656083263),
(401, 930, NULL, NULL, NULL, 1, NULL, NULL, NULL, NULL, NULL, NULL, NULL, NULL, 0, 1, '5.00', 'addiction', 'asset', 'automatic', NULL, 0, 0, 0, 0, 'Tax form buyer', 1656083263),
(402, 1015, NULL, NULL, NULL, 1, NULL, NULL, NULL, NULL, NULL, NULL, NULL, NULL, 0, 0, '40.00', 'addiction', 'income', 'automatic', NULL, 0, 0, 0, 0, 'Sales income', 1656083263),
(403, 1015, NULL, NULL, NULL, 1, NULL, NULL, NULL, NULL, NULL, NULL, NULL, NULL, 1, 0, '10.00', 'addiction', 'income', 'automatic', NULL, 0, 0, 0, 0, 'Seller commission', 1656083263),
(404, 995, NULL, NULL, NULL, NULL, NULL, NULL, NULL, NULL, 4, NULL, NULL, NULL, 0, 0, '5.25', 'deduction', 'asset', 'automatic', NULL, 0, 0, 0, 0, 'Paid form credit', 1656103844),
(405, 995, NULL, NULL, NULL, NULL, NULL, NULL, NULL, NULL, 4, NULL, NULL, NULL, 0, 1, '0.25', 'addiction', 'asset', 'automatic', NULL, 0, 0, 0, 0, 'Tax form buyer', 1656103844),
(406, 1016, NULL, NULL, NULL, NULL, NULL, NULL, NULL, NULL, 4, NULL, NULL, NULL, 0, 0, '4.00', 'addiction', 'income', 'automatic', NULL, 0, 0, 0, 0, 'Sales income', 1656103844),
(407, 1016, NULL, NULL, NULL, NULL, NULL, NULL, NULL, NULL, 4, NULL, NULL, NULL, 1, 0, '1.00', 'addiction', 'income', 'automatic', NULL, 0, 0, 0, 0, 'Seller commission', 1656103844),
(408, 923, NULL, NULL, NULL, NULL, NULL, NULL, NULL, NULL, 1, NULL, NULL, NULL, 0, 0, '31.25', 'deduction', 'asset', 'automatic', NULL, 0, 0, 0, 0, 'Paid form credit', 1656104131),
(409, 923, NULL, NULL, NULL, NULL, NULL, NULL, NULL, NULL, 1, NULL, NULL, NULL, 0, 1, '1.25', 'addiction', 'asset', 'automatic', NULL, 0, 0, 0, 0, 'Tax form buyer', 1656104132),
(410, 1015, NULL, NULL, NULL, NULL, NULL, NULL, NULL, NULL, 1, NULL, NULL, NULL, 0, 0, '27.50', 'addiction', 'income', 'automatic', NULL, 0, 0, 0, 0, 'Sales income', 1656104132),
(411, 1015, NULL, NULL, NULL, NULL, NULL, NULL, NULL, NULL, 1, NULL, NULL, NULL, 1, 0, '2.50', 'addiction', 'income', 'automatic', NULL, 0, 0, 0, 0, 'Seller commission', 1656104132),
(412, 996, NULL, NULL, 2003, NULL, NULL, NULL, NULL, NULL, NULL, NULL, NULL, NULL, 0, 0, '39.60', 'deduction', 'asset', 'automatic', NULL, 0, 0, 0, 0, 'Paid form credit', 1656130482),
(413, 996, NULL, NULL, 2003, NULL, NULL, NULL, NULL, NULL, NULL, NULL, NULL, NULL, 0, 1, '3.60', 'addiction', 'asset', 'automatic', NULL, 0, 0, 0, 0, 'Tax form buyer', 1656130482),
(414, 864, NULL, NULL, 2003, NULL, NULL, NULL, NULL, NULL, NULL, NULL, NULL, NULL, 0, 0, '28.80', 'addiction', 'income', 'automatic', NULL, 0, 0, 0, 0, 'Sales income', 1656130482),
(415, 864, NULL, NULL, 2003, NULL, NULL, NULL, NULL, NULL, NULL, NULL, NULL, NULL, 1, 0, '7.20', 'addiction', 'income', 'automatic', NULL, 0, 0, 0, 0, 'Seller commission', 1656130482),
(416, 930, NULL, NULL, NULL, NULL, NULL, NULL, NULL, NULL, 2, NULL, NULL, NULL, 0, 0, '314.50', 'deduction', 'asset', 'automatic', NULL, 0, 0, 0, 0, 'Paid form credit', 1656130707),
(417, 930, NULL, NULL, NULL, NULL, NULL, NULL, NULL, NULL, 2, NULL, NULL, NULL, 0, 1, '14.50', 'addiction', 'asset', 'automatic', NULL, 0, 0, 0, 0, 'Tax form buyer', 1656130707),
(418, 934, NULL, NULL, NULL, NULL, NULL, NULL, NULL, NULL, 2, NULL, NULL, NULL, 0, 0, '271.00', 'addiction', 'income', 'automatic', NULL, 0, 0, 0, 0, 'Sales income', 1656130707),
(419, 934, NULL, NULL, NULL, NULL, NULL, NULL, NULL, NULL, 2, NULL, NULL, NULL, 1, 0, '29.00', 'addiction', 'income', 'automatic', NULL, 0, 0, 0, 0, 'Seller commission', 1656130707),
(420, 996, NULL, NULL, NULL, NULL, NULL, NULL, NULL, NULL, 5, NULL, NULL, NULL, 0, 0, '78.75', 'deduction', 'asset', 'automatic', NULL, 0, 0, 0, 0, 'Paid form credit', 1656130963),
(421, 996, NULL, NULL, NULL, NULL, NULL, NULL, NULL, NULL, 5, NULL, NULL, NULL, 0, 1, '3.75', 'addiction', 'asset', 'automatic', NULL, 0, 0, 0, 0, 'Tax form buyer', 1656130964),
(422, 1015, NULL, NULL, NULL, NULL, NULL, NULL, NULL, NULL, 5, NULL, NULL, NULL, 0, 0, '60.00', 'addiction', 'income', 'automatic', NULL, 0, 0, 0, 0, 'Sales income', 1656130964),
(423, 1015, NULL, NULL, NULL, NULL, NULL, NULL, NULL, NULL, 5, NULL, NULL, NULL, 1, 0, '15.00', 'addiction', 'income', 'automatic', NULL, 0, 0, 0, 0, 'Seller commission', 1656130964),
(424, 979, NULL, NULL, NULL, 2, NULL, NULL, NULL, NULL, NULL, NULL, NULL, NULL, 0, 0, '8.80', 'deduction', 'asset', 'automatic', NULL, 0, 0, 0, 0, 'Paid form credit', 1656139704),
(425, 979, NULL, NULL, NULL, 2, NULL, NULL, NULL, NULL, NULL, NULL, NULL, NULL, 0, 1, '0.80', 'addiction', 'asset', 'automatic', NULL, 0, 0, 0, 0, 'Tax form buyer', 1656139705),
(426, 934, NULL, NULL, NULL, 2, NULL, NULL, NULL, NULL, NULL, NULL, NULL, NULL, 0, 0, '6.40', 'addiction', 'income', 'automatic', NULL, 0, 0, 0, 0, 'Sales income', 1656139705),
(427, 934, NULL, NULL, NULL, 2, NULL, NULL, NULL, NULL, NULL, NULL, NULL, NULL, 1, 0, '1.60', 'addiction', 'income', 'automatic', NULL, 0, 0, 0, 0, 'Seller commission', 1656139705),
(428, 979, NULL, NULL, NULL, 3, NULL, NULL, NULL, NULL, NULL, NULL, NULL, NULL, 0, 0, '27.50', 'deduction', 'asset', 'automatic', NULL, 0, 0, 0, 0, 'Paid form credit', 1656139705),
(429, 979, NULL, NULL, NULL, 3, NULL, NULL, NULL, NULL, NULL, NULL, NULL, NULL, 0, 1, '2.50', 'addiction', 'asset', 'automatic', NULL, 0, 0, 0, 0, 'Tax form buyer', 1656139706),
(430, 929, NULL, NULL, NULL, 3, NULL, NULL, NULL, NULL, NULL, NULL, NULL, NULL, 0, 0, '20.00', 'addiction', 'income', 'automatic', NULL, 0, 0, 0, 0, 'Sales income', 1656139706),
(431, 929, NULL, NULL, NULL, 3, NULL, NULL, NULL, NULL, NULL, NULL, NULL, NULL, 1, 0, '5.00', 'addiction', 'income', 'automatic', NULL, 0, 0, 0, 0, 'Seller commission', 1656139706),
(432, 1017, NULL, NULL, NULL, NULL, NULL, NULL, NULL, NULL, 1, NULL, NULL, NULL, 0, 0, '26.00', 'deduction', 'asset', 'automatic', NULL, 0, 0, 0, 0, 'Paid form credit', 1656148574),
(433, 1017, NULL, NULL, NULL, NULL, NULL, NULL, NULL, NULL, 1, NULL, NULL, NULL, 0, 1, '1.00', 'addiction', 'asset', 'automatic', NULL, 0, 0, 0, 0, 'Tax form buyer', 1656148574),
(434, 1015, NULL, NULL, NULL, NULL, NULL, NULL, NULL, NULL, 1, NULL, NULL, NULL, 0, 0, '23.00', 'addiction', 'income', 'automatic', NULL, 0, 0, 0, 0, 'Sales income', 1656148574),
(435, 1015, NULL, NULL, NULL, NULL, NULL, NULL, NULL, NULL, 1, NULL, NULL, NULL, 1, 0, '2.00', 'addiction', 'income', 'automatic', NULL, 0, 0, 0, 0, 'Seller commission', 1656148574),
(436, 995, 1, NULL, NULL, NULL, NULL, NULL, NULL, NULL, NULL, NULL, NULL, NULL, 0, 0, '300.00', 'addiction', 'asset', 'manual', NULL, 0, 0, 0, 0, 'Gift Balance', 1656148789),
(437, 995, NULL, NULL, NULL, NULL, NULL, NULL, NULL, NULL, 1, NULL, NULL, NULL, 0, 0, '52.25', 'deduction', 'asset', 'automatic', NULL, 0, 0, 0, 0, 'Paid form credit', 1656148838),
(438, 995, NULL, NULL, NULL, NULL, NULL, NULL, NULL, NULL, 1, NULL, NULL, NULL, 0, 1, '2.25', 'addiction', 'asset', 'automatic', NULL, 0, 0, 0, 0, 'Tax form buyer', 1656148838),
(439, 1015, NULL, NULL, NULL, NULL, NULL, NULL, NULL, NULL, 1, NULL, NULL, NULL, 0, 0, '45.50', 'addiction', 'income', 'automatic', NULL, 0, 0, 0, 0, 'Sales income', 1656148838),
(440, 1015, NULL, NULL, NULL, NULL, NULL, NULL, NULL, NULL, 1, NULL, NULL, NULL, 1, 0, '4.50', 'addiction', 'income', 'automatic', NULL, 0, 0, 0, 0, 'Seller commission', 1656148838),
(441, 995, NULL, NULL, NULL, NULL, NULL, NULL, NULL, NULL, 6, NULL, NULL, NULL, 0, 0, '17.00', 'deduction', 'asset', 'automatic', NULL, 0, 0, 0, 0, 'Paid form credit', 1656322658),
(442, 995, NULL, NULL, NULL, NULL, NULL, NULL, NULL, NULL, 6, NULL, NULL, NULL, 0, 1, '1.00', 'addiction', 'asset', 'automatic', NULL, 0, 0, 0, 0, 'Tax form buyer', 1656322658),
(443, 1, NULL, NULL, NULL, NULL, NULL, NULL, NULL, NULL, 6, NULL, NULL, NULL, 0, 0, '12.00', 'addiction', 'income', 'automatic', NULL, 0, 0, 0, 0, 'Sales income', 1656322658),
(444, 1, NULL, NULL, NULL, NULL, NULL, NULL, NULL, NULL, 6, NULL, NULL, NULL, 1, 0, '4.00', 'addiction', 'income', 'automatic', NULL, 0, 0, 0, 0, 'Seller commission', 1656322658),
(739, 870, NULL, NULL, 2022, NULL, NULL, NULL, NULL, NULL, NULL, NULL, 1, NULL, 0, 0, '80.00', 'addiction', 'income', 'automatic', NULL, 0, 0, 0, 0, 'Sales income', 1678915553),
(740, 870, NULL, NULL, 2022, NULL, NULL, NULL, NULL, NULL, NULL, NULL, NULL, NULL, 1, 0, '20.00', 'addiction', 'income', 'automatic', NULL, 0, 0, 0, 0, 'Seller commission', 1678915553),
(744, 979, NULL, 694, 2004, NULL, NULL, NULL, NULL, NULL, NULL, NULL, NULL, 6, 0, 0, '39.60', 'deduction', 'asset', 'automatic', NULL, 0, 0, 0, 0, 'Paid form credit', 1678919437),
(745, 979, NULL, 694, 2004, NULL, NULL, NULL, NULL, NULL, NULL, NULL, NULL, 6, 0, 1, '3.60', 'addiction', 'asset', 'automatic', NULL, 0, 0, 0, 0, 'Tax form buyer', 1678919437),
(746, 929, NULL, 694, 2004, NULL, NULL, NULL, NULL, NULL, NULL, NULL, NULL, NULL, 0, 0, '32.40', 'addiction', 'income', 'automatic', NULL, 0, 0, 0, 0, 'Sales income', 1678919437),
(747, 929, NULL, 694, 2004, NULL, NULL, NULL, NULL, NULL, NULL, NULL, NULL, NULL, 1, 0, '3.60', 'addiction', 'income', 'automatic', NULL, 0, 0, 0, 0, 'Seller commission', 1678919437),
(788, 995, NULL, NULL, NULL, NULL, NULL, NULL, NULL, NULL, NULL, NULL, NULL, NULL, 0, 0, '20.00', 'addiction', 'income', 'automatic', 1045, 1, 0, 0, 0, 'Affiliate income', 1678958778),
(789, 995, NULL, NULL, NULL, NULL, NULL, NULL, NULL, NULL, NULL, NULL, NULL, NULL, 1, 0, '20.00', 'deduction', 'income', 'automatic', 1045, 1, 0, 0, 0, 'Affiliate income', 1678958778),
(790, 1045, NULL, NULL, NULL, NULL, NULL, NULL, NULL, NULL, NULL, NULL, NULL, NULL, 0, 0, '10.00', 'addiction', 'income', 'automatic', NULL, 1, 0, 0, 0, 'Affiliate income', 1678958778),
(791, 1045, NULL, NULL, NULL, NULL, NULL, NULL, NULL, NULL, NULL, NULL, NULL, NULL, 1, 0, '10.00', 'deduction', 'income', 'automatic', NULL, 1, 0, 0, 0, 'Affiliate income', 1678958778),
(792, 1045, 1, NULL, NULL, NULL, NULL, NULL, NULL, NULL, NULL, NULL, NULL, NULL, 0, 0, '150.00', 'addiction', 'asset', 'manual', NULL, 0, 0, 0, 0, 'test', 1678959187),
(793, 1045, NULL, 701, 2022, NULL, NULL, NULL, NULL, NULL, NULL, NULL, NULL, NULL, 0, 0, '110.00', 'deduction', 'asset', 'automatic', NULL, 0, 0, 0, 0, 'Paid form credit', 1678959222),
(794, 1045, NULL, 701, 2022, NULL, NULL, NULL, NULL, NULL, NULL, NULL, NULL, NULL, 0, 1, '10.00', 'addiction', 'asset', 'automatic', NULL, 0, 0, 0, 0, 'Tax form buyer', 1678959222),
(795, 870, NULL, 701, 2022, NULL, NULL, NULL, NULL, NULL, NULL, NULL, NULL, NULL, 0, 0, '80.00', 'addiction', 'income', 'automatic', NULL, 0, 0, 0, 0, 'Sales income', 1678959222),
(796, 870, NULL, 701, 2022, NULL, NULL, NULL, NULL, NULL, NULL, NULL, NULL, NULL, 1, 0, '15.00', 'addiction', 'income', 'automatic', NULL, 0, 0, 0, 0, 'Seller commission', 1678959222),
(797, 995, NULL, 701, 2022, NULL, NULL, NULL, NULL, NULL, NULL, NULL, NULL, NULL, 0, 0, '5.00', 'addiction', 'income', 'automatic', 1045, 0, 1, 0, 0, 'Affiliate income', 1678959222),
(798, 995, NULL, NULL, NULL, NULL, NULL, NULL, NULL, NULL, NULL, NULL, NULL, NULL, 0, 0, '20.00', 'addiction', 'income', 'automatic', 1046, 1, 0, 0, 0, 'Affiliate income', 1678959533),
(799, 995, NULL, NULL, NULL, NULL, NULL, NULL, NULL, NULL, NULL, NULL, NULL, NULL, 1, 0, '20.00', 'deduction', 'income', 'automatic', 1046, 1, 0, 0, 0, 'Affiliate income', 1678959533),
(800, 1046, NULL, NULL, NULL, NULL, NULL, NULL, NULL, NULL, NULL, NULL, NULL, NULL, 0, 0, '10.00', 'addiction', 'income', 'automatic', NULL, 1, 0, 0, 0, 'Affiliate income', 1678959533),
(801, 1046, NULL, NULL, NULL, NULL, NULL, NULL, NULL, NULL, NULL, NULL, NULL, NULL, 1, 0, '10.00', 'deduction', 'income', 'automatic', NULL, 1, 0, 0, 0, 'Affiliate income', 1678959533),
(805, 930, NULL, 703, 2004, NULL, NULL, NULL, NULL, NULL, NULL, NULL, NULL, NULL, 0, 0, '39.60', 'deduction', 'asset', 'automatic', NULL, 0, 0, 0, 0, 'Paid form credit', 1678961218),
(806, 930, NULL, 703, 2004, NULL, NULL, NULL, NULL, NULL, NULL, NULL, NULL, NULL, 0, 1, '3.60', 'addiction', 'asset', 'automatic', NULL, 0, 0, 0, 0, 'Tax form buyer', 1678961218),
(807, 929, NULL, 703, 2004, NULL, NULL, NULL, NULL, NULL, NULL, NULL, NULL, NULL, 0, 0, '32.40', 'addiction', 'income', 'automatic', NULL, 0, 0, 0, 0, 'Sales income', 1678961218),
(808, 929, NULL, 703, 2004, NULL, NULL, NULL, NULL, NULL, NULL, NULL, NULL, NULL, 1, 0, '3.60', 'addiction', 'income', 'automatic', NULL, 0, 0, 0, 0, 'Seller commission', 1678961218),
(809, 930, NULL, 703, 2004, NULL, NULL, NULL, NULL, NULL, NULL, NULL, NULL, NULL, 0, 0, '3.60', 'addiction', 'asset', 'automatic', NULL, 0, 0, 0, 1, 'Cashback For Course', 1678961218),
(810, 930, NULL, 703, 2004, NULL, NULL, NULL, NULL, NULL, NULL, NULL, NULL, NULL, 1, 0, '3.60', 'deduction', 'asset', 'automatic', NULL, 0, 0, 0, 1, 'Cashback For Course', 1678961218),
(811, 870, NULL, NULL, 2022, NULL, NULL, NULL, NULL, NULL, NULL, NULL, 7, NULL, 0, 0, '80.00', 'addiction', 'income', 'automatic', NULL, 0, 0, 0, 0, 'Sales income', 1678961558),
(812, 870, NULL, NULL, 2022, NULL, NULL, NULL, NULL, NULL, NULL, NULL, NULL, NULL, 1, 0, '20.00', 'addiction', 'income', 'automatic', NULL, 0, 0, 0, 0, 'Seller commission', 1678961558),
(816, 979, NULL, 704, NULL, NULL, NULL, NULL, NULL, NULL, NULL, NULL, NULL, NULL, 0, 0, '3.00', 'addiction', 'asset', 'automatic', NULL, 0, 0, 0, 1, NULL, 1678961652),
(817, 979, NULL, 704, NULL, NULL, NULL, NULL, NULL, NULL, NULL, NULL, NULL, NULL, 1, 0, '3.00', 'deduction', 'asset', 'automatic', NULL, 0, 0, 0, 1, NULL, 1678961652),
(818, 1045, NULL, 705, 2000, NULL, NULL, NULL, NULL, NULL, NULL, NULL, NULL, NULL, 0, 0, '33.00', 'deduction', 'asset', 'automatic', NULL, 0, 0, 0, 0, 'Paid form credit', 1679088431),
(819, 1045, NULL, 705, 2000, NULL, NULL, NULL, NULL, NULL, NULL, NULL, NULL, NULL, 0, 1, '3.00', 'addiction', 'asset', 'automatic', NULL, 0, 0, 0, 0, 'Tax form buyer', 1679088431),
(820, 867, NULL, 705, 2000, NULL, NULL, NULL, NULL, NULL, NULL, NULL, NULL, NULL, 0, 0, '24.00', 'addiction', 'income', 'automatic', NULL, 0, 0, 0, 0, 'Sales income', 1679088431),
(821, 867, NULL, 705, 2000, NULL, NULL, NULL, NULL, NULL, NULL, NULL, NULL, NULL, 1, 0, '4.50', 'addiction', 'income', 'automatic', NULL, 0, 0, 0, 0, 'Seller commission', 1679088431),
(822, 995, NULL, 705, 2000, NULL, NULL, NULL, NULL, NULL, NULL, NULL, NULL, NULL, 0, 0, '1.50', 'addiction', 'income', 'automatic', 1045, 0, 1, 0, 0, 'Affiliate income', 1679088431),
(823, 1045, NULL, 705, 2000, NULL, NULL, NULL, NULL, NULL, NULL, NULL, NULL, NULL, 0, 0, '3.00', 'addiction', 'asset', 'automatic', NULL, 0, 0, 0, 1, 'Cashback For Course', 1679088431),
(824, 1045, NULL, 705, 2000, NULL, NULL, NULL, NULL, NULL, NULL, NULL, NULL, NULL, 1, 0, '3.00', 'deduction', 'asset', 'automatic', NULL, 0, 0, 0, 1, 'Cashback For Course', 1679088431);

-- --------------------------------------------------------

--
-- Table structure for table `advertising_banners`
--

CREATE TABLE `advertising_banners` (
  `id` int(10) UNSIGNED NOT NULL,
  `position` enum('home1','home2','course','course_sidebar','product_show','bundle','bundle_sidebar') NOT NULL,
  `size` int(10) UNSIGNED NOT NULL DEFAULT 12,
  `link` varchar(255) NOT NULL,
  `published` tinyint(1) NOT NULL DEFAULT 0,
  `created_at` int(10) UNSIGNED NOT NULL
) ENGINE=InnoDB DEFAULT CHARSET=utf8mb4 COLLATE=utf8mb4_unicode_ci ROW_FORMAT=DYNAMIC;

--
-- Dumping data for table `advertising_banners`
--

INSERT INTO `advertising_banners` (`id`, `position`, `size`, `link`, `published`, `created_at`) VALUES
(2, 'home1', 12, '/login', 1, 1607885353),
(3, 'home2', 6, '/certificate_validation', 1, 1607885656),
(4, 'home2', 6, '/instructors', 1, 1607885681),
(6, 'course_sidebar', 12, '/instructors', 1, 1607886391),
(7, 'course_sidebar', 12, '/certificate_validation', 1, 1607886440),
(8, 'product_show', 12, '/products', 1, 1656569687),
(9, 'bundle_sidebar', 12, '/classes?type[]=bundle', 1, 1656571896);

-- --------------------------------------------------------

--
-- Table structure for table `advertising_banners_translations`
--

CREATE TABLE `advertising_banners_translations` (
  `id` int(10) UNSIGNED NOT NULL,
  `advertising_banner_id` int(10) UNSIGNED NOT NULL,
  `locale` varchar(255) NOT NULL,
  `title` varchar(255) NOT NULL,
  `image` varchar(255) NOT NULL
) ENGINE=InnoDB DEFAULT CHARSET=utf8mb4 COLLATE=utf8mb4_unicode_ci;

--
-- Dumping data for table `advertising_banners_translations`
--

INSERT INTO `advertising_banners_translations` (`id`, `advertising_banner_id`, `locale`, `title`, `image`) VALUES
(1, 2, 'en', 'Home - Join as instructor', '/store/1/default_images/banners/become_instructor_banner.png'),
(2, 3, 'en', 'Certificate validation - Home', '/store/1/default_images/banners/validate_certificates_banner.png'),
(3, 4, 'en', 'Reserve a meeting - Home', '/store/1/default_images/banners/reserve_a_meeting.png'),
(4, 6, 'en', 'Reserve a meeting - Course page', '/store/1/default_images/banners/reserve_a_meeting.png'),
(5, 7, 'en', 'Certificate validation - Course page', '/store/1/default_images/banners/validate_certificates_banner.png'),
(7, 2, 'ar', 'الصفحة الرئيسية - انضم كمدرس', '/store/1/default_images/banners/become_instructor_banner_ar.png'),
(8, 2, 'es', 'Inicio - Únete como instructora', '/store/1/default_images/banners/become_instructor_banner_es.png'),
(9, 3, 'ar', 'التحقق من صحة الشهادة - الصفحة الرئيسية', '/store/1/default_images/banners/validate_certificates_banner_ar.png'),
(10, 3, 'es', 'Validación de certificados - Inicio', '/store/1/default_images/banners/validate_certificates_banner_es.png'),
(11, 4, 'ar', 'حجز اجتماع - الصفحة الرئيسية', '/store/1/default_images/banners/reserve_a_meeting_ar.png'),
(12, 4, 'es', 'Reservar una reunión - Inicio', '/store/1/default_images/banners/reserve_a_meeting_es.png'),
(13, 6, 'ar', 'حجز اجتماع - صفحة الدورة', '/store/1/default_images/banners/reserve_a_meeting_ar.png'),
(14, 6, 'es', 'Reservar una reunión - página del curso', '/store/1/default_images/banners/reserve_a_meeting_es.png'),
(15, 7, 'ar', 'التحقق من صحة الشهادة - صفحة الدورة', '/store/1/default_images/banners/validate_certificates_banner_ar.png'),
(16, 7, 'es', 'Validación del certificado - página del curso', '/store/1/default_images/banners/validate_certificates_banner_es.png'),
(17, 8, 'en', 'Store - Product page', '/store/1/default_images/banners/store_en.png'),
(18, 8, 'ar', 'المتجر - صفحة المنتج', '/store/1/default_images/banners/store_ar.png'),
(19, 8, 'es', 'Tienda - Página del producto', '/store/1/default_images/banners/store_es.png'),
(20, 9, 'en', 'Course Bundle - Sidebar', '/store/1/default_images/banners/bundle_en.png'),
(21, 9, 'ar', 'حزمة الدورة - الشريط الجانبي', '/store/1/default_images/banners/bundle_ar.png'),
(22, 9, 'es', 'Paquete de cursos - Barra lateral', '/store/1/default_images/banners/bundle_es.png'),
(23, 3, 'id', 'Certificate validation - Home', '/store/1/default_images/banners/validate_certificates.png'),
(24, 7, 'id', 'Certificate validation - Course page', '/store/1/default_images/banners/validate_certificates.png'),
(25, 6, 'id', 'Reserve a meeting - Course page', '/store/1/default_images/banners/reserve_meeting.png'),
(26, 4, 'id', 'Reserve a meeting - Home', '/store/1/default_images/banners/reserve_meeting.png'),
(27, 2, 'id', 'Home - Join as instructor', '/store/1/default_images/become_instructor_banner.webp');

-- --------------------------------------------------------

--
-- Table structure for table `affiliates`
--

CREATE TABLE `affiliates` (
  `id` int(10) UNSIGNED NOT NULL,
  `affiliate_user_id` int(10) UNSIGNED NOT NULL,
  `referred_user_id` int(10) UNSIGNED NOT NULL,
  `created_at` int(10) UNSIGNED NOT NULL
) ENGINE=InnoDB DEFAULT CHARSET=utf8mb4 COLLATE=utf8mb4_unicode_ci;

--
-- Dumping data for table `affiliates`
--

INSERT INTO `affiliates` (`id`, `affiliate_user_id`, `referred_user_id`, `created_at`) VALUES
(1, 1015, 1017, 1639378855),
(14, 995, 1045, 1678958778),
(15, 995, 1046, 1678959533);

-- --------------------------------------------------------

--
-- Table structure for table `affiliates_codes`
--

CREATE TABLE `affiliates_codes` (
  `id` int(10) UNSIGNED NOT NULL,
  `user_id` int(10) UNSIGNED NOT NULL,
  `code` varchar(32) NOT NULL,
  `created_at` int(10) UNSIGNED NOT NULL
) ENGINE=InnoDB DEFAULT CHARSET=utf8mb4 COLLATE=utf8mb4_unicode_ci;

--
-- Dumping data for table `affiliates_codes`
--

INSERT INTO `affiliates_codes` (`id`, `user_id`, `code`, `created_at`) VALUES
(2, 995, '422536', 1635366391),
(3, 996, '442769', 1635420731),
(4, 1015, '822047', 1639378662);

-- --------------------------------------------------------

--
-- Table structure for table `agora_history`
--

CREATE TABLE `agora_history` (
  `id` int(10) UNSIGNED NOT NULL,
  `session_id` int(10) UNSIGNED NOT NULL,
  `start_at` int(10) UNSIGNED NOT NULL,
  `end_at` int(10) UNSIGNED DEFAULT NULL
) ENGINE=InnoDB DEFAULT CHARSET=utf8mb4 COLLATE=utf8mb4_unicode_ci;

-- --------------------------------------------------------

--
-- Table structure for table `badges`
--

CREATE TABLE `badges` (
  `id` int(10) UNSIGNED NOT NULL,
  `image` varchar(255) NOT NULL,
  `type` enum('register_date','course_count','course_rate','sale_count','support_rate','product_sale_count','make_topic','send_post_in_topic','instructor_blog') NOT NULL,
  `condition` varchar(128) NOT NULL,
  `score` int(11) DEFAULT NULL,
  `created_at` int(10) UNSIGNED NOT NULL
) ENGINE=InnoDB DEFAULT CHARSET=utf8mb4 COLLATE=utf8mb4_unicode_ci ROW_FORMAT=DYNAMIC;

--
-- Dumping data for table `badges`
--

INSERT INTO `badges` (`id`, `image`, `type`, `condition`, `score`, `created_at`) VALUES
(21, '/store/1/default_images/badges/new_user.png', 'register_date', '{\"from\":\"1\",\"to\":\"30\"}', 5, 1625553769),
(22, '/store/1/default_images/badges/loyal_user.png', 'register_date', '{\"from\":\"31\",\"to\":\"365\"}', 10, 1625554171),
(23, '/store/1/default_images/badges/faithful_user.png', 'register_date', '{\"from\":\"365\",\"to\":\"1000\"}', 15, 1625554495),
(24, '/store/1/default_images/badges/junior_vendor.png', 'course_count', '{\"from\":\"1\",\"to\":\"1\"}', 10, 1625554772),
(25, '/store/1/default_images/badges/senior_vendor.png', 'course_count', '{\"from\":\"2\",\"to\":\"2\"}', 20, 1625554960),
(26, '/store/1/default_images/badges/expert_vendor.png', 'course_count', '{\"from\":\"3\",\"to\":\"6\"}', 30, 1625555421),
(27, '/store/1/default_images/badges/bronze_classes.png', 'course_rate', '{\"from\":\"2\",\"to\":\"3\"}', NULL, 1625556048),
(28, '/store/1/default_images/badges/silver_classes.png', 'course_rate', '{\"from\":\"3\",\"to\":\"4\"}', 10, 1625556159),
(29, '/store/1/default_images/badges/golden_classes.png', 'course_rate', '{\"from\":\"4\",\"to\":\"5\"}', 50, 1625556284),
(30, '/store/1/default_images/badges/best_seller.png', 'sale_count', '{\"from\":\"1\",\"to\":\"2\"}', NULL, 1625557021),
(31, '/store/1/default_images/badges/top_seller.png', 'sale_count', '{\"from\":\"3\",\"to\":\"9\"}', 20, 1625557247),
(32, '/store/1/default_images/badges/king_seller.png', 'sale_count', '{\"from\":\"10\",\"to\":\"20\"}', 50, 1625558061),
(33, '/store/1/default_images/badges/good_support.png', 'support_rate', '{\"from\":\"2\",\"to\":\"3\"}', NULL, 1625558473),
(34, '/store/1/default_images/badges/amazing_support.png', 'support_rate', '{\"from\":\"3\",\"to\":\"4\"}', NULL, 1625558682),
(35, '/store/1/default_images/badges/fantastic_support.png', 'support_rate', '{\"from\":\"4\",\"to\":\"5\"}', 20, 1625558892),
(36, '/store/1/default_images/badges/Best Store Seller.svg', 'product_sale_count', '{\"from\":\"5\",\"to\":\"9\"}', 5, 1656145531),
(37, '/store/1/default_images/badges/King Store Seller.svg', 'product_sale_count', '{\"from\":\"10\",\"to\":\"15\"}', 10, 1656145677),
(38, '/store/1/default_images/badges/Forums Top User.svg', 'make_topic', '{\"from\":\"1\",\"to\":\"5\"}', 10, 1656145989),
(39, '/store/1/default_images/badges/Forums Best User.svg', 'make_topic', '{\"from\":\"6\",\"to\":\"10\"}', 15, 1656146136),
(40, '/store/1/default_images/badges/Loyal Writer.svg', 'instructor_blog', '{\"from\":\"5\",\"to\":\"10\"}', 20, 1656146397),
(41, '/store/1/default_images/badges/Forums Loyal User.svg', 'send_post_in_topic', '{\"from\":\"20\",\"to\":\"30\"}', 10, 1656146689);

-- --------------------------------------------------------

--
-- Table structure for table `badge_translations`
--

CREATE TABLE `badge_translations` (
  `id` bigint(20) UNSIGNED NOT NULL,
  `badge_id` int(10) UNSIGNED NOT NULL,
  `locale` varchar(255) NOT NULL,
  `title` varchar(255) NOT NULL,
  `description` text NOT NULL
) ENGINE=InnoDB DEFAULT CHARSET=utf8mb4 COLLATE=utf8mb4_unicode_ci;

--
-- Dumping data for table `badge_translations`
--

INSERT INTO `badge_translations` (`id`, `badge_id`, `locale`, `title`, `description`) VALUES
(1, 21, 'en', 'New User', '1 Month of Membership'),
(2, 22, 'en', 'Loyal User', '1 year of Membership'),
(3, 23, 'en', 'Faithful User', 'Old Membership'),
(4, 24, 'en', 'Junior Vendor', 'Has 1 Class'),
(5, 25, 'en', 'Senior Vendor', 'Has 2 Classes'),
(6, 26, 'en', 'Expert Vendor', 'Has 3 to 6 Classes'),
(7, 27, 'en', 'Bronze Classes', 'Classes Rating from 2 to 3'),
(8, 28, 'en', 'Silver Classes', 'Classes Rating from 3 to 4'),
(9, 29, 'en', 'Golden Classes', 'Classes Rating from 4 to 5'),
(10, 30, 'en', 'Best Seller', 'Classes Sales from 1 to 2'),
(11, 31, 'en', 'Top Seller', 'Classes Sales from 3 to 9'),
(12, 32, 'en', 'King Seller', 'Classes Sales from 10 to 20'),
(13, 33, 'en', 'Good Support', 'Support Rating from 2 to 3'),
(14, 34, 'en', 'Amazing Support', 'Support Rating from 3 to 4'),
(15, 35, 'en', 'Fantastic Support', 'Support Rating from 4 to 5'),
(16, 36, 'en', 'Store Best Seller', 'Store Products Sales from 1 to 5'),
(17, 37, 'en', 'Store King Seller', 'Store Products Sales from 6 to 15'),
(18, 38, 'en', 'Forums Top User', 'Has 2 to 5 Topics'),
(19, 39, 'en', 'Forums Best User', 'Has 6 to 10 Topics'),
(20, 40, 'en', 'Loyal Writer', 'Has 5 to 10 Articles'),
(21, 41, 'en', 'Forum Loyal User', 'Has 20 to 30 Posts in Forums');

-- --------------------------------------------------------

--
-- Table structure for table `become_instructors`
--

CREATE TABLE `become_instructors` (
  `id` int(10) UNSIGNED NOT NULL,
  `user_id` int(10) UNSIGNED NOT NULL,
  `role` enum('teacher','organization') NOT NULL,
  `package_id` int(10) UNSIGNED DEFAULT NULL,
  `certificate` varchar(255) DEFAULT NULL,
  `description` text DEFAULT NULL,
  `status` enum('pending','accept','reject') NOT NULL DEFAULT 'pending',
  `created_at` int(10) UNSIGNED NOT NULL
) ENGINE=InnoDB DEFAULT CHARSET=utf8mb4 COLLATE=utf8mb4_unicode_ci ROW_FORMAT=DYNAMIC;

--
-- Dumping data for table `become_instructors`
--

INSERT INTO `become_instructors` (`id`, `user_id`, `role`, `package_id`, `certificate`, `description`, `status`, `created_at`) VALUES
(5, 930, 'teacher', 2, '/store/930/certificate.jpg', 'I taught design in London for two years.', 'pending', 1626242477),
(6, 859, 'organization', 4, '/store/859/certificate.jpg', 'We have 3 years of experience in advanced sewing training.', 'pending', 1646387556);

-- --------------------------------------------------------

--
-- Table structure for table `blog`
--

CREATE TABLE `blog` (
  `id` int(10) UNSIGNED NOT NULL,
  `category_id` int(10) UNSIGNED DEFAULT NULL,
  `author_id` int(10) UNSIGNED NOT NULL,
  `slug` varchar(255) NOT NULL,
  `image` varchar(255) NOT NULL,
  `visit_count` int(10) UNSIGNED DEFAULT 0,
  `enable_comment` tinyint(1) NOT NULL DEFAULT 1,
  `status` enum('pending','publish') NOT NULL DEFAULT 'pending',
  `created_at` int(10) UNSIGNED NOT NULL,
  `updated_at` int(10) UNSIGNED DEFAULT NULL
) ENGINE=InnoDB DEFAULT CHARSET=utf8mb4 COLLATE=utf8mb4_unicode_ci ROW_FORMAT=DYNAMIC;

--
-- Dumping data for table `blog`
--

INSERT INTO `blog` (`id`, `category_id`, `author_id`, `slug`, `image`, `visit_count`, `enable_comment`, `status`, `created_at`, `updated_at`) VALUES
(21, 34, 1014, 'How-To-Teach-Your-Kid-Anything-Easily', '/store/1/default_images/blogs/blog1.jpg', 26, 1, 'publish', 1625091953, 1656136960),
(22, 37, 1014, 'Better-Relationship-Between-You-and-Your-Student-s-Parent', '/store/1/default_images/blogs/blog2.jpg', 12, 1, 'publish', 1625093279, 1645386787),
(23, 36, 1, '3-Laws-to-Become-a-Straight-A-Student', '/store/1014/blog3.jpg', 20, 1, 'publish', 1625094412, 1656136976);

-- --------------------------------------------------------

--
-- Table structure for table `blog_categories`
--

CREATE TABLE `blog_categories` (
  `id` int(10) UNSIGNED NOT NULL,
  `title` varchar(255) NOT NULL,
  `slug` varchar(255) NOT NULL
) ENGINE=InnoDB DEFAULT CHARSET=utf8mb4 COLLATE=utf8mb4_unicode_ci ROW_FORMAT=DYNAMIC;

--
-- Dumping data for table `blog_categories`
--

INSERT INTO `blog_categories` (`id`, `title`, `slug`) VALUES
(33, 'Pengumuman', 'Vel-consequatur'),
(34, 'Artikel', 'Facilis-ea'),
(36, 'Acara', 'Fugit-dignissimos-possimus'),
(37, 'Berita', 'new');

-- --------------------------------------------------------

--
-- Table structure for table `blog_translations`
--

CREATE TABLE `blog_translations` (
  `id` bigint(20) UNSIGNED NOT NULL,
  `blog_id` int(10) UNSIGNED NOT NULL,
  `locale` varchar(255) NOT NULL,
  `title` varchar(255) NOT NULL,
  `description` text NOT NULL,
  `content` longtext NOT NULL,
  `meta_description` text DEFAULT NULL
) ENGINE=InnoDB DEFAULT CHARSET=utf8mb4 COLLATE=utf8mb4_unicode_ci;

--
-- Dumping data for table `blog_translations`
--

INSERT INTO `blog_translations` (`id`, `blog_id`, `locale`, `title`, `description`, `content`, `meta_description`) VALUES
(2, 21, 'en', 'How To Teach Your Kid Easily', '<p>The primary reason kids struggle with school is fear. And in most cases, it’s their parent\'s fault. I started tutoring math out of financial desperation. I’d just been fired from my job as a waiter, most of the proofreading in jobs in New York had been outsourced to India, and for the third time in my life, I was facing dire poverty.</p>', '<p>A strong academic record can open doors for you down the road. More importantly, through the process of becoming a straight-A student, you’ll learn values like hard work, discipline and determination.</p><h3 style=\"color: rgb(0, 0, 0); font-family: Lato, sans-serif; margin-right: 0px; margin-bottom: 16px; margin-left: 0px; padding: 0px; font-size: 24px;\">Rule #1: Always have a plan.</h3><div><div>(a) As the semester progresses, keep track of key dates: tests and exams, project submission deadlines, term breaks, etc.</div><div><br></div><div>Enter these dates into a physical or digital calendar.</div><div><br></div><div><div>If you choose to use a digital calendar, I recommend Google Calendar.</div><div><br></div><div>(b) Schedule a fixed time every week where you review your upcoming events over the next two months. Mark down when you’ll start preparing for that Math exam, working on that History project, or writing that English paper.</div><div><br></div><div>(d) Next, note your commitments for the coming week, e.g. extracurricular activities, family gatherings, extra classes. On your calendar, highlight the blocks of time you’ll have for schoolwork.</div><div><br></div><div>This planning process might sound time-consuming, but it’ll typically take just 15 minutes every week.</div><div><br></div><div>This is a wise investment of time as a student, because the rest of your week will become far more productive.</div><div><br></div><div>This way, you’ll be studying smart, not just hard!</div><div><br></div><div><h3 style=\"color: rgb(0, 0, 0); font-family: Lato, sans-serif; margin-right: 0px; margin-bottom: 16px; margin-left: 0px; padding: 0px; font-size: 24px;\">Rule #2: Be organized.</h3></div></div></div><div><div>Ever had trouble finding your notes or assignments when you needed them? You probably ended up wasting precious time looking for them, before you finally asked to borrow them from your friend.</div><div><br></div><div>Many students tell me that they keep all their notes and assignments in one big pile, and only sort them out before their exams!</div><div><br></div><div>Being organized – it’s easier said than done, I know.</div></div>', 'The primary reason kids struggle with school is fear. And in most cases, it’s their parent\'s fault.'),
(3, 22, 'en', 'Better Relationship Between Friends', '<p>The tutor-parent relationship is an important relationship and unfortunately greatly overlooked. Why is it important? Well, a good relationship between you and the student’s parent or guardian serves to help students perform better personally and academically. Fostering a relationship with them as a tutor can be challenging due to a number of factors, however, there are a number of ways to build this relationship and optimize students’ learning support system over time.</p>', '<p>A strong academic record can open doors for you down the road. More importantly, through the process of becoming a straight-A student, you’ll learn values like hard work, discipline and determination.</p><h3 style=\"color: rgb(0, 0, 0); font-family: Lato, sans-serif; margin-right: 0px; margin-bottom: 16px; margin-left: 0px; padding: 0px; font-size: 24px;\">Rule #1: Always have a plan.</h3><div><div>(a) As the semester progresses, keep track of key dates: tests and exams, project submission deadlines, term breaks, etc.</div><div><br></div><div>Enter these dates into a physical or digital calendar.</div><div><br></div><div><div>If you choose to use a digital calendar, I recommend Google Calendar.</div><div><br></div><div>(b) Schedule a fixed time every week where you review your upcoming events over the next two months. Mark down when you’ll start preparing for that Math exam, working on that History project, or writing that English paper.</div><div><br></div><div>(d) Next, note your commitments for the coming week, e.g. extracurricular activities, family gatherings, extra classes. On your calendar, highlight the blocks of time you’ll have for schoolwork.</div><div><br></div><div>This planning process might sound time-consuming, but it’ll typically take just 15 minutes every week.</div><div><br></div><div>This is a wise investment of time as a student, because the rest of your week will become far more productive.</div><div><br></div><div>This way, you’ll be studying smart, not just hard!</div><div><br></div><div><h3 style=\"color: rgb(0, 0, 0); font-family: Lato, sans-serif; margin-right: 0px; margin-bottom: 16px; margin-left: 0px; padding: 0px; font-size: 24px;\">Rule #2: Be organized.</h3></div></div></div><div><div>Ever had trouble finding your notes or assignments when you needed them? You probably ended up wasting precious time looking for them, before you finally asked to borrow them from your friend.</div><div><br></div><div>Many students tell me that they keep all their notes and assignments in one big pile, and only sort them out before their exams!</div><div><br></div><div>Being organized – it’s easier said than done, I know.</div></div>', 'The tutor-parent relationship is an important relationship and unfortunately greatly overlooked.'),
(4, 23, 'en', 'Become a Straight-A Student', '<p>In this article, I’ll explain the two rules I followed to become a straight-A student. If you take my advice, you’ll get better grades and lead a more balanced life too.</p>', '<p>A strong academic record can open doors for you down the road. More importantly, through the process of becoming a straight-A student, you’ll learn values like hard work, discipline and determination.</p><h3 style=\"color: rgb(0, 0, 0); font-family: Lato, sans-serif; margin-right: 0px; margin-bottom: 16px; margin-left: 0px; padding: 0px; font-size: 24px;\">Rule #1: Always have a plan.</h3><div><div>(a) As the semester progresses, keep track of key dates: tests and exams, project submission deadlines, term breaks, etc.</div><div><br></div><div>Enter these dates into a physical or digital calendar.</div><div><br></div><div><div>If you choose to use a digital calendar, I recommend Google Calendar.</div><div><br></div><div>(b) Schedule a fixed time every week where you review your upcoming events over the next two months. Mark down when you’ll start preparing for that Math exam, working on that History project, or writing that English paper.</div><div><br></div><div>(d) Next, note your commitments for the coming week, e.g. extracurricular activities, family gatherings, extra classes. On your calendar, highlight the blocks of time you’ll have for schoolwork.</div><div><br></div><div>This planning process might sound time-consuming, but it’ll typically take just 15 minutes every week.</div><div><br></div><div>This is a wise investment of time as a student, because the rest of your week will become far more productive.</div><div><br></div><div>This way, you’ll be studying smart, not just hard!</div><div><br></div><div><h3 style=\"color: rgb(0, 0, 0); font-family: Lato, sans-serif; margin-right: 0px; margin-bottom: 16px; margin-left: 0px; padding: 0px; font-size: 24px;\">Rule #2: Be organized.</h3></div></div></div><div><div>Ever had trouble finding your notes or assignments when you needed them? You probably ended up wasting precious time looking for them, before you finally asked to borrow them from your friend.</div><div><br></div><div>Many students tell me that they keep all their notes and assignments in one big pile, and only sort them out before their exams!</div><div><br></div><div>Being organized – it’s easier said than done, I know.</div></div>', 'In this article, I’ll explain the two rules I followed to become a straight-A student.'),
(5, 21, 'ar', 'كيف تعلم طفلك أي شيء بسهولة', '<p style=\"text-align: right; \">الخوف هو السبب الرئيسي الذي يجعل الأطفال يكافحون مع المدرسة. وفي معظم الحالات ، يكون ذلك خطأ الوالدين. بدأت في تدريس الرياضيات بسبب اليأس المالي.</p>', '<p style=\"text-align: right; \">بدأت في تدريس الرياضيات بسبب اليأس المالي. لقد طُردت للتو من وظيفتي كنادل ، ومعظم عمليات التدقيق اللغوي في الوظائف في نيويورك تم الاستعانة بمصادر خارجية للهند ، وللمرة الثالثة في حياتي ، كنت أواجه فقرًا مدقعًا.</p><p style=\"text-align: right; \"><br></p><p style=\"text-align: right; \">كان المبلغ الذي نسيته مذهلاً في البداية ، وقد تفوقت في الرياضيات طوال حياتي الأكاديمية. إذا كنت لا تستخدمها ، فأنت تخسرها حقًا ، لذلك ليس من المستغرب أن يبكي معظم الآباء عمي في الرياضيات في الصف الرابع تقريبًا. إنهم لا يتذكرون ولا يريدون أن يتذكروا ، مما يديم هذا الموقف لدى أطفالهم.</p><p style=\"text-align: right; \"><br></p><p style=\"text-align: right; \">تخيل أنك تفعل أي شيء ، حتى لو كنت بارعًا فيه ، بما يعادل عملاقًا يلوح في الأفق خلفك ويفحص كل تحركاتك. وهذا هو ما يفعله الآباء لأطفالهم. إنهم يحومون وينقضون على كل خطأ.</p><p style=\"text-align: right; \"><br></p><p style=\"text-align: right; \">1) تعاطف مع أطفالك</p><p style=\"text-align: right; \"><br></p><p style=\"text-align: right; \">في جلستي الأولى مع تلميذي الأول ، تراجعت والدته بعصبية خلفنا ، ثم اتصلت بي لمدة خمس دقائق. سألت إذا لاحظت أن ابنها قد أجاب على السؤال الأخير بشكل غير صحيح ، ورأيت على الفور جوهر المشكلة.</p><p style=\"text-align: right; \"><br></p><p style=\"text-align: right; \">عليك أن ترتاح وتسترخي حتى يكون طفلك مرتاحًا وتنتظر حتى النهاية قبل أن تبدأ في تصحيح أي شيء. هذه هي الطريقة التي يتعلم بها الأطفال التحقق من عملهم ، وأن ارتكاب الأخطاء ليس مشكلة كبيرة.</p><p style=\"text-align: right; \"><br></p><p style=\"text-align: right; \">الأخطاء لا مفر منها ، ولكن كيفية التعامل معها ليست كذلك. إذا كنت تريد أن يشعر ابنك بالرعب إلى الأبد من الرياضيات ، إذن ، بكل الوسائل ، استمر في الازدحام ومقاطعته على الدوام. من المحتمل أن تجعلهم حذرين من محاولة تعلم أي شيء على الإطلاق.</p><p style=\"text-align: right; \"><br></p><p style=\"text-align: right; \">2) إعطاء نفسك وأطلق عليه الرصاص</p><p style=\"text-align: right; \"><br></p><p style=\"text-align: right; \">لحسن الحظ ، فهمت هذه الأم ومعظم الآباء الآخرين ما كنت أفعله ، وأدركوا تواطؤهم في كفاح أطفالهم. بعد تلك الجلسة الأولى ، تركتنا أمي وشأننا ، وبدأ طفلها في التحسن على الفور.</p><p style=\"text-align: right; \"><br></p><p style=\"text-align: right; \">تم تشجيع والديه لدرجة أنهم سألوا عما إذا كان بإمكاني المساعدة في مواضيع أخرى. كان التاريخ والعلوم واللغة الإنجليزية داخل غرفة قيادتي ، لكن الطفل ذهب إلى مدرسة كاثوليكية وكان عليه أن يتعلم اللاتينية.</p><p style=\"text-align: right; \"><br></p><p style=\"text-align: right; \">استعرت نسخة من كتابه اللاتيني وأصيبت بالإحباط تمامًا. اللغة اللاتينية محيرة ، خاصة في البداية. هذا العدد الكبير من الإقتران، ومسألة السياق. الطريقة التي تتحدث بها إلى النبلاء والأقران والعبيد تشبه عمليًا تعلم ثلاث لغات مختلفة.</p><p style=\"text-align: right; \"><br></p><p style=\"text-align: right; \">ما زلت مفلسة ، وهذا يعني المزيد من المال. وهل كان علي بالفعل معرفة اللاتينية؟ كل ما كان علي فعله هو البقاء قبل الطفل ببضعة أيام.</p><p style=\"text-align: right; \"><br></p><p style=\"text-align: right; \">3) كن صادقا</p><p style=\"text-align: right; \"><br></p><p style=\"text-align: right; \">حالتنا الافتراضية هي إنكار جهلنا ، خاصة أمام الأطفال. نحن دفاعيون ورفضون ، ويمكن لمعظم الأطفال أن يقولوا إنك ضائع مثلهم.</p><p style=\"text-align: right; \"><br></p><p style=\"text-align: right; \">كان الحل هو الاعتراف بذلك منذ البداية. سألني الطفل عن وجهة نظر تعلم اللاتينية وأخبرته أنني لا أعرف. من المفترض أنه ساعد مع لغات أخرى ، لكن ربما يمكنه استخدامه يومًا ما لإثارة إعجاب الأشخاص الطنانين في حفلات الكوكتيل. سألني لماذا تكسر بعض الأفعال أنماط الاقتران ، وقلت له إنها طريقة القدماء في تعذيبنا.</p><p style=\"text-align: right; \">عندما كان طفلاً صغيرًا ، كان يتعلم اللغة أسرع مني ، لكنه كان يواجه صعوبة أكبر في بعض التفاصيل الدقيقة. كانت هناك أوقات حيرتني فيها وأتحدث بصوت عالٍ أمامه.</p><p style=\"text-align: right; \">أنا مدرس رياضيات. ما الذي جعلني أعتقد أنني مستعد لتدريس اللاتينية ، ناهيك عن تعلمها؟</p><p style=\"text-align: right; \"><br></p><p style=\"text-align: right; \">قال لي الطفل إنني أبدو جيدًا في كل شيء آخر ، لذا من المحتمل أن أفهم ذلك ، لكن كان هناك القليل من القلق في صوته. كلما فعلت الأسوأ ، زاد احتمال فشله ، وأراد إخراج اللاتينية من حياته أكثر مما فعلت.</p><p style=\"text-align: right; \"><br></p><p style=\"text-align: right; \">لقد قربنا كراهيتنا المتبادل للغة اللاتينية من بعضنا البعض. لأول مرة ، أدرك كلانا أننا في هذا معًا.</p><p style=\"text-align: right; \"><br></p><p style=\"text-align: right; \">4) التعامل مع أولياء الأمور والمعلمين هو جزء من التعليم</p><p style=\"text-align: right; \"><br></p><p style=\"text-align: right; \">مع تقدمه في السن ، بدأ يسألني عن والديه ، اللذين كانا من المحافظين في قناة فوكس نيوز. قال لي انه يمكن ان نرى انهم منحازون، ولكن لم أفهم لماذا، أو أعرف ما يفكر.</p><p style=\"text-align: right; \"><br></p><p style=\"text-align: right; \">أخبرته أن يفكر بنفسه ويعترف عندما لا يعرف شيئًا ، وأنه لا يجب أن يخشى تغيير رأيه في ضوء أدلة جديدة صحيحة.</p><p style=\"text-align: right; \"><br></p><p style=\"text-align: right; \">واشتكى أساتذته، واحد منهم لم يكن سعيدا كنت قد علمته الطرق المختلفة لعلم الجبر. في نهاية المطاف، وعلم أنه كيفية القيام بذلك بطريقة المعلم، ولكن عنيدا حاجة سبيلا آخر للوصول إلى هناك. كنا غاضبين بعض الشيء ، لكنني أخبرته أن تعلم التعامل مع المعلمين هو جزء من التعليم.</p><p style=\"text-align: right; \"><br></p><p style=\"text-align: right; \">احتفظت بالضغينة لنفسي ، لكنني أردت أيضًا خنق معلمه. وكان هذا الطفل قد ذهب من متوسط ​​D إلى B +، وكان هذا المعلم لا يزال يطارد له. ولا عجب في ذلك كثير من الناس رديء في الرياضيات - الآباء والامهات والمعلمين ضدهم وحتى لم يدرك ذلك.</p><p style=\"text-align: right; \"><br></p><p style=\"text-align: right; \">5) احتضان موقف التعلم</p><p style=\"text-align: right; \"><br></p><p style=\"text-align: right; \">إذا لم تكن على استعداد للتعلم ، فسيكون من الصعب تدريسه ، والخطوة الأولى هي قبول مدى ضآلة معرفتنا. من النفاق أن تنقض على ابنك عندما لا تتمكن من أداء واجبه المنزلي أيضًا ، ويلاحظ الأطفال ذلك ويشعرون بحق أنك غير عادل.</p><p style=\"text-align: right; \"><br></p><p style=\"text-align: right; \">التعلم الإلكتروني) سيحسن إدراكك بشكل عام.</p><p style=\"text-align: right; \"><br></p><p style=\"text-align: right; \">القراءة والرياضيات مهارات أساسية ، وتعلم الرياضيات أمر متواضع. في حين أن هناك القليل من الأدلة التي تدعم أن الرياضيات تحسن التفكير بشكل عام ، فأنت بحاجة إليها لفهم العلوم ، وعندما تشعر بالحيرة تجاه الكثير من الواجبات المدرسية لطفلك في المدرسة الابتدائية ، فإن القليل على الأقل من عدم اليقين يخترق آرائك. أنت تدرك أنك لا تعرف الكثير كما كنت تعتقد ، وبالنسبة لمعظم الناس ، يمكن أن يمثل هذا بداية جديدة. مع انحسار الصلابة ، تعاود اللدونة الظهور ، وعادات التعلم مدى الحياة هي أثمن هدية يمكن أن تقدمها لنفسك ولطفلك.إذا اخترت أن يكون الأطفال، يجب أن يكون لديك الاولوية رقم واحد، وسوف يفاجأ في مقدار التعلم (أو ص</p>', 'الخوف هو السبب الرئيسي الذي يجعل الأطفال يكافحون مع المدرسة. وفي معظم الحالات ، يكون ذلك خطأ الوالدين.'),
(6, 21, 'es', 'Cómo enseñar a tu hija cualquier cosa fácilmente', '<p>La razón principal por la que los niños luchan con la escuela es el miedo. Y en la mayoría de los casos, es culpa de sus padres. Comencé a dar clases particulares de matemáticas por desesperación financiera. Me acababan de despedir de mi trabajo como camarero, la mayor parte de la corrección de pruebas en los trabajos en Nueva York se habían subcontratado a la India y, por tercera vez en mi vida, me enfrentaba a una pobreza extrema.</p>', '<p>Comencé a dar clases particulares de matemáticas por desesperación financiera. Me acababan de despedir de mi trabajo como camarero, la mayor parte de la corrección de pruebas en los trabajos en Nueva York se habían subcontratado a la India y, por tercera vez en mi vida, me enfrentaba a una pobreza extrema.</p><p><br></p><p>La cantidad que había olvidado fue sorprendente al principio, y había sobresalido en matemáticas durante toda mi vida académica. Si no lo usas, realmente lo pierdes, así que no es de extrañar que la mayoría de los padres lloren a tío en matemáticas de cuarto grado. No recuerdan y no quieren recordar, perpetuando esta actitud en sus hijos.</p><p><br></p><p>Imagínese haciendo cualquier cosa, incluso algo en lo que se le da bien, con el equivalente a un gigante acechando detrás de usted y escudriñando cada uno de sus movimientos. Esto es lo que les hacen los padres a sus hijos. Se ciernen y se abalanzan sobre cada error.</p><p><br></p><p>1) Tenga empatía por sus hijos</p><p><br></p><p>En mi primera sesión con mi primer alumno, su madre se escondió nerviosamente detrás de nosotros, luego me llamó unos cinco minutos después. Me preguntó si noté que su hijo había respondido la última pregunta incorrectamente, e inmediatamente vi la esencia del problema.</p><p><br></p><p>Tienes que descansar y relajarte para que tu hijo se sienta cómodo y esperar hasta el final antes de empezar a corregir algo. Así es como los niños aprenden a controlar su trabajo y que cometer errores no es gran cosa.</p><p><br></p><p>Los errores son inevitables, pero la forma en que los manejamos no lo es. Si quiere que su hijo esté eternamente aterrorizado por las matemáticas, entonces, por supuesto, continúe apiñándolos e interrumpiéndolos perpetuamente. Lo más probable es que los haga desconfiar de intentar aprender algo.</p><p><br></p><p>2) Date una oportunidad</p><p><br></p><p>Afortunadamente, esta madre y la mayoría de los otros padres entendieron lo que estaba haciendo y reconocieron su complicidad en las luchas de sus hijos. Después de esa primera sesión, mamá nos dejó solos y su hijo comenzó a mejorar de inmediato.</p><p><br></p><p>Sus padres estaban tan animados que me preguntaron si podía ayudar con otros temas. La historia, la ciencia y el inglés estaban a mi alcance, pero el niño fue a una escuela católica y tuvo que aprender latín.</p><p><br></p><p>Pedí prestada una copia de su libro en latín y me desmoralicé por completo. El latín es desconcertante, especialmente al principio. Tantas conjugaciones y contexto son importantes. La forma de hablar con nobles, compañeros y esclavos es prácticamente como aprender tres idiomas diferentes.</p><p><br></p><p>Aún así, estaba arruinado y esto significaría más dinero. ¿Y realmente tenía que saber latín? Todo lo que tenía que hacer era quedarme unos días por delante del chico.</p><p><br></p><p>3) Sea honesto</p><p><br></p><p>Nuestro estado predeterminado es negar nuestra ignorancia, especialmente frente a los niños. Estamos a la defensiva y desdeñosos, y la mayoría de los niños pueden decir que estás tan perdido como ellos.</p><p><br></p><p>Mi solución fue admitir esto desde el principio. El niño me preguntó qué sentido tenía aprender latín y le dije que no lo sabía. Supuestamente le ayudó con otros idiomas, pero tal vez algún día podría usarlo para impresionar a personas pretenciosas en los cócteles. Me preguntó por qué algunos verbos rompían los patrones de conjugación y le dije que era la forma de los antiguos de torturarnos.</p><p><br></p><p>Cuando era niño, aprendió el idioma más rápido que yo, pero tuvo más dificultades con algunas de las sutilezas. Hubo momentos en que estaba desconcertado y me hablaba en voz alta frente a él.</p><p><br></p><p>Soy un tutor de matemáticas. ¿Qué diablos me hizo pensar que estaba equipado para enseñar latín, y mucho menos aprenderlo?</p><p><br></p><p>El chico me dijo que parecía ser bastante bueno en todo lo demás, así que probablemente lo entendería, pero había un matiz de preocupación en su voz. Cuanto peor lo hacía, más probabilidades había de que fracasara, y quería que el latín fuera de su vida incluso más que yo.</p><p><br></p><p>Nuestro odio mutuo por el latín nos acercó más. Por primera vez, ambos comprendimos que estábamos juntos en esto.</p><p><br></p><p>4) Tratar con padres y maestros es parte de la educación</p><p><br></p><p>A medida que crecía, empezó a preguntarme sobre sus padres, que eran conservadores de Fox News. Me dijo que podía ver que eran parciales, pero que no entendía por qué ni sabía qué pensar.</p><p><br></p><p>Le dije que pensara por sí mismo y admitiera cuando no sabía algo, y que no debería tener miedo de cambiar de opinión a la luz de nuevas pruebas válidas.</p><p><br></p><p>Se quejaba de sus profesores, uno de los cuales no estaba contento de que le hubiera enseñado diferentes enfoques del álgebra. Con el tiempo, aprendió a hacerlo a la manera del maestro, pero necesitaba otra vía para llegar allí. Ambos estábamos un poco enojados, pero le dije que aprender a tratar con los maestros es parte de la educación.</p><p><br></p><p>Me guardé mi rencor, pero también quería estrangular a su maestro. Este niño había pasado de un promedio D a un B +, y esta maestra todavía lo perseguía. No es de extrañar que tanta gente sea pésima en matemáticas: sus padres y maestros estaban en contra de ellos y ni siquiera se dieron cuenta.</p><p><br></p><p>5) Adopte una actitud de aprendizaje</p><p><br></p><p>Si no está dispuesto a aprender, será difícil enseñar y el primer paso es aceptar lo poco que sabemos. Es hipócrita atacar a tu hijo cuando tú tampoco puedes hacer su tarea, y los niños se dan cuenta de esto y sienten que estás siendo injusto.</p><p><br></p><p>Si elige tener hijos, deberían ser su prioridad número uno y se sorprenderá de cuánto aprendizaje (o relearning) mejorará su cognición en general.</p><p><br></p><p>La lectura y las matemáticas son habilidades fundamentales, y aprender matemáticas es una lección de humildad. Si bien hay poca evidencia que respalde que las matemáticas mejoran el razonamiento en general, las necesita para comprender las ciencias, y cuando gran parte de las tareas de la escuela primaria de su hijo le desconcierta, al menos un poco de incertidumbre penetra en sus puntos de vista. Te das cuenta de que no sabes tanto como pensabas y, para la mayoría, esto puede marcar un nuevo comienzo. A medida que cede la rigidez, resurge la plasticidad y el hábito del aprendizaje permanente es el regalo más valioso que puede hacerse a sí mismo y a su hijo.</p>', 'La razón principal por la que los niños luchan con la escuela es el miedo. Y en la mayoría de los casos, es culpa de sus padres.'),
(7, 23, 'es', '3 leyes para convertirse en una estudiante heterosexual', '<p>En este artículo, explicaré las dos reglas que seguí para convertirme en un estudiante sobresaliente. Si sigue mi consejo, obtendrá mejores calificaciones y también llevará una vida más equilibrada.</p>', '<p>Un historial académico sólido puede abrirle puertas en el futuro. Más importante aún, a través del proceso de convertirse en un estudiante sobresaliente, aprenderá valores como el trabajo duro, la disciplina y la determinación.</p><p>Regla 1: siempre tenga un plan.</p><p>(a) A medida que avanza el semestre, realice un seguimiento de las fechas clave: pruebas y exámenes, fechas límite para la presentación de proyectos, interrupciones del período, etc.</p><p>Ingrese estas fechas en un calendario físico o digital.</p><p>Si elige utilizar un calendario digital, le recomiendo Google Calendar.</p><p><br></p><p>(b) Programe un horario fijo cada semana en el que revise sus próximos eventos durante los próximos dos meses. Marque cuándo comenzará a prepararse para ese examen de matemáticas, a trabajar en ese proyecto de historia o a escribir ese ensayo en inglés.</p><p>(d) A continuación, anote sus compromisos para la próxima semana, p. ej. actividades extracurriculares, reuniones familiares, clases extra. En su calendario, resalte los bloques de tiempo que tendrá para el trabajo escolar.</p><p>Este proceso de planificación puede parecer lento, pero por lo general solo tomará 15 minutos cada semana.</p><p>Esta es una sabia inversión de tiempo como estudiante, porque el resto de la semana será mucho más productiva.</p><p>De esta manera, estudiarás inteligentemente, ¡no solo duro!</p><p><br></p><p>Regla # 2: Sea organizado.</p><p>Alguna vez ha tenido problemas para encontrar sus notas o tareas cuando las necesitaba? Probablemente terminó perdiendo un tiempo precioso buscándolos, antes de que finalmente se los pidiera prestados a su amigo.</p><p>Muchos estudiantes me dicen que guardan todas sus notas y tareas en una gran pila, ¡y solo las clasifican antes de sus exámenes!</p><p>Ser organizado, es más fácil decirlo que hacerlo, lo sé.</p>', 'En este artículo, explicaré las dos reglas que seguí para convertirme en un estudiante sobresaliente.'),
(8, 23, 'ar', 'علاقة أفضل بينك وبين ولي أمر الطالب', '<div style=\"text-align: right;\">في هذه المقالة ، سأشرح القاعدتين اللتين اتبعتهما لأصبح طالبًا عاديًا. إذا أخذت بنصيحتي ، ستحصل على درجات أفضل وتعيش حياة أكثر توازناً أيضًا.</div>', '<div style=\"text-align: right; \">يمكن للسجل الأكاديمي القوي أن يفتح لك الأبواب في المستقبل. والأهم من ذلك ، من خلال عملية أن تصبح طالبًا عاديًا ، ستتعلم قيمًا مثل العمل الجاد والانضباط والتصميم.</div><div style=\"text-align: right; \"><br></div><div style=\"text-align: right; \">القاعدة 1: امتلك خطة دائمًا.</div><div style=\"text-align: right; \">(أ) مع تقدم الفصل الدراسي ، تتبع التواريخ الرئيسية: الاختبارات والامتحانات والمواعيد النهائية لتقديم المشروع وفواصل الفصل الدراسي وما إلى ذلك.</div><div style=\"text-align: right; \"><br></div><div style=\"text-align: right; \">أدخل هذه التواريخ في تقويم مادي أو رقمي.</div><div style=\"text-align: right; \"><br></div><div style=\"text-align: right; \">إذا اخترت استخدام تقويم رقمي ، فإنني أوصي بتقويم Google.</div><div style=\"text-align: right; \"><br></div><div style=\"text-align: right; \">(ب) حدد موعدًا محددًا كل أسبوع حيث تقوم بمراجعة الأحداث القادمة على مدار الشهرين المقبلين. ضع علامة على الوقت الذي ستبدأ فيه التحضير لامتحان الرياضيات هذا ، أو العمل في مشروع التاريخ ، أو كتابة هذه الورقة باللغة الإنجليزية.</div><div style=\"text-align: right; \"><br></div><div style=\"text-align: right; \">(د) بعد ذلك ، دوِّن التزاماتك للأسبوع القادم ، على سبيل المثال الأنشطة اللامنهجية والتجمعات العائلية والفصول الإضافية. في التقويم الخاص بك ، حدد فترات الوقت التي ستتاح لك للعمل المدرسي.</div><div style=\"text-align: right; \"><br></div><div style=\"text-align: right; \">قد تبدو عملية التخطيط هذه مضيعة للوقت ، ولكنها عادة ما تستغرق 15 دقيقة فقط كل أسبوع.</div><div style=\"text-align: right; \"><br></div><div style=\"text-align: right; \">هذا استثمار حكيم للوقت كطالب ، لأن بقية الأسبوع ستصبح أكثر إنتاجية بكثير.</div><div style=\"text-align: right; \"><br></div><div style=\"text-align: right; \">بهذه الطريقة ، ستدرس بذكاء ، وليس فقط بجد!</div><div style=\"text-align: right; \"><br></div><div style=\"text-align: right; \">القاعدة رقم 2: كن منظمًا.</div><div style=\"text-align: right; \">هل واجهت مشكلة في العثور على ملاحظاتك أو مهامك عندما احتجت إليها؟ ربما انتهى بك الأمر إلى إضاعة الوقت الثمين في البحث عنهم ، قبل أن تطلب أخيرًا استعارتهم من صديقك.</div><div style=\"text-align: right; \"><br></div><div style=\"text-align: right; \">يخبرني العديد من الطلاب أنهم يحتفظون بجميع ملاحظاتهم وواجباتهم في كومة كبيرة واحدة ، ولا يقوموا بفرزها إلا قبل امتحاناتهم!</div><div style=\"text-align: right; \"><br></div><div style=\"text-align: right; \">كونك منظمًا - القول أسهل من الفعل ، أعلم.</div>', 'في هذه المقالة ، سأشرح القاعدتين اللتين اتبعتهما لأصبح طالبًا عاديًا.'),
(9, 22, 'ar', 'علاقة أفضل بينك وبين ولي أمر الطالب', '<p style=\"text-align: right; \">العلاقة بين المعلم والوالدين هي علاقة مهمة ويتم التغاضي عنها للأسف إلى حد كبير. لماذا هو مهم؟ حسنًا ، تساعد العلاقة الجيدة بينك وبين ولي أمر الطالب أو الوصي عليه في مساعدة الطلاب على أداء أفضل على المستوى الشخصي والأكاديمي. </p>', '<p style=\"text-align: right; \">الرحمة والإيجابية هي كل شيء</p><p style=\"text-align: right; \"><br></p><p style=\"text-align: right; \">قد يكون التعامل معك أمرًا مرهقًا للوالدين أو الأوصياء. قد يكون هناك خوف من أن أداء طفلهم ليس جيدًا كما ينبغي ، أو ضيق الوقت للتواصل ، أو حتى حواجز اللغة. بصفتك مدرسًا ، فإن التعاطف وتقديم المعلومات بنبرة مهذبة يؤدي إلى العجائب في مثل هذه المواقف. من الأفضل الابتسام والتواصل البصري والترحيب وتقديم أي نصيحة إذا لزم الأمر. إحدى الحيل الجيدة للمساعدة في تهدئة الآباء أو الأوصياء عند التحدث إليهم هي الاعتراف أولاً بشيء إيجابي عن طفلهم لاحظته مهما كان صغيراً. على سبيل المثال ، ربما لاحظت أنهم أكثر انخراطًا في دروسهم وطرحوا المزيد من الأسئلة.</p><p style=\"text-align: right; \"><br></p><p style=\"text-align: right; \">كن استباقيًا وتواصل كثيرًا</p><p style=\"text-align: right; \"><br></p><p style=\"text-align: right; \">قد يتحدث بعض المعلمين مع الوالدين أو الأوصياء فقط عندما تكون هناك مشكلة ، مما يخلق بيئة سلبية لكليهما. هذا هو السبب في أنه من الضروري بذل الجهد للتحدث معهم كثيرًا سواء كان ذلك وجهًا لوجه أو مكالمة هاتفية أو حتى رسالة بريد إلكتروني. من الأفضل إبقائهم على اطلاع دائم بما يتعلمه أطفالهم. غالبًا ما يمنعهم التواصل من الشعور باليقظة القصوى عند التواصل معهم ويمكنه أيضًا تعزيز صداقة جميلة. بالطبع من المهم معرفة أن الآباء والأوصياء مشغولون! لذا تأكد عند التواصل معهم أنك تخطط مسبقًا للعثور على وقت يناسبهم بشكل أفضل.</p><p style=\"text-align: right; \"><br></p><p style=\"text-align: right; \">اجعل الوالد أو الوصي يشعر بالتقدير واطلب مشورتهما</p><p style=\"text-align: right; \"><br></p><p style=\"text-align: right; \">من الطرق الرائعة لبناء علاقة مع الوالدين أو الأوصياء إشراكهم في تعليم أطفالهم. هذا لا يعني مجرد مساعدتهم في أداء واجباتهم المدرسية ، ولكن قد يعني مطالبتهم بالمشاركة في الأنشطة أو الأحداث المدرسية. يُعد سؤالهم عما إذا كانوا يرغبون في المساعدة في تنظيم حدث طريقة رائعة للتعرف عليهم ومنحهم فرصة لمقابلة أولياء الأمور أو الأوصياء الآخرين. يمكن أن يكون أيضًا شيئًا بسيطًا مثل إنشاء خطة درس تطلب مدخلات منهم. بالطبع كل هذا يعتمد على جدولهم الزمني وما إذا كان لديهم الوقت للمشاركة. في النهاية ، كلما حاولت إشراكهم في الأنشطة ، كان ذلك أفضل.</p><p style=\"text-align: right; \"><br></p><p style=\"text-align: right; \">طريقة أخرى رائعة لجعلهم يشعرون بالتقدير هي طلب نصيحتهم. إذا كان الطالب يعرض سلوكيات سلبية أثناء الدرس ، فمن الحكمة طلب مشورة الوالد أو الوصي. من خلال طلب نصيحتهم ، يمكن أن يحدث شيئان. أولاً ، قد لا يعرفون أن هناك سلوكًا سلبيًا للبدء به لأن الطالب قد لا يعرضه في المنزل. ثانيًا ، أنت تبني علاقة أفضل مع الوالد أو الوصي من خلال الحصول على مدخلاتهم في هذا الموقف ، مما سيبني الثقة. لا يجب أن تدور الأسئلة حول تعليم الطالب فقط عند التحدث إليهم ، بل يمكنك أيضًا طرح أسئلة حول اهتمامات الطالب والخطط التي لديهم خلال العطلات. من المهم دائمًا أن تتصرف بشكل احترافي عند التعامل مع أحد الوالدين أو الوصي ، ولكن لا يجب أن تكون المحادثة فقط حول التعليم.</p><p style=\"text-align: right; \"><br></p><p style=\"text-align: right; \">تجنب أخذها بشكل شخصي والافتراضات</p><p style=\"text-align: right; \"><br></p><p style=\"text-align: right; \">الآباء والأوصياء بشر ولديهم ضغوط خاصة بهم للتعامل معها سواء كان ذلك في العمل أو في حياتهم المنزلية. من الأفضل لك أن تحافظ على هدوئك دائمًا ولا تأخذ أي شيء يقولونه على محمل الجد. يجب عليك دائمًا الرد بأسئلة من شأنها أن تساعد في نزع فتيل الموقف. على سبيل المثال ، قد يقول أحد الوالدين أو الوصي \"أنت تقول هذا لأنك خرجت لإحضار طفلي\" وأفضل طريقة للرد على سؤال مثل هذا هي \"أنا آسف لأنك تشعر بهذه الطريقة ، يرجى إعلامي لماذا تعتقد هذا؟\"</p><p style=\"text-align: right; \"><br></p><p style=\"text-align: right; \">كما يجب ألا تضع افتراضات حول الحياة المنزلية للطالب. ما لم يتم ذكر ذلك ، يمكن للافتراض أن يسبب العديد من المشاكل ويمكن أن يكون غير حساس لوضع الأسرة. يجب ألا تفترض أن الطالب يعيش مع كلا الوالدين أو أي من الوالدين في هذا الشأن. الآن ، في عالمنا المتنوع عالميًا ، لا يجب أن تفترض أن اللغة الأولى للوالد أو الوصي هي اللغة الإنجليزية ويجب دائمًا تأكيد ما إذا كان بإمكانهم التحدث باللغة الإنجليزية في المقام الأول. سيكون لكل طالب وضع مختلف عن الوضع الذي يليه. تؤدي الافتراضات إلى سوء الفهم الذي يمكن أن يخلق ظروفًا أكثر صعوبة للتعلم.</p><p style=\"text-align: right; \"><br></p><p style=\"text-align: right; \">قد يكون بناء علاقة مع أحد الوالدين أو الوصي أمرًا صعبًا في بعض الأحيان. يمكن أن يساعدك وضع هذه الأفكار في الاعتبار على التواصل معها بشكل أفضل. من الجيد أن تتذكر ، في نهاية اليوم ، أنه كلما كان لديك اتصال أفضل معهم ، كان من الأفضل أن يساعدوا في تعليم الطالب ، مما يسمح لهم في النهاية بتحقيق النجاح الأكاديمي وتعزيز حب التعلم.</p>', 'العلاقة بين المعلم والوالدين هي علاقة مهمة ويتم التغاضي عنها للأسف إلى حد كبير.'),
(10, 22, 'es', 'Mejor relación entre usted y los padres de su estudiante', '<p>La relación padre / tutor es una relación importante y, lamentablemente, se pasa por alto en gran medida. ¿Por qué es importante? Bueno, una buena relación entre usted y el padre o tutor del estudiante sirve para ayudar a los estudiantes a desempeñarse mejor a nivel personal y académico. Fomentar una relación con ellos como tutor puede ser un desafío debido a una serie de factores; sin embargo, hay varias formas de construir esta relación y optimizar el sistema de apoyo al aprendizaje de los estudiantes a lo largo del tiempo.</p>', '<p>La compasión y la positividad lo son todo</p><p>Puede ser estresante para los padres o tutores interactuar con usted. Puede haber temor de que a su hijo no le esté yendo tan bien como debería, falta de tiempo para conectarse o incluso barreras del idioma. Como tutor, ser compasivo y brindar información en un tono educado hace maravillas en situaciones como esta. Es mejor sonreír, hacer contacto visual, ser acogedor y ofrecer cualquier consejo si es necesario. Un buen truco para ayudar a los padres o tutores a hablar con ellos es reconocer primero algo positivo acerca de su hijo que haya notado, sin importar lo pequeño que sea. Por ejemplo, es posible que haya notado que están más involucrados en sus lecciones y hacen más preguntas.</p><p><br></p><p>Sea proactivo y comuníquese con frecuencia</p><p><br></p><p>Es posible que algunos tutores solo hablen con los padres o tutores cuando hay un problema, lo que crea un entorno negativo para ambos. Por eso es clave hacer el esfuerzo de hablar con ellos a menudo, ya sea cara a cara, por teléfono o incluso por correo electrónico. Es mejor mantenerlos actualizados sobre el aprendizaje de sus hijos. Comunicarse a menudo evita que se sientan en alerta máxima cuando se acerca e incluso puede fomentar una hermosa amistad. ¡Por supuesto que es importante saber que los padres y tutores están ocupados! Por eso, cuando te comuniques con ellos, asegúrate de planificar con anticipación para encontrar el momento que mejor funcione para ellos.</p><p><br></p><p>Haga que el padre o tutor se sienta valorado y solicite su consejo</p><p><br></p><p>Una excelente manera de entablar una relación con los padres o tutores es involucrarlos en la educación de sus hijos. Esto no significa solo que los ayuden con la tarea, sino que también podría significar pedirles que participen en actividades o eventos escolares. Preguntarles si les gustaría ayudar a organizar un evento es una excelente manera de conocerlos y darles la oportunidad de conocer a otros padres o tutores. También podría ser algo tan simple como crear un plan de lección que solicite su opinión. Por supuesto, todo esto depende de su horario y si tienen tiempo para participar. Al final, cuanto más intente involucrarlos en las actividades, mejor.</p><p><br></p><p>Otra excelente manera de hacerlos sentir valorados es pedirles su consejo. Si su estudiante muestra comportamientos negativos durante una lección, es aconsejable buscar el consejo del padre o tutor. Al pedirles su consejo, pueden ocurrir dos cosas. Uno, para empezar, es posible que no sepan que existe un comportamiento negativo, ya que es posible que el estudiante no lo esté mostrando en casa. Dos, está construyendo una mejor relación con el padre o tutor al obtener su opinión en esta situación, lo que generará confianza. Las preguntas no tienen que ser solo sobre la educación del estudiante al hablar con él, también puede hacer preguntas sobre el interés del estudiante y los planes que tiene durante las vacaciones. Siempre es importante que te comportes de manera profesional cuando trates con un padre o tutor, pero la conversación no tiene que ser estrictamente sobre educación.</p><p><br></p><p>Evite tomárselo personalmente y hacer suposiciones</p><p><br></p><p>Los padres y tutores son humanos y tienen que lidiar con su propio estrés, ya sea en el trabajo o en su vida familiar. Es mejor para usted mantener siempre la calma y nunca tomar en serio nada de lo que le digan. Siempre debe responder con preguntas que ayuden a calmar la situación. Por ejemplo, un padre o tutor puede decir \"Dices esto porque quieres atrapar a mi hijo\" y la mejor manera de responder a una pregunta como esta es \"Lamento que te sientas así, por favor avísame Por qué piensas esto?</p><p>Además, no debe hacer suposiciones sobre la vida hogareña de un estudiante. A menos que se haya indicado así, una suposición puede causar muchos problemas y puede ser insensible a la situación de una familia. No debe asumir que el estudiante vive con ambos padres o con cualquier padre. Ahora, en nuestro mundo globalmente diverso, no debe asumir que el primer idioma del padre o tutor es el inglés y siempre debe confirmar si pueden hablar inglés en primer lugar. Cada estudiante tendrá una situación diferente a la del próximo. Las suposiciones conducen a malentendidos que pueden crear circunstancias más desafiantes para el aprendizaje.</p><p><br></p><p>Establecer una relación con un padre o tutor a veces puede ser un desafío. Tener estas ideas en mente puede ayudarlo a conectarse mejor con ellas. Es bueno recordar que, al final del día, cuanto mejor sea la conexión que tenga con ellos, mejor podrán ayudar a enseñar al estudiante, lo que en última instancia les permitirá alcanzar el éxito académico y fomentar el amor por el aprendizaje.</p>', 'La relación padre / tutor es una relación importante y, lamentablemente, se pasa por alto en gran medida.'),
(30, 21, 'id', 'Cara Mudah Mengajari Anak Anda', '<p>Mendidik anak-anak merupakan tugas yang tidak mudah, terlebih lagi jika Anda ingin mereka belajar dengan mudah dan menyenangkan. Namun, ada beberapa metode yang dapat Anda gunakan untuk membantu anak-anak Anda belajar dengan mudah dan mengembangkan kemampuan mereka.</p>', 'Mendidik anak-anak merupakan tugas yang tidak mudah, terlebih lagi jika Anda ingin mereka belajar dengan mudah dan menyenangkan. Namun, ada beberapa metode yang dapat Anda gunakan untuk membantu anak-anak Anda belajar dengan mudah dan mengembangkan kemampuan mereka.\r\n\r\nBerikut adalah beberapa tips yang dapat Anda gunakan untuk mengajari anak-anak Anda:\r\n\r\nBuatlah suasana belajar yang menyenangkan\r\nAnak-anak cenderung lebih mudah belajar ketika mereka merasa nyaman dan senang. Cobalah untuk menciptakan suasana belajar yang menyenangkan dan ramah anak, seperti menggunakan benda-benda yang menarik perhatian mereka dan membuat permainan yang mengajarkan konsep-konsep dasar.\r\n\r\nGunakan cara pengajaran yang interaktif\r\nMengajarkan anak-anak dengan cara pengajaran yang interaktif dapat membantu mereka lebih memahami dan menikmati materi yang diajarkan. Misalnya, Anda dapat menggunakan buku cerita atau gambar-gambar yang menarik untuk mengajarkan konsep-konsep dasar.\r\n\r\nBerikan motivasi dan pujian\r\nMemberikan motivasi dan pujian dapat membantu anak-anak merasa termotivasi dan merasa percaya diri dalam belajar. Cobalah memberikan pujian setiap kali anak Anda melakukan sesuatu yang baik atau berhasil menyelesaikan tugasnya.\r\n\r\nGunakan contoh-contoh yang mudah dipahami\r\nAnak-anak cenderung lebih mudah memahami konsep-konsep abstrak ketika Anda menggunakan contoh-contoh yang mudah dipahami oleh mereka. Misalnya, jika Anda ingin mengajarkan konsep jumlah, Anda dapat menggunakan buah-buahan atau mainan untuk menunjukkan jumlah yang berbeda.\r\n\r\nJadilah teladan\r\nAnak-anak sering meniru perilaku orang tua mereka, jadi cobalah untuk menjadi teladan yang baik bagi mereka. Tunjukkan bahwa Anda juga senang belajar dan berusaha untuk terus meningkatkan kemampuan Anda.\r\n\r\nDalam mengajari anak-anak, penting untuk mengikuti kecepatan dan kemampuan belajar mereka. Setiap anak belajar dengan cara yang berbeda, jadi cobalah untuk menyesuaikan metode pengajaran Anda untuk memenuhi kebutuhan individu mereka. Dengan cara ini, Anda dapat membantu anak-anak Anda belajar dengan mudah dan menyenangkan.', 'Alasan utama anak-anak kesulitan dengan sekolah adalah ketakutan. Dan dalam banyak kasus, itu adalah kesalahan orang tua mereka.'),
(31, 22, 'id', 'Membangun Hubungan yang Lebih Baik antara Teman', '<p>Hubungan antara teman adalah salah satu hubungan sosial yang penting dalam kehidupan manusia. Namun, terkadang hubungan ini dapat menjadi rumit dan sulit dijaga. Berikut adalah beberapa tips yang dapat membantu Anda membangun hubungan yang lebih baik dengan teman-teman Anda</p>', 'Hubungan antara teman adalah salah satu hubungan sosial yang penting dalam kehidupan manusia. Namun, terkadang hubungan ini dapat menjadi rumit dan sulit dijaga. Berikut adalah beberapa tips yang dapat membantu Anda membangun hubungan yang lebih baik dengan teman-teman Anda:\r\n\r\nJadilah pendengar yang baik\r\nMendengarkan teman Anda dengan seksama adalah salah satu cara terbaik untuk membangun hubungan yang baik. Tunjukkan minat dan perhatian pada masalah mereka, dan berikan dukungan dan saran ketika diperlukan.\r\n\r\nBersikap jujur dan terbuka\r\nKetika Anda berbicara dengan teman, jangan takut untuk bersikap jujur dan terbuka tentang perasaan Anda. Terkadang, kejujuran dapat membantu memperbaiki masalah dan menghindari konflik di masa depan.\r\n\r\nTerima perbedaan dan kesalahan\r\nTeman Anda mungkin memiliki pendapat atau kebiasaan yang berbeda dengan Anda. Namun, Anda harus terima perbedaan tersebut dan jangan menghakimi atau menilai mereka berdasarkan perbedaan tersebut. Jangan takut untuk meminta maaf jika Anda melakukan kesalahan atau menyakiti perasaan mereka.\r\n\r\nLuangkan waktu untuk bersama\r\nJangan biarkan kesibukan sehari-hari menghalangi Anda untuk meluangkan waktu untuk bersama teman-teman Anda. Ajak mereka untuk melakukan aktivitas yang menyenangkan atau hanya untuk sekedar hangout bersama. Dengan begitu, Anda dapat memperkuat hubungan dan meningkatkan rasa kebersamaan.\r\n\r\nBerikan apresiasi dan dukungan\r\nJangan lupa untuk memberikan apresiasi dan dukungan kepada teman Anda. Tunjukkan rasa terima kasih dan bangga pada keberhasilan mereka, serta berikan dukungan ketika mereka mengalami kesulitan.\r\n\r\nDalam membangun hubungan yang baik dengan teman, penting untuk menghargai dan memperhatikan kebutuhan mereka. Jangan hanya memikirkan keuntungan pribadi atau kepentingan sendiri, tetapi selalu mengutamakan kesejahteraan dan kebahagiaan bersama. Dengan begitu, Anda dapat menjalin hubungan yang lebih erat dan berharga dengan teman-teman Anda.', 'terkadang hubungan ini dapat menjadi rumit dan sulit dijaga. Berikut adalah beberapa tips yang dapat membantu Anda membangun hubungan yang lebih baik dengan teman-teman Anda.'),
(32, 23, 'id', 'Menjadi Siswa Berprestasi', '<p>Menjadi siswa berprestasi bukanlah hal yang mudah, tetapi juga bukan hal yang tidak mungkin. Dibutuhkan dedikasi, disiplin, dan strategi yang tepat untuk mencapai prestasi akademik yang baik. Berikut adalah beberapa tips yang dapat membantu Anda menjadi siswa berprestasi</p>', 'Menjadi siswa berprestasi (straight-A student) bukanlah hal yang mudah, tetapi juga bukan hal yang tidak mungkin. Dibutuhkan dedikasi, disiplin, dan strategi yang tepat untuk mencapai prestasi akademik yang baik. Berikut adalah beberapa tips yang dapat membantu Anda menjadi siswa berprestasi:\r\n\r\nBuat jadwal belajar yang efektif\r\nJadwal belajar yang efektif dapat membantu Anda mengatur waktu belajar dengan baik, sehingga Anda dapat memaksimalkan waktu yang tersedia. Tentukan waktu yang tepat untuk belajar, dan pastikan Anda tidak terlalu lelah atau terganggu selama proses belajar.\r\n\r\nGunakan teknik belajar yang tepat\r\nSetiap orang memiliki teknik belajar yang berbeda-beda, jadi cari teknik yang paling cocok untuk Anda. Beberapa teknik yang dapat dicoba antara lain adalah membaca dengan seksama, membuat catatan, atau membuat rangkuman materi.\r\n\r\nFokus pada tujuan akademik\r\nTentukan tujuan akademik yang ingin Anda capai dan fokuslah pada tujuan tersebut. Jangan biarkan hal-hal lain mengalihkan perhatian Anda dari tujuan tersebut. Tetap berusaha keras dan tetapkan target yang realistis untuk mencapai tujuan akademik Anda.\r\n\r\nAjukan pertanyaan dan cari bantuan ketika diperlukan\r\nJangan takut untuk bertanya atau meminta bantuan ketika Anda kesulitan dalam memahami materi. Tanyakan kepada guru atau teman sekelas yang lebih berpengalaman, atau gunakan sumber daya seperti buku-buku referensi atau tutorial online.\r\n\r\nKelola stres dengan baik\r\nStres dapat memengaruhi kinerja akademik Anda, jadi penting untuk mengelola stres dengan baik. Cobalah untuk mengatur waktu istirahat yang cukup, berolahraga secara teratur, dan hindari kebiasaan buruk seperti begadang atau menunda-nunda tugas.\r\n\r\nBertanggung jawab atas keberhasilan dan kegagalan Anda\r\nTanggung jawab pribadi sangat penting dalam mencapai keberhasilan akademik. Jangan menyalahkan orang lain jika Anda gagal atau meraih prestasi yang buruk. Alihkan fokus pada kesempatan belajar dan pengembangan diri yang dapat diperoleh dari kegagalan.\r\n\r\nDalam mencapai prestasi akademik yang baik, penting untuk menjaga keseimbangan antara belajar dan kegiatan lainnya. Jangan lupakan kepentingan kegiatan sosial, olahraga, dan relaksasi untuk menjaga keseimbangan fisik dan emosional. Dengan cara ini, Anda dapat mencapai prestasi akademik yang baik dan membangun keseimbangan dalam hidup Anda.', 'Dibutuhkan dedikasi, disiplin, dan strategi yang tepat untuk mencapai prestasi akademik yang baik, yuk lihat tipsnya.');

-- --------------------------------------------------------

--
-- Table structure for table `bundles`
--

CREATE TABLE `bundles` (
  `id` int(10) UNSIGNED NOT NULL,
  `creator_id` int(10) UNSIGNED NOT NULL,
  `teacher_id` int(10) UNSIGNED NOT NULL,
  `category_id` int(10) UNSIGNED DEFAULT NULL,
  `slug` varchar(255) NOT NULL,
  `thumbnail` varchar(255) NOT NULL,
  `image_cover` varchar(255) NOT NULL,
  `video_demo` varchar(255) DEFAULT NULL,
  `video_demo_source` enum('upload','youtube','vimeo','external_link') DEFAULT NULL,
  `price` int(11) DEFAULT NULL,
  `points` int(11) DEFAULT NULL,
  `subscribe` tinyint(1) NOT NULL DEFAULT 0,
  `access_days` int(10) UNSIGNED DEFAULT NULL COMMENT 'Number of days to access the bundle',
  `message_for_reviewer` text DEFAULT NULL,
  `status` enum('active','pending','is_draft','inactive') NOT NULL,
  `created_at` bigint(20) UNSIGNED NOT NULL,
  `updated_at` bigint(20) UNSIGNED DEFAULT NULL
) ENGINE=InnoDB DEFAULT CHARSET=utf8mb4 COLLATE=utf8mb4_unicode_ci;

-- --------------------------------------------------------

--
-- Table structure for table `bundle_filter_option`
--

CREATE TABLE `bundle_filter_option` (
  `id` int(10) UNSIGNED NOT NULL,
  `bundle_id` int(10) UNSIGNED NOT NULL,
  `filter_option_id` int(10) UNSIGNED NOT NULL
) ENGINE=InnoDB DEFAULT CHARSET=utf8mb4 COLLATE=utf8mb4_unicode_ci;

-- --------------------------------------------------------

--
-- Table structure for table `bundle_translations`
--

CREATE TABLE `bundle_translations` (
  `id` bigint(20) UNSIGNED NOT NULL,
  `bundle_id` int(10) UNSIGNED NOT NULL,
  `locale` varchar(255) NOT NULL,
  `title` varchar(255) NOT NULL,
  `seo_description` text DEFAULT NULL,
  `description` longtext DEFAULT NULL
) ENGINE=InnoDB DEFAULT CHARSET=utf8mb4 COLLATE=utf8mb4_unicode_ci;

-- --------------------------------------------------------

--
-- Table structure for table `bundle_webinars`
--

CREATE TABLE `bundle_webinars` (
  `id` int(10) UNSIGNED NOT NULL,
  `creator_id` int(10) UNSIGNED NOT NULL,
  `bundle_id` int(10) UNSIGNED NOT NULL,
  `webinar_id` int(10) UNSIGNED NOT NULL,
  `order` int(10) UNSIGNED DEFAULT NULL
) ENGINE=InnoDB DEFAULT CHARSET=utf8mb4 COLLATE=utf8mb4_unicode_ci;

-- --------------------------------------------------------

--
-- Table structure for table `cart`
--

CREATE TABLE `cart` (
  `id` int(10) UNSIGNED NOT NULL,
  `creator_id` int(10) UNSIGNED NOT NULL,
  `webinar_id` int(10) UNSIGNED DEFAULT NULL,
  `bundle_id` int(10) UNSIGNED DEFAULT NULL,
  `product_order_id` int(10) UNSIGNED DEFAULT NULL,
  `reserve_meeting_id` int(10) UNSIGNED DEFAULT NULL,
  `subscribe_id` int(10) UNSIGNED DEFAULT NULL,
  `promotion_id` int(10) UNSIGNED DEFAULT NULL,
  `gift_id` int(10) UNSIGNED DEFAULT NULL,
  `ticket_id` int(10) UNSIGNED DEFAULT NULL,
  `special_offer_id` int(10) UNSIGNED DEFAULT NULL,
  `product_discount_id` int(10) UNSIGNED DEFAULT NULL,
  `installment_payment_id` int(10) UNSIGNED DEFAULT NULL,
  `created_at` int(11) NOT NULL
) ENGINE=InnoDB DEFAULT CHARSET=utf8mb4 COLLATE=utf8mb4_unicode_ci ROW_FORMAT=DYNAMIC;

--
-- Dumping data for table `cart`
--

INSERT INTO `cart` (`id`, `creator_id`, `webinar_id`, `bundle_id`, `product_order_id`, `reserve_meeting_id`, `subscribe_id`, `promotion_id`, `gift_id`, `ticket_id`, `special_offer_id`, `product_discount_id`, `installment_payment_id`, `created_at`) VALUES
(209, 996, 2040, NULL, NULL, NULL, NULL, NULL, NULL, NULL, NULL, NULL, NULL, 1701094057);

-- --------------------------------------------------------

--
-- Table structure for table `cashback_rules`
--

CREATE TABLE `cashback_rules` (
  `id` int(10) UNSIGNED NOT NULL,
  `target_type` enum('all','courses','store_products','bundles','meetings','registration_packages','subscription_packages','recharge_wallet') NOT NULL,
  `target` varchar(255) DEFAULT NULL,
  `start_date` bigint(20) UNSIGNED DEFAULT NULL,
  `end_date` bigint(20) UNSIGNED DEFAULT NULL,
  `amount` double(15,2) DEFAULT NULL,
  `amount_type` enum('fixed_amount','percent') DEFAULT NULL,
  `apply_cashback_per_item` tinyint(1) NOT NULL DEFAULT 0,
  `max_amount` double(15,2) DEFAULT NULL,
  `min_amount` double(15,2) DEFAULT NULL,
  `enable` tinyint(1) NOT NULL DEFAULT 0,
  `created_at` bigint(20) UNSIGNED NOT NULL
) ENGINE=InnoDB DEFAULT CHARSET=utf8mb4 COLLATE=utf8mb4_unicode_ci;

--
-- Dumping data for table `cashback_rules`
--

INSERT INTO `cashback_rules` (`id`, `target_type`, `target`, `start_date`, `end_date`, `amount`, `amount_type`, `apply_cashback_per_item`, `max_amount`, `min_amount`, `enable`, `created_at`) VALUES
(5, 'all', NULL, 1672610400, NULL, 10.00, 'percent', 0, NULL, NULL, 0, 1678921892);

-- --------------------------------------------------------

--
-- Table structure for table `cashback_rule_specification_items`
--

CREATE TABLE `cashback_rule_specification_items` (
  `id` int(10) UNSIGNED NOT NULL,
  `cashback_rule_id` int(10) UNSIGNED NOT NULL,
  `category_id` int(10) UNSIGNED DEFAULT NULL,
  `instructor_id` int(10) UNSIGNED DEFAULT NULL,
  `seller_id` int(10) UNSIGNED DEFAULT NULL,
  `webinar_id` int(10) UNSIGNED DEFAULT NULL,
  `product_id` int(10) UNSIGNED DEFAULT NULL,
  `bundle_id` int(10) UNSIGNED DEFAULT NULL,
  `subscribe_id` int(10) UNSIGNED DEFAULT NULL,
  `registration_package_id` int(10) UNSIGNED DEFAULT NULL
) ENGINE=InnoDB DEFAULT CHARSET=utf8mb4 COLLATE=utf8mb4_unicode_ci;

-- --------------------------------------------------------

--
-- Table structure for table `cashback_rule_translations`
--

CREATE TABLE `cashback_rule_translations` (
  `id` int(10) UNSIGNED NOT NULL,
  `cashback_rule_id` int(10) UNSIGNED NOT NULL,
  `locale` varchar(255) NOT NULL,
  `title` varchar(255) NOT NULL
) ENGINE=InnoDB DEFAULT CHARSET=utf8mb4 COLLATE=utf8mb4_unicode_ci;

--
-- Dumping data for table `cashback_rule_translations`
--

INSERT INTO `cashback_rule_translations` (`id`, `cashback_rule_id`, `locale`, `title`) VALUES
(5, 5, 'en', 'Christmas Cashback');

-- --------------------------------------------------------

--
-- Table structure for table `cashback_rule_users_groups`
--

CREATE TABLE `cashback_rule_users_groups` (
  `id` int(10) UNSIGNED NOT NULL,
  `cashback_rule_id` int(10) UNSIGNED NOT NULL,
  `group_id` int(10) UNSIGNED DEFAULT NULL,
  `user_id` int(10) UNSIGNED DEFAULT NULL
) ENGINE=InnoDB DEFAULT CHARSET=utf8mb4 COLLATE=utf8mb4_unicode_ci;

-- --------------------------------------------------------

--
-- Table structure for table `categories`
--

CREATE TABLE `categories` (
  `id` int(10) UNSIGNED NOT NULL,
  `slug` varchar(255) NOT NULL,
  `parent_id` int(11) DEFAULT NULL,
  `icon` varchar(255) DEFAULT NULL,
  `order` int(10) UNSIGNED DEFAULT NULL
) ENGINE=InnoDB DEFAULT CHARSET=utf8mb4 COLLATE=utf8mb4_unicode_ci;

--
-- Dumping data for table `categories`
--

INSERT INTO `categories` (`id`, `slug`, `parent_id`, `icon`, `order`) VALUES
(526, 'videobook', NULL, '/store/1/default_images/categories_icons/perpus/video.png', 3),
(613, 'audiobook', NULL, '/store/1/default_images/categories_icons/perpus/audiobook.png', 2),
(614, 'ebook', NULL, '/store/1/default_images/categories_icons/perpus/ebook.png', 1);

-- --------------------------------------------------------

--
-- Table structure for table `category_translations`
--

CREATE TABLE `category_translations` (
  `id` bigint(20) UNSIGNED NOT NULL,
  `category_id` int(10) UNSIGNED NOT NULL,
  `locale` varchar(255) NOT NULL,
  `title` varchar(255) NOT NULL
) ENGINE=InnoDB DEFAULT CHARSET=utf8mb4 COLLATE=utf8mb4_unicode_ci;

--
-- Dumping data for table `category_translations`
--

INSERT INTO `category_translations` (`id`, `category_id`, `locale`, `title`) VALUES
(6, 526, 'en', 'Business'),
(23, 526, 'ar', 'عمل'),
(41, 526, 'es', 'Negocio'),
(59, 526, 'id', 'Videobook'),
(73, 613, 'id', 'Audiobook'),
(74, 614, 'id', 'E-book');

-- --------------------------------------------------------

--
-- Table structure for table `certificates`
--

CREATE TABLE `certificates` (
  `id` int(10) UNSIGNED NOT NULL,
  `quiz_id` int(10) UNSIGNED DEFAULT NULL,
  `quiz_result_id` int(10) UNSIGNED DEFAULT NULL,
  `student_id` int(10) UNSIGNED NOT NULL,
  `webinar_id` int(10) UNSIGNED DEFAULT NULL,
  `user_grade` int(10) UNSIGNED DEFAULT NULL,
  `type` enum('quiz','course') NOT NULL,
  `created_at` int(11) NOT NULL
) ENGINE=InnoDB DEFAULT CHARSET=utf8mb4 COLLATE=utf8mb4_unicode_ci ROW_FORMAT=DYNAMIC;

-- --------------------------------------------------------

--
-- Table structure for table `certificates_templates`
--

CREATE TABLE `certificates_templates` (
  `id` int(10) UNSIGNED NOT NULL,
  `image` varchar(255) CHARACTER SET utf8mb4 COLLATE utf8mb4_general_ci NOT NULL,
  `type` enum('quiz','course') NOT NULL,
  `position_x` varchar(255) CHARACTER SET utf8mb4 COLLATE utf8mb4_general_ci DEFAULT NULL,
  `position_y` varchar(255) CHARACTER SET utf8mb4 COLLATE utf8mb4_general_ci DEFAULT NULL,
  `font_size` varchar(255) CHARACTER SET utf8mb4 COLLATE utf8mb4_general_ci DEFAULT NULL,
  `text_color` varchar(255) CHARACTER SET utf8mb4 COLLATE utf8mb4_general_ci DEFAULT NULL,
  `status` enum('draft','publish') NOT NULL,
  `created_at` int(11) NOT NULL,
  `updated_at` int(11) DEFAULT NULL
) ENGINE=InnoDB DEFAULT CHARSET=utf8mb4 COLLATE=utf8mb4_unicode_ci ROW_FORMAT=DYNAMIC;

--
-- Dumping data for table `certificates_templates`
--

INSERT INTO `certificates_templates` (`id`, `image`, `type`, `position_x`, `position_y`, `font_size`, `text_color`, `status`, `created_at`, `updated_at`) VALUES
(1, '/store/1/default_images/certificate.jpg', 'quiz', '300', '400', '32', '#314963', 'publish', 1608663541, 1656581793),
(2, '/store/1/default_images/certificate.jpg', 'course', '200', '400', '28', '#314963', 'publish', 1656581772, 1656664628);

-- --------------------------------------------------------

--
-- Table structure for table `certificate_template_translations`
--

CREATE TABLE `certificate_template_translations` (
  `id` bigint(20) UNSIGNED NOT NULL,
  `certificate_template_id` int(10) UNSIGNED NOT NULL,
  `locale` varchar(255) NOT NULL,
  `title` varchar(255) DEFAULT NULL,
  `body` longtext DEFAULT NULL,
  `rtl` tinyint(4) DEFAULT NULL
) ENGINE=InnoDB DEFAULT CHARSET=utf8mb4 COLLATE=utf8mb4_unicode_ci;

--
-- Dumping data for table `certificate_template_translations`
--

INSERT INTO `certificate_template_translations` (`id`, `certificate_template_id`, `locale`, `title`, `body`, `rtl`) VALUES
(1, 1, 'en', 'Quiz-depended Certificate Template', 'This certificate awarded to [student] \r\nregarding passing the [course] with \r\nthe [grade] with success\r\nCertificate ID : [certificate_id]', 0),
(2, 1, 'es', 'Certificado', 'Este certificado se otorgó a [student]\r\nen cuanto a aprobar el [course] con\r\nel [grade] con éxito\r\nID de certificado: [certificate_id]', NULL),
(3, 2, 'en', 'Completion Certificate Template', 'This certificate awarded to [student] \r\nregarding completing the course [course] with \r\nsuccess for [duration] minutes.\r\nCertificate ID : [certificate_id]', 0);

-- --------------------------------------------------------

--
-- Table structure for table `comments`
--

CREATE TABLE `comments` (
  `id` int(10) UNSIGNED NOT NULL,
  `user_id` int(10) UNSIGNED NOT NULL,
  `review_id` int(10) UNSIGNED DEFAULT NULL,
  `webinar_id` int(10) UNSIGNED DEFAULT NULL,
  `bundle_id` int(10) UNSIGNED DEFAULT NULL,
  `upcoming_course_id` int(10) UNSIGNED DEFAULT NULL,
  `blog_id` int(10) UNSIGNED DEFAULT NULL,
  `product_id` int(10) UNSIGNED DEFAULT NULL,
  `product_review_id` int(10) UNSIGNED DEFAULT NULL,
  `reply_id` int(10) UNSIGNED DEFAULT NULL,
  `comment` text DEFAULT NULL,
  `status` enum('pending','active') NOT NULL,
  `report` tinyint(1) NOT NULL DEFAULT 0,
  `disabled` tinyint(1) NOT NULL DEFAULT 0,
  `created_at` int(11) NOT NULL,
  `viewed_at` int(10) UNSIGNED DEFAULT NULL
) ENGINE=InnoDB DEFAULT CHARSET=utf8mb4 COLLATE=utf8mb4_unicode_ci ROW_FORMAT=DYNAMIC;

--
-- Dumping data for table `comments`
--

INSERT INTO `comments` (`id`, `user_id`, `review_id`, `webinar_id`, `bundle_id`, `upcoming_course_id`, `blog_id`, `product_id`, `product_review_id`, `reply_id`, `comment`, `status`, `report`, `disabled`, `created_at`, `viewed_at`) VALUES
(66, 1015, NULL, NULL, NULL, NULL, 21, NULL, NULL, NULL, 'Thank you for this excellent article.', 'active', 0, 0, 1646413650, NULL),
(68, 1053, NULL, NULL, NULL, NULL, 21, NULL, NULL, NULL, 'thanks for information bro', 'pending', 0, 0, 1683949275, NULL);

-- --------------------------------------------------------

--
-- Table structure for table `comments_reports`
--

CREATE TABLE `comments_reports` (
  `id` int(10) UNSIGNED NOT NULL,
  `user_id` int(10) UNSIGNED NOT NULL,
  `blog_id` int(10) UNSIGNED DEFAULT NULL,
  `product_id` int(10) UNSIGNED DEFAULT NULL,
  `webinar_id` int(10) UNSIGNED DEFAULT NULL,
  `bundle_id` int(10) UNSIGNED DEFAULT NULL,
  `comment_id` int(10) UNSIGNED NOT NULL,
  `message` text NOT NULL,
  `created_at` int(10) UNSIGNED NOT NULL
) ENGINE=InnoDB DEFAULT CHARSET=utf8mb4 COLLATE=utf8mb4_unicode_ci ROW_FORMAT=DYNAMIC;

-- --------------------------------------------------------

--
-- Table structure for table `contacts`
--

CREATE TABLE `contacts` (
  `id` int(10) UNSIGNED NOT NULL,
  `name` varchar(255) NOT NULL,
  `email` varchar(255) NOT NULL,
  `phone` varchar(255) NOT NULL,
  `subject` varchar(255) NOT NULL,
  `message` text NOT NULL,
  `reply` text DEFAULT NULL,
  `status` enum('pending','replied') NOT NULL DEFAULT 'pending',
  `created_at` int(10) UNSIGNED NOT NULL
) ENGINE=InnoDB DEFAULT CHARSET=utf8mb4 COLLATE=utf8mb4_unicode_ci ROW_FORMAT=DYNAMIC;

-- --------------------------------------------------------

--
-- Table structure for table `course_forums`
--

CREATE TABLE `course_forums` (
  `id` int(10) UNSIGNED NOT NULL,
  `webinar_id` int(10) UNSIGNED NOT NULL,
  `user_id` int(10) UNSIGNED NOT NULL,
  `title` varchar(255) NOT NULL,
  `description` text NOT NULL,
  `attach` varchar(255) DEFAULT NULL,
  `pin` tinyint(1) NOT NULL DEFAULT 0,
  `created_at` bigint(20) UNSIGNED NOT NULL
) ENGINE=InnoDB DEFAULT CHARSET=utf8mb4 COLLATE=utf8mb4_unicode_ci;

-- --------------------------------------------------------

--
-- Table structure for table `course_forum_answers`
--

CREATE TABLE `course_forum_answers` (
  `id` int(10) UNSIGNED NOT NULL,
  `forum_id` int(10) UNSIGNED NOT NULL,
  `user_id` int(10) UNSIGNED NOT NULL,
  `description` text NOT NULL,
  `pin` tinyint(1) NOT NULL DEFAULT 0,
  `resolved` tinyint(1) NOT NULL DEFAULT 0,
  `created_at` bigint(20) UNSIGNED NOT NULL
) ENGINE=InnoDB DEFAULT CHARSET=utf8mb4 COLLATE=utf8mb4_unicode_ci;

-- --------------------------------------------------------

--
-- Table structure for table `course_learning`
--

CREATE TABLE `course_learning` (
  `id` int(10) UNSIGNED NOT NULL,
  `user_id` int(10) UNSIGNED NOT NULL,
  `text_lesson_id` int(10) UNSIGNED DEFAULT NULL,
  `file_id` int(10) UNSIGNED DEFAULT NULL,
  `session_id` int(10) UNSIGNED DEFAULT NULL,
  `created_at` int(10) UNSIGNED NOT NULL
) ENGINE=InnoDB DEFAULT CHARSET=utf8mb4 COLLATE=utf8mb4_unicode_ci;

--
-- Dumping data for table `course_learning`
--

INSERT INTO `course_learning` (`id`, `user_id`, `text_lesson_id`, `file_id`, `session_id`, `created_at`) VALUES
(79, 1, NULL, 105, NULL, 1692686554);

-- --------------------------------------------------------

--
-- Table structure for table `course_noticeboards`
--

CREATE TABLE `course_noticeboards` (
  `id` int(10) UNSIGNED NOT NULL,
  `creator_id` int(10) UNSIGNED NOT NULL,
  `webinar_id` int(10) UNSIGNED NOT NULL,
  `color` enum('warning','danger','neutral','info','success') NOT NULL,
  `title` varchar(255) NOT NULL,
  `message` text NOT NULL,
  `created_at` bigint(20) UNSIGNED NOT NULL
) ENGINE=InnoDB DEFAULT CHARSET=utf8mb4 COLLATE=utf8mb4_unicode_ci;

-- --------------------------------------------------------

--
-- Table structure for table `course_noticeboard_status`
--

CREATE TABLE `course_noticeboard_status` (
  `id` int(10) UNSIGNED NOT NULL,
  `user_id` int(10) UNSIGNED NOT NULL,
  `noticeboard_id` int(10) UNSIGNED NOT NULL,
  `seen_at` int(10) UNSIGNED NOT NULL
) ENGINE=InnoDB DEFAULT CHARSET=utf8mb4 COLLATE=utf8mb4_unicode_ci;

-- --------------------------------------------------------

--
-- Table structure for table `currencies`
--

CREATE TABLE `currencies` (
  `id` int(10) UNSIGNED NOT NULL,
  `currency` varchar(255) NOT NULL,
  `currency_position` enum('left','right','left_with_space','right_with_space') NOT NULL,
  `currency_separator` enum('dot','comma') NOT NULL,
  `currency_decimal` int(10) UNSIGNED DEFAULT NULL,
  `exchange_rate` double(15,2) DEFAULT NULL,
  `order` int(10) UNSIGNED DEFAULT NULL,
  `created_at` bigint(20) NOT NULL
) ENGINE=InnoDB DEFAULT CHARSET=utf8mb4 COLLATE=utf8mb4_unicode_ci;

--
-- Dumping data for table `currencies`
--

INSERT INTO `currencies` (`id`, `currency`, `currency_position`, `currency_separator`, `currency_decimal`, `exchange_rate`, `order`, `created_at`) VALUES
(4, 'EUR', 'left', 'dot', 2, 0.93, 1, 1678868603),
(6, 'INR', 'left', 'dot', 2, 82.52, 2, 1678869222);

-- --------------------------------------------------------

--
-- Table structure for table `delete_account_requests`
--

CREATE TABLE `delete_account_requests` (
  `id` int(10) UNSIGNED NOT NULL,
  `user_id` int(10) UNSIGNED NOT NULL,
  `created_at` bigint(20) UNSIGNED NOT NULL
) ENGINE=InnoDB DEFAULT CHARSET=utf8mb4 COLLATE=utf8mb4_unicode_ci;

--
-- Dumping data for table `delete_account_requests`
--

INSERT INTO `delete_account_requests` (`id`, `user_id`, `created_at`) VALUES
(1, 864, 1656194622);

-- --------------------------------------------------------

--
-- Table structure for table `discounts`
--

CREATE TABLE `discounts` (
  `id` int(10) UNSIGNED NOT NULL,
  `creator_id` int(10) UNSIGNED NOT NULL,
  `title` varchar(255) NOT NULL,
  `discount_type` enum('percentage','fixed_amount') NOT NULL,
  `source` enum('all','course','category','meeting','product','bundle') NOT NULL,
  `code` varchar(64) NOT NULL,
  `percent` int(10) UNSIGNED DEFAULT NULL,
  `amount` int(10) UNSIGNED DEFAULT NULL,
  `max_amount` int(10) UNSIGNED DEFAULT NULL,
  `minimum_order` int(10) UNSIGNED DEFAULT NULL,
  `count` int(11) NOT NULL DEFAULT 1,
  `user_type` enum('all_users','special_users') NOT NULL,
  `product_type` enum('all','physical','virtual') DEFAULT NULL,
  `for_first_purchase` tinyint(1) NOT NULL DEFAULT 0,
  `status` enum('active','disable') NOT NULL DEFAULT 'active',
  `expired_at` int(10) UNSIGNED NOT NULL,
  `created_at` int(10) UNSIGNED NOT NULL
) ENGINE=InnoDB DEFAULT CHARSET=utf8mb4 COLLATE=utf8mb4_unicode_ci ROW_FORMAT=DYNAMIC;

--
-- Dumping data for table `discounts`
--

INSERT INTO `discounts` (`id`, `creator_id`, `title`, `discount_type`, `source`, `code`, `percent`, `amount`, `max_amount`, `minimum_order`, `count`, `user_type`, `product_type`, `for_first_purchase`, `status`, `expired_at`, `created_at`) VALUES
(7, 1, 'Black Friday', 'percentage', 'all', 'BLK2021', 20, 10, NULL, NULL, 20, 'all_users', NULL, 0, 'active', 1639427340, 1626132792),
(8, 1, 'Store Physical Products Coupon', 'percentage', 'product', 'SPGH22', 10, NULL, NULL, NULL, 5, 'all_users', 'physical', 0, 'active', 1678494600, 1656320198),
(9, 1, 'Store Virtual Products Coupon', 'percentage', 'product', 'VKRYT22', 20, NULL, NULL, NULL, 10, 'all_users', 'virtual', 0, 'active', 1680357600, 1656320568),
(10, 1, 'Categories Coupon', 'percentage', 'category', 'GJKTPW', 10, NULL, 10, NULL, 1, 'all_users', 'all', 0, 'active', 1702684800, 1656320749);

-- --------------------------------------------------------

--
-- Table structure for table `discount_bundles`
--

CREATE TABLE `discount_bundles` (
  `id` int(10) UNSIGNED NOT NULL,
  `discount_id` int(10) UNSIGNED NOT NULL,
  `bundle_id` int(10) UNSIGNED NOT NULL,
  `created_at` int(10) UNSIGNED NOT NULL
) ENGINE=InnoDB DEFAULT CHARSET=utf8mb4 COLLATE=utf8mb4_unicode_ci;

-- --------------------------------------------------------

--
-- Table structure for table `discount_categories`
--

CREATE TABLE `discount_categories` (
  `id` int(10) UNSIGNED NOT NULL,
  `discount_id` int(10) UNSIGNED NOT NULL,
  `category_id` int(10) UNSIGNED NOT NULL,
  `created_at` int(10) UNSIGNED NOT NULL
) ENGINE=InnoDB DEFAULT CHARSET=utf8mb4 COLLATE=utf8mb4_unicode_ci;

-- --------------------------------------------------------

--
-- Table structure for table `discount_courses`
--

CREATE TABLE `discount_courses` (
  `id` int(10) UNSIGNED NOT NULL,
  `discount_id` int(10) UNSIGNED NOT NULL,
  `course_id` int(10) UNSIGNED NOT NULL,
  `created_at` int(10) UNSIGNED NOT NULL
) ENGINE=InnoDB DEFAULT CHARSET=utf8mb4 COLLATE=utf8mb4_unicode_ci;

-- --------------------------------------------------------

--
-- Table structure for table `discount_groups`
--

CREATE TABLE `discount_groups` (
  `id` int(10) UNSIGNED NOT NULL,
  `discount_id` int(10) UNSIGNED NOT NULL,
  `group_id` int(10) UNSIGNED NOT NULL,
  `created_at` int(10) UNSIGNED NOT NULL
) ENGINE=InnoDB DEFAULT CHARSET=utf8mb4 COLLATE=utf8mb4_unicode_ci;

-- --------------------------------------------------------

--
-- Table structure for table `discount_users`
--

CREATE TABLE `discount_users` (
  `id` int(10) UNSIGNED NOT NULL,
  `discount_id` int(10) UNSIGNED NOT NULL,
  `user_id` int(10) UNSIGNED NOT NULL,
  `created_at` int(10) UNSIGNED NOT NULL
) ENGINE=InnoDB DEFAULT CHARSET=utf8mb4 COLLATE=utf8mb4_unicode_ci ROW_FORMAT=DYNAMIC;

-- --------------------------------------------------------

--
-- Table structure for table `faqs`
--

CREATE TABLE `faqs` (
  `id` int(10) UNSIGNED NOT NULL,
  `creator_id` int(10) UNSIGNED NOT NULL,
  `webinar_id` int(10) UNSIGNED DEFAULT NULL,
  `bundle_id` int(10) UNSIGNED DEFAULT NULL,
  `upcoming_course_id` int(10) UNSIGNED DEFAULT NULL,
  `order` int(10) UNSIGNED DEFAULT NULL,
  `created_at` int(10) UNSIGNED DEFAULT NULL,
  `updated_at` int(10) UNSIGNED DEFAULT NULL
) ENGINE=InnoDB DEFAULT CHARSET=utf8mb4 COLLATE=utf8mb4_unicode_ci ROW_FORMAT=DYNAMIC;

-- --------------------------------------------------------

--
-- Table structure for table `faq_translations`
--

CREATE TABLE `faq_translations` (
  `id` bigint(20) UNSIGNED NOT NULL,
  `faq_id` int(10) UNSIGNED NOT NULL,
  `locale` varchar(255) NOT NULL,
  `title` varchar(255) NOT NULL,
  `answer` text NOT NULL
) ENGINE=InnoDB DEFAULT CHARSET=utf8mb4 COLLATE=utf8mb4_unicode_ci;

-- --------------------------------------------------------

--
-- Table structure for table `favorites`
--

CREATE TABLE `favorites` (
  `id` int(10) UNSIGNED NOT NULL,
  `user_id` int(10) UNSIGNED NOT NULL,
  `webinar_id` int(10) UNSIGNED DEFAULT NULL,
  `bundle_id` int(10) UNSIGNED DEFAULT NULL,
  `upcoming_course_id` int(10) UNSIGNED DEFAULT NULL,
  `created_at` int(11) NOT NULL
) ENGINE=InnoDB DEFAULT CHARSET=utf8mb4 COLLATE=utf8mb4_unicode_ci ROW_FORMAT=DYNAMIC;

-- --------------------------------------------------------

--
-- Table structure for table `feature_webinars`
--

CREATE TABLE `feature_webinars` (
  `id` int(10) UNSIGNED NOT NULL,
  `webinar_id` int(10) UNSIGNED NOT NULL,
  `page` enum('categories','home','home_categories') NOT NULL,
  `status` enum('publish','pending') NOT NULL,
  `updated_at` int(10) UNSIGNED NOT NULL
) ENGINE=InnoDB DEFAULT CHARSET=utf8mb4 COLLATE=utf8mb4_unicode_ci ROW_FORMAT=DYNAMIC;

-- --------------------------------------------------------

--
-- Table structure for table `feature_webinar_translations`
--

CREATE TABLE `feature_webinar_translations` (
  `id` bigint(20) UNSIGNED NOT NULL,
  `feature_webinar_id` int(10) UNSIGNED NOT NULL,
  `locale` varchar(255) NOT NULL,
  `description` text DEFAULT NULL
) ENGINE=InnoDB DEFAULT CHARSET=utf8mb4 COLLATE=utf8mb4_unicode_ci;

-- --------------------------------------------------------

--
-- Table structure for table `files`
--

CREATE TABLE `files` (
  `id` int(10) UNSIGNED NOT NULL,
  `creator_id` int(10) UNSIGNED NOT NULL,
  `webinar_id` int(10) UNSIGNED NOT NULL,
  `chapter_id` int(10) UNSIGNED DEFAULT NULL,
  `accessibility` enum('free','paid') NOT NULL,
  `downloadable` tinyint(1) DEFAULT 0,
  `storage` enum('upload','youtube','vimeo','external_link','google_drive','dropbox','iframe','s3','upload_archive','secure_host') NOT NULL,
  `file` text NOT NULL,
  `volume` varchar(64) NOT NULL,
  `file_type` varchar(64) NOT NULL,
  `interactive_type` enum('adobe_captivate','i_spring','custom') DEFAULT NULL,
  `interactive_file_name` varchar(255) DEFAULT NULL,
  `interactive_file_path` varchar(255) DEFAULT NULL,
  `check_previous_parts` tinyint(1) NOT NULL DEFAULT 0,
  `access_after_day` int(10) UNSIGNED DEFAULT NULL,
  `online_viewer` tinyint(1) NOT NULL DEFAULT 0,
  `order` int(10) UNSIGNED DEFAULT NULL,
  `status` enum('active','inactive') NOT NULL DEFAULT 'active',
  `created_at` int(11) NOT NULL,
  `updated_at` int(11) DEFAULT NULL,
  `deleted_at` int(11) DEFAULT NULL
) ENGINE=InnoDB DEFAULT CHARSET=utf8mb4 COLLATE=utf8mb4_unicode_ci ROW_FORMAT=DYNAMIC;

--
-- Dumping data for table `files`
--

INSERT INTO `files` (`id`, `creator_id`, `webinar_id`, `chapter_id`, `accessibility`, `downloadable`, `storage`, `file`, `volume`, `file_type`, `interactive_type`, `interactive_file_name`, `interactive_file_path`, `check_previous_parts`, `access_after_day`, `online_viewer`, `order`, `status`, `created_at`, `updated_at`, `deleted_at`) VALUES
(100, 859, 2034, 53, 'free', 0, 'upload', '/store/1/audiobook/White_Knights_Aleesha_Bake.mp3', '913.50 KB', 'sound', NULL, NULL, NULL, 0, NULL, 0, NULL, 'active', 1690254271, NULL, NULL),
(101, 859, 2034, 53, 'free', 0, 'youtube', 'https://www.youtube.com/watch?v=owBnV_jpDw4', '0 bytes', 'video', NULL, NULL, NULL, 0, NULL, 0, NULL, 'active', 1690254482, 1690254810, NULL),
(105, 867, 2038, 55, 'free', 0, 'upload', '/store/1/ebook/english/Cerita Anak - Beautiful Book.pdf', '6.52 MB', 'pdf', NULL, NULL, NULL, 0, NULL, 1, NULL, 'active', 1690268186, NULL, NULL),
(106, 867, 2039, 56, 'free', 0, 'upload', '/store/1/ebook/indonesia/Aku Bangga Menjadi Muslim.pdf', '871.82 KB', 'pdf', NULL, NULL, NULL, 0, NULL, 1, NULL, 'active', 1690269207, NULL, NULL),
(107, 867, 2040, 57, 'free', 0, 'youtube', 'https://www.youtube.com/watch?v=vp2c0l1HElc', '0 bytes', 'video', NULL, NULL, NULL, 0, NULL, 0, NULL, 'active', 1690270051, NULL, NULL),
(108, 867, 2040, 58, 'free', 0, 'youtube', 'https://www.youtube.com/watch?v=uLugAExENXA', '0 bytes', 'video', NULL, NULL, NULL, 0, NULL, 0, NULL, 'active', 1690270134, NULL, NULL),
(109, 867, 2041, 59, 'free', 1, 'external_link', 'https://archive.org/download/game_of_life_0911_librivox/gameoflife01_scovelshinn.mp3', '14.31 MB', 'sound', NULL, NULL, NULL, 0, NULL, 0, NULL, 'active', 1690270945, 1690271060, NULL),
(110, 867, 2041, 68, 'free', 1, 'external_link', 'https://archive.org/download/game_of_life_0911_librivox/gameoflife10_scovelshinn.mp3', '14.31 MB', 'sound', NULL, NULL, NULL, 0, NULL, 0, NULL, 'active', 1690271114, 1690271289, NULL),
(111, 867, 2041, 67, 'free', 1, 'external_link', 'https://archive.org/download/game_of_life_0911_librivox/gameoflife09_scovelshinn.mp3', '12.87 MB', 'sound', NULL, NULL, NULL, 0, NULL, 0, NULL, 'active', 1690271168, 1690271315, NULL),
(112, 867, 2041, 62, 'free', 1, 'external_link', 'https://archive.org/download/game_of_life_0911_librivox/gameoflife04_scovelshinn.mp3', '14.31 MB', 'sound', NULL, NULL, NULL, 0, NULL, 0, NULL, 'active', 1690271238, NULL, NULL),
(113, 867, 2041, 60, 'free', 1, 'external_link', 'https://archive.org/download/game_of_life_0911_librivox/gameoflife02_scovelshinn.mp3', '14.31 MB', 'sound', NULL, NULL, NULL, 0, NULL, 0, NULL, 'active', 1690271478, NULL, NULL),
(114, 867, 2041, 61, 'free', 1, 'external_link', 'https://archive.org/download/game_of_life_0911_librivox/gameoflife03_scovelshinn.mp3', '14.31 MB', 'sound', NULL, NULL, NULL, 0, NULL, 0, NULL, 'active', 1690271514, NULL, NULL),
(115, 3, 2042, 70, 'free', 1, 'upload', '/store/3/Al-Fatihah.mp3', '819.85 KB', 'sound', NULL, NULL, NULL, 0, NULL, 0, NULL, 'active', 1690346071, 1690355575, NULL),
(116, 867, 2044, 72, 'free', 0, 'upload', '/store/1/ebook/indonesia/! MENGAPA BABI HARAM - JAWABAN TELAK !!!.pdf', '2.05 MB', 'pdf', NULL, NULL, NULL, 0, NULL, 1, NULL, 'active', 1690269207, NULL, NULL),
(117, 867, 2045, 73, 'free', 0, 'upload', '/store/1/ebook/indonesia/! MENGAPA BABI HARAM - JAWABAN TELAK !!!.pdf', '2.82 MB', 'pdf', NULL, NULL, NULL, 0, NULL, 1, NULL, 'active', 1690269207, NULL, NULL),
(118, 867, 2046, 74, 'free', 0, 'upload', '/store/1/ebook/indonesia/00-hukum-hukum-thalaq.pdf', '0.20 MB', 'pdf', NULL, NULL, NULL, 0, NULL, 1, NULL, 'active', 1690269207, NULL, NULL),
(119, 867, 2047, 75, 'free', 0, 'upload', '/store/1/ebook/indonesia/00-tahlilan-dalam-timbangan-islam.pdf', '0.29 MB', 'pdf', NULL, NULL, NULL, 0, NULL, 1, NULL, 'active', 1690269207, NULL, NULL),
(120, 867, 2048, 76, 'free', 0, 'upload', '/store/1/ebook/indonesia/01. Pedang Bintang Aji Saka.pdf', '0.32 MB', 'pdf', NULL, NULL, NULL, 0, NULL, 1, NULL, 'active', 1690269207, NULL, NULL),
(121, 867, 2049, 77, 'free', 0, 'upload', '/store/1/ebook/indonesia/02. Dewi Penyebar Maut.pdf', '0.30 MB', 'pdf', NULL, NULL, NULL, 0, NULL, 1, NULL, 'active', 1690269207, NULL, NULL),
(122, 867, 2050, 78, 'free', 0, 'upload', '/store/1/ebook/indonesia/03. Cinta Sang Pendekar.pdf', '1.53 MB', 'pdf', NULL, NULL, NULL, 0, NULL, 1, NULL, 'active', 1690269207, NULL, NULL),
(123, 867, 2051, 79, 'free', 0, 'upload', '/store/1/ebook/indonesia/04-Hukum-Hukum-Seputar-Hari-Raya-Idul-Adha.pdf', '0.20 MB', 'pdf', NULL, NULL, NULL, 0, NULL, 1, NULL, 'active', 1690269207, NULL, NULL),
(124, 867, 2052, 80, 'free', 0, 'upload', '/store/1/ebook/indonesia/04. Raksasa Rimba Neraka.pdf', '0.40 MB', 'pdf', NULL, NULL, NULL, 0, NULL, 1, NULL, 'active', 1690269207, NULL, NULL),
(125, 867, 2053, 81, 'free', 0, 'upload', '/store/1/ebook/indonesia/05 Hukum Taqlid Pada Ilmu Tauhid.pdf', '0.09 MB', 'pdf', NULL, NULL, NULL, 0, NULL, 1, NULL, 'active', 1690269207, NULL, NULL),
(126, 867, 2054, 82, 'free', 0, 'upload', '/store/1/ebook/indonesia/05. Banjir Darah di Bojong Gading.pdf', '0.34 MB', 'pdf', NULL, NULL, NULL, 0, NULL, 1, NULL, 'active', 1690269207, NULL, NULL),
(127, 867, 2055, 83, 'free', 0, 'upload', '/store/1/ebook/indonesia/06. Prahara Hutan Bandan.pdf', '0.27 MB', 'pdf', NULL, NULL, NULL, 0, NULL, 1, NULL, 'active', 1690269207, NULL, NULL),
(128, 867, 2056, 84, 'free', 0, 'upload', '/store/1/ebook/indonesia/06.PraharaHutanBandan.pdf', '0.27 MB', 'pdf', NULL, NULL, NULL, 0, NULL, 1, NULL, 'active', 1690269207, NULL, NULL),
(129, 867, 2057, 85, 'free', 0, 'upload', '/store/1/ebook/indonesia/06_makanan_yang_diharamkan.pdf', '1.74 MB', 'pdf', NULL, NULL, NULL, 0, NULL, 1, NULL, 'active', 1690269207, NULL, NULL),
(130, 867, 2058, 86, 'free', 0, 'upload', '/store/1/ebook/indonesia/07. Rahasia Surat Berdarah.pdf', '0.38 MB', 'pdf', NULL, NULL, NULL, 0, NULL, 1, NULL, 'active', 1690269207, NULL, NULL),
(131, 867, 2059, 87, 'free', 0, 'upload', '/store/1/ebook/indonesia/08. Penganut Ilmu Hitam.pdf', '0.37 MB', 'pdf', NULL, NULL, NULL, 0, NULL, 1, NULL, 'active', 1690269207, NULL, NULL),
(132, 867, 2060, 88, 'free', 0, 'upload', '/store/1/ebook/indonesia/09. Pendekar Tangan Baja.pdf', '0.29 MB', 'pdf', NULL, NULL, NULL, 0, NULL, 1, NULL, 'active', 1690269207, NULL, NULL),
(133, 867, 2061, 89, 'free', 0, 'upload', '/store/1/ebook/indonesia/090301 tentang mencuri dan hukumannya.pdf', '0.24 MB', 'pdf', NULL, NULL, NULL, 0, NULL, 1, NULL, 'active', 1690269207, NULL, NULL),
(134, 867, 2062, 90, 'free', 0, 'upload', '/store/1/ebook/indonesia/1 menit yang mengubah hidup anda.pdf', '0.29 MB', 'pdf', NULL, NULL, NULL, 0, NULL, 1, NULL, 'active', 1690269207, NULL, NULL),
(135, 867, 2063, 91, 'free', 0, 'upload', '/store/1/ebook/indonesia/10. Tiga Macan Lembah Neraka.pdf', '0.29 MB', 'pdf', NULL, NULL, NULL, 0, NULL, 1, NULL, 'active', 1690269207, NULL, NULL),
(136, 867, 2064, 92, 'free', 0, 'upload', '/store/1/ebook/indonesia/100 Cara Mengenali Karakter Dia by Susi Susanti.pdf', '7.06 MB', 'pdf', NULL, NULL, NULL, 0, NULL, 1, NULL, 'active', 1690269207, NULL, NULL),
(137, 867, 2065, 93, 'free', 0, 'upload', '/store/1/ebook/indonesia/100214 tentang khamr 2.pdf', '0.23 MB', 'pdf', NULL, NULL, NULL, 0, NULL, 1, NULL, 'active', 1690269207, NULL, NULL),
(138, 867, 2066, 94, 'free', 0, 'upload', '/store/1/ebook/indonesia/100307 tentang khamr 3.pdf', '0.24 MB', 'pdf', NULL, NULL, NULL, 0, NULL, 1, NULL, 'active', 1690269207, NULL, NULL),
(139, 867, 2067, 95, 'free', 0, 'upload', '/store/1/ebook/indonesia/100328 tentang khamr 4.pdf', '0.26 MB', 'pdf', NULL, NULL, NULL, 0, NULL, 1, NULL, 'active', 1690269207, NULL, NULL),
(140, 867, 2068, 96, 'free', 0, 'upload', '/store/1/ebook/indonesia/100418 tentang khamr 5.pdf', '0.26 MB', 'pdf', NULL, NULL, NULL, 0, NULL, 1, NULL, 'active', 1690269207, NULL, NULL),
(141, 867, 2069, 97, 'free', 0, 'upload', '/store/1/ebook/indonesia/108 Perumpamaan Dhamma.pdf', '10.39 MB', 'pdf', NULL, NULL, NULL, 0, NULL, 1, NULL, 'active', 1690269207, NULL, NULL),
(142, 867, 2070, 98, 'free', 0, 'upload', '/store/1/ebook/indonesia/11. Memburu Putri Datuk.pdf', '0.30 MB', 'pdf', NULL, NULL, NULL, 0, NULL, 1, NULL, 'active', 1690269207, NULL, NULL),
(143, 867, 2071, 99, 'free', 0, 'upload', '/store/1/ebook/indonesia/12-BM-Kitab-Makanan.pdf', '3.58 MB', 'pdf', NULL, NULL, NULL, 0, NULL, 1, NULL, 'active', 1690269207, NULL, NULL),
(144, 867, 2072, 100, 'free', 0, 'upload', '/store/1/ebook/indonesia/12. Jamur Sisik Naga.pdf', '0.25 MB', 'pdf', NULL, NULL, NULL, 0, NULL, 1, NULL, 'active', 1690269207, NULL, NULL),
(145, 867, 2073, 101, 'free', 0, 'upload', '/store/1/ebook/indonesia/13. Peninggalan Iblis Hitam.pdf', '0.38 MB', 'pdf', NULL, NULL, NULL, 0, NULL, 1, NULL, 'active', 1690269207, NULL, NULL),
(146, 867, 2074, 102, 'free', 0, 'upload', '/store/1/ebook/indonesia/14. Sepasang Alap-alap Bukit Gantar.pdf', '0.31 MB', 'pdf', NULL, NULL, NULL, 0, NULL, 1, NULL, 'active', 1690269207, NULL, NULL),
(147, 867, 2075, 103, 'free', 0, 'upload', '/store/1/ebook/indonesia/15. Tinju Penggetar Bumi.pdf', '0.38 MB', 'pdf', NULL, NULL, NULL, 0, NULL, 1, NULL, 'active', 1690269207, NULL, NULL),
(148, 867, 2076, 104, 'free', 0, 'upload', '/store/1/ebook/indonesia/16. Pewaris Ilmu Tokoh Sesat.pdf', '1.56 MB', 'pdf', NULL, NULL, NULL, 0, NULL, 1, NULL, 'active', 1690269207, NULL, NULL),
(149, 867, 2077, 105, 'free', 0, 'upload', '/store/1/ebook/indonesia/162 Masalah Sufistik by Al-‘Allamah al-Habib Abdullah bin Alawi al-Haddad.pdf', '13.42 MB', 'pdf', NULL, NULL, NULL, 0, NULL, 1, NULL, 'active', 1690269207, NULL, NULL),
(150, 867, 2078, 106, 'free', 0, 'upload', '/store/1/ebook/indonesia/17-hukum_puasa.pdf', '1.07 MB', 'pdf', NULL, NULL, NULL, 0, NULL, 1, NULL, 'active', 1690269207, NULL, NULL),
(151, 867, 2079, 107, 'free', 0, 'upload', '/store/1/ebook/indonesia/17. Keris Peminum Darah.pdf', '0.26 MB', 'pdf', NULL, NULL, NULL, 0, NULL, 1, NULL, 'active', 1690269207, NULL, NULL),
(152, 867, 2080, 108, 'free', 0, 'upload', '/store/1/ebook/indonesia/18. Kelelawar Beracun.pdf', '0.47 MB', 'pdf', NULL, NULL, NULL, 0, NULL, 1, NULL, 'active', 1690269207, NULL, NULL),
(153, 867, 2081, 109, 'free', 0, 'upload', '/store/1/ebook/indonesia/19. Perjalanan Menantang Maut.pdf', '0.30 MB', 'pdf', NULL, NULL, NULL, 0, NULL, 1, NULL, 'active', 1690269207, NULL, NULL),
(154, 867, 2082, 110, 'free', 0, 'upload', '/store/1/ebook/indonesia/1menit.pdf', '0.29 MB', 'pdf', NULL, NULL, NULL, 0, NULL, 1, NULL, 'active', 1690269207, NULL, NULL),
(155, 867, 2083, 111, 'free', 0, 'upload', '/store/1/ebook/indonesia/20. Pelarian Istana Hantu.pdf', '0.32 MB', 'pdf', NULL, NULL, NULL, 0, NULL, 1, NULL, 'active', 1690269207, NULL, NULL),
(156, 867, 2084, 112, 'free', 0, 'upload', '/store/1/ebook/indonesia/21. Dendam Tokoh Buangan.pdf', '0.30 MB', 'pdf', NULL, NULL, NULL, 0, NULL, 1, NULL, 'active', 1690269207, NULL, NULL),
(157, 867, 2085, 113, 'free', 0, 'upload', '/store/1/ebook/indonesia/22. Maut dari Hutan Rangkong.pdf', '0.46 MB', 'pdf', NULL, NULL, NULL, 0, NULL, 1, NULL, 'active', 1690269207, NULL, NULL),
(158, 867, 2086, 114, 'free', 0, 'upload', '/store/1/ebook/indonesia/23. Setan Mabuk.pdf', '0.27 MB', 'pdf', NULL, NULL, NULL, 0, NULL, 1, NULL, 'active', 1690269207, NULL, NULL),
(159, 867, 2087, 115, 'free', 0, 'upload', '/store/1/ebook/indonesia/24. Pertarungan Raja-raja Arak.pdf', '0.33 MB', 'pdf', NULL, NULL, NULL, 0, NULL, 1, NULL, 'active', 1690269207, NULL, NULL),
(160, 867, 2088, 116, 'free', 0, 'upload', '/store/1/ebook/indonesia/25. Penghuni Lembah Malaikat.pdf', '0.44 MB', 'pdf', NULL, NULL, NULL, 0, NULL, 1, NULL, 'active', 1690269207, NULL, NULL),
(161, 867, 2089, 117, 'free', 0, 'upload', '/store/1/ebook/indonesia/26. Raja Tengkorak.pdf', '0.68 MB', 'pdf', NULL, NULL, NULL, 0, NULL, 1, NULL, 'active', 1690269207, NULL, NULL),
(162, 867, 2090, 118, 'free', 0, 'upload', '/store/1/ebook/indonesia/27 Hukum Meninggalkan Sembahyang.pdf', '0.13 MB', 'pdf', NULL, NULL, NULL, 0, NULL, 1, NULL, 'active', 1690269207, NULL, NULL),
(163, 867, 2091, 119, 'free', 0, 'upload', '/store/1/ebook/indonesia/27. Kembalinya Raja Tengkorak.pdf', '0.75 MB', 'pdf', NULL, NULL, NULL, 0, NULL, 1, NULL, 'active', 1690269207, NULL, NULL),
(164, 867, 2092, 120, 'free', 0, 'upload', '/store/1/ebook/indonesia/28. Teror Macan Putih.pdf', '0.27 MB', 'pdf', NULL, NULL, NULL, 0, NULL, 1, NULL, 'active', 1690269207, NULL, NULL),
(165, 867, 2093, 121, 'free', 0, 'upload', '/store/1/ebook/indonesia/29. Ilmu Halimun.pdf', '0.45 MB', 'pdf', NULL, NULL, NULL, 0, NULL, 1, NULL, 'active', 1690269207, NULL, NULL),
(166, 867, 2094, 122, 'free', 0, 'upload', '/store/1/ebook/indonesia/30. Dalam Cengkeraman Biang Iblis.pdf', '0.36 MB', 'pdf', NULL, NULL, NULL, 0, NULL, 1, NULL, 'active', 1690269207, NULL, NULL),
(167, 867, 2095, 123, 'free', 0, 'upload', '/store/1/ebook/indonesia/31. Perkawinan Berdarah.pdf', '0.49 MB', 'pdf', NULL, NULL, NULL, 0, NULL, 1, NULL, 'active', 1690269207, NULL, NULL),
(168, 867, 2096, 124, 'free', 0, 'upload', '/store/1/ebook/indonesia/32-perayaan-isra-miraj-rasulullah-dalam-sorotan-islam.pdf', '0.35 MB', 'pdf', NULL, NULL, NULL, 0, NULL, 1, NULL, 'active', 1690269207, NULL, NULL),
(169, 867, 2097, 125, 'free', 0, 'upload', '/store/1/ebook/indonesia/32. Algojo-algojo Bukit Larangan.pdf', '0.44 MB', 'pdf', NULL, NULL, NULL, 0, NULL, 1, NULL, 'active', 1690269207, NULL, NULL),
(170, 867, 2098, 126, 'free', 0, 'upload', '/store/1/ebook/indonesia/33. Makhluk dari Dunia Asing.pdf', '0.39 MB', 'pdf', NULL, NULL, NULL, 0, NULL, 1, NULL, 'active', 1690269207, NULL, NULL),
(171, 867, 2099, 127, 'free', 0, 'upload', '/store/1/ebook/indonesia/34. Runtuhnya Sebuah Kerajaan.pdf', '0.33 MB', 'pdf', NULL, NULL, NULL, 0, NULL, 1, NULL, 'active', 1690269207, NULL, NULL),
(172, 867, 2100, 128, 'free', 0, 'upload', '/store/1/ebook/indonesia/35. Kemelut Rimba Hijau.pdf', '0.46 MB', 'pdf', NULL, NULL, NULL, 0, NULL, 1, NULL, 'active', 1690269207, NULL, NULL),
(173, 867, 2101, 129, 'free', 0, 'upload', '/store/1/ebook/indonesia/36. Tokoh dari Masa Silam.pdf', '0.39 MB', 'pdf', NULL, NULL, NULL, 0, NULL, 1, NULL, 'active', 1690269207, NULL, NULL),
(174, 867, 2102, 130, 'free', 0, 'upload', '/store/1/ebook/indonesia/37. Rahasia Syair Leluhur.pdf', '0.27 MB', 'pdf', NULL, NULL, NULL, 0, NULL, 1, NULL, 'active', 1690269207, NULL, NULL),
(175, 867, 2103, 131, 'free', 0, 'upload', '/store/1/ebook/indonesia/38. Neraka Untuk Sang Pendekar.pdf', '0.26 MB', 'pdf', NULL, NULL, NULL, 0, NULL, 1, NULL, 'active', 1690269207, NULL, NULL),
(176, 867, 2104, 132, 'free', 0, 'upload', '/store/1/ebook/indonesia/39. Misteri Dewa Seribu Kepalan.pdf', '0.34 MB', 'pdf', NULL, NULL, NULL, 0, NULL, 1, NULL, 'active', 1690269207, NULL, NULL),
(177, 867, 2105, 133, 'free', 0, 'upload', '/store/1/ebook/indonesia/40. Gerombolan Singa Gurun.pdf', '0.32 MB', 'pdf', NULL, NULL, NULL, 0, NULL, 1, NULL, 'active', 1690269207, NULL, NULL),
(178, 867, 2106, 134, 'free', 0, 'upload', '/store/1/ebook/indonesia/41. Macan-macan Betina.pdf', '0.26 MB', 'pdf', NULL, NULL, NULL, 0, NULL, 1, NULL, 'active', 1690269207, NULL, NULL),
(179, 867, 2107, 135, 'free', 0, 'upload', '/store/1/ebook/indonesia/42. Empat Dedengkot Pulau Karang.pdf', '0.35 MB', 'pdf', NULL, NULL, NULL, 0, NULL, 1, NULL, 'active', 1690269207, NULL, NULL),
(180, 867, 2108, 136, 'free', 0, 'upload', '/store/1/ebook/indonesia/43. Garuda Mata Satu.pdf', '0.29 MB', 'pdf', NULL, NULL, NULL, 0, NULL, 1, NULL, 'active', 1690269207, NULL, NULL),
(181, 867, 2109, 137, 'free', 0, 'upload', '/store/1/ebook/indonesia/44. Tawanan Datuk Sesat.pdf', '0.38 MB', 'pdf', NULL, NULL, NULL, 0, NULL, 1, NULL, 'active', 1690269207, NULL, NULL),
(182, 867, 2110, 138, 'free', 0, 'upload', '/store/1/ebook/indonesia/45-singkirkan-pakaian-bergambar.pdf', '0.22 MB', 'pdf', NULL, NULL, NULL, 0, NULL, 1, NULL, 'active', 1690269207, NULL, NULL),
(183, 867, 2111, 139, 'free', 0, 'upload', '/store/1/ebook/indonesia/45. Misteri Raja Racun.pdf', '0.39 MB', 'pdf', NULL, NULL, NULL, 0, NULL, 1, NULL, 'active', 1690269207, NULL, NULL),
(184, 867, 2112, 140, 'free', 0, 'upload', '/store/1/ebook/indonesia/46. Pendekar Sadis.pdf', '0.34 MB', 'pdf', NULL, NULL, NULL, 0, NULL, 1, NULL, 'active', 1690269207, NULL, NULL),
(185, 867, 2113, 141, 'free', 0, 'upload', '/store/1/ebook/indonesia/47. Bencana Patung Keramat.pdf', '0.41 MB', 'pdf', NULL, NULL, NULL, 0, NULL, 1, NULL, 'active', 1690269207, NULL, NULL),
(186, 867, 2114, 142, 'free', 0, 'upload', '/store/1/ebook/indonesia/48. Tenaga Inti Bumi.pdf', '0.26 MB', 'pdf', NULL, NULL, NULL, 0, NULL, 1, NULL, 'active', 1690269207, NULL, NULL),
(187, 867, 2115, 143, 'free', 0, 'upload', '/store/1/ebook/indonesia/49. Geger Pulau Es.pdf', '0.28 MB', 'pdf', NULL, NULL, NULL, 0, NULL, 1, NULL, 'active', 1690269207, NULL, NULL),
(188, 867, 2116, 144, 'free', 0, 'upload', '/store/1/ebook/indonesia/5 Aturan-Moralitas Buddhis.pdf', '1.22 MB', 'pdf', NULL, NULL, NULL, 0, NULL, 1, NULL, 'active', 1690269207, NULL, NULL),
(189, 867, 2117, 145, 'free', 0, 'upload', '/store/1/ebook/indonesia/50. Pertarungan di Pulau Api.pdf', '0.46 MB', 'pdf', NULL, NULL, NULL, 0, NULL, 1, NULL, 'active', 1690269207, NULL, NULL),
(190, 867, 2118, 146, 'free', 0, 'upload', '/store/1/ebook/indonesia/51. Raja Sihir Berhati Hitam.pdf', '0.34 MB', 'pdf', NULL, NULL, NULL, 0, NULL, 1, NULL, 'active', 1690269207, NULL, NULL),
(191, 867, 2119, 147, 'free', 0, 'upload', '/store/1/ebook/indonesia/52. Manusia Kelelawar.pdf', '0.31 MB', 'pdf', NULL, NULL, NULL, 0, NULL, 1, NULL, 'active', 1690269207, NULL, NULL),
(192, 867, 2120, 148, 'free', 0, 'upload', '/store/1/ebook/indonesia/53. Penjarah Perawan.pdf', '0.34 MB', 'pdf', NULL, NULL, NULL, 0, NULL, 1, NULL, 'active', 1690269207, NULL, NULL),
(193, 867, 2121, 149, 'free', 0, 'upload', '/store/1/ebook/indonesia/54. Kabut di Bukit Gondang.pdf', '0.39 MB', 'pdf', NULL, NULL, NULL, 0, NULL, 1, NULL, 'active', 1690269207, NULL, NULL),
(194, 867, 2122, 150, 'free', 0, 'upload', '/store/1/ebook/indonesia/55 Situs Warisan Budaya Buddhis Dunia.pdf', '5.48 MB', 'pdf', NULL, NULL, NULL, 0, NULL, 1, NULL, 'active', 1690269207, NULL, NULL),
(195, 867, 2123, 151, 'free', 0, 'upload', '/store/1/ebook/indonesia/55. Perintah Maut.pdf', '0.30 MB', 'pdf', NULL, NULL, NULL, 0, NULL, 1, NULL, 'active', 1690269207, NULL, NULL),
(196, 867, 2124, 152, 'free', 0, 'upload', '/store/1/ebook/indonesia/56. Sumpah Sepasang Harimau.pdf', '0.37 MB', 'pdf', NULL, NULL, NULL, 0, NULL, 1, NULL, 'active', 1690269207, NULL, NULL),
(197, 867, 2125, 153, 'free', 0, 'upload', '/store/1/ebook/indonesia/57. Perguruan Kera Emas.pdf', '0.42 MB', 'pdf', NULL, NULL, NULL, 0, NULL, 1, NULL, 'active', 1690269207, NULL, NULL),
(198, 867, 2126, 154, 'free', 0, 'upload', '/store/1/ebook/indonesia/58. Mayat Hidup.pdf', '0.28 MB', 'pdf', NULL, NULL, NULL, 0, NULL, 1, NULL, 'active', 1690269207, NULL, NULL),
(199, 867, 2127, 155, 'free', 0, 'upload', '/store/1/ebook/indonesia/59. Titipan Berdarah.pdf', '0.24 MB', 'pdf', NULL, NULL, NULL, 0, NULL, 1, NULL, 'active', 1690269207, NULL, NULL),
(200, 867, 2128, 156, 'free', 0, 'upload', '/store/1/ebook/indonesia/60. Perawan-perawan Persembahan.pdf', '0.38 MB', 'pdf', NULL, NULL, NULL, 0, NULL, 1, NULL, 'active', 1690269207, NULL, NULL),
(201, 867, 2129, 157, 'free', 0, 'upload', '/store/1/ebook/indonesia/61. Raja Iblis Tanpa Tanding.pdf', '0.44 MB', 'pdf', NULL, NULL, NULL, 0, NULL, 1, NULL, 'active', 1690269207, NULL, NULL),
(202, 867, 2130, 158, 'free', 0, 'upload', '/store/1/ebook/indonesia/618-1895-1-SM.pdf', '1.63 MB', 'pdf', NULL, NULL, NULL, 0, NULL, 1, NULL, 'active', 1690269207, NULL, NULL),
(203, 867, 2131, 159, 'free', 0, 'upload', '/store/1/ebook/indonesia/62. Perempuan Pembawa Maut.pdf', '0.38 MB', 'pdf', NULL, NULL, NULL, 0, NULL, 1, NULL, 'active', 1690269207, NULL, NULL),
(204, 867, 2132, 160, 'free', 0, 'upload', '/store/1/ebook/indonesia/63. Angkara Si Anak Naga.pdf', '0.39 MB', 'pdf', NULL, NULL, NULL, 0, NULL, 1, NULL, 'active', 1690269207, NULL, NULL),
(205, 867, 2133, 161, 'free', 0, 'upload', '/store/1/ebook/indonesia/64. Satria Sinting.pdf', '0.37 MB', 'pdf', NULL, NULL, NULL, 0, NULL, 1, NULL, 'active', 1690269207, NULL, NULL),
(206, 867, 2134, 162, 'free', 0, 'upload', '/store/1/ebook/indonesia/65. Si Linglung Sakti.pdf', '0.33 MB', 'pdf', NULL, NULL, NULL, 0, NULL, 1, NULL, 'active', 1690269207, NULL, NULL),
(207, 867, 2135, 163, 'free', 0, 'upload', '/store/1/ebook/indonesia/66. Pembunuh Gelap.pdf', '0.48 MB', 'pdf', NULL, NULL, NULL, 0, NULL, 1, NULL, 'active', 1690269207, NULL, NULL),
(208, 867, 2136, 164, 'free', 0, 'upload', '/store/1/ebook/indonesia/67. Makhluk Jejadian.pdf', '0.53 MB', 'pdf', NULL, NULL, NULL, 0, NULL, 1, NULL, 'active', 1690269207, NULL, NULL),
(209, 867, 2137, 165, 'free', 0, 'upload', '/store/1/ebook/indonesia/68. Biang-biang Iblis.pdf', '0.44 MB', 'pdf', NULL, NULL, NULL, 0, NULL, 1, NULL, 'active', 1690269207, NULL, NULL),
(210, 867, 2138, 166, 'free', 0, 'upload', '/store/1/ebook/indonesia/69. Peti Bertuah.pdf', '0.32 MB', 'pdf', NULL, NULL, NULL, 0, NULL, 1, NULL, 'active', 1690269207, NULL, NULL),
(211, 867, 2139, 167, 'free', 0, 'upload', '/store/1/ebook/indonesia/7 langkah dharma menjadi benar-benar kaya.pdf', '0.35 MB', 'pdf', NULL, NULL, NULL, 0, NULL, 1, NULL, 'active', 1690269207, NULL, NULL),
(212, 867, 2140, 168, 'free', 0, 'upload', '/store/1/ebook/indonesia/70. Pulau Setan.pdf', '0.41 MB', 'pdf', NULL, NULL, NULL, 0, NULL, 1, NULL, 'active', 1690269207, NULL, NULL),
(213, 867, 2141, 169, 'free', 0, 'upload', '/store/1/ebook/indonesia/71. Petualang-petualang dari Nepal.pdf', '0.38 MB', 'pdf', NULL, NULL, NULL, 0, NULL, 1, NULL, 'active', 1690269207, NULL, NULL),
(214, 867, 2142, 170, 'free', 0, 'upload', '/store/1/ebook/indonesia/72. Batu Kematian.pdf', '0.34 MB', 'pdf', NULL, NULL, NULL, 0, NULL, 1, NULL, 'active', 1690269207, NULL, NULL),
(215, 867, 2143, 171, 'free', 0, 'upload', '/store/1/ebook/indonesia/73. Pembantai dari Mongol.pdf', '0.52 MB', 'pdf', NULL, NULL, NULL, 0, NULL, 1, NULL, 'active', 1690269207, NULL, NULL),
(216, 867, 2144, 172, 'free', 0, 'upload', '/store/1/ebook/indonesia/74. Panggilan Ke Alam Roh.pdf', '0.55 MB', 'pdf', NULL, NULL, NULL, 0, NULL, 1, NULL, 'active', 1690269207, NULL, NULL),
(217, 867, 2145, 173, 'free', 0, 'upload', '/store/1/ebook/indonesia/75. Racun Kelabang Merah.pdf', '0.43 MB', 'pdf', NULL, NULL, NULL, 0, NULL, 1, NULL, 'active', 1690269207, NULL, NULL),
(218, 867, 2146, 174, 'free', 0, 'upload', '/store/1/ebook/indonesia/76. Penjara Langit.pdf', '0.60 MB', 'pdf', NULL, NULL, NULL, 0, NULL, 1, NULL, 'active', 1690269207, NULL, NULL),
(219, 867, 2147, 175, 'free', 0, 'upload', '/store/1/ebook/indonesia/77. Sengketa Guci Pusaka.pdf', '0.48 MB', 'pdf', NULL, NULL, NULL, 0, NULL, 1, NULL, 'active', 1690269207, NULL, NULL),
(220, 867, 2148, 176, 'free', 0, 'upload', '/store/1/ebook/indonesia/78. Pembalasan darr Liang Lahat.pdf', '0.41 MB', 'pdf', NULL, NULL, NULL, 0, NULL, 1, NULL, 'active', 1690269207, NULL, NULL),
(221, 867, 2149, 177, 'free', 0, 'upload', '/store/1/ebook/indonesia/79. Iblis Buta.pdf', '0.53 MB', 'pdf', NULL, NULL, NULL, 0, NULL, 1, NULL, 'active', 1690269207, NULL, NULL),
(222, 867, 2150, 178, 'free', 0, 'upload', '/store/1/ebook/indonesia/7langkah.pdf', '0.35 MB', 'pdf', NULL, NULL, NULL, 0, NULL, 1, NULL, 'active', 1690269207, NULL, NULL),
(223, 867, 2151, 179, 'free', 0, 'upload', '/store/1/ebook/indonesia/80. Misteri Gadis Gila.pdf', '0.43 MB', 'pdf', NULL, NULL, NULL, 0, NULL, 1, NULL, 'active', 1690269207, NULL, NULL),
(224, 867, 2152, 180, 'free', 0, 'upload', '/store/1/ebook/indonesia/81. Mustika Ular Emas.pdf', '0.39 MB', 'pdf', NULL, NULL, NULL, 0, NULL, 1, NULL, 'active', 1690269207, NULL, NULL),
(225, 867, 2153, 181, 'free', 0, 'upload', '/store/1/ebook/indonesia/82 Lorong Batas Dunia.pdf', '0.33 MB', 'pdf', NULL, NULL, NULL, 0, NULL, 1, NULL, 'active', 1690269207, NULL, NULL),
(226, 867, 2154, 182, 'free', 0, 'upload', '/store/1/ebook/indonesia/83. Irama Maut.pdf', '0.27 MB', 'pdf', NULL, NULL, NULL, 0, NULL, 1, NULL, 'active', 1690269207, NULL, NULL),
(227, 867, 2155, 183, 'free', 0, 'upload', '/store/1/ebook/indonesia/84. Nyawa Kedua darr Langit.pdf', '0.46 MB', 'pdf', NULL, NULL, NULL, 0, NULL, 1, NULL, 'active', 1690269207, NULL, NULL),
(228, 867, 2156, 184, 'free', 0, 'upload', '/store/1/ebook/indonesia/85. Golok Kilat.pdf', '0.53 MB', 'pdf', NULL, NULL, NULL, 0, NULL, 1, NULL, 'active', 1690269207, NULL, NULL),
(229, 867, 2157, 185, 'free', 0, 'upload', '/store/1/ebook/indonesia/86. Penyair Cengeng.pdf', '0.42 MB', 'pdf', NULL, NULL, NULL, 0, NULL, 1, NULL, 'active', 1690269207, NULL, NULL),
(230, 867, 2158, 186, 'free', 0, 'upload', '/store/1/ebook/indonesia/87. Setan Bongkok.pdf', '0.40 MB', 'pdf', NULL, NULL, NULL, 0, NULL, 1, NULL, 'active', 1690269207, NULL, NULL),
(231, 867, 2159, 187, 'free', 0, 'upload', '/store/1/ebook/indonesia/88. Putri Teratai Merah.pdf', '0.46 MB', 'pdf', NULL, NULL, NULL, 0, NULL, 1, NULL, 'active', 1690269207, NULL, NULL),
(232, 867, 2160, 188, 'free', 0, 'upload', '/store/1/ebook/indonesia/89. Tombak Panca Warna.pdf', '0.47 MB', 'pdf', NULL, NULL, NULL, 0, NULL, 1, NULL, 'active', 1690269207, NULL, NULL),
(233, 867, 2161, 189, 'free', 0, 'upload', '/store/1/ebook/indonesia/90. Iblis Berkabung.pdf', '0.47 MB', 'pdf', NULL, NULL, NULL, 0, NULL, 1, NULL, 'active', 1690269207, NULL, NULL),
(234, 867, 2162, 190, 'free', 0, 'upload', '/store/1/ebook/indonesia/91. Sapu Jagad.pdf', '0.25 MB', 'pdf', NULL, NULL, NULL, 0, NULL, 1, NULL, 'active', 1690269207, NULL, NULL),
(235, 867, 2163, 191, 'free', 0, 'upload', '/store/1/ebook/indonesia/92. Memperebutkan Batu Kalimaya.pdf', '0.45 MB', 'pdf', NULL, NULL, NULL, 0, NULL, 1, NULL, 'active', 1690269207, NULL, NULL),
(236, 867, 2164, 192, 'free', 0, 'upload', '/store/1/ebook/indonesia/93. Perawan Buronan.pdf', '0.23 MB', 'pdf', NULL, NULL, NULL, 0, NULL, 1, NULL, 'active', 1690269207, NULL, NULL),
(237, 867, 2165, 193, 'free', 0, 'upload', '/store/1/ebook/indonesia/94. Pendekar Gunung Bromo.pdf', '0.46 MB', 'pdf', NULL, NULL, NULL, 0, NULL, 1, NULL, 'active', 1690269207, NULL, NULL),
(238, 867, 2166, 194, 'free', 0, 'upload', '/store/1/ebook/indonesia/95. Empu Jangkar Bumi.pdf', '0.53 MB', 'pdf', NULL, NULL, NULL, 0, NULL, 1, NULL, 'active', 1690269207, NULL, NULL),
(239, 867, 2167, 195, 'free', 0, 'upload', '/store/1/ebook/indonesia/96. Malaikat Tanpa Wajah.pdf', '0.34 MB', 'pdf', NULL, NULL, NULL, 0, NULL, 1, NULL, 'active', 1690269207, NULL, NULL),
(240, 867, 2168, 196, 'free', 0, 'upload', '/store/1/ebook/indonesia/Abed al-Jabiri (Epistimologi Hukum Islam).pdf', '0.19 MB', 'pdf', NULL, NULL, NULL, 0, NULL, 1, NULL, 'active', 1690269207, NULL, NULL),
(241, 867, 2169, 197, 'free', 0, 'upload', '/store/1/ebook/indonesia/Ada Setan Mengintai Anda (Hadits, Hadis, Hadith) by Shalih Asy Syadi.pdf', '0.54 MB', 'pdf', NULL, NULL, NULL, 0, NULL, 1, NULL, 'active', 1690269207, NULL, NULL),
(242, 867, 2170, 198, 'free', 0, 'upload', '/store/1/ebook/indonesia/Adi Buddha.pdf', '0.41 MB', 'pdf', NULL, NULL, NULL, 0, NULL, 1, NULL, 'active', 1690269207, NULL, NULL),
(243, 867, 2171, 199, 'free', 0, 'upload', '/store/1/ebook/indonesia/Agama  Budaya Nusantara Pasca Islamisasi by Sumanto Al Qurtuby  Tedi Kholiludin (editor).pdf', '2.96 MB', 'pdf', NULL, NULL, NULL, 0, NULL, 1, NULL, 'active', 1690269207, NULL, NULL),
(244, 867, 2172, 200, 'free', 0, 'upload', '/store/1/ebook/indonesia/Agama besar dunia (Great religions world).pdf', '1.98 MB', 'pdf', NULL, NULL, NULL, 0, NULL, 1, NULL, 'active', 1690269207, NULL, NULL),
(245, 867, 2173, 201, 'free', 0, 'upload', '/store/1/ebook/indonesia/Agama dan Bayang-Bayang Etis Syaikh Yusuf Al-Makassari - Dr. Mustari Mustafa.pdf', '0.92 MB', 'pdf', NULL, NULL, NULL, 0, NULL, 1, NULL, 'active', 1690269207, NULL, NULL),
(246, 867, 2174, 202, 'free', 0, 'upload', '/store/1/ebook/indonesia/Agama dan kehidupan dalam cerita rakyat.pdf', '9.23 MB', 'pdf', NULL, NULL, NULL, 0, NULL, 1, NULL, 'active', 1690269207, NULL, NULL),
(247, 867, 2175, 203, 'free', 0, 'upload', '/store/1/ebook/indonesia/Agama dan Kepercayaan Nusantara by Sumanto Al-Qurtuby.pdf', '4.61 MB', 'pdf', NULL, NULL, NULL, 0, NULL, 1, NULL, 'active', 1690269207, NULL, NULL),
(248, 867, 2176, 204, 'free', 0, 'upload', '/store/1/ebook/indonesia/Agama dan Masyarakat Multikultural Pilar-Pilar Membangun Kebersamaan dalam Perbedaan.pdf', '10.64 MB', 'pdf', NULL, NULL, NULL, 0, NULL, 1, NULL, 'active', 1690269207, NULL, NULL),
(249, 867, 2177, 205, 'free', 0, 'upload', '/store/1/ebook/indonesia/Agama dan Perdamaian Dari Potensi Menuju Aksi.pdf', '2.42 MB', 'pdf', NULL, NULL, NULL, 0, NULL, 1, NULL, 'active', 1690269207, NULL, NULL),
(250, 867, 2178, 206, 'free', 0, 'upload', '/store/1/ebook/indonesia/Agama Hindu dan Ajaran-Ajarannya by Khotimah.pdf', '0.53 MB', 'pdf', NULL, NULL, NULL, 0, NULL, 1, NULL, 'active', 1690269207, NULL, NULL),
(251, 867, 2179, 207, 'free', 0, 'upload', '/store/1/ebook/indonesia/Agama Jawa (Abangan, Santri, Priyayi dalam Kebudayaan Jawa) - Clifford Geertz.pdf', '13.65 MB', 'pdf', NULL, NULL, NULL, 0, NULL, 1, NULL, 'active', 1690269207, NULL, NULL),
(252, 867, 2180, 208, 'free', 0, 'upload', '/store/1/ebook/indonesia/Agama Katolik dan Yahudi Sejarah dan Ajaran by Tarpin, M.Ag.  Khotimah, M. Ag..pdf', '1.04 MB', 'pdf', NULL, NULL, NULL, 0, NULL, 1, NULL, 'active', 1690269207, NULL, NULL),
(253, 867, 2181, 209, 'free', 0, 'upload', '/store/1/ebook/indonesia/Agama Kong Hu Chu by Khairiah Husin M.Ag..pdf', '3.98 MB', 'pdf', NULL, NULL, NULL, 0, NULL, 1, NULL, 'active', 1690269207, NULL, NULL),
(254, 867, 2182, 210, 'free', 0, 'upload', '/store/1/ebook/indonesia/Agama Menggerakkan Perdamaian Catatan dari Lokakarya Pelembagaan Mediasi Antariman by Azis Anwar Fachrudin  Linah Khairiyah Pary.pdf', '8.02 MB', 'pdf', NULL, NULL, NULL, 0, NULL, 1, NULL, 'active', 1690269207, NULL, NULL),
(255, 867, 2183, 211, 'free', 0, 'upload', '/store/1/ebook/indonesia/Agama Yakrislam.pdf', '1.67 MB', 'pdf', NULL, NULL, NULL, 0, NULL, 1, NULL, 'active', 1690269207, NULL, NULL),
(256, 867, 2184, 212, 'free', 0, 'upload', '/store/1/ebook/indonesia/Agama, Budaya, dan Bencana by Agus Indiyanto dan Arqom Kuswanjono (editor).pdf', '3.04 MB', 'pdf', NULL, NULL, NULL, 0, NULL, 1, NULL, 'active', 1690269207, NULL, NULL),
(257, 867, 2185, 213, 'free', 0, 'upload', '/store/1/ebook/indonesia/Agama, Kerukunan, dan Binadamai di Indonesia Modul Lokakarya Penyuluh Agama.pdf', '2.47 MB', 'pdf', NULL, NULL, NULL, 0, NULL, 1, NULL, 'active', 1690269207, NULL, NULL),
(258, 867, 2186, 214, 'free', 0, 'upload', '/store/1/ebook/indonesia/Agama, Media dan Imajinasi by Mujiburrahman.pdf', '1.81 MB', 'pdf', NULL, NULL, NULL, 0, NULL, 1, NULL, 'active', 1690269207, NULL, NULL),
(259, 867, 2187, 215, 'free', 0, 'upload', '/store/1/ebook/indonesia/Agama, Negara,  Hak Asasi Manusia by Febi Yonesta, Mhammad Isnur, Nurkholis Hidayat, Sidik, Handika Febrian, Irma Latifah Sihite, Ahmad Biky.pdf', '4.65 MB', 'pdf', NULL, NULL, NULL, 0, NULL, 1, NULL, 'active', 1690269207, NULL, NULL),
(260, 867, 2188, 216, 'free', 0, 'upload', '/store/1/ebook/indonesia/Ajaran Agung Para Guru.pdf', '3.06 MB', 'pdf', NULL, NULL, NULL, 0, NULL, 1, NULL, 'active', 1690269207, NULL, NULL),
(261, 867, 2189, 217, 'free', 0, 'upload', '/store/1/ebook/indonesia/Ajaran Buddha dan kematian by Widyasena production.pdf', '3.29 MB', 'pdf', NULL, NULL, NULL, 0, NULL, 1, NULL, 'active', 1690269207, NULL, NULL),
(262, 867, 2190, 218, 'free', 0, 'upload', '/store/1/ebook/indonesia/ajaran buddha dan kematian.pdf', '3.29 MB', 'pdf', NULL, NULL, NULL, 0, NULL, 1, NULL, 'active', 1690269207, NULL, NULL),
(263, 867, 2191, 219, 'free', 0, 'upload', '/store/1/ebook/indonesia/Ajaran Esoterik dari Wat Phra Dhammakaya.pdf', '1.22 MB', 'pdf', NULL, NULL, NULL, 0, NULL, 1, NULL, 'active', 1690269207, NULL, NULL),
(264, 867, 2192, 220, 'free', 0, 'upload', '/store/1/ebook/indonesia/Ajaran Moralitas dalam Serat Kalatidha Perspektif Pendidikan Agama Hindu by Dr. Drs. Marsono, M.Pd.H..pdf', '0.58 MB', 'pdf', NULL, NULL, NULL, 0, NULL, 1, NULL, 'active', 1690269207, NULL, NULL),
(265, 867, 2193, 221, 'free', 0, 'upload', '/store/1/ebook/indonesia/Ajaran Tauhid Wujudiyah di Kalimantan Selatan Kajian Filologi Manuskrip Ambulung by Dr. Nur Kolis, M.Ag..pdf', '1.74 MB', 'pdf', NULL, NULL, NULL, 0, NULL, 1, NULL, 'active', 1690269207, NULL, NULL),
(266, 867, 2194, 222, 'free', 0, 'upload', '/store/1/ebook/indonesia/Akhlak Tasawuf by Dr. H. Badrudin, M.Ag..pdf', '1.38 MB', 'pdf', NULL, NULL, NULL, 0, NULL, 1, NULL, 'active', 1690269207, NULL, NULL),
(267, 867, 2195, 223, 'free', 0, 'upload', '/store/1/ebook/indonesia/Akhlak Tasawuf Jalan Lurus Mensucikan Diri by Dr. Zulfikli, M.Ag.  Dr. H. Jamaluddin, M.Us..pdf', '1.64 MB', 'pdf', NULL, NULL, NULL, 0, NULL, 1, NULL, 'active', 1690269207, NULL, NULL),
(268, 867, 2196, 224, 'free', 0, 'upload', '/store/1/ebook/indonesia/Akhlak Tasawuf Solusi Mencari Kebahagiaan dalam Kehidupan Esoteris dan Eksoteris by Dr. H. Muhammad Hasbi, M.Ag..pdf', '5.34 MB', 'pdf', NULL, NULL, NULL, 0, NULL, 1, NULL, 'active', 1690269207, NULL, NULL),
(269, 867, 2197, 225, 'free', 0, 'upload', '/store/1/ebook/indonesia/Al-Hikmah Memahami Teosofi Tarekat Qadiriyah wa Naqsyabandiyah by Dr. Kharisudin Aqib, M.Ag..pdf', '2.17 MB', 'pdf', NULL, NULL, NULL, 0, NULL, 1, NULL, 'active', 1690269207, NULL, NULL),
(270, 867, 2198, 226, 'free', 0, 'upload', '/store/1/ebook/indonesia/Al-Juwaini Peletak Dasar Teologi Rasional dalam Islam by Tsuroya Kiswali.pdf', '6.66 MB', 'pdf', NULL, NULL, NULL, 0, NULL, 1, NULL, 'active', 1690269207, NULL, NULL),
(271, 867, 2199, 227, 'free', 0, 'upload', '/store/1/ebook/indonesia/Al-Qur’an  Kesehatan Jiwa by Prof. Dr. HM. Hasballah Thaib, M.A.  Dr. H. Zamakhsyari bin Hasballah Thaib, Lc., M.A..pdf', '2.79 MB', 'pdf', NULL, NULL, NULL, 0, NULL, 1, NULL, 'active', 1690269207, NULL, NULL),
(272, 867, 2200, 228, 'free', 0, 'upload', '/store/1/ebook/indonesia/Aliran dan Paradigma Pemikiran Pendidikan Agama Islam Kontemporer by Dr. Hj. Evi Fatimatur Rusydiyah, M.Ag..pdf', '6.68 MB', 'pdf', NULL, NULL, NULL, 0, NULL, 1, NULL, 'active', 1690269207, NULL, NULL),
(273, 867, 2201, 229, 'free', 0, 'upload', '/store/1/ebook/indonesia/Allah Dekat dan Bersamamu by Muhammad Syafie El-Bantanie.pdf', '1.17 MB', 'pdf', NULL, NULL, NULL, 0, NULL, 1, NULL, 'active', 1690269207, NULL, NULL),
(274, 867, 2202, 230, 'free', 0, 'upload', '/store/1/ebook/indonesia/Allah, Liberty and Love Suatu Keberanian Mendamaikan Iman dan Kebebasan by Irshad Manji.pdf', '81.70 MB', 'pdf', NULL, NULL, NULL, 0, NULL, 1, NULL, 'active', 1690269207, NULL, NULL),
(275, 867, 2203, 231, 'free', 0, 'upload', '/store/1/ebook/indonesia/AMALAN ANIMISME DAN DINAMISME.pdf', '0.40 MB', 'pdf', NULL, NULL, NULL, 0, NULL, 1, NULL, 'active', 1690269207, NULL, NULL),
(276, 867, 2204, 232, 'free', 0, 'upload', '/store/1/ebook/indonesia/Ananda Penjaga Dhamma by Hellmuth Hecker.pdf', '0.97 MB', 'pdf', NULL, NULL, NULL, 0, NULL, 1, NULL, 'active', 1690269207, NULL, NULL),
(277, 867, 2205, 233, 'free', 0, 'upload', '/store/1/ebook/indonesia/Ananda Penjaga Dhamma.pdf', '0.97 MB', 'pdf', NULL, NULL, NULL, 0, NULL, 1, NULL, 'active', 1690269207, NULL, NULL),
(278, 867, 2206, 234, 'free', 0, 'upload', '/store/1/ebook/indonesia/Anatomi Fisiologi Manusia by Raimundus Chalik.pdf', '6.94 MB', 'pdf', NULL, NULL, NULL, 0, NULL, 1, NULL, 'active', 1690269207, NULL, NULL),
(279, 867, 2207, 235, 'free', 0, 'upload', '/store/1/ebook/indonesia/Anatta - Kumpulan Esai.pdf', '2.33 MB', 'pdf', NULL, NULL, NULL, 0, NULL, 1, NULL, 'active', 1690269207, NULL, NULL),
(280, 867, 2208, 236, 'free', 0, 'upload', '/store/1/ebook/indonesia/Anguttara Nikaya Jilid 1.pdf', '4.28 MB', 'pdf', NULL, NULL, NULL, 0, NULL, 1, NULL, 'active', 1690269207, NULL, NULL),
(281, 867, 2209, 237, 'free', 0, 'upload', '/store/1/ebook/indonesia/Anguttara Nikaya Jilid 2.pdf', '2.96 MB', 'pdf', NULL, NULL, NULL, 0, NULL, 1, NULL, 'active', 1690269207, NULL, NULL),
(282, 867, 2210, 238, 'free', 0, 'upload', '/store/1/ebook/indonesia/Anguttara Nikaya Jilid 3.pdf', '4.00 MB', 'pdf', NULL, NULL, NULL, 0, NULL, 1, NULL, 'active', 1690269207, NULL, NULL),
(283, 867, 2211, 239, 'free', 0, 'upload', '/store/1/ebook/indonesia/Anguttara Nikaya Jilid 4.pdf', '3.88 MB', 'pdf', NULL, NULL, NULL, 0, NULL, 1, NULL, 'active', 1690269207, NULL, NULL),
(284, 867, 2212, 240, 'free', 0, 'upload', '/store/1/ebook/indonesia/Anguttara Nikaya Jilid 5.pdf', '2.97 MB', 'pdf', NULL, NULL, NULL, 0, NULL, 1, NULL, 'active', 1690269207, NULL, NULL),
(285, 867, 2213, 241, 'free', 0, 'upload', '/store/1/ebook/indonesia/Anicca - Kumpulan Esai.pdf', '7.87 MB', 'pdf', NULL, NULL, NULL, 0, NULL, 1, NULL, 'active', 1690269207, NULL, NULL),
(286, 867, 2214, 242, 'free', 0, 'upload', '/store/1/ebook/indonesia/Antropologi Agama Wacana-Wacana Mutakhir dalam Kajian Religi dan Budaya by Tony Rudyansjah (editor) .pdf', '4.30 MB', 'pdf', NULL, NULL, NULL, 0, NULL, 1, NULL, 'active', 1690269207, NULL, NULL),
(287, 867, 2215, 243, 'free', 0, 'upload', '/store/1/ebook/indonesia/anuruddha yang unggul dalam mata dewa.pdf', '0.77 MB', 'pdf', NULL, NULL, NULL, 0, NULL, 1, NULL, 'active', 1690269207, NULL, NULL),
(288, 867, 2216, 244, 'free', 0, 'upload', '/store/1/ebook/indonesia/Anuruddha.pdf', '0.77 MB', 'pdf', NULL, NULL, NULL, 0, NULL, 1, NULL, 'active', 1690269207, NULL, NULL),
(289, 867, 2217, 245, 'free', 0, 'upload', '/store/1/ebook/indonesia/Apa dan siapa Hizbullah  Nasrallah by Farid Gaban , Surya Kusuma , Alfian Hamzah.pdf', '11.95 MB', 'pdf', NULL, NULL, NULL, 0, NULL, 1, NULL, 'active', 1690269207, NULL, NULL),
(290, 867, 2218, 246, 'free', 0, 'upload', '/store/1/ebook/indonesia/Arahattamagga Arahattaphala.pdf', '3.69 MB', 'pdf', NULL, NULL, NULL, 0, NULL, 1, NULL, 'active', 1690269207, NULL, NULL),
(291, 867, 2219, 247, 'free', 0, 'upload', '/store/1/ebook/indonesia/Aristoteles Inspirasi Untuk Hidup Lebih Bermakna by Sahrul Mauludi.pdf', '3.84 MB', 'pdf', NULL, NULL, NULL, 0, NULL, 1, NULL, 'active', 1690269207, NULL, NULL),
(292, 867, 2220, 248, 'free', 0, 'upload', '/store/1/ebook/indonesia/Arya sanghata sutra dharma-paryaya.pdf', '1.02 MB', 'pdf', NULL, NULL, NULL, 0, NULL, 1, NULL, 'active', 1690269207, NULL, NULL),
(293, 867, 2221, 249, 'free', 0, 'upload', '/store/1/ebook/indonesia/Asal Usul Pohon Salak dan Cerita-Cerita Bermakna Lainnya.pdf', '5.01 MB', 'pdf', NULL, NULL, NULL, 0, NULL, 1, NULL, 'active', 1690269207, NULL, NULL),
(294, 867, 2222, 250, 'free', 0, 'upload', '/store/1/ebook/indonesia/Asoka.pdf', '1.24 MB', 'pdf', NULL, NULL, NULL, 0, NULL, 1, NULL, 'active', 1690269207, NULL, NULL),
(295, 867, 2223, 251, 'free', 0, 'upload', '/store/1/ebook/indonesia/ATIWA-TIWA_M.Bija.pdf', '5.61 MB', 'pdf', NULL, NULL, NULL, 0, NULL, 1, NULL, 'active', 1690269207, NULL, NULL),
(296, 867, 2224, 252, 'free', 0, 'upload', '/store/1/ebook/indonesia/Atthasila.pdf', '0.84 MB', 'pdf', NULL, NULL, NULL, 0, NULL, 1, NULL, 'active', 1690269207, NULL, NULL),
(297, 867, 2225, 253, 'free', 0, 'upload', '/store/1/ebook/indonesia/Aturan Disiplin Para Bhikkhu.pdf', '0.70 MB', 'pdf', NULL, NULL, NULL, 0, NULL, 1, NULL, 'active', 1690269207, NULL, NULL),
(298, 867, 2226, 254, 'free', 0, 'upload', '/store/1/ebook/indonesia/avalokitesvara.pdf', '0.36 MB', 'pdf', NULL, NULL, NULL, 0, NULL, 1, NULL, 'active', 1690269207, NULL, NULL),
(299, 867, 2227, 255, 'free', 0, 'upload', '/store/1/ebook/indonesia/Bagaimana Saya Melepaskan Diri Dari Yi Kuan Tao.pdf', '0.50 MB', 'pdf', NULL, NULL, NULL, 0, NULL, 1, NULL, 'active', 1690269207, NULL, NULL),
(300, 867, 2228, 256, 'free', 0, 'upload', '/store/1/ebook/indonesia/bagaimana-memilih-agama.pdf', '0.23 MB', 'pdf', NULL, NULL, NULL, 0, NULL, 1, NULL, 'active', 1690269207, NULL, NULL),
(301, 867, 2229, 257, 'free', 0, 'upload', '/store/1/ebook/indonesia/bagaimana-mengembangkan-kebahagiaan-dalam-kehidupan-sehari-hari.pdf', '0.31 MB', 'pdf', NULL, NULL, NULL, 0, NULL, 1, NULL, 'active', 1690269207, NULL, NULL),
(302, 867, 2230, 258, 'free', 0, 'upload', '/store/1/ebook/indonesia/Bahagia, Kenapa Tidak by Reza Alexander Antonius Wattimena.pdf', '3.32 MB', 'pdf', NULL, NULL, NULL, 0, NULL, 1, NULL, 'active', 1690269207, NULL, NULL),
(303, 867, 2231, 259, 'free', 0, 'upload', '/store/1/ebook/indonesia/Baisajya guru buddha sutra.pdf', '8.66 MB', 'pdf', NULL, NULL, NULL, 0, NULL, 1, NULL, 'active', 1690269207, NULL, NULL),
(304, 867, 2232, 260, 'free', 0, 'upload', '/store/1/ebook/indonesia/Bangunlah dunia edisi 2.pdf', '1.36 MB', 'pdf', NULL, NULL, NULL, 0, NULL, 1, NULL, 'active', 1690269207, NULL, NULL),
(305, 867, 2233, 261, 'free', 0, 'upload', '/store/1/ebook/indonesia/Bantahan Hukum Cadar.pdf', '0.82 MB', 'pdf', NULL, NULL, NULL, 0, NULL, 1, NULL, 'active', 1690269207, NULL, NULL),
(306, 867, 2234, 262, 'free', 0, 'upload', '/store/1/ebook/indonesia/Beda-Beda Tetap Sama-Sama Teladan Saling Menghargai Perbedaan Imam Empat Mazhab by Siti Aisah.pdf', '2.54 MB', 'pdf', NULL, NULL, NULL, 0, NULL, 1, NULL, 'active', 1690269207, NULL, NULL),
(307, 867, 2235, 263, 'free', 0, 'upload', '/store/1/ebook/indonesia/Being a Lotus.pdf', '7.77 MB', 'pdf', NULL, NULL, NULL, 0, NULL, 1, NULL, 'active', 1690269207, NULL, NULL),
(308, 867, 2236, 264, 'free', 0, 'upload', '/store/1/ebook/indonesia/Belajar Mudah Tasawuf by Syekh Fadhlullah Haeri.pdf', '2.71 MB', 'pdf', NULL, NULL, NULL, 0, NULL, 1, NULL, 'active', 1690269207, NULL, NULL),
(309, 867, 2237, 265, 'free', 0, 'upload', '/store/1/ebook/indonesia/Beragama yang Mencerahkan Risalah Pemikiran Tanwir Muhammadiyah by Abdul Mu’ti  Azaki Khoirudin (editor).pdf', '5.84 MB', 'pdf', NULL, NULL, NULL, 0, NULL, 1, NULL, 'active', 1690269207, NULL, NULL),
(310, 867, 2238, 266, 'free', 0, 'upload', '/store/1/ebook/indonesia/Berdialog dengan Malaikat Cara Ampuh Bergaul dengan Makhluk Cahaya by Abi Jiha.pdf', '6.44 MB', 'pdf', NULL, NULL, NULL, 0, NULL, 1, NULL, 'active', 1690269207, NULL, NULL),
(311, 867, 2239, 267, 'free', 0, 'upload', '/store/1/ebook/indonesia/Berita Alam Gaib Sebelum dan Sesudah Hari Kemudian by Musannif Effendie.pdf', '1.10 MB', 'pdf', NULL, NULL, NULL, 0, NULL, 1, NULL, 'active', 1690269207, NULL, NULL),
(312, 867, 2240, 268, 'free', 0, 'upload', '/store/1/ebook/indonesia/Berjumpa 26 Nabi (Hadits, Hadis, Hadith) by Argawi Kandito.pdf', '1.04 MB', 'pdf', NULL, NULL, NULL, 0, NULL, 1, NULL, 'active', 1690269207, NULL, NULL),
(313, 867, 2241, 269, 'free', 0, 'upload', '/store/1/ebook/indonesia/Berkenalan dengan salaf [syaikh rabi\' bin hadi].pdf', '2.57 MB', 'pdf', NULL, NULL, NULL, 0, NULL, 1, NULL, 'active', 1690269207, NULL, NULL),
(314, 867, 2242, 270, 'free', 0, 'upload', '/store/1/ebook/indonesia/Bersahabat dengan Sutta dan Berkah-Berkah Tertinggi dalam Kehidupan.pdf', '2.62 MB', 'pdf', NULL, NULL, NULL, 0, NULL, 1, NULL, 'active', 1690269207, NULL, NULL),
(315, 867, 2243, 271, 'free', 0, 'upload', '/store/1/ebook/indonesia/Bersikap Islami Tinjauan Pedagogis dan Psikologis by Syaikh Adil Rasyad Ghanim.pdf', '5.13 MB', 'pdf', NULL, NULL, NULL, 0, NULL, 1, NULL, 'active', 1690269207, NULL, NULL),
(316, 867, 2244, 272, 'free', 0, 'upload', '/store/1/ebook/indonesia/Bhikkhu Tissa Bertemu Seorang Skeptik.pdf', '0.31 MB', 'pdf', NULL, NULL, NULL, 0, NULL, 1, NULL, 'active', 1690269207, NULL, NULL),
(317, 867, 2245, 273, 'free', 0, 'upload', '/store/1/ebook/indonesia/Bilangan Fu .pdf', '2.51 MB', 'pdf', NULL, NULL, NULL, 0, NULL, 1, NULL, 'active', 1690269207, NULL, NULL),
(318, 867, 2246, 274, 'free', 0, 'upload', '/store/1/ebook/indonesia/Bimbingan  Konseling Perspektif Al-Quran dan Sains by Prof. Dr. Syafaruddin, M.Pd..pdf', '2.39 MB', 'pdf', NULL, NULL, NULL, 0, NULL, 1, NULL, 'active', 1690269207, NULL, NULL),
(319, 867, 2247, 275, 'free', 0, 'upload', '/store/1/ebook/indonesia/Bimbingan Agama Untuk Kalangan Medis by Prof. Dr. H. M. Hasballah Thaib, M.A.  Dr. H. Zamakhsyari Hasballah, Lc., M.A..pdf', '1.07 MB', 'pdf', NULL, NULL, NULL, 0, NULL, 1, NULL, 'active', 1690269207, NULL, NULL),
(320, 867, 2248, 276, 'free', 0, 'upload', '/store/1/ebook/indonesia/Bimbingan Konseling Islami by Dr. Tarmizi, M.Pd.pdf', '9.37 MB', 'pdf', NULL, NULL, NULL, 0, NULL, 1, NULL, 'active', 1690269207, NULL, NULL),
(321, 867, 2249, 277, 'free', 0, 'upload', '/store/1/ebook/indonesia/biografi rama moorti tan tik sioe sian.pdf', '2.85 MB', 'pdf', NULL, NULL, NULL, 0, NULL, 1, NULL, 'active', 1690269207, NULL, NULL),
(322, 867, 2250, 278, 'free', 0, 'upload', '/store/1/ebook/indonesia/Bodhipakkhiya Dhamma (Sayap-Sayap Menuju Kebangunan) - JILID 1 by Vijjakusuma.pdf', '2.03 MB', 'pdf', NULL, NULL, NULL, 0, NULL, 1, NULL, 'active', 1690269207, NULL, NULL),
(323, 867, 2251, 279, 'free', 0, 'upload', '/store/1/ebook/indonesia/Bodhipakkhiya Dhamma (Sayap-Sayap Menuju Kebangunan) - JILID 1.pdf', '4.12 MB', 'pdf', NULL, NULL, NULL, 0, NULL, 1, NULL, 'active', 1690269207, NULL, NULL),
(324, 867, 2252, 280, 'free', 0, 'upload', '/store/1/ebook/indonesia/Bodhipakkhiya Dhamma (Sayap-Sayap Menuju Kebangunan) - JILID 2 by Vijjakusuma.pdf', '1.88 MB', 'pdf', NULL, NULL, NULL, 0, NULL, 1, NULL, 'active', 1690269207, NULL, NULL),
(325, 867, 2253, 281, 'free', 0, 'upload', '/store/1/ebook/indonesia/Bodhipakkhiya Dhamma (Sayap-Sayap Menuju Kebangunan) - JILID 2.pdf', '4.44 MB', 'pdf', NULL, NULL, NULL, 0, NULL, 1, NULL, 'active', 1690269207, NULL, NULL),
(326, 867, 2254, 282, 'free', 0, 'upload', '/store/1/ebook/indonesia/Bodhisattva Sangharama.pdf', '3.59 MB', 'pdf', NULL, NULL, NULL, 0, NULL, 1, NULL, 'active', 1690269207, NULL, NULL),
(327, 867, 2255, 283, 'free', 0, 'upload', '/store/1/ebook/indonesia/Born Again Kasus Reinkarnasi Tokoh dan Selebriti by dr. Walter Semkiw.pdf', '5.25 MB', 'pdf', NULL, NULL, NULL, 0, NULL, 1, NULL, 'active', 1690269207, NULL, NULL),
(328, 867, 2256, 284, 'free', 0, 'upload', '/store/1/ebook/indonesia/brahmavihara.pdf', '0.54 MB', 'pdf', NULL, NULL, NULL, 0, NULL, 1, NULL, 'active', 1690269207, NULL, NULL),
(329, 867, 2257, 285, 'free', 0, 'upload', '/store/1/ebook/indonesia/buddha-dan-dhamma-nya.pdf', '0.28 MB', 'pdf', NULL, NULL, NULL, 0, NULL, 1, NULL, 'active', 1690269207, NULL, NULL),
(330, 867, 2258, 286, 'free', 0, 'upload', '/store/1/ebook/indonesia/buddha-dan-pesannya.pdf', '0.23 MB', 'pdf', NULL, NULL, NULL, 0, NULL, 1, NULL, 'active', 1690269207, NULL, NULL),
(331, 867, 2259, 287, 'free', 0, 'upload', '/store/1/ebook/indonesia/Buddharupa.pdf', '1.28 MB', 'pdf', NULL, NULL, NULL, 0, NULL, 1, NULL, 'active', 1690269207, NULL, NULL),
(332, 867, 2260, 288, 'free', 0, 'upload', '/store/1/ebook/indonesia/Buddhism - Vipassana Meditation.pdf', '0.32 MB', 'pdf', NULL, NULL, NULL, 0, NULL, 1, NULL, 'active', 1690269207, NULL, NULL),
(333, 867, 2261, 289, 'free', 0, 'upload', '/store/1/ebook/indonesia/Buddhisme dan Sains.pdf', '15.44 MB', 'pdf', NULL, NULL, NULL, 0, NULL, 1, NULL, 'active', 1690269207, NULL, NULL),
(334, 867, 2262, 290, 'free', 0, 'upload', '/store/1/ebook/indonesia/BUKA LUWUR Kangjeng Sunan Kudus by Ary Budiyanto  Mahesa Agni.pdf', '90.70 MB', 'pdf', NULL, NULL, NULL, 0, NULL, 1, NULL, 'active', 1690269207, NULL, NULL),
(335, 867, 2263, 291, 'free', 0, 'upload', '/store/1/ebook/indonesia/BUKU FILSAFAT ISLAM MASA AWAL.pdf', '1.66 MB', 'pdf', NULL, NULL, NULL, 0, NULL, 1, NULL, 'active', 1690269207, NULL, NULL),
(336, 867, 2264, 292, 'free', 0, 'upload', '/store/1/ebook/indonesia/BUKU MASTER LU SHENG YEN 1-18.pdf', '9.98 MB', 'pdf', NULL, NULL, NULL, 0, NULL, 1, NULL, 'active', 1690269207, NULL, NULL),
(337, 867, 2265, 293, 'free', 0, 'upload', '/store/1/ebook/indonesia/buku pedoman umat buddha.pdf', '3.20 MB', 'pdf', NULL, NULL, NULL, 0, NULL, 1, NULL, 'active', 1690269207, NULL, NULL),
(338, 867, 2266, 294, 'free', 0, 'upload', '/store/1/ebook/indonesia/Buku Pegangan Guru Agama Buddha SMA Kelas 12 Kurikulum 2013 by Kementerian Pendidikan dan Kebudayaan .pdf', '6.83 MB', 'pdf', NULL, NULL, NULL, 0, NULL, 1, NULL, 'active', 1690269207, NULL, NULL),
(339, 867, 2267, 295, 'free', 0, 'upload', '/store/1/ebook/indonesia/Buku Pegangan Guru Agama Katolik SMA Kelas 12 Kurikulum 2013 by Kementerian Pendidikan dan Kebudayaan.pdf', '14.90 MB', 'pdf', NULL, NULL, NULL, 0, NULL, 1, NULL, 'active', 1690269207, NULL, NULL),
(340, 867, 2268, 296, 'free', 0, 'upload', '/store/1/ebook/indonesia/Buku Pegangan Guru Agama Kristen SMA Kelas 12 Kurikulum 2013 by Kementerian Pendidikan dan Kebudayaan.pdf', '3.46 MB', 'pdf', NULL, NULL, NULL, 0, NULL, 1, NULL, 'active', 1690269207, NULL, NULL),
(341, 867, 2269, 297, 'free', 0, 'upload', '/store/1/ebook/indonesia/Buku Pegangan Siswa Agama Hindu SMA Kelas 12 Kurikulum 2013 by Kementerian Pendidikan dan Kebudayaan .pdf', '13.46 MB', 'pdf', NULL, NULL, NULL, 0, NULL, 1, NULL, 'active', 1690269207, NULL, NULL),
(342, 867, 2270, 298, 'free', 0, 'upload', '/store/1/ebook/indonesia/Buku Pegangan Siswa Agama Konghucu SMA Kelas 12 Kurikulum 2013 by Kementerian Pendidikan dan Kebudayaan.pdf', '13.06 MB', 'pdf', NULL, NULL, NULL, 0, NULL, 1, NULL, 'active', 1690269207, NULL, NULL),
(343, 867, 2271, 299, 'free', 0, 'upload', '/store/1/ebook/indonesia/Buku Saku Filsafat islam by Haidar Bagir b.pdf', '5.99 MB', 'pdf', NULL, NULL, NULL, 0, NULL, 1, NULL, 'active', 1690269207, NULL, NULL),
(344, 867, 2272, 300, 'free', 0, 'upload', '/store/1/ebook/indonesia/Buku Saku Filsafat Islam by Haidar Bagir.pdf', '1.53 MB', 'pdf', NULL, NULL, NULL, 0, NULL, 1, NULL, 'active', 1690269207, NULL, NULL),
(345, 867, 2273, 301, 'free', 0, 'upload', '/store/1/ebook/indonesia/Buku Saku Rahasia Kebahagiaan Bekal Spiritual Orang Beriman Menghadapi Kesulitan Hidup by Ibnu Qhadib al-Ban.pdf', '2.47 MB', 'pdf', NULL, NULL, NULL, 0, NULL, 1, NULL, 'active', 1690269207, NULL, NULL),
(346, 867, 2274, 302, 'free', 0, 'upload', '/store/1/ebook/indonesia/Buku Saku Tasawuf by Haidar Bagir.pdf', '5.72 MB', 'pdf', NULL, NULL, NULL, 0, NULL, 1, NULL, 'active', 1690269207, NULL, NULL),
(347, 867, 2275, 303, 'free', 0, 'upload', '/store/1/ebook/indonesia/BUKU SUCI YULIkenyataan di neraka dan urutan tingkatan neraka.pdf', '5.62 MB', 'pdf', NULL, NULL, NULL, 0, NULL, 1, NULL, 'active', 1690269207, NULL, NULL),
(348, 867, 2276, 304, 'free', 0, 'upload', '/store/1/ebook/indonesia/Buku Yahira - Agama Samawi.pdf', '2.50 MB', 'pdf', NULL, NULL, NULL, 0, NULL, 1, NULL, 'active', 1690269207, NULL, NULL);
INSERT INTO `files` (`id`, `creator_id`, `webinar_id`, `chapter_id`, `accessibility`, `downloadable`, `storage`, `file`, `volume`, `file_type`, `interactive_type`, `interactive_file_name`, `interactive_file_path`, `check_previous_parts`, `access_after_day`, `online_viewer`, `order`, `status`, `created_at`, `updated_at`, `deleted_at`) VALUES
(349, 867, 2277, 305, 'free', 0, 'upload', '/store/1/ebook/indonesia/Bunga Rampai Peta Perbukuan Keagamaan Era Reformasi.pdf', '55.45 MB', 'pdf', NULL, NULL, NULL, 0, NULL, 1, NULL, 'active', 1690269207, NULL, NULL),
(350, 867, 2278, 306, 'free', 0, 'upload', '/store/1/ebook/indonesia/Cakrawala Pemikiran Pendidikan Islam by Prof. Dr. A. Tafsir, dkk..pdf', '6.02 MB', 'pdf', NULL, NULL, NULL, 0, NULL, 1, NULL, 'active', 1690269207, NULL, NULL),
(351, 867, 2279, 307, 'free', 0, 'upload', '/store/1/ebook/indonesia/Candi Fungsi dan Pengertiannya by Soekmono.pdf', '23.51 MB', 'pdf', NULL, NULL, NULL, 0, NULL, 1, NULL, 'active', 1690269207, NULL, NULL),
(352, 867, 2280, 308, 'free', 0, 'upload', '/store/1/ebook/indonesia/Cara Cepat Membaca Bahasa Tubuh by Joe Navarro  Marvin Karlins.pdf', '1.97 MB', 'pdf', NULL, NULL, NULL, 0, NULL, 1, NULL, 'active', 1690269207, NULL, NULL),
(353, 867, 2281, 309, 'free', 0, 'upload', '/store/1/ebook/indonesia/CARA MAKAN RASULULLAH SAW.pdf', '0.08 MB', 'pdf', NULL, NULL, NULL, 0, NULL, 1, NULL, 'active', 1690269207, NULL, NULL),
(354, 867, 2282, 310, 'free', 0, 'upload', '/store/1/ebook/indonesia/Cara Rasulullah Saw. Mendidik Anak by Ayu Agus Rianti, S.E..pdf', '12.11 MB', 'pdf', NULL, NULL, NULL, 0, NULL, 1, NULL, 'active', 1690269207, NULL, NULL),
(355, 867, 2283, 311, 'free', 0, 'upload', '/store/1/ebook/indonesia/Cariyapitaka.pdf', '0.98 MB', 'pdf', NULL, NULL, NULL, 0, NULL, 1, NULL, 'active', 1690269207, NULL, NULL),
(356, 867, 2284, 312, 'free', 0, 'upload', '/store/1/ebook/indonesia/Cengkeraman Nafsu Indria.pdf', '10.50 MB', 'pdf', NULL, NULL, NULL, 0, NULL, 1, NULL, 'active', 1690269207, NULL, NULL),
(357, 867, 2285, 313, 'free', 0, 'upload', '/store/1/ebook/indonesia/cinta-dan-kematian-(loving-and-dying).pdf', '0.51 MB', 'pdf', NULL, NULL, NULL, 0, NULL, 1, NULL, 'active', 1690269207, NULL, NULL),
(358, 867, 2286, 314, 'free', 0, 'upload', '/store/1/ebook/indonesia/Corak-Corak Jiwa by Arsyi Asy Syarifah, dkk..pdf', '19.87 MB', 'pdf', NULL, NULL, NULL, 0, NULL, 1, NULL, 'active', 1690269207, NULL, NULL),
(359, 867, 2287, 315, 'free', 0, 'upload', '/store/1/ebook/indonesia/COVID-19 Perspektif Agama dan Kesehatan by Tim Penulis.pdf', '18.48 MB', 'pdf', NULL, NULL, NULL, 0, NULL, 1, NULL, 'active', 1690269207, NULL, NULL),
(360, 867, 2288, 316, 'free', 0, 'upload', '/store/1/ebook/indonesia/Dakwah Antar Individu Teori dan Aplikasi (Edisi Revisi) by Dr. H. Abdul Basit, M.Ag..pdf', '1.88 MB', 'pdf', NULL, NULL, NULL, 0, NULL, 1, NULL, 'active', 1690269207, NULL, NULL),
(361, 867, 2289, 317, 'free', 0, 'upload', '/store/1/ebook/indonesia/Dakwah dan Perubahan Sosial by Dr. Yasril Yazid, MIS.  Nur Alhidayatillah, M.Kom.I..pdf', '7.77 MB', 'pdf', NULL, NULL, NULL, 0, NULL, 1, NULL, 'active', 1690269207, NULL, NULL),
(362, 867, 2290, 318, 'free', 0, 'upload', '/store/1/ebook/indonesia/Damai Tak Tergoyahkan.pdf', '0.85 MB', 'pdf', NULL, NULL, NULL, 0, NULL, 1, NULL, 'active', 1690269207, NULL, NULL),
(363, 867, 2291, 319, 'free', 0, 'upload', '/store/1/ebook/indonesia/Dampak Buruk Makanan Haram -- Abu Husein Leo.pdf', '0.10 MB', 'pdf', NULL, NULL, NULL, 0, NULL, 1, NULL, 'active', 1690269207, NULL, NULL),
(364, 867, 2292, 320, 'free', 0, 'upload', '/store/1/ebook/indonesia/Demi Toleransi Demi Pluralisme by Ihsan Ali-Fauzi, Syafiq Hasyim, J.H. Lamardy.pdf', '15.44 MB', 'pdf', NULL, NULL, NULL, 0, NULL, 1, NULL, 'active', 1690269207, NULL, NULL),
(365, 867, 2293, 321, 'free', 0, 'upload', '/store/1/ebook/indonesia/Demi Toleransi Demi Pluralisme.pdf', '1.81 MB', 'pdf', NULL, NULL, NULL, 0, NULL, 1, NULL, 'active', 1690269207, NULL, NULL),
(366, 867, 2294, 322, 'free', 0, 'upload', '/store/1/ebook/indonesia/Dhamma Dana Para Dhammaduta 1.pdf', '2.58 MB', 'pdf', NULL, NULL, NULL, 0, NULL, 1, NULL, 'active', 1690269207, NULL, NULL),
(367, 867, 2295, 323, 'free', 0, 'upload', '/store/1/ebook/indonesia/Dhamma Dana Para Dhammaduta 2.pdf', '6.65 MB', 'pdf', NULL, NULL, NULL, 0, NULL, 1, NULL, 'active', 1690269207, NULL, NULL),
(368, 867, 2296, 324, 'free', 0, 'upload', '/store/1/ebook/indonesia/Dhamma Dana Para Dhammaduta 3.pdf', '5.04 MB', 'pdf', NULL, NULL, NULL, 0, NULL, 1, NULL, 'active', 1690269207, NULL, NULL),
(369, 867, 2297, 325, 'free', 0, 'upload', '/store/1/ebook/indonesia/Dhamma Dana Para Dhammaduta 4.pdf', '2.59 MB', 'pdf', NULL, NULL, NULL, 0, NULL, 1, NULL, 'active', 1690269207, NULL, NULL),
(370, 867, 2298, 326, 'free', 0, 'upload', '/store/1/ebook/indonesia/dhamma dana para dhammaduta.pdf', '2.58 MB', 'pdf', NULL, NULL, NULL, 0, NULL, 1, NULL, 'active', 1690269207, NULL, NULL),
(371, 867, 2299, 327, 'free', 0, 'upload', '/store/1/ebook/indonesia/Dhamma Inspirasi Kehidupan by Bhikkhu Abhayanando.pdf', '3.50 MB', 'pdf', NULL, NULL, NULL, 0, NULL, 1, NULL, 'active', 1690269207, NULL, NULL),
(372, 867, 2300, 328, 'free', 0, 'upload', '/store/1/ebook/indonesia/Dhamma Inspirasi Kehidupan.pdf', '3.50 MB', 'pdf', NULL, NULL, NULL, 0, NULL, 1, NULL, 'active', 1690269207, NULL, NULL),
(373, 867, 2301, 329, 'free', 0, 'upload', '/store/1/ebook/indonesia/Dhamma untuk Perumah Tangga.pdf', '4.40 MB', 'pdf', NULL, NULL, NULL, 0, NULL, 1, NULL, 'active', 1690269207, NULL, NULL),
(374, 867, 2302, 330, 'free', 0, 'upload', '/store/1/ebook/indonesia/Dhammaclass Masa Vassa Vihara Vidyaloka 2.pdf', '2.11 MB', 'pdf', NULL, NULL, NULL, 0, NULL, 1, NULL, 'active', 1690269207, NULL, NULL),
(375, 867, 2303, 331, 'free', 0, 'upload', '/store/1/ebook/indonesia/dhammapada.pdf', '3.14 MB', 'pdf', NULL, NULL, NULL, 0, NULL, 1, NULL, 'active', 1690269207, NULL, NULL),
(376, 867, 2304, 332, 'free', 0, 'upload', '/store/1/ebook/indonesia/Dhammila Si Penangkap Ikan.pdf', '6.54 MB', 'pdf', NULL, NULL, NULL, 0, NULL, 1, NULL, 'active', 1690269207, NULL, NULL),
(377, 867, 2305, 333, 'free', 0, 'upload', '/store/1/ebook/indonesia/Dialog Budaya Spiritual by Tim Ditjenbud.pdf', '3.79 MB', 'pdf', NULL, NULL, NULL, 0, NULL, 1, NULL, 'active', 1690269207, NULL, NULL),
(378, 867, 2306, 334, 'free', 0, 'upload', '/store/1/ebook/indonesia/Dialog Dengan Alam Dewa.pdf', '22.99 MB', 'pdf', NULL, NULL, NULL, 0, NULL, 1, NULL, 'active', 1690269207, NULL, NULL),
(379, 867, 2307, 335, 'free', 0, 'upload', '/store/1/ebook/indonesia/Dialog Dengan Jin Muslim - Muhammad \'Isa Dawud.pdf', '8.72 MB', 'pdf', NULL, NULL, NULL, 0, NULL, 1, NULL, 'active', 1690269207, NULL, NULL),
(380, 867, 2308, 336, 'free', 0, 'upload', '/store/1/ebook/indonesia/Dialog Mazhab.pdf', '2.80 MB', 'pdf', NULL, NULL, NULL, 0, NULL, 1, NULL, 'active', 1690269207, NULL, NULL),
(381, 867, 2309, 337, 'free', 0, 'upload', '/store/1/ebook/indonesia/Digha Nikaya - Khotbah-Khotbah Panjang Sang Buddha by Dhammacitta press.pdf', '39.00 MB', 'pdf', NULL, NULL, NULL, 0, NULL, 1, NULL, 'active', 1690269207, NULL, NULL),
(382, 867, 2310, 338, 'free', 0, 'upload', '/store/1/ebook/indonesia/Digha Nikaya - Khotbah-Khotbah Panjang Sang Buddha.pdf', '3.88 MB', 'pdf', NULL, NULL, NULL, 0, NULL, 1, NULL, 'active', 1690269207, NULL, NULL),
(383, 867, 2311, 339, 'free', 0, 'upload', '/store/1/ebook/indonesia/Digital Karakter Perspektif Agama dan Pendidikan by Ronal G. Sirait.pdf', '13.57 MB', 'pdf', NULL, NULL, NULL, 0, NULL, 1, NULL, 'active', 1690269207, NULL, NULL),
(384, 867, 2312, 340, 'free', 0, 'upload', '/store/1/ebook/indonesia/Diktat Psikologi Keluarga by Mahfudh Fauzi, M.Pd..pdf', '1.60 MB', 'pdf', NULL, NULL, NULL, 0, NULL, 1, NULL, 'active', 1690269207, NULL, NULL),
(385, 867, 2313, 341, 'free', 0, 'upload', '/store/1/ebook/indonesia/Dilema Kesetaraan Gender Refleksi dan Respons Praksis by Sri Djoharwinarlien.pdf', '1.80 MB', 'pdf', NULL, NULL, NULL, 0, NULL, 1, NULL, 'active', 1690269207, NULL, NULL),
(386, 867, 2314, 342, 'free', 0, 'upload', '/store/1/ebook/indonesia/Dimensi Tradisional dan Spiritual dalam Agama Hindu.pdf', '4.66 MB', 'pdf', NULL, NULL, NULL, 0, NULL, 1, NULL, 'active', 1690269207, NULL, NULL),
(387, 867, 2315, 343, 'free', 0, 'upload', '/store/1/ebook/indonesia/Dinamika Islam Filipina, Burma, dan Thailand by Choirul Fuad Yusuf, Arif Syibromalisi, Ridwan Bustamam, Ali Fahrudin, Syaukani, Masmedia Pinem.pdf', '6.48 MB', 'pdf', NULL, NULL, NULL, 0, NULL, 1, NULL, 'active', 1690269207, NULL, NULL),
(388, 867, 2316, 344, 'free', 0, 'upload', '/store/1/ebook/indonesia/Dinamika Perkembangan Sistem Kepercayaan Lokal di Indonesia by Ahmad Syafii Mufid.pdf', '2.94 MB', 'pdf', NULL, NULL, NULL, 0, NULL, 1, NULL, 'active', 1690269207, NULL, NULL),
(389, 867, 2317, 345, 'free', 0, 'upload', '/store/1/ebook/indonesia/Disini Dan Saat Ini.pdf', '3.12 MB', 'pdf', NULL, NULL, NULL, 0, NULL, 1, NULL, 'active', 1690269207, NULL, NULL),
(390, 867, 2318, 346, 'free', 0, 'upload', '/store/1/ebook/indonesia/Diskursus Pluralisme Agama di Indonesia by Dr. H. M. Abzar Duraesa, M.Ag..pdf', '1.51 MB', 'pdf', NULL, NULL, NULL, 0, NULL, 1, NULL, 'active', 1690269207, NULL, NULL),
(391, 867, 2319, 347, 'free', 0, 'upload', '/store/1/ebook/indonesia/Dukkha - Kumpulan Esai.pdf', '2.65 MB', 'pdf', NULL, NULL, NULL, 0, NULL, 1, NULL, 'active', 1690269207, NULL, NULL),
(392, 867, 2320, 348, 'free', 0, 'upload', '/store/1/ebook/indonesia/Dukun, Mantra, dan Kepercayaan Masyarakat by T. Sianipar, Alwisol, Munawir Yusuf.pdf', '40.05 MB', 'pdf', NULL, NULL, NULL, 0, NULL, 1, NULL, 'active', 1690269207, NULL, NULL),
(393, 867, 2321, 349, 'free', 0, 'upload', '/store/1/ebook/indonesia/Empat Kebenaran Mulia.pdf', '0.50 MB', 'pdf', NULL, NULL, NULL, 0, NULL, 1, NULL, 'active', 1690269207, NULL, NULL),
(394, 867, 2322, 350, 'free', 0, 'upload', '/store/1/ebook/indonesia/Ensiklopedi Larangan 1.pdf', '16.96 MB', 'pdf', NULL, NULL, NULL, 0, NULL, 1, NULL, 'active', 1690269207, NULL, NULL),
(395, 867, 2323, 351, 'free', 0, 'upload', '/store/1/ebook/indonesia/Ensiklopedi Larangan 2.pdf', '17.88 MB', 'pdf', NULL, NULL, NULL, 0, NULL, 1, NULL, 'active', 1690269207, NULL, NULL),
(396, 867, 2324, 352, 'free', 0, 'upload', '/store/1/ebook/indonesia/Ensiklopedi Larangan 3.pdf', '18.51 MB', 'pdf', NULL, NULL, NULL, 0, NULL, 1, NULL, 'active', 1690269207, NULL, NULL),
(397, 867, 2325, 353, 'free', 0, 'upload', '/store/1/ebook/indonesia/epistimologi islam jawa.pdf', '0.36 MB', 'pdf', NULL, NULL, NULL, 0, NULL, 1, NULL, 'active', 1690269207, NULL, NULL),
(398, 867, 2326, 354, 'free', 0, 'upload', '/store/1/ebook/indonesia/Etika Keagamaan Nahdlatul Ulama Mengungkap Visi Moral di Balik Isu-Isu Pluralisme by M. Lutfi Mustofa.pdf', '2.72 MB', 'pdf', NULL, NULL, NULL, 0, NULL, 1, NULL, 'active', 1690269207, NULL, NULL),
(399, 867, 2327, 355, 'free', 0, 'upload', '/store/1/ebook/indonesia/Etika Monastik Buddhis I.pdf', '4.63 MB', 'pdf', NULL, NULL, NULL, 0, NULL, 1, NULL, 'active', 1690269207, NULL, NULL),
(400, 867, 2328, 356, 'free', 0, 'upload', '/store/1/ebook/indonesia/Etika Monastik Buddhis II.pdf', '4.42 MB', 'pdf', NULL, NULL, NULL, 0, NULL, 1, NULL, 'active', 1690269207, NULL, NULL),
(401, 867, 2329, 357, 'free', 0, 'upload', '/store/1/ebook/indonesia/Etika Muhammadiyah  Spirit Peradaban by Zakiyuddin Baidhawy  Azaki Khoirudin.pdf', '2.55 MB', 'pdf', NULL, NULL, NULL, 0, NULL, 1, NULL, 'active', 1690269207, NULL, NULL),
(402, 867, 2330, 358, 'free', 0, 'upload', '/store/1/ebook/indonesia/Etika Sufi Ibn Al-Arabi by Dr. H. Mukhlisin Sa’ad, M.Ag..pdf', '5.29 MB', 'pdf', NULL, NULL, NULL, 0, NULL, 1, NULL, 'active', 1690269207, NULL, NULL),
(403, 867, 2331, 359, 'free', 0, 'upload', '/store/1/ebook/indonesia/FAKTA DAN DATA KESESATAN TASAWUF MENURUT AL QURAN DAN AS SUNNAH (Tasauf Hadits Hadith Hadis Aqidah Akidah Firqah Fatwa) by Muhammad bin Jamil Zainu.pdf', '8.39 MB', 'pdf', NULL, NULL, NULL, 0, NULL, 1, NULL, 'active', 1690269207, NULL, NULL),
(404, 867, 2332, 360, 'free', 0, 'upload', '/store/1/ebook/indonesia/fakta ilmiah tentang keharaman babi.pdf', '0.59 MB', 'pdf', NULL, NULL, NULL, 0, NULL, 1, NULL, 'active', 1690269207, NULL, NULL),
(405, 867, 2333, 361, 'free', 0, 'upload', '/store/1/ebook/indonesia/Falsafah Dan Prinsip Asas Perubatan Melayu - Nornizam Ngadeni (PREVIEW).pdf', '12.95 MB', 'pdf', NULL, NULL, NULL, 0, NULL, 1, NULL, 'active', 1690269207, NULL, NULL),
(406, 867, 2334, 362, 'free', 0, 'upload', '/store/1/ebook/indonesia/Falsafah Pendidikan Islam Menguak Nilai-Nilai Pendidikan dalam Tradisi Islam by Asrul Daulay  Ja’far (editor).pdf', '7.63 MB', 'pdf', NULL, NULL, NULL, 0, NULL, 1, NULL, 'active', 1690269207, NULL, NULL),
(407, 867, 2335, 363, 'free', 0, 'upload', '/store/1/ebook/indonesia/Falsafat Agama by Harun Nasution.pdf', '7.26 MB', 'pdf', NULL, NULL, NULL, 0, NULL, 1, NULL, 'active', 1690269207, NULL, NULL),
(408, 867, 2336, 364, 'free', 0, 'upload', '/store/1/ebook/indonesia/Filosofi Teras by Henry Manampiring.pdf', '25.31 MB', 'pdf', NULL, NULL, NULL, 0, NULL, 1, NULL, 'active', 1690269207, NULL, NULL),
(409, 867, 2337, 365, 'free', 0, 'upload', '/store/1/ebook/indonesia/Filosofi, Asas, Ajaran, Teori Hukum Pertanahan, dan Agraria by Herman Soesanggobeng.pdf', '1.59 MB', 'pdf', NULL, NULL, NULL, 0, NULL, 1, NULL, 'active', 1690269207, NULL, NULL),
(410, 867, 2338, 366, 'free', 0, 'upload', '/store/1/ebook/indonesia/Filsafat Agama by Magdalena Pranata Santoso .pdf', '4.30 MB', 'pdf', NULL, NULL, NULL, 0, NULL, 1, NULL, 'active', 1690269207, NULL, NULL),
(411, 867, 2339, 367, 'free', 0, 'upload', '/store/1/ebook/indonesia/FILSAFAT AJARAN ISLAM - (Warning! ahmadiyah).pdf', '6.24 MB', 'pdf', NULL, NULL, NULL, 0, NULL, 1, NULL, 'active', 1690269207, NULL, NULL),
(412, 867, 2340, 368, 'free', 0, 'upload', '/store/1/ebook/indonesia/Filsafat Ajaran Islam by Hadhrat Mirza Ghulam Ahmad .pdf', '7.51 MB', 'pdf', NULL, NULL, NULL, 0, NULL, 1, NULL, 'active', 1690269207, NULL, NULL),
(413, 867, 2341, 369, 'free', 0, 'upload', '/store/1/ebook/indonesia/Filsafat Ajaran Islam notice Jemaat Ahmadiyah Indonesia.pdf', '42.59 MB', 'pdf', NULL, NULL, NULL, 0, NULL, 1, NULL, 'active', 1690269207, NULL, NULL),
(414, 867, 2342, 370, 'free', 0, 'upload', '/store/1/ebook/indonesia/Filsafat Barat Abad 21 by Saidul Amin.pdf', '3.20 MB', 'pdf', NULL, NULL, NULL, 0, NULL, 1, NULL, 'active', 1690269207, NULL, NULL),
(415, 867, 2343, 371, 'free', 0, 'upload', '/store/1/ebook/indonesia/Filsafat dan Ilmu.pdf', '9.76 MB', 'pdf', NULL, NULL, NULL, 0, NULL, 1, NULL, 'active', 1690269207, NULL, NULL),
(416, 867, 2344, 372, 'free', 0, 'upload', '/store/1/ebook/indonesia/Filsafat dan Metafisika Dalam Islam.pdf', '14.35 MB', 'pdf', NULL, NULL, NULL, 0, NULL, 1, NULL, 'active', 1690269207, NULL, NULL),
(417, 867, 2345, 373, 'free', 0, 'upload', '/store/1/ebook/indonesia/Filsafat Ekonomi Islam Basis Epistemologi Ekonomi Islam Muhammad Baqir Sadr by Supian Suri Muhammad Ali Hamzah, SE, MA, M.Ud..pdf', '2.00 MB', 'pdf', NULL, NULL, NULL, 0, NULL, 1, NULL, 'active', 1690269207, NULL, NULL),
(418, 867, 2346, 374, 'free', 0, 'upload', '/store/1/ebook/indonesia/Filsafat Feminisme (Studi Kritis terhadap Gerakan Pembaharuan Perempuan di Dunia Barat dan Islam) by Dr. Saidul Amin, MA..pdf', '2.80 MB', 'pdf', NULL, NULL, NULL, 0, NULL, 1, NULL, 'active', 1690269207, NULL, NULL),
(419, 867, 2347, 375, 'free', 0, 'upload', '/store/1/ebook/indonesia/Filsafat Fenomenologi Suatu Pengantar by Drs. Maraimbang Daulay, MA..pdf', '6.64 MB', 'pdf', NULL, NULL, NULL, 0, NULL, 1, NULL, 'active', 1690269207, NULL, NULL),
(420, 867, 2348, 376, 'free', 0, 'upload', '/store/1/ebook/indonesia/Filsafat Hukum (Tokoh-Tokoh Penting Filsafat Sejarah dan Intisari Pemikiran) by DR. H. Boy Nurdin, S.H., M.H..pdf', '36.07 MB', 'pdf', NULL, NULL, NULL, 0, NULL, 1, NULL, 'active', 1690269207, NULL, NULL),
(421, 867, 2349, 377, 'free', 0, 'upload', '/store/1/ebook/indonesia/Filsafat Hukum by Dr. Serlika Aprita, S.H., M.H.  Rio Adhitya, S.T., S.H., M.Kn..pdf', '14.84 MB', 'pdf', NULL, NULL, NULL, 0, NULL, 1, NULL, 'active', 1690269207, NULL, NULL),
(422, 867, 2350, 378, 'free', 0, 'upload', '/store/1/ebook/indonesia/Filsafat Hukum by Kamarusdiana, MH..pdf', '1.68 MB', 'pdf', NULL, NULL, NULL, 0, NULL, 1, NULL, 'active', 1690269207, NULL, NULL),
(423, 867, 2351, 379, 'free', 0, 'upload', '/store/1/ebook/indonesia/Filsafat Hukum Islam by Dr. Faisar Ananda Arfa, MA. (z-lib.org).pdf', '10.89 MB', 'pdf', NULL, NULL, NULL, 0, NULL, 1, NULL, 'active', 1690269207, NULL, NULL),
(424, 867, 2352, 380, 'free', 0, 'upload', '/store/1/ebook/indonesia/Filsafat Hukum Islam by Muhammad Syukri Albani Nasution.pdf', '19.20 MB', 'pdf', NULL, NULL, NULL, 0, NULL, 1, NULL, 'active', 1690269207, NULL, NULL),
(425, 867, 2353, 381, 'free', 0, 'upload', '/store/1/ebook/indonesia/Filsafat Hukum Islam by Prof. Dr. H. Suparman Usman, S.H.  Dr. Itang, M.Ag..pdf', '6.54 MB', 'pdf', NULL, NULL, NULL, 0, NULL, 1, NULL, 'active', 1690269207, NULL, NULL),
(426, 867, 2354, 382, 'free', 0, 'upload', '/store/1/ebook/indonesia/Filsafat Hukum Sejarah Aliran Dan Pemaknaan.pdf', '0.91 MB', 'pdf', NULL, NULL, NULL, 0, NULL, 1, NULL, 'active', 1690269207, NULL, NULL),
(427, 867, 2355, 383, 'free', 0, 'upload', '/store/1/ebook/indonesia/Filsafat Hukum Teori  Praktik by Prof. Dr. Sukarno Aburaera, S.H., Prof. Dr. Muhadar, S.H., M.Si., Maskun, S.H., LL.M..pdf', '2.00 MB', 'pdf', NULL, NULL, NULL, 0, NULL, 1, NULL, 'active', 1690269207, NULL, NULL),
(428, 867, 2356, 384, 'free', 0, 'upload', '/store/1/ebook/indonesia/Filsafat Ilmu Dan Logika.pdf', '1.41 MB', 'pdf', NULL, NULL, NULL, 0, NULL, 1, NULL, 'active', 1690269207, NULL, NULL),
(429, 867, 2357, 385, 'free', 0, 'upload', '/store/1/ebook/indonesia/Filsafat Ilmu etc.pdf', '4.01 MB', 'pdf', NULL, NULL, NULL, 0, NULL, 1, NULL, 'active', 1690269207, NULL, NULL),
(430, 867, 2358, 386, 'free', 0, 'upload', '/store/1/ebook/indonesia/Filsafat Ilmu Hakikat Mencari Pengetahuan by Ahmad Taufik Nasution.pdf', '1.72 MB', 'pdf', NULL, NULL, NULL, 0, NULL, 1, NULL, 'active', 1690269207, NULL, NULL),
(431, 867, 2359, 387, 'free', 0, 'upload', '/store/1/ebook/indonesia/Filsafat Ilmu Kajian atas Asumsi Dasar, Paradigma, dan Kerangka Teori Ilmu Pengetahuan by Mohammad Muslih.pdf', '1.50 MB', 'pdf', NULL, NULL, NULL, 0, NULL, 1, NULL, 'active', 1690269207, NULL, NULL),
(432, 867, 2360, 388, 'free', 0, 'upload', '/store/1/ebook/indonesia/FILSAFAT ILMU Mohammad-muslih.pdf', '0.74 MB', 'pdf', NULL, NULL, NULL, 0, NULL, 1, NULL, 'active', 1690269207, NULL, NULL),
(433, 867, 2361, 389, 'free', 0, 'upload', '/store/1/ebook/indonesia/Filsafat Ilmu Pendekatan Kajian Keislaman by Dr. Abdul Chalik.pdf', '6.21 MB', 'pdf', NULL, NULL, NULL, 0, NULL, 1, NULL, 'active', 1690269207, NULL, NULL),
(434, 867, 2362, 390, 'free', 0, 'upload', '/store/1/ebook/indonesia/Filsafat Ilmu Pengetahuan .pdf', '12.81 MB', 'pdf', NULL, NULL, NULL, 0, NULL, 1, NULL, 'active', 1690269207, NULL, NULL),
(435, 867, 2363, 391, 'free', 0, 'upload', '/store/1/ebook/indonesia/Filsafat Ilmu Pengetahuan Perspektif Barat dan Islam by Prof. Darwis A. Soelaiman, Ph.D..pdf', '2.60 MB', 'pdf', NULL, NULL, NULL, 0, NULL, 1, NULL, 'active', 1690269207, NULL, NULL),
(436, 867, 2364, 392, 'free', 0, 'upload', '/store/1/ebook/indonesia/Filsafat Ilmu.pdf', '6.21 MB', 'pdf', NULL, NULL, NULL, 0, NULL, 1, NULL, 'active', 1690269207, NULL, NULL),
(437, 867, 2365, 393, 'free', 0, 'upload', '/store/1/ebook/indonesia/Filsafat Islam 2016 (Khudori Soleh).pdf', '1.69 MB', 'pdf', NULL, NULL, NULL, 0, NULL, 1, NULL, 'active', 1690269207, NULL, NULL),
(438, 867, 2366, 394, 'free', 0, 'upload', '/store/1/ebook/indonesia/Filsafat Islam Dari Klasik Hingga Kontemporer by A. Khudori Soleh.pdf', '1.95 MB', 'pdf', NULL, NULL, NULL, 0, NULL, 1, NULL, 'active', 1690269207, NULL, NULL),
(439, 867, 2367, 395, 'free', 0, 'upload', '/store/1/ebook/indonesia/Filsafat Islam di Mesir Kontemporer by Prof. Dr. Afrizal M, M.A..pdf', '5.67 MB', 'pdf', NULL, NULL, NULL, 0, NULL, 1, NULL, 'active', 1690269207, NULL, NULL),
(440, 867, 2368, 396, 'free', 0, 'upload', '/store/1/ebook/indonesia/Filsafat Islam Dimensi, Teoretis dan Praktis by Prof. Dr. Amroeni Drajat, M.Ag..pdf', '9.60 MB', 'pdf', NULL, NULL, NULL, 0, NULL, 1, NULL, 'active', 1690269207, NULL, NULL),
(441, 867, 2369, 397, 'free', 0, 'upload', '/store/1/ebook/indonesia/Filsafat Islam Masa Awal - Drs H Ibrahim MPd.pdf', '1.66 MB', 'pdf', NULL, NULL, NULL, 0, NULL, 1, NULL, 'active', 1690269207, NULL, NULL),
(442, 867, 2370, 398, 'free', 0, 'upload', '/store/1/ebook/indonesia/Filsafat Jawa by dr. Abdullah Ciptoprawiro.pdf', '4.89 MB', 'pdf', NULL, NULL, NULL, 0, NULL, 1, NULL, 'active', 1690269207, NULL, NULL),
(443, 867, 2371, 399, 'free', 0, 'upload', '/store/1/ebook/indonesia/Filsafat Kata.pdf', '6.12 MB', 'pdf', NULL, NULL, NULL, 0, NULL, 1, NULL, 'active', 1690269207, NULL, NULL),
(444, 867, 2372, 400, 'free', 0, 'upload', '/store/1/ebook/indonesia/Filsafat Lingkungan Hidup Alam sebagai Sebuah Sistem Kehidupan by Dr. A. Sonny Keraf.pdf', '6.49 MB', 'pdf', NULL, NULL, NULL, 0, NULL, 1, NULL, 'active', 1690269207, NULL, NULL),
(445, 867, 2373, 401, 'free', 0, 'upload', '/store/1/ebook/indonesia/Filsafat Moral Islam Kritik Atas Berbagai Pandangan Moral by Murtaza Mutahhari.pdf', '8.54 MB', 'pdf', NULL, NULL, NULL, 0, NULL, 1, NULL, 'active', 1690269207, NULL, NULL),
(446, 867, 2374, 402, 'free', 0, 'upload', '/store/1/ebook/indonesia/Filsafat Pendidikan Agama Islam by Miswari.pdf', '10.26 MB', 'pdf', NULL, NULL, NULL, 0, NULL, 1, NULL, 'active', 1690269207, NULL, NULL),
(447, 867, 2375, 403, 'free', 0, 'upload', '/store/1/ebook/indonesia/Filsafat Pendidikan by Muhammad Anwar.pdf', '1.29 MB', 'pdf', NULL, NULL, NULL, 0, NULL, 1, NULL, 'active', 1690269207, NULL, NULL),
(448, 867, 2376, 404, 'free', 0, 'upload', '/store/1/ebook/indonesia/Filsafat Pendidikan Islam by A. Heris Hermawan, M.Ag..pdf', '9.67 MB', 'pdf', NULL, NULL, NULL, 0, NULL, 1, NULL, 'active', 1690269207, NULL, NULL),
(449, 867, 2377, 405, 'free', 0, 'upload', '/store/1/ebook/indonesia/Filsafat Pendidikan Islam by Dr. H. Ahmad Syar’i, M.Pd..pdf', '1.78 MB', 'pdf', NULL, NULL, NULL, 0, NULL, 1, NULL, 'active', 1690269207, NULL, NULL),
(450, 867, 2378, 406, 'free', 0, 'upload', '/store/1/ebook/indonesia/Filsafat Pendidikan Islam by Prof. Dr. H.A. Yunus, Drs., SH., MBA., M.Si. dan Dr. E. Kosmajadi, S.Ag., M.M.Pd.pdf', '3.35 MB', 'pdf', NULL, NULL, NULL, 0, NULL, 1, NULL, 'active', 1690269207, NULL, NULL),
(451, 867, 2379, 407, 'free', 0, 'upload', '/store/1/ebook/indonesia/Filsafat Pendidikan Islam Menguatkan Epistemologi Islam dalam Pendidikan by Dr. Toto Suharto, M.Ag..pdf', '1.90 MB', 'pdf', NULL, NULL, NULL, 0, NULL, 1, NULL, 'active', 1690269207, NULL, NULL),
(452, 867, 2380, 408, 'free', 0, 'upload', '/store/1/ebook/indonesia/Filsafat Perempuan dalam Islam Hak Perempuan dan Relevansi Etika Sosial by Murtadha Muthahhari.pdf', '2.55 MB', 'pdf', NULL, NULL, NULL, 0, NULL, 1, NULL, 'active', 1690269207, NULL, NULL),
(453, 867, 2381, 409, 'free', 0, 'upload', '/store/1/ebook/indonesia/Filsafat Perselingkuhan Sampai Anorexia Kudus by Reza Alexander Antonius Wattimena.pdf', '0.75 MB', 'pdf', NULL, NULL, NULL, 0, NULL, 1, NULL, 'active', 1690269207, NULL, NULL),
(454, 867, 2382, 410, 'free', 0, 'upload', '/store/1/ebook/indonesia/Filsafat Politik by Jason Brennan.pdf', '9.95 MB', 'pdf', NULL, NULL, NULL, 0, NULL, 1, NULL, 'active', 1690269207, NULL, NULL),
(455, 867, 2383, 411, 'free', 0, 'upload', '/store/1/ebook/indonesia/Filsafat Politik Islam Antara Al-Farabi dan Khomeini by Yamani [Yamani].pdf', '8.05 MB', 'pdf', NULL, NULL, NULL, 0, NULL, 1, NULL, 'active', 1690269207, NULL, NULL),
(456, 867, 2384, 412, 'free', 0, 'upload', '/store/1/ebook/indonesia/Filsafat sebagai ilmu kritis.pdf', '10.05 MB', 'pdf', NULL, NULL, NULL, 0, NULL, 1, NULL, 'active', 1690269207, NULL, NULL),
(457, 867, 2385, 413, 'free', 0, 'upload', '/store/1/ebook/indonesia/Filsafat Sejarah by G.W.F. Hegel.pdf', '5.63 MB', 'pdf', NULL, NULL, NULL, 0, NULL, 1, NULL, 'active', 1690269207, NULL, NULL),
(458, 867, 2386, 414, 'free', 0, 'upload', '/store/1/ebook/indonesia/FILSAFAT TERAKHIR- Evaluasi Filsafat Sepanjang Masa.pdf', '4.95 MB', 'pdf', NULL, NULL, NULL, 0, NULL, 1, NULL, 'active', 1690269207, NULL, NULL),
(459, 867, 2387, 415, 'free', 0, 'upload', '/store/1/ebook/indonesia/Filsafat-ilmu-mohammad-muslih.pdf', '0.74 MB', 'pdf', NULL, NULL, NULL, 0, NULL, 1, NULL, 'active', 1690269207, NULL, NULL),
(460, 867, 2388, 416, 'free', 0, 'upload', '/store/1/ebook/indonesia/Filsafat_dan_Teologi_Islam.pdf', '2.11 MB', 'pdf', NULL, NULL, NULL, 0, NULL, 1, NULL, 'active', 1690269207, NULL, NULL),
(461, 867, 2389, 417, 'free', 0, 'upload', '/store/1/ebook/indonesia/furqon, al - membongkar kesesatan filsafat.pdf', '117.94 MB', 'pdf', NULL, NULL, NULL, 0, NULL, 1, NULL, 'active', 1690269207, NULL, NULL),
(462, 867, 2390, 418, 'free', 0, 'upload', '/store/1/ebook/indonesia/Futuhul ghaib (pembuka tabir kegaiban).pdf', '1.44 MB', 'pdf', NULL, NULL, NULL, 0, NULL, 1, NULL, 'active', 1690269207, NULL, NULL),
(463, 867, 2391, 419, 'free', 0, 'upload', '/store/1/ebook/indonesia/Gelombang Lautan Jiwa Sebuah Psikomemoar by Anta Samsara.pdf', '1.65 MB', 'pdf', NULL, NULL, NULL, 0, NULL, 1, NULL, 'active', 1690269207, NULL, NULL),
(464, 867, 2392, 420, 'free', 0, 'upload', '/store/1/ebook/indonesia/Goresan Tinta Kehidupan.pdf', '4.75 MB', 'pdf', NULL, NULL, NULL, 0, NULL, 1, NULL, 'active', 1690269207, NULL, NULL),
(465, 867, 2393, 421, 'free', 0, 'upload', '/store/1/ebook/indonesia/Guru Kehidupan Cerita tentang Agama dan Masyarakat by Mahli Zainuddin Tago.pdf', '3.30 MB', 'pdf', NULL, NULL, NULL, 0, NULL, 1, NULL, 'active', 1690269207, NULL, NULL),
(466, 867, 2394, 422, 'free', 0, 'upload', '/store/1/ebook/indonesia/Guru Para Dewa by Susan Elbaum Jootla.pdf', '0.80 MB', 'pdf', NULL, NULL, NULL, 0, NULL, 1, NULL, 'active', 1690269207, NULL, NULL),
(467, 867, 2395, 423, 'free', 0, 'upload', '/store/1/ebook/indonesia/Guru Para Dewa.pdf', '0.80 MB', 'pdf', NULL, NULL, NULL, 0, NULL, 1, NULL, 'active', 1690269207, NULL, NULL),
(468, 867, 2396, 424, 'free', 0, 'upload', '/store/1/ebook/indonesia/Hakekat Agama.pdf', '0.80 MB', 'pdf', NULL, NULL, NULL, 0, NULL, 1, NULL, 'active', 1690269207, NULL, NULL),
(469, 867, 2397, 425, 'free', 0, 'upload', '/store/1/ebook/indonesia/Hakekat sufi.pdf', '0.98 MB', 'pdf', NULL, NULL, NULL, 0, NULL, 1, NULL, 'active', 1690269207, NULL, NULL),
(470, 867, 2398, 426, 'free', 0, 'upload', '/store/1/ebook/indonesia/HAKEKAT tasawuf.pdf', '1.53 MB', 'pdf', NULL, NULL, NULL, 0, NULL, 1, NULL, 'active', 1690269207, NULL, NULL),
(471, 867, 2399, 427, 'free', 0, 'upload', '/store/1/ebook/indonesia/hakekat_sufi.pdf', '1.13 MB', 'pdf', NULL, NULL, NULL, 0, NULL, 1, NULL, 'active', 1690269207, NULL, NULL),
(472, 867, 2400, 428, 'free', 0, 'upload', '/store/1/ebook/indonesia/Hakikat Jiwa Manusia Berdasarkan Al-Quran dan As-Sunnah by Abu Abdillah Fatih Falestin.pdf', '1.14 MB', 'pdf', NULL, NULL, NULL, 0, NULL, 1, NULL, 'active', 1690269207, NULL, NULL),
(473, 867, 2401, 429, 'free', 0, 'upload', '/store/1/ebook/indonesia/Hakikat Sufi.pdf', '0.60 MB', 'pdf', NULL, NULL, NULL, 0, NULL, 1, NULL, 'active', 1690269207, NULL, NULL),
(474, 867, 2402, 430, 'free', 0, 'upload', '/store/1/ebook/indonesia/hakikat sufi[syekh dr sholeh].pdf', '0.92 MB', 'pdf', NULL, NULL, NULL, 0, NULL, 1, NULL, 'active', 1690269207, NULL, NULL),
(475, 867, 2403, 431, 'free', 0, 'upload', '/store/1/ebook/indonesia/Hakikat Syiah.pdf', '5.26 MB', 'pdf', NULL, NULL, NULL, 0, NULL, 1, NULL, 'active', 1690269207, NULL, NULL),
(476, 867, 2404, 432, 'free', 0, 'upload', '/store/1/ebook/indonesia/Hakikat Tasawuf  \'Abdullah Taslim.pdf', '0.51 MB', 'pdf', NULL, NULL, NULL, 0, NULL, 1, NULL, 'active', 1690269207, NULL, NULL),
(477, 867, 2405, 433, 'free', 0, 'upload', '/store/1/ebook/indonesia/HALAL DAN HARAM INFINITY DOWNLINE.pdf', '0.25 MB', 'pdf', NULL, NULL, NULL, 0, NULL, 1, NULL, 'active', 1690269207, NULL, NULL),
(478, 867, 2406, 434, 'free', 0, 'upload', '/store/1/ebook/indonesia/Halal Haram.pdf', '3.88 MB', 'pdf', NULL, NULL, NULL, 0, NULL, 1, NULL, 'active', 1690269207, NULL, NULL),
(479, 867, 2407, 435, 'free', 0, 'upload', '/store/1/ebook/indonesia/halal MUI.pdf', '1.68 MB', 'pdf', NULL, NULL, NULL, 0, NULL, 1, NULL, 'active', 1690269207, NULL, NULL),
(480, 867, 2408, 436, 'free', 0, 'upload', '/store/1/ebook/indonesia/haram mengucapkan selamat natal.pdf', '1.21 MB', 'pdf', NULL, NULL, NULL, 0, NULL, 1, NULL, 'active', 1690269207, NULL, NULL),
(481, 867, 2409, 437, 'free', 0, 'upload', '/store/1/ebook/indonesia/haram merayakan natal dan tahun baru.pdf', '0.93 MB', 'pdf', NULL, NULL, NULL, 0, NULL, 1, NULL, 'active', 1690269207, NULL, NULL),
(482, 867, 2410, 438, 'free', 0, 'upload', '/store/1/ebook/indonesia/Haram-dan-Halal-dalam-Islam.pdf', '1.63 MB', 'pdf', NULL, NULL, NULL, 0, NULL, 1, NULL, 'active', 1690269207, NULL, NULL),
(483, 867, 2411, 439, 'free', 0, 'upload', '/store/1/ebook/indonesia/Haram.pdf', '0.11 MB', 'pdf', NULL, NULL, NULL, 0, NULL, 1, NULL, 'active', 1690269207, NULL, NULL),
(484, 867, 2412, 440, 'free', 0, 'upload', '/store/1/ebook/indonesia/Hidup Bukan Hanya Penderitaan.pdf', '2.71 MB', 'pdf', NULL, NULL, NULL, 0, NULL, 1, NULL, 'active', 1690269207, NULL, NULL),
(485, 867, 2413, 441, 'free', 0, 'upload', '/store/1/ebook/indonesia/Hidup Dalam Teropong Spiritual.pdf', '27.90 MB', 'pdf', NULL, NULL, NULL, 0, NULL, 1, NULL, 'active', 1690269207, NULL, NULL),
(486, 867, 2414, 442, 'free', 0, 'upload', '/store/1/ebook/indonesia/Hidup Sesuai Dhamma - Bhante Uttamo.pdf', '0.72 MB', 'pdf', NULL, NULL, NULL, 0, NULL, 1, NULL, 'active', 1690269207, NULL, NULL),
(487, 867, 2415, 443, 'free', 0, 'upload', '/store/1/ebook/indonesia/Hidup Sesuai Dhamma by Dhammacitta.org.pdf', '0.72 MB', 'pdf', NULL, NULL, NULL, 0, NULL, 1, NULL, 'active', 1690269207, NULL, NULL),
(488, 867, 2416, 444, 'free', 0, 'upload', '/store/1/ebook/indonesia/hidup-sesuai-dhamma.pdf', '0.41 MB', 'pdf', NULL, NULL, NULL, 0, NULL, 1, NULL, 'active', 1690269207, NULL, NULL),
(489, 867, 2417, 445, 'free', 0, 'upload', '/store/1/ebook/indonesia/Hikayat Penaklukan Diri Sendiri.pdf', '0.80 MB', 'pdf', NULL, NULL, NULL, 0, NULL, 1, NULL, 'active', 1690269207, NULL, NULL),
(490, 867, 2418, 446, 'free', 0, 'upload', '/store/1/ebook/indonesia/hkm maulid_Syaikh_Utsaimin.pdf', '0.15 MB', 'pdf', NULL, NULL, NULL, 0, NULL, 1, NULL, 'active', 1690269207, NULL, NULL),
(491, 867, 2419, 447, 'free', 0, 'upload', '/store/1/ebook/indonesia/Hukuim+Boikot+Produk+Orang+Kafir.pdf', '2.01 MB', 'pdf', NULL, NULL, NULL, 0, NULL, 1, NULL, 'active', 1690269207, NULL, NULL),
(492, 867, 2420, 448, 'free', 0, 'upload', '/store/1/ebook/indonesia/Hukum & Adab Islam [Indonesia].pdf', '2.08 MB', 'pdf', NULL, NULL, NULL, 0, NULL, 1, NULL, 'active', 1690269207, NULL, NULL),
(493, 867, 2421, 449, 'free', 0, 'upload', '/store/1/ebook/indonesia/hukum - istihza - ibnu \'abidin as-soronji.pdf', '0.12 MB', 'pdf', NULL, NULL, NULL, 0, NULL, 1, NULL, 'active', 1690269207, NULL, NULL),
(494, 867, 2422, 450, 'free', 0, 'upload', '/store/1/ebook/indonesia/hukum abborsi.pdf', '0.15 MB', 'pdf', NULL, NULL, NULL, 0, NULL, 1, NULL, 'active', 1690269207, NULL, NULL),
(495, 867, 2423, 451, 'free', 0, 'upload', '/store/1/ebook/indonesia/Hukum Bagi Murtad Kafir.pdf', '1.56 MB', 'pdf', NULL, NULL, NULL, 0, NULL, 1, NULL, 'active', 1690269207, NULL, NULL),
(496, 867, 2424, 452, 'free', 0, 'upload', '/store/1/ebook/indonesia/hukum bekerja di bank.pdf', '0.05 MB', 'pdf', NULL, NULL, NULL, 0, NULL, 1, NULL, 'active', 1690269207, NULL, NULL),
(497, 867, 2425, 453, 'free', 0, 'upload', '/store/1/ebook/indonesia/Hukum Binaan Di atas Kubur.pdf', '0.07 MB', 'pdf', NULL, NULL, NULL, 0, NULL, 1, NULL, 'active', 1690269207, NULL, NULL),
(498, 867, 2426, 454, 'free', 0, 'upload', '/store/1/ebook/indonesia/Hukum Cadar -- Khalid Syamhudi.pdf', '0.61 MB', 'pdf', NULL, NULL, NULL, 0, NULL, 1, NULL, 'active', 1690269207, NULL, NULL),
(499, 867, 2427, 455, 'free', 0, 'upload', '/store/1/ebook/indonesia/Hukum Cadar --- al Albani.pdf', '0.92 MB', 'pdf', NULL, NULL, NULL, 0, NULL, 1, NULL, 'active', 1690269207, NULL, NULL),
(500, 867, 2428, 456, 'free', 0, 'upload', '/store/1/ebook/indonesia/Hukum Foto dan Gambar.pdf', '0.22 MB', 'pdf', NULL, NULL, NULL, 0, NULL, 1, NULL, 'active', 1690269207, NULL, NULL),
(501, 867, 2429, 457, 'free', 0, 'upload', '/store/1/ebook/indonesia/Hukum foto, jenggot dan musik.pdf', '0.11 MB', 'pdf', NULL, NULL, NULL, 0, NULL, 1, NULL, 'active', 1690269207, NULL, NULL),
(502, 867, 2430, 458, 'free', 0, 'upload', '/store/1/ebook/indonesia/HUKUM FOTOGRAFI.pdf', '0.04 MB', 'pdf', NULL, NULL, NULL, 0, NULL, 1, NULL, 'active', 1690269207, NULL, NULL),
(503, 867, 2431, 459, 'free', 0, 'upload', '/store/1/ebook/indonesia/Hukum haid nifas berkabung.pdf', '0.11 MB', 'pdf', NULL, NULL, NULL, 0, NULL, 1, NULL, 'active', 1690269207, NULL, NULL),
(504, 867, 2432, 460, 'free', 0, 'upload', '/store/1/ebook/indonesia/Hukum Ikut Serta Dalam Parlemen.pdf', '0.01 MB', 'pdf', NULL, NULL, NULL, 0, NULL, 1, NULL, 'active', 1690269207, NULL, NULL),
(505, 867, 2433, 461, 'free', 0, 'upload', '/store/1/ebook/indonesia/Hukum Isbal [Menurunkan Pakaian Dibawah Mata Kaki] 7.pdf', '0.01 MB', 'pdf', NULL, NULL, NULL, 0, NULL, 1, NULL, 'active', 1690269207, NULL, NULL),
(506, 867, 2434, 462, 'free', 0, 'upload', '/store/1/ebook/indonesia/hukum islam indonesia (1).pdf', '15.95 MB', 'pdf', NULL, NULL, NULL, 0, NULL, 1, NULL, 'active', 1690269207, NULL, NULL),
(507, 867, 2435, 463, 'free', 0, 'upload', '/store/1/ebook/indonesia/hukum islam indonesia.pdf', '8.01 MB', 'pdf', NULL, NULL, NULL, 0, NULL, 1, NULL, 'active', 1690269207, NULL, NULL),
(508, 867, 2436, 464, 'free', 0, 'upload', '/store/1/ebook/indonesia/hukum jihad di palestina.pdf', '0.15 MB', 'pdf', NULL, NULL, NULL, 0, NULL, 1, NULL, 'active', 1690269207, NULL, NULL),
(509, 867, 2437, 465, 'free', 0, 'upload', '/store/1/ebook/indonesia/hukum lagu musik-syeh albani.pdf', '10.25 MB', 'pdf', NULL, NULL, NULL, 0, NULL, 1, NULL, 'active', 1690269207, NULL, NULL),
(510, 867, 2438, 466, 'free', 0, 'upload', '/store/1/ebook/indonesia/Hukum Lakonan.pdf', '0.04 MB', 'pdf', NULL, NULL, NULL, 0, NULL, 1, NULL, 'active', 1690269207, NULL, NULL),
(511, 867, 2439, 467, 'free', 0, 'upload', '/store/1/ebook/indonesia/Hukum Mandi Jinabah.pdf', '0.30 MB', 'pdf', NULL, NULL, NULL, 0, NULL, 1, NULL, 'active', 1690269207, NULL, NULL),
(512, 867, 2440, 468, 'free', 0, 'upload', '/store/1/ebook/indonesia/Hukum Melafadzkan Niat.pdf', '0.32 MB', 'pdf', NULL, NULL, NULL, 0, NULL, 1, NULL, 'active', 1690269207, NULL, NULL),
(513, 867, 2441, 469, 'free', 0, 'upload', '/store/1/ebook/indonesia/Hukum Melaksanakan Shalat Ied.pdf', '0.11 MB', 'pdf', NULL, NULL, NULL, 0, NULL, 1, NULL, 'active', 1690269207, NULL, NULL),
(514, 867, 2442, 470, 'free', 0, 'upload', '/store/1/ebook/indonesia/Hukum Memakai Cadar dalam Pandangan 4 Madzhab.pdf', '0.14 MB', 'pdf', NULL, NULL, NULL, 0, NULL, 1, NULL, 'active', 1690269207, NULL, NULL),
(515, 867, 2443, 471, 'free', 0, 'upload', '/store/1/ebook/indonesia/HUKUM MEMBUNUH TAWANAN [Syaikh Yusuf Al Uyairi]_(39).pdf', '0.25 MB', 'pdf', NULL, NULL, NULL, 0, NULL, 1, NULL, 'active', 1690269207, NULL, NULL),
(516, 867, 2444, 472, 'free', 0, 'upload', '/store/1/ebook/indonesia/hukum meminta pertolongan pada jin untuk mengetahui perkara gaib dan untuk hipnotis.pdf', '0.23 MB', 'pdf', NULL, NULL, NULL, 0, NULL, 1, NULL, 'active', 1690269207, NULL, NULL),
(517, 867, 2445, 473, 'free', 0, 'upload', '/store/1/ebook/indonesia/HUKUM MEMOHON KEPADA ALLAH DENGAN KEDUDUKAN DAN KEMULIAAN ORANG SALEH.pdf', '0.19 MB', 'pdf', NULL, NULL, NULL, 0, NULL, 1, NULL, 'active', 1690269207, NULL, NULL),
(518, 867, 2446, 474, 'free', 0, 'upload', '/store/1/ebook/indonesia/hukum mempergunakan zakat untuk membangun masjid.pdf', '0.07 MB', 'pdf', NULL, NULL, NULL, 0, NULL, 1, NULL, 'active', 1690269207, NULL, NULL),
(519, 867, 2447, 475, 'free', 0, 'upload', '/store/1/ebook/indonesia/hukum memperingati maulid nabi - syaikh muhammad bin shalih al utsaimin.pdf', '0.15 MB', 'pdf', NULL, NULL, NULL, 0, NULL, 1, NULL, 'active', 1690269207, NULL, NULL),
(520, 867, 2448, 476, 'free', 0, 'upload', '/store/1/ebook/indonesia/hukum memperingati maulid nabi.pdf', '0.15 MB', 'pdf', NULL, NULL, NULL, 0, NULL, 1, NULL, 'active', 1690269207, NULL, NULL),
(521, 867, 2449, 477, 'free', 0, 'upload', '/store/1/ebook/indonesia/Hukum Mencela & Istihza\' thd Allah, Rasul-Nya & Syari\'at-Nya---Ibnu \'Abidin As-Soronji.pdf', '0.12 MB', 'pdf', NULL, NULL, NULL, 0, NULL, 1, NULL, 'active', 1690269207, NULL, NULL),
(522, 867, 2450, 478, 'free', 0, 'upload', '/store/1/ebook/indonesia/Hukum mencela dan istihza_.pdf', '0.12 MB', 'pdf', NULL, NULL, NULL, 0, NULL, 1, NULL, 'active', 1690269207, NULL, NULL),
(523, 867, 2451, 479, 'free', 0, 'upload', '/store/1/ebook/indonesia/hukum mencium tangan dan menunduk.pdf', '0.22 MB', 'pdf', NULL, NULL, NULL, 0, NULL, 1, NULL, 'active', 1690269207, NULL, NULL),
(524, 867, 2452, 480, 'free', 0, 'upload', '/store/1/ebook/indonesia/hukum mendengarkan nyanyian.pdf', '0.09 MB', 'pdf', NULL, NULL, NULL, 0, NULL, 1, NULL, 'active', 1690269207, NULL, NULL),
(525, 867, 2453, 481, 'free', 0, 'upload', '/store/1/ebook/indonesia/Hukum Menghadiahkan Pahala Al-Quran kepada Si Mati -Syeikh Muhaddith Abdullah Siddiq Al-Ghummari...pdf', '1.27 MB', 'pdf', NULL, NULL, NULL, 0, NULL, 1, NULL, 'active', 1690269207, NULL, NULL),
(526, 867, 2454, 482, 'free', 0, 'upload', '/store/1/ebook/indonesia/Hukum Mengiringi Sembahyang Zohor Selepas Sembahyang Juma\'at.pdf', '0.12 MB', 'pdf', NULL, NULL, NULL, 0, NULL, 1, NULL, 'active', 1690269207, NULL, NULL),
(527, 867, 2455, 483, 'free', 0, 'upload', '/store/1/ebook/indonesia/Hukum mengkafirkan sesama muslim - Syaikh Al-Albani.pdf', '4.41 MB', 'pdf', NULL, NULL, NULL, 0, NULL, 1, NULL, 'active', 1690269207, NULL, NULL),
(528, 867, 2456, 484, 'free', 0, 'upload', '/store/1/ebook/indonesia/HUKUM MENGOLEKSI PATUNG.pdf', '0.04 MB', 'pdf', NULL, NULL, NULL, 0, NULL, 1, NULL, 'active', 1690269207, NULL, NULL),
(529, 867, 2457, 485, 'free', 0, 'upload', '/store/1/ebook/indonesia/hukum meninggalkan sholat.pdf', '0.58 MB', 'pdf', NULL, NULL, NULL, 0, NULL, 1, NULL, 'active', 1690269207, NULL, NULL),
(530, 867, 2458, 486, 'free', 0, 'upload', '/store/1/ebook/indonesia/HUKUM MENONTON TELEVISI.pdf', '0.04 MB', 'pdf', NULL, NULL, NULL, 0, NULL, 1, NULL, 'active', 1690269207, NULL, NULL),
(531, 867, 2459, 487, 'free', 0, 'upload', '/store/1/ebook/indonesia/hukum menyediakan kenduri kematian.pdf', '0.20 MB', 'pdf', NULL, NULL, NULL, 0, NULL, 1, NULL, 'active', 1690269207, NULL, NULL),
(532, 867, 2460, 488, 'free', 0, 'upload', '/store/1/ebook/indonesia/Hukum Merayakan Hari Lahir (ulang tahun) Seseorang.pdf', '0.17 MB', 'pdf', NULL, NULL, NULL, 0, NULL, 1, NULL, 'active', 1690269207, NULL, NULL),
(533, 867, 2461, 489, 'free', 0, 'upload', '/store/1/ebook/indonesia/hukum merokok.pdf', '0.27 MB', 'pdf', NULL, NULL, NULL, 0, NULL, 1, NULL, 'active', 1690269207, NULL, NULL),
(534, 867, 2462, 490, 'free', 0, 'upload', '/store/1/ebook/indonesia/hukum minyak wangi (parfum) berkadar alkohol.pdf', '0.02 MB', 'pdf', NULL, NULL, NULL, 0, NULL, 1, NULL, 'active', 1690269207, NULL, NULL),
(535, 867, 2463, 491, 'free', 0, 'upload', '/store/1/ebook/indonesia/Hukum Musik dan Nyanyian.pdf', '0.30 MB', 'pdf', NULL, NULL, NULL, 0, NULL, 1, NULL, 'active', 1690269207, NULL, NULL),
(536, 867, 2464, 492, 'free', 0, 'upload', '/store/1/ebook/indonesia/hukum ohm & hambatan.pdf', '1.34 MB', 'pdf', NULL, NULL, NULL, 0, NULL, 1, NULL, 'active', 1690269207, NULL, NULL),
(537, 867, 2465, 493, 'free', 0, 'upload', '/store/1/ebook/indonesia/Hukum Orang Meninggalkan Shalat.pdf', '2.52 MB', 'pdf', NULL, NULL, NULL, 0, NULL, 1, NULL, 'active', 1690269207, NULL, NULL),
(538, 867, 2466, 494, 'free', 0, 'upload', '/store/1/ebook/indonesia/Hukum Orang Yang Meninggalkan Shalat.pdf', '1.18 MB', 'pdf', NULL, NULL, NULL, 0, NULL, 1, NULL, 'active', 1690269207, NULL, NULL),
(539, 867, 2467, 495, 'free', 0, 'upload', '/store/1/ebook/indonesia/hukum org yg meninggalkan sholat [muhammad bin shaleh al utsaimin].pdf', '1.18 MB', 'pdf', NULL, NULL, NULL, 0, NULL, 1, NULL, 'active', 1690269207, NULL, NULL),
(540, 867, 2468, 496, 'free', 0, 'upload', '/store/1/ebook/indonesia/hukum pasta gigi.pdf', '0.58 MB', 'pdf', NULL, NULL, NULL, 0, NULL, 1, NULL, 'active', 1690269207, NULL, NULL),
(541, 867, 2469, 497, 'free', 0, 'upload', '/store/1/ebook/indonesia/Hukum Pengkafiran Dan Pemboman 1.pdf', '0.02 MB', 'pdf', NULL, NULL, NULL, 0, NULL, 1, NULL, 'active', 1690269207, NULL, NULL),
(542, 867, 2470, 498, 'free', 0, 'upload', '/store/1/ebook/indonesia/Hukum Pengkafiran Terhadap Penguasa, Metode Penculikan Dan Pembunuhan Misterius !.pdf', '0.01 MB', 'pdf', NULL, NULL, NULL, 0, NULL, 1, NULL, 'active', 1690269207, NULL, NULL),
(543, 867, 2471, 499, 'free', 0, 'upload', '/store/1/ebook/indonesia/Hukum Perayaan Menyambut Tahun Baru 3.pdf', '0.00 MB', 'pdf', NULL, NULL, NULL, 0, NULL, 1, NULL, 'active', 1690269207, NULL, NULL),
(544, 867, 2472, 500, 'free', 0, 'upload', '/store/1/ebook/indonesia/Hukum Perkawinan Dengan Ahlul Bid\'ah----Dr. Ibrahim bin 窶連mir Ar-Ruhaili.pdf', '0.18 MB', 'pdf', NULL, NULL, NULL, 0, NULL, 1, NULL, 'active', 1690269207, NULL, NULL),
(545, 867, 2473, 501, 'free', 0, 'upload', '/store/1/ebook/indonesia/Hukum Perkawinan dengan Ahlul Bid\'ah[Dr. Ibrahim bin ‘Amir Ar-Ruhaili].pdf', '0.18 MB', 'pdf', NULL, NULL, NULL, 0, NULL, 1, NULL, 'active', 1690269207, NULL, NULL),
(546, 867, 2474, 502, 'free', 0, 'upload', '/store/1/ebook/indonesia/Hukum pernikahan dg ahlul bid\'ah.pdf', '0.18 MB', 'pdf', NULL, NULL, NULL, 0, NULL, 1, NULL, 'active', 1690269207, NULL, NULL),
(547, 867, 2475, 503, 'free', 0, 'upload', '/store/1/ebook/indonesia/Hukum Qiradh (4 Mazhab).pdf', '0.12 MB', 'pdf', NULL, NULL, NULL, 0, NULL, 1, NULL, 'active', 1690269207, NULL, NULL),
(548, 867, 2476, 504, 'free', 0, 'upload', '/store/1/ebook/indonesia/Hukum Shaf yg Terpisah dg Tiang Masjid -- Askari Jamal al Bugisi.pdf', '0.30 MB', 'pdf', NULL, NULL, NULL, 0, NULL, 1, NULL, 'active', 1690269207, NULL, NULL),
(549, 867, 2477, 505, 'free', 0, 'upload', '/store/1/ebook/indonesia/Hukum Shalat di belakang Imam yang berqunut Shubuh.pdf', '0.24 MB', 'pdf', NULL, NULL, NULL, 0, NULL, 1, NULL, 'active', 1690269207, NULL, NULL),
(550, 867, 2478, 506, 'free', 0, 'upload', '/store/1/ebook/indonesia/Hukum Shalat Ied, Wajib atau Sunah -- Mushthafa bin Isma\'il as Sulaimani.pdf', '0.15 MB', 'pdf', NULL, NULL, NULL, 0, NULL, 1, NULL, 'active', 1690269207, NULL, NULL),
(551, 867, 2479, 507, 'free', 0, 'upload', '/store/1/ebook/indonesia/Hukum shalat ied.pdf', '0.15 MB', 'pdf', NULL, NULL, NULL, 0, NULL, 1, NULL, 'active', 1690269207, NULL, NULL),
(552, 867, 2480, 508, 'free', 0, 'upload', '/store/1/ebook/indonesia/hukum shalat jama\'ah kedua.pdf', '1.98 MB', 'pdf', NULL, NULL, NULL, 0, NULL, 1, NULL, 'active', 1690269207, NULL, NULL),
(553, 867, 2481, 509, 'free', 0, 'upload', '/store/1/ebook/indonesia/Hukum Sihir & Dukun [Abdul Aziz].pdf', '0.74 MB', 'pdf', NULL, NULL, NULL, 0, NULL, 1, NULL, 'active', 1690269207, NULL, NULL),
(554, 867, 2482, 510, 'free', 0, 'upload', '/store/1/ebook/indonesia/Hukum Sihir Dan Perdukunan.pdf', '1.78 MB', 'pdf', NULL, NULL, NULL, 0, NULL, 1, NULL, 'active', 1690269207, NULL, NULL),
(555, 867, 2483, 511, 'free', 0, 'upload', '/store/1/ebook/indonesia/hukum sihir, dukun & zina [dr moh mu\'inudin].pdf', '1.22 MB', 'pdf', NULL, NULL, NULL, 0, NULL, 1, NULL, 'active', 1690269207, NULL, NULL),
(556, 867, 2484, 512, 'free', 0, 'upload', '/store/1/ebook/indonesia/Hukum Solat Jamaah.pdf', '0.32 MB', 'pdf', NULL, NULL, NULL, 0, NULL, 1, NULL, 'active', 1690269207, NULL, NULL),
(557, 867, 2485, 513, 'free', 0, 'upload', '/store/1/ebook/indonesia/Hukum Solat Jum\'at.pdf', '4.84 MB', 'pdf', NULL, NULL, NULL, 0, NULL, 1, NULL, 'active', 1690269207, NULL, NULL),
(558, 867, 2486, 514, 'free', 0, 'upload', '/store/1/ebook/indonesia/HUKUM SOLAT SUNAT HAJAT BERJEMAAH.pdf', '0.83 MB', 'pdf', NULL, NULL, NULL, 0, NULL, 1, NULL, 'active', 1690269207, NULL, NULL),
(559, 867, 2487, 515, 'free', 0, 'upload', '/store/1/ebook/indonesia/Hukum Tidak Mengingkari Kemungkaran Karena Ia Sendiri Melakukannya.pdf', '0.00 MB', 'pdf', NULL, NULL, NULL, 0, NULL, 1, NULL, 'active', 1690269207, NULL, NULL),
(560, 867, 2488, 516, 'free', 0, 'upload', '/store/1/ebook/indonesia/Hukum Toharoh & Shalat [Dr Moh Mu\'inudin].pdf', '1.34 MB', 'pdf', NULL, NULL, NULL, 0, NULL, 1, NULL, 'active', 1690269207, NULL, NULL),
(561, 867, 2489, 517, 'free', 0, 'upload', '/store/1/ebook/indonesia/Hukum Ungkapan Kebebasan Berfikir.pdf', '0.00 MB', 'pdf', NULL, NULL, NULL, 0, NULL, 1, NULL, 'active', 1690269207, NULL, NULL),
(562, 867, 2490, 518, 'free', 0, 'upload', '/store/1/ebook/indonesia/hukum ungkapan yang ditujukan untuk jenazah.pdf', '0.12 MB', 'pdf', NULL, NULL, NULL, 0, NULL, 1, NULL, 'active', 1690269207, NULL, NULL),
(563, 867, 2491, 519, 'free', 0, 'upload', '/store/1/ebook/indonesia/Hukum Vaksin.pdf', '0.11 MB', 'pdf', NULL, NULL, NULL, 0, NULL, 1, NULL, 'active', 1690269207, NULL, NULL),
(564, 867, 2492, 520, 'free', 0, 'upload', '/store/1/ebook/indonesia/hukum-cadar.pdf', '0.82 MB', 'pdf', NULL, NULL, NULL, 0, NULL, 1, NULL, 'active', 1690269207, NULL, NULL),
(565, 867, 2493, 521, 'free', 0, 'upload', '/store/1/ebook/indonesia/Hukum-Hukum Fiqih [Indonesia].pdf', '1.57 MB', 'pdf', NULL, NULL, NULL, 0, NULL, 1, NULL, 'active', 1690269207, NULL, NULL),
(566, 867, 2494, 522, 'free', 0, 'upload', '/store/1/ebook/indonesia/hukum-hukum jenazah.pdf', '0.15 MB', 'pdf', NULL, NULL, NULL, 0, NULL, 1, NULL, 'active', 1690269207, NULL, NULL),
(567, 867, 2495, 523, 'free', 0, 'upload', '/store/1/ebook/indonesia/Hukum-hukum seputar do_a.pdf', '0.12 MB', 'pdf', NULL, NULL, NULL, 0, NULL, 1, NULL, 'active', 1690269207, NULL, NULL),
(568, 867, 2496, 524, 'free', 0, 'upload', '/store/1/ebook/indonesia/hukum-hukum seputar hari raya idul adha.pdf', '0.20 MB', 'pdf', NULL, NULL, NULL, 0, NULL, 1, NULL, 'active', 1690269207, NULL, NULL),
(569, 867, 2497, 525, 'free', 0, 'upload', '/store/1/ebook/indonesia/Hukum-Hukum Seputar Idul Adha.pdf', '0.20 MB', 'pdf', NULL, NULL, NULL, 0, NULL, 1, NULL, 'active', 1690269207, NULL, NULL),
(570, 867, 2498, 526, 'free', 0, 'upload', '/store/1/ebook/indonesia/Hukum-hukum Seputar Shalat - Ali Raghib.pdf', '0.80 MB', 'pdf', NULL, NULL, NULL, 0, NULL, 1, NULL, 'active', 1690269207, NULL, NULL),
(571, 867, 2499, 527, 'free', 0, 'upload', '/store/1/ebook/indonesia/Hukum-hukum SeputarShalat.pdf', '0.29 MB', 'pdf', NULL, NULL, NULL, 0, NULL, 1, NULL, 'active', 1690269207, NULL, NULL),
(572, 867, 2500, 528, 'free', 0, 'upload', '/store/1/ebook/indonesia/Hukum-Hukum Shalat.pdf', '0.07 MB', 'pdf', NULL, NULL, NULL, 0, NULL, 1, NULL, 'active', 1690269207, NULL, NULL),
(573, 867, 2501, 529, 'free', 0, 'upload', '/store/1/ebook/indonesia/Hukum-hukum Tahiyatul_Masjid.pdf', '0.17 MB', 'pdf', NULL, NULL, NULL, 0, NULL, 1, NULL, 'active', 1690269207, NULL, NULL),
(574, 867, 2502, 530, 'free', 0, 'upload', '/store/1/ebook/indonesia/hukum-hukum thalaq.pdf', '0.20 MB', 'pdf', NULL, NULL, NULL, 0, NULL, 1, NULL, 'active', 1690269207, NULL, NULL),
(575, 867, 2503, 531, 'free', 0, 'upload', '/store/1/ebook/indonesia/Hukum-hukum-ringkas-seputar-Hari-Ied-dan-Zakat-Al-Fitri.pdf', '0.45 MB', 'pdf', NULL, NULL, NULL, 0, NULL, 1, NULL, 'active', 1690269207, NULL, NULL),
(576, 867, 2504, 532, 'free', 0, 'upload', '/store/1/ebook/indonesia/hukum-hukum-seputar-mandi-janabah.pdf', '0.67 MB', 'pdf', NULL, NULL, NULL, 0, NULL, 1, NULL, 'active', 1690269207, NULL, NULL),
(577, 867, 2505, 533, 'free', 0, 'upload', '/store/1/ebook/indonesia/hukum-hukum.pdf', '0.11 MB', 'pdf', NULL, NULL, NULL, 0, NULL, 1, NULL, 'active', 1690269207, NULL, NULL),
(578, 867, 2506, 534, 'free', 0, 'upload', '/store/1/ebook/indonesia/Hukum-hukumSeputarShalat.pdf', '0.29 MB', 'pdf', NULL, NULL, NULL, 0, NULL, 1, NULL, 'active', 1690269207, NULL, NULL),
(579, 867, 2507, 535, 'free', 0, 'upload', '/store/1/ebook/indonesia/hukum-melafazkan-niat.pdf', '0.14 MB', 'pdf', NULL, NULL, NULL, 0, NULL, 1, NULL, 'active', 1690269207, NULL, NULL),
(580, 867, 2508, 536, 'free', 0, 'upload', '/store/1/ebook/indonesia/hukum-memperingati-maulid-nabi.pdf', '0.15 MB', 'pdf', NULL, NULL, NULL, 0, NULL, 1, NULL, 'active', 1690269207, NULL, NULL),
(581, 867, 2509, 537, 'free', 0, 'upload', '/store/1/ebook/indonesia/hukum-mencela-dan-istihza.pdf', '0.12 MB', 'pdf', NULL, NULL, NULL, 0, NULL, 1, NULL, 'active', 1690269207, NULL, NULL),
(582, 867, 2510, 538, 'free', 0, 'upload', '/store/1/ebook/indonesia/hukum-meninggalkan-shalat.pdf', '2.40 MB', 'pdf', NULL, NULL, NULL, 0, NULL, 1, NULL, 'active', 1690269207, NULL, NULL),
(583, 867, 2511, 539, 'free', 0, 'upload', '/store/1/ebook/indonesia/hukum-orang-meninggalkan-shalat.pdf', '2.52 MB', 'pdf', NULL, NULL, NULL, 0, NULL, 1, NULL, 'active', 1690269207, NULL, NULL),
(584, 867, 2512, 540, 'free', 0, 'upload', '/store/1/ebook/indonesia/hukum-selamatan-kematian.pdf', '0.11 MB', 'pdf', NULL, NULL, NULL, 0, NULL, 1, NULL, 'active', 1690269207, NULL, NULL),
(585, 867, 2513, 541, 'free', 0, 'upload', '/store/1/ebook/indonesia/hukum-sihir-dan-perdukunan.pdf', '1.78 MB', 'pdf', NULL, NULL, NULL, 0, NULL, 1, NULL, 'active', 1690269207, NULL, NULL),
(586, 867, 2514, 542, 'free', 0, 'upload', '/store/1/ebook/indonesia/Hukum-Zakat-Profesi-Fatwa-Ulama.pdf', '0.32 MB', 'pdf', NULL, NULL, NULL, 0, NULL, 1, NULL, 'active', 1690269207, NULL, NULL),
(587, 867, 2515, 543, 'free', 0, 'upload', '/store/1/ebook/indonesia/Hukum2 Kewanitaan.pdf', '0.11 MB', 'pdf', NULL, NULL, NULL, 0, NULL, 1, NULL, 'active', 1690269207, NULL, NULL),
(588, 867, 2516, 544, 'free', 0, 'upload', '/store/1/ebook/indonesia/Hukum2 yg Berkaitan dg Do\'a -- Nurul Mukhlisin.pdf', '0.12 MB', 'pdf', NULL, NULL, NULL, 0, NULL, 1, NULL, 'active', 1690269207, NULL, NULL),
(589, 867, 2517, 545, 'free', 0, 'upload', '/store/1/ebook/indonesia/hukum2-seputar-doa.pdf', '0.12 MB', 'pdf', NULL, NULL, NULL, 0, NULL, 1, NULL, 'active', 1690269207, NULL, NULL);
INSERT INTO `files` (`id`, `creator_id`, `webinar_id`, `chapter_id`, `accessibility`, `downloadable`, `storage`, `file`, `volume`, `file_type`, `interactive_type`, `interactive_file_name`, `interactive_file_path`, `check_previous_parts`, `access_after_day`, `online_viewer`, `order`, `status`, `created_at`, `updated_at`, `deleted_at`) VALUES
(590, 867, 2518, 546, 'free', 0, 'upload', '/store/1/ebook/indonesia/Humanisme dalam Agama Konghutsu .pdf', '6.31 MB', 'pdf', NULL, NULL, NULL, 0, NULL, 1, NULL, 'active', 1690269207, NULL, NULL),
(591, 867, 2519, 547, 'free', 0, 'upload', '/store/1/ebook/indonesia/Iblis Lawan atau Kawan - Setan dalam Interpretasi Sufi by Javad Nurbakhsh.pdf', '2.33 MB', 'pdf', NULL, NULL, NULL, 0, NULL, 1, NULL, 'active', 1690269207, NULL, NULL),
(592, 867, 2520, 548, 'free', 0, 'upload', '/store/1/ebook/indonesia/id_Hukum _Bergantung_Kepada_Para_Wali.pdf', '0.33 MB', 'pdf', NULL, NULL, NULL, 0, NULL, 1, NULL, 'active', 1690269207, NULL, NULL),
(593, 867, 2521, 549, 'free', 0, 'upload', '/store/1/ebook/indonesia/id_Hukum_Foto_dan_gambar.pdf', '0.22 MB', 'pdf', NULL, NULL, NULL, 0, NULL, 1, NULL, 'active', 1690269207, NULL, NULL),
(594, 867, 2522, 550, 'free', 0, 'upload', '/store/1/ebook/indonesia/id_Hukum_Gerakan_dalam_Shalat.pdf', '0.26 MB', 'pdf', NULL, NULL, NULL, 0, NULL, 1, NULL, 'active', 1690269207, NULL, NULL),
(595, 867, 2523, 551, 'free', 0, 'upload', '/store/1/ebook/indonesia/id_hukum_membacakan_quran_untuk_mayit.pdf', '0.15 MB', 'pdf', NULL, NULL, NULL, 0, NULL, 1, NULL, 'active', 1690269207, NULL, NULL),
(596, 867, 2524, 552, 'free', 0, 'upload', '/store/1/ebook/indonesia/id_Hukum_mendatangi_istri_dari_belakang_sodomi.pdf', '0.25 MB', 'pdf', NULL, NULL, NULL, 0, NULL, 1, NULL, 'active', 1690269207, NULL, NULL),
(597, 867, 2525, 553, 'free', 0, 'upload', '/store/1/ebook/indonesia/id_Hukum_Mendatangkan_Roh.pdf', '0.52 MB', 'pdf', NULL, NULL, NULL, 0, NULL, 1, NULL, 'active', 1690269207, NULL, NULL),
(598, 867, 2526, 554, 'free', 0, 'upload', '/store/1/ebook/indonesia/id_Hukum_Menghina_Agama.pdf', '0.24 MB', 'pdf', NULL, NULL, NULL, 0, NULL, 1, NULL, 'active', 1690269207, NULL, NULL),
(599, 867, 2527, 555, 'free', 0, 'upload', '/store/1/ebook/indonesia/id_Hukum_Meyakini_Bahwa_Rasulullah_Ada_Di_Setiap_Tempat_Dan_Mengetahui_Perkara_Gaib.pdf', '0.18 MB', 'pdf', NULL, NULL, NULL, 0, NULL, 1, NULL, 'active', 1690269207, NULL, NULL),
(600, 867, 2528, 556, 'free', 0, 'upload', '/store/1/ebook/indonesia/id_Hukum_minta_tolong_kepada_jin.pdf', '0.23 MB', 'pdf', NULL, NULL, NULL, 0, NULL, 1, NULL, 'active', 1690269207, NULL, NULL),
(601, 867, 2529, 557, 'free', 0, 'upload', '/store/1/ebook/indonesia/id_Hukum_Onani.pdf', '0.16 MB', 'pdf', NULL, NULL, NULL, 0, NULL, 1, NULL, 'active', 1690269207, NULL, NULL),
(602, 867, 2530, 558, 'free', 0, 'upload', '/store/1/ebook/indonesia/Ikhtisar Ajaran Buddha.pdf', '2.72 MB', 'pdf', NULL, NULL, NULL, 0, NULL, 1, NULL, 'active', 1690269207, NULL, NULL),
(603, 867, 2531, 559, 'free', 0, 'upload', '/store/1/ebook/indonesia/Ilmu  Hikmah.pdf', '2.42 MB', 'pdf', NULL, NULL, NULL, 0, NULL, 1, NULL, 'active', 1690269207, NULL, NULL),
(604, 867, 2532, 560, 'free', 0, 'upload', '/store/1/ebook/indonesia/Ilmu Jiwa Agama (The Psychology of Religion) by Prof. Dr. Rusmin Tumanggor, M.A. .pdf', '11.62 MB', 'pdf', NULL, NULL, NULL, 0, NULL, 1, NULL, 'active', 1690269207, NULL, NULL),
(605, 867, 2533, 561, 'free', 0, 'upload', '/store/1/ebook/indonesia/Ilmu Kalam Memotret Berbagai Aliran Teologi dalam Islam by Dr. H. Muhammad Hasbi.pdf', '22.33 MB', 'pdf', NULL, NULL, NULL, 0, NULL, 1, NULL, 'active', 1690269207, NULL, NULL),
(606, 867, 2534, 562, 'free', 0, 'upload', '/store/1/ebook/indonesia/Ilmu Kateketik dan Identitasnya by Carolus Putranto, S.J., Ignatius L. Madya Utama, S.J., Bernardus Agus Rukiyanto, S.J., Fransiskus Xaverius Dapiyanta (editor).pdf', '10.82 MB', 'pdf', NULL, NULL, NULL, 0, NULL, 1, NULL, 'active', 1690269207, NULL, NULL),
(607, 867, 2535, 563, 'free', 0, 'upload', '/store/1/ebook/indonesia/Ilmu Ketuhanan (Ilmu Kalam) by Atjeh Abubakar H..pdf', '18.74 MB', 'pdf', NULL, NULL, NULL, 0, NULL, 1, NULL, 'active', 1690269207, NULL, NULL),
(608, 867, 2536, 564, 'free', 0, 'upload', '/store/1/ebook/indonesia/Ilmu Laduni Buah Ibadah dan Tawasul by Muhammad Luthfi Ghozali.pdf', '3.66 MB', 'pdf', NULL, NULL, NULL, 0, NULL, 1, NULL, 'active', 1690269207, NULL, NULL),
(609, 867, 2537, 565, 'free', 0, 'upload', '/store/1/ebook/indonesia/Ilmu Makrifat Jawa Sangkan Paraning Dumadi Eksplorasi Sufistik Konsep Mengenal Diri dalam Pustaka Islam Kejawen Kunci Swarga Miftahul Djanati by Nur Kolis, Ph.D. .pdf', '2.05 MB', 'pdf', NULL, NULL, NULL, 0, NULL, 1, NULL, 'active', 1690269207, NULL, NULL),
(610, 867, 2538, 566, 'free', 0, 'upload', '/store/1/ebook/indonesia/Ilmu Mantiq by Dr. Muhammad Roy Purwanto.pdf', '3.56 MB', 'pdf', NULL, NULL, NULL, 0, NULL, 1, NULL, 'active', 1690269207, NULL, NULL),
(611, 867, 2539, 567, 'free', 0, 'upload', '/store/1/ebook/indonesia/Ilmu Sosial  Budaya Dasar by Elly M. Setiadi, M.Si, ,.pdf', '1.76 MB', 'pdf', NULL, NULL, NULL, 0, NULL, 1, NULL, 'active', 1690269207, NULL, NULL),
(612, 867, 2540, 568, 'free', 0, 'upload', '/store/1/ebook/indonesia/Ilmu Sosial Budaya Dasar by Muhammad Syukri Albani Nasution, M. Nur Husein Daulay, Neila Susanti, Syafruddin Syam.pdf', '20.70 MB', 'pdf', NULL, NULL, NULL, 0, NULL, 1, NULL, 'active', 1690269207, NULL, NULL),
(613, 867, 2541, 569, 'free', 0, 'upload', '/store/1/ebook/indonesia/Ilmu Tantra Bali 1 - Sample.pdf', '5.63 MB', 'pdf', NULL, NULL, NULL, 0, NULL, 1, NULL, 'active', 1690269207, NULL, NULL),
(614, 867, 2542, 570, 'free', 0, 'upload', '/store/1/ebook/indonesia/Ilmu Tasawuf Penguatan Mental-Spiritual dan Akhlaq by Dr. H. Imam Kanafi, M.Ag..pdf', '2.18 MB', 'pdf', NULL, NULL, NULL, 0, NULL, 1, NULL, 'active', 1690269207, NULL, NULL),
(615, 867, 2543, 571, 'free', 0, 'upload', '/store/1/ebook/indonesia/ilmu waris (image).pdf', '11.47 MB', 'pdf', NULL, NULL, NULL, 0, NULL, 1, NULL, 'active', 1690269207, NULL, NULL),
(616, 867, 2544, 572, 'free', 0, 'upload', '/store/1/ebook/indonesia/Imanensi dan Transendensi Sebuah Rekonstruksi Deleuzian atas Ontologi Imanensi dalam Tradisi Filsafat Prancis Kontemporer by Martin Suryajaya.pdf', '11.87 MB', 'pdf', NULL, NULL, NULL, 0, NULL, 1, NULL, 'active', 1690269207, NULL, NULL),
(617, 867, 2545, 573, 'free', 0, 'upload', '/store/1/ebook/indonesia/Implementasi Moderasi Beragama Pada Direktorat Jenderal Pendidikan Islam by Pokja Implementasi Moderasi Islam Ditjen Pendidikan Islam.pdf', '8.31 MB', 'pdf', NULL, NULL, NULL, 0, NULL, 1, NULL, 'active', 1690269207, NULL, NULL),
(618, 867, 2546, 574, 'free', 0, 'upload', '/store/1/ebook/indonesia/Implementasi Pendidikan Agama dan Pendidikan Karakter by Edy Riyanto, M.Pd., dkk..pdf', '6.11 MB', 'pdf', NULL, NULL, NULL, 0, NULL, 1, NULL, 'active', 1690269207, NULL, NULL),
(619, 867, 2547, 575, 'free', 0, 'upload', '/store/1/ebook/indonesia/Implementasi Pendidikan Karakter by Sofyan Mustoip, Muhammad Japar, Zulela Ms..pdf', '3.62 MB', 'pdf', NULL, NULL, NULL, 0, NULL, 1, NULL, 'active', 1690269207, NULL, NULL),
(620, 867, 2548, 576, 'free', 0, 'upload', '/store/1/ebook/indonesia/Individu.pdf', '9.10 MB', 'pdf', NULL, NULL, NULL, 0, NULL, 1, NULL, 'active', 1690269207, NULL, NULL),
(621, 867, 2549, 577, 'free', 0, 'upload', '/store/1/ebook/indonesia/Indonesia Sebagai Ruang Imajinasi by Ary Budiyanto, Hipolitus K. Kewuel, Nindyo Budi Kumoro, Manggala Ismanto, Sigit Prawoto, Fuad Firmansyah.pdf', '23.09 MB', 'pdf', NULL, NULL, NULL, 0, NULL, 1, NULL, 'active', 1690269207, NULL, NULL),
(622, 867, 2550, 578, 'free', 0, 'upload', '/store/1/ebook/indonesia/Insan Moderat Refleksi Kehidupan Beragama, Berbangsa dan Bernegara by Dr. Sumarto, M.Pd.I..pdf', '7.43 MB', 'pdf', NULL, NULL, NULL, 0, NULL, 1, NULL, 'active', 1690269207, NULL, NULL),
(623, 867, 2551, 579, 'free', 0, 'upload', '/store/1/ebook/indonesia/Interaksi Agama dan Budaya di Masyarakat by Achmad Royhan Choidab, Ahmad Mudakir, Ahmad Said Mubarok, Akhrie Ramadayanto, Bambang Supriadi.pdf', '1.13 MB', 'pdf', NULL, NULL, NULL, 0, NULL, 1, NULL, 'active', 1690269207, NULL, NULL),
(624, 867, 2552, 580, 'free', 0, 'upload', '/store/1/ebook/indonesia/International Relation Theory by Takdir Ali Mukti, Stephen McGlinchey et. al..pdf', '2.48 MB', 'pdf', NULL, NULL, NULL, 0, NULL, 1, NULL, 'active', 1690269207, NULL, NULL),
(625, 867, 2553, 581, 'free', 0, 'upload', '/store/1/ebook/indonesia/Interpretasi Ta Pei Cou (Mahakaruna Dharani) oleh praktisi Theravada.pdf', '1.46 MB', 'pdf', NULL, NULL, NULL, 0, NULL, 1, NULL, 'active', 1690269207, NULL, NULL),
(626, 867, 2554, 582, 'free', 0, 'upload', '/store/1/ebook/indonesia/intisari agama buddha.pdf', '1.06 MB', 'pdf', NULL, NULL, NULL, 0, NULL, 1, NULL, 'active', 1690269207, NULL, NULL),
(627, 867, 2555, 583, 'free', 0, 'upload', '/store/1/ebook/indonesia/Intisari Jalan Kesucian.pdf', '0.89 MB', 'pdf', NULL, NULL, NULL, 0, NULL, 1, NULL, 'active', 1690269207, NULL, NULL),
(628, 867, 2556, 584, 'free', 0, 'upload', '/store/1/ebook/indonesia/Investigasi Menuju Pencerahan.pdf', '2.78 MB', 'pdf', NULL, NULL, NULL, 0, NULL, 1, NULL, 'active', 1690269207, NULL, NULL),
(629, 867, 2557, 585, 'free', 0, 'upload', '/store/1/ebook/indonesia/ISLAM & MUSLIM.pdf', '1.23 MB', 'pdf', NULL, NULL, NULL, 0, NULL, 1, NULL, 'active', 1690269207, NULL, NULL),
(630, 867, 2558, 586, 'free', 0, 'upload', '/store/1/ebook/indonesia/Islam Agama Ramah Lingkungan by Syaikh Yusuf al Qaradhawi.pdf', '7.23 MB', 'pdf', NULL, NULL, NULL, 0, NULL, 1, NULL, 'active', 1690269207, NULL, NULL),
(631, 867, 2559, 587, 'free', 0, 'upload', '/store/1/ebook/indonesia/Islam dan Budaya Lokal Kajian Antropologi Agama by H. Lebba Kadorre Pongsibanne.pdf', '2.54 MB', 'pdf', NULL, NULL, NULL, 0, NULL, 1, NULL, 'active', 1690269207, NULL, NULL),
(632, 867, 2560, 588, 'free', 0, 'upload', '/store/1/ebook/indonesia/Islam dan Kebatinan by H.M. Rasjidi.pdf', '4.53 MB', 'pdf', NULL, NULL, NULL, 0, NULL, 1, NULL, 'active', 1690269207, NULL, NULL),
(633, 867, 2561, 589, 'free', 0, 'upload', '/store/1/ebook/indonesia/Islam Doktrin dan Peradaban by Dr. Nurcholish Madjid.pdf', '2.97 MB', 'pdf', NULL, NULL, NULL, 0, NULL, 1, NULL, 'active', 1690269207, NULL, NULL),
(634, 867, 2562, 590, 'free', 0, 'upload', '/store/1/ebook/indonesia/Islam Nusantara Relasi Agama-Budaya dan Tendensi Kuasa Ulama by Achmad Syahid.pdf', '6.90 MB', 'pdf', NULL, NULL, NULL, 0, NULL, 1, NULL, 'active', 1690269207, NULL, NULL),
(635, 867, 2563, 591, 'free', 0, 'upload', '/store/1/ebook/indonesia/Islam Tuhan Islam Manusia by Haidar Bagir.pdf', '2.25 MB', 'pdf', NULL, NULL, NULL, 0, NULL, 1, NULL, 'active', 1690269207, NULL, NULL),
(636, 867, 2564, 592, 'free', 0, 'upload', '/store/1/ebook/indonesia/Islam, Agama-agama, dan Nilai Kemanusiaan Festschrift untuk M. Amin Abdullah by Moch Nur Ichwan  Ahmad Muttaqin (editor).pdf', '4.82 MB', 'pdf', NULL, NULL, NULL, 0, NULL, 1, NULL, 'active', 1690269207, NULL, NULL),
(637, 867, 2565, 593, 'free', 0, 'upload', '/store/1/ebook/indonesia/Islam, HAM, dan Keindonesiaan Refleksi dan Agenda Aksi untuk Pendidikan Agama.pdf', '1.75 MB', 'pdf', NULL, NULL, NULL, 0, NULL, 1, NULL, 'active', 1690269207, NULL, NULL),
(638, 867, 2566, 594, 'free', 0, 'upload', '/store/1/ebook/indonesia/Islam, Negara dan Masa Depan Ideologi Politik by Dr. Abdul Chalik.pdf', '33.88 MB', 'pdf', NULL, NULL, NULL, 0, NULL, 1, NULL, 'active', 1690269207, NULL, NULL),
(639, 867, 2567, 595, 'free', 0, 'upload', '/store/1/ebook/indonesia/ISTILAH-ISTILAH TASAWWUF MENURUT SHAYKH ABDUL QADIR AL-FATANI  (TRANSLITERASI DAN ANOTASI).pdf', '4.61 MB', 'pdf', NULL, NULL, NULL, 0, NULL, 1, NULL, 'active', 1690269207, NULL, NULL),
(640, 867, 2568, 596, 'free', 0, 'upload', '/store/1/ebook/indonesia/Istiqamah Bersama Agama Allah.pdf', '44.41 MB', 'pdf', NULL, NULL, NULL, 0, NULL, 1, NULL, 'active', 1690269207, NULL, NULL),
(641, 867, 2569, 597, 'free', 0, 'upload', '/store/1/ebook/indonesia/It\'s Easy to be Happy.pdf', '2.45 MB', 'pdf', NULL, NULL, NULL, 0, NULL, 1, NULL, 'active', 1690269207, NULL, NULL),
(642, 867, 2570, 598, 'free', 0, 'upload', '/store/1/ebook/indonesia/Jabat Tangan Terlarang.pdf', '0.28 MB', 'pdf', NULL, NULL, NULL, 0, NULL, 1, NULL, 'active', 1690269207, NULL, NULL),
(643, 867, 2571, 599, 'free', 0, 'upload', '/store/1/ebook/indonesia/Jadikan Batinmu Seluas Samudera.pdf', '1.63 MB', 'pdf', NULL, NULL, NULL, 0, NULL, 1, NULL, 'active', 1690269207, NULL, NULL),
(644, 867, 2572, 600, 'free', 0, 'upload', '/store/1/ebook/indonesia/Jadikan Nibbana Sebagai Tujuanmu.pdf', '0.29 MB', 'pdf', NULL, NULL, NULL, 0, NULL, 1, NULL, 'active', 1690269207, NULL, NULL),
(645, 867, 2573, 601, 'free', 0, 'upload', '/store/1/ebook/indonesia/Jalaluddin Rakhmat - Membuka Tirai Kegaiban.pdf', '1.55 MB', 'pdf', NULL, NULL, NULL, 0, NULL, 1, NULL, 'active', 1690269207, NULL, NULL),
(646, 867, 2574, 602, 'free', 0, 'upload', '/store/1/ebook/indonesia/Jalan Buddha Menuju Kedamaian dan Kebahagiaan.pdf', '4.46 MB', 'pdf', NULL, NULL, NULL, 0, NULL, 1, NULL, 'active', 1690269207, NULL, NULL),
(647, 867, 2575, 603, 'free', 0, 'upload', '/store/1/ebook/indonesia/Jalan cinta sang sufi ajaran-ajaran spiritual Jalâluddîn Rûmî by William C. Chittick.pdf', '19.92 MB', 'pdf', NULL, NULL, NULL, 0, NULL, 1, NULL, 'active', 1690269207, NULL, NULL),
(648, 867, 2576, 604, 'free', 0, 'upload', '/store/1/ebook/indonesia/Jalan Kesucian Jilid 1.pdf', '48.64 MB', 'pdf', NULL, NULL, NULL, 0, NULL, 1, NULL, 'active', 1690269207, NULL, NULL),
(649, 867, 2577, 605, 'free', 0, 'upload', '/store/1/ebook/indonesia/Jalan Menuju Akhir Penderitaan.pdf', '2.04 MB', 'pdf', NULL, NULL, NULL, 0, NULL, 1, NULL, 'active', 1690269207, NULL, NULL),
(650, 867, 2578, 606, 'free', 0, 'upload', '/store/1/ebook/indonesia/Jalan Rahmat Mengetuk Pintu Tuhan by Jalaluddin Rakhmat.pdf', '2.55 MB', 'pdf', NULL, NULL, NULL, 0, NULL, 1, NULL, 'active', 1690269207, NULL, NULL),
(651, 867, 2579, 607, 'free', 0, 'upload', '/store/1/ebook/indonesia/jalan sufi - idris shah.pdf', '1.00 MB', 'pdf', NULL, NULL, NULL, 0, NULL, 1, NULL, 'active', 1690269207, NULL, NULL),
(652, 867, 2580, 608, 'free', 0, 'upload', '/store/1/ebook/indonesia/Jalan Sufi by Idries Shah.pdf', '1.00 MB', 'pdf', NULL, NULL, NULL, 0, NULL, 1, NULL, 'active', 1690269207, NULL, NULL),
(653, 867, 2581, 609, 'free', 0, 'upload', '/store/1/ebook/indonesia/JALAN SUFI.pdf', '1.00 MB', 'pdf', NULL, NULL, NULL, 0, NULL, 1, NULL, 'active', 1690269207, NULL, NULL),
(654, 867, 2582, 610, 'free', 0, 'upload', '/store/1/ebook/indonesia/Jangan Ada Dukkha di Antara Kita.pdf', '0.69 MB', 'pdf', NULL, NULL, NULL, 0, NULL, 1, NULL, 'active', 1690269207, NULL, NULL),
(655, 867, 2583, 611, 'free', 0, 'upload', '/store/1/ebook/indonesia/jataka-atthakatha-volume-i.pdf', '2.04 MB', 'pdf', NULL, NULL, NULL, 0, NULL, 1, NULL, 'active', 1690269207, NULL, NULL),
(656, 867, 2584, 612, 'free', 0, 'upload', '/store/1/ebook/indonesia/jataka-atthakatha-volume-ii.pdf', '1.86 MB', 'pdf', NULL, NULL, NULL, 0, NULL, 1, NULL, 'active', 1690269207, NULL, NULL),
(657, 867, 2585, 613, 'free', 0, 'upload', '/store/1/ebook/indonesia/jataka-atthakatha-volume-iii.pdf', '1.94 MB', 'pdf', NULL, NULL, NULL, 0, NULL, 1, NULL, 'active', 1690269207, NULL, NULL),
(658, 867, 2586, 614, 'free', 0, 'upload', '/store/1/ebook/indonesia/jataka-atthakatha-volume-iv.pdf', '2.11 MB', 'pdf', NULL, NULL, NULL, 0, NULL, 1, NULL, 'active', 1690269207, NULL, NULL),
(659, 867, 2587, 615, 'free', 0, 'upload', '/store/1/ebook/indonesia/jataka-atthakatha-volume-v.pdf', '1.78 MB', 'pdf', NULL, NULL, NULL, 0, NULL, 1, NULL, 'active', 1690269207, NULL, NULL),
(660, 867, 2588, 616, 'free', 0, 'upload', '/store/1/ebook/indonesia/Jejak Langkah Gunung Absurd - Master Ch\'an Han-Shan.pdf', '0.92 MB', 'pdf', NULL, NULL, NULL, 0, NULL, 1, NULL, 'active', 1690269207, NULL, NULL),
(661, 867, 2589, 617, 'free', 0, 'upload', '/store/1/ebook/indonesia/Jejak Langkah Gunung Absurd Otobiografi  Wejangan Master Chan Han-Shan (1546-1623) by Upasaka Richard Cheung.pdf', '0.92 MB', 'pdf', NULL, NULL, NULL, 0, NULL, 1, NULL, 'active', 1690269207, NULL, NULL),
(662, 867, 2590, 618, 'free', 0, 'upload', '/store/1/ebook/indonesia/Jhana-Jhana dan Umat Awam menurut Sutta-Sutta Pali.pdf', '0.34 MB', 'pdf', NULL, NULL, NULL, 0, NULL, 1, NULL, 'active', 1690269207, NULL, NULL),
(663, 867, 2591, 619, 'free', 0, 'upload', '/store/1/ebook/indonesia/Jihad Menentang Agama Batil Indonsian.pdf', '0.34 MB', 'pdf', NULL, NULL, NULL, 0, NULL, 1, NULL, 'active', 1690269207, NULL, NULL),
(664, 867, 2592, 620, 'free', 0, 'upload', '/store/1/ebook/indonesia/Jika Kita Tak Pernah Jadi Apa-Apa by Alvi Syahrin.pdf', '38.76 MB', 'pdf', NULL, NULL, NULL, 0, NULL, 1, NULL, 'active', 1690269207, NULL, NULL),
(665, 867, 2593, 621, 'free', 0, 'upload', '/store/1/ebook/indonesia/Jika Kita Tak Pernah Jatuh Cinta by Alvi Syahrin.pdf', '34.84 MB', 'pdf', NULL, NULL, NULL, 0, NULL, 1, NULL, 'active', 1690269207, NULL, NULL),
(666, 867, 2594, 622, 'free', 0, 'upload', '/store/1/ebook/indonesia/Jinacarita - Sebuah Puisi Pali.pdf', '1.17 MB', 'pdf', NULL, NULL, NULL, 0, NULL, 1, NULL, 'active', 1690269207, NULL, NULL),
(667, 867, 2595, 623, 'free', 0, 'upload', '/store/1/ebook/indonesia/Kajian Ontologis Studi Agama-Agama by Habib Hanafi, Syarifudin, Deden Nurfaizal, Siti Nurjanah.pdf', '1.03 MB', 'pdf', NULL, NULL, NULL, 0, NULL, 1, NULL, 'active', 1690269207, NULL, NULL),
(668, 867, 2596, 624, 'free', 0, 'upload', '/store/1/ebook/indonesia/Kalama Sutta.pdf', '4.26 MB', 'pdf', NULL, NULL, NULL, 0, NULL, 1, NULL, 'active', 1690269207, NULL, NULL),
(669, 867, 2597, 625, 'free', 0, 'upload', '/store/1/ebook/indonesia/kammatthana.pdf', '0.18 MB', 'pdf', NULL, NULL, NULL, 0, NULL, 1, NULL, 'active', 1690269207, NULL, NULL),
(670, 867, 2598, 626, 'free', 0, 'upload', '/store/1/ebook/indonesia/Kamus Istilah Psikologi by Fuad Hassan, dkk..pdf', '5.95 MB', 'pdf', NULL, NULL, NULL, 0, NULL, 1, NULL, 'active', 1690269207, NULL, NULL),
(671, 867, 2599, 627, 'free', 0, 'upload', '/store/1/ebook/indonesia/Kamus_Filsafat.pdf', '17.19 MB', 'pdf', NULL, NULL, NULL, 0, NULL, 1, NULL, 'active', 1690269207, NULL, NULL),
(672, 867, 2600, 628, 'free', 0, 'upload', '/store/1/ebook/indonesia/Karakterisitik-dan-Esensi-Agama-Buddha.pdf', '0.31 MB', 'pdf', NULL, NULL, NULL, 0, NULL, 1, NULL, 'active', 1690269207, NULL, NULL),
(673, 867, 2601, 629, 'free', 0, 'upload', '/store/1/ebook/indonesia/Karma dan Kelahiran Kembali.pdf', '1.13 MB', 'pdf', NULL, NULL, NULL, 0, NULL, 1, NULL, 'active', 1690269207, NULL, NULL),
(674, 867, 2602, 630, 'free', 0, 'upload', '/store/1/ebook/indonesia/KARMA PHALA DAN PUNARBHAVA.pdf', '0.49 MB', 'pdf', NULL, NULL, NULL, 0, NULL, 1, NULL, 'active', 1690269207, NULL, NULL),
(675, 867, 2603, 631, 'free', 0, 'upload', '/store/1/ebook/indonesia/Karma.pdf', '0.83 MB', 'pdf', NULL, NULL, NULL, 0, NULL, 1, NULL, 'active', 1690269207, NULL, NULL),
(676, 867, 2604, 632, 'free', 0, 'upload', '/store/1/ebook/indonesia/Karya Lengkap Driyarkara Esai-esai Filsafat Pemikir yang Terlibat Penuh dalam Perjuangan Bangsanya by Nicolaus Driyarkara, Antonius Sudiarja .pdf', '80.89 MB', 'pdf', NULL, NULL, NULL, 0, NULL, 1, NULL, 'active', 1690269207, NULL, NULL),
(677, 867, 2605, 633, 'free', 0, 'upload', '/store/1/ebook/indonesia/Kasus Dharmakaya Kajian untuk mempelajari Agama Buddha dan Membangun Masyarakat Thai by Phra Phromkhunabhorn.pdf', '11.45 MB', 'pdf', NULL, NULL, NULL, 0, NULL, 1, NULL, 'active', 1690269207, NULL, NULL),
(678, 867, 2606, 634, 'free', 0, 'upload', '/store/1/ebook/indonesia/Kasus Dharmakaya.pdf', '11.45 MB', 'pdf', NULL, NULL, NULL, 0, NULL, 1, NULL, 'active', 1690269207, NULL, NULL),
(679, 867, 2607, 635, 'free', 0, 'upload', '/store/1/ebook/indonesia/Kebebasan Sempurna.pdf', '1.83 MB', 'pdf', NULL, NULL, NULL, 0, NULL, 1, NULL, 'active', 1690269207, NULL, NULL),
(680, 867, 2608, 636, 'free', 0, 'upload', '/store/1/ebook/indonesia/Kebebasan, Toleransi dan Terorisme Riset dan Kebijakan Agama di Indonesia.pdf', '2.35 MB', 'pdf', NULL, NULL, NULL, 0, NULL, 1, NULL, 'active', 1690269207, NULL, NULL),
(681, 867, 2609, 637, 'free', 0, 'upload', '/store/1/ebook/indonesia/Kebudayaan Mentalitas dan Pembangunan by Koentjaraningrat.pdf', '2.81 MB', 'pdf', NULL, NULL, NULL, 0, NULL, 1, NULL, 'active', 1690269207, NULL, NULL),
(682, 867, 2610, 638, 'free', 0, 'upload', '/store/1/ebook/indonesia/kedamaian-batin.pdf', '0.51 MB', 'pdf', NULL, NULL, NULL, 0, NULL, 1, NULL, 'active', 1690269207, NULL, NULL),
(683, 867, 2611, 639, 'free', 0, 'upload', '/store/1/ebook/indonesia/Kehidupan Bebas Dari Uang.pdf', '0.34 MB', 'pdf', NULL, NULL, NULL, 0, NULL, 1, NULL, 'active', 1690269207, NULL, NULL),
(684, 867, 2612, 640, 'free', 0, 'upload', '/store/1/ebook/indonesia/kelahiran kembali dan keadaan antara dalam buddhisme awal.pdf', '0.51 MB', 'pdf', NULL, NULL, NULL, 0, NULL, 1, NULL, 'active', 1690269207, NULL, NULL),
(685, 867, 2613, 641, 'free', 0, 'upload', '/store/1/ebook/indonesia/[01] Putri yang Manja.pdf', '7.48 MB', 'pdf', NULL, NULL, NULL, 0, NULL, 1, NULL, 'active', 1690269207, NULL, NULL),
(686, 867, 2614, 642, 'free', 0, 'upload', '/store/1/ebook/indonesia/[02] Di Kerajaan Satwa.pdf', '28.68 MB', 'pdf', NULL, NULL, NULL, 0, NULL, 1, NULL, 'active', 1690269207, NULL, NULL),
(687, 867, 2615, 643, 'free', 0, 'upload', '/store/1/ebook/indonesia/[03] Tabib Palsu.pdf', '9.87 MB', 'pdf', NULL, NULL, NULL, 0, NULL, 1, NULL, 'active', 1690269207, NULL, NULL),
(688, 867, 2616, 644, 'free', 0, 'upload', '/store/1/ebook/indonesia/[04] Gerbang ke Timur.pdf', '59.56 MB', 'pdf', NULL, NULL, NULL, 0, NULL, 1, NULL, 'active', 1690269207, NULL, NULL),
(689, 867, 2617, 645, 'free', 0, 'upload', '/store/1/ebook/indonesia/[05] Monster Danau Kabut.pdf', '8.90 MB', 'pdf', NULL, NULL, NULL, 0, NULL, 1, NULL, 'active', 1690269207, NULL, NULL),
(690, 867, 2618, 646, 'free', 0, 'upload', '/store/1/ebook/indonesia/[06] Lorong Menuju Utara.pdf', '16.03 MB', 'pdf', NULL, NULL, NULL, 0, NULL, 1, NULL, 'active', 1690269207, NULL, NULL),
(691, 867, 2619, 647, 'free', 0, 'upload', '/store/1/ebook/indonesia/[07] Perjalanan ke Barat.pdf', '11.24 MB', 'pdf', NULL, NULL, NULL, 0, NULL, 1, NULL, 'active', 1690269207, NULL, NULL),
(692, 867, 2620, 648, 'free', 0, 'upload', '/store/1/ebook/indonesia/[08] Laut Menuju ke Selatan.pdf', '11.71 MB', 'pdf', NULL, NULL, NULL, 0, NULL, 1, NULL, 'active', 1690269207, NULL, NULL),
(693, 867, 2621, 649, 'free', 0, 'upload', '/store/1/ebook/indonesia/[09] Peniup Suling dari Kota Elang.pdf', '28.91 MB', 'pdf', NULL, NULL, NULL, 0, NULL, 1, NULL, 'active', 1690269207, NULL, NULL),
(694, 867, 2622, 650, 'free', 0, 'upload', '/store/1/ebook/indonesia/[10] Gigi-gigi Casius Gaius.pdf', '27.91 MB', 'pdf', NULL, NULL, NULL, 0, NULL, 1, NULL, 'active', 1690269207, NULL, NULL),
(695, 867, 2623, 651, 'free', 0, 'upload', '/store/1/ebook/indonesia/[11] Pompit yang Bandel.pdf', '16.77 MB', 'pdf', NULL, NULL, NULL, 0, NULL, 1, NULL, 'active', 1690269207, NULL, NULL),
(696, 867, 2624, 652, 'free', 0, 'upload', '/store/1/ebook/indonesia/[12] Menangkap si Jahil.pdf', '6.38 MB', 'pdf', NULL, NULL, NULL, 0, NULL, 1, NULL, 'active', 1690269207, NULL, NULL),
(697, 867, 2625, 653, 'free', 0, 'upload', '/store/1/ebook/indonesia/[13] Tiga Penyihir Usil.pdf', '9.68 MB', 'pdf', NULL, NULL, NULL, 0, NULL, 1, NULL, 'active', 1690269207, NULL, NULL),
(698, 867, 2626, 654, 'free', 0, 'upload', '/store/1/ebook/indonesia/[14] Mencari Jejak Perampok.pdf', '3.32 MB', 'pdf', NULL, NULL, NULL, 0, NULL, 1, NULL, 'active', 1690269207, NULL, NULL),
(699, 867, 2627, 655, 'free', 0, 'upload', '/store/1/ebook/indonesia/[15] Sarakah si Penipu.pdf', '17.57 MB', 'pdf', NULL, NULL, NULL, 0, NULL, 1, NULL, 'active', 1690269207, NULL, NULL),
(700, 867, 2628, 656, 'free', 0, 'upload', '/store/1/ebook/indonesia/[16] Putri Melati Centilaneh.pdf', '7.98 MB', 'pdf', NULL, NULL, NULL, 0, NULL, 1, NULL, 'active', 1690269207, NULL, NULL),
(701, 867, 2629, 657, 'free', 0, 'upload', '/store/1/ebook/indonesia/[17] Bombasto si Penyihir.pdf', '4.87 MB', 'pdf', NULL, NULL, NULL, 0, NULL, 1, NULL, 'active', 1690269207, NULL, NULL),
(702, 867, 2630, 658, 'free', 0, 'upload', '/store/1/ebook/indonesia/[18] Lemari dengan 1000 Pintu.pdf', '11.21 MB', 'pdf', NULL, NULL, NULL, 0, NULL, 1, NULL, 'active', 1690269207, NULL, NULL),
(703, 867, 2631, 659, 'free', 0, 'upload', '/store/1/ebook/indonesia/[19] Kapal dari Es.pdf', '14.73 MB', 'pdf', NULL, NULL, NULL, 0, NULL, 1, NULL, 'active', 1690269207, NULL, NULL),
(704, 867, 2632, 660, 'free', 0, 'upload', '/store/1/ebook/indonesia/[20] Kimono Hitam.pdf', '12.82 MB', 'pdf', NULL, NULL, NULL, 0, NULL, 1, NULL, 'active', 1690269207, NULL, NULL),
(705, 867, 2633, 661, 'free', 0, 'upload', '/store/1/ebook/indonesia/[21] Kepala Suku yang Menyamar.pdf', '12.62 MB', 'pdf', NULL, NULL, NULL, 0, NULL, 1, NULL, 'active', 1690269207, NULL, NULL),
(706, 867, 2634, 662, 'free', 0, 'upload', '/store/1/ebook/indonesia/[22] Kembali ke Kerajaan Satwa.pdf', '13.28 MB', 'pdf', NULL, NULL, NULL, 0, NULL, 1, NULL, 'active', 1690269207, NULL, NULL),
(707, 867, 2635, 663, 'free', 0, 'upload', '/store/1/ebook/indonesia/[23] Kisah-kisah yang Menakjubkan.pdf', '11.24 MB', 'pdf', NULL, NULL, NULL, 0, NULL, 1, NULL, 'active', 1690269207, NULL, NULL),
(708, 867, 2636, 664, 'free', 0, 'upload', '/store/1/ebook/indonesia/Kematian Sebuah Risalah Filsafati tentang Eksistensi dan Ketiadaan by Muhammad Damm.pdf', '0.72 MB', 'pdf', NULL, NULL, NULL, 0, NULL, 1, NULL, 'active', 1690269207, NULL, NULL),
(709, 867, 2637, 665, 'free', 0, 'upload', '/store/1/ebook/indonesia/Kembali ke Masa Sang Buddha.pdf', '2.18 MB', 'pdf', NULL, NULL, NULL, 0, NULL, 1, NULL, 'active', 1690269207, NULL, NULL),
(710, 867, 2638, 666, 'free', 0, 'upload', '/store/1/ebook/indonesia/Keperawatan Jiwa by Ns. Nurhalimah, S.Kep, M.Kep. Sp.Kep.J.pdf', '1.25 MB', 'pdf', NULL, NULL, NULL, 0, NULL, 1, NULL, 'active', 1690269207, NULL, NULL),
(711, 867, 2639, 667, 'free', 0, 'upload', '/store/1/ebook/indonesia/Kerancuan Filsafat (Tahafut Al-Falasifah) by Imam Al-Gazali.pdf', '3.48 MB', 'pdf', NULL, NULL, NULL, 0, NULL, 1, NULL, 'active', 1690269207, NULL, NULL),
(712, 867, 2640, 668, 'free', 0, 'upload', '/store/1/ebook/indonesia/kerasukan setan.pdf', '1.61 MB', 'pdf', NULL, NULL, NULL, 0, NULL, 1, NULL, 'active', 1690269207, NULL, NULL),
(713, 867, 2641, 669, 'free', 0, 'upload', '/store/1/ebook/indonesia/kerasukan-setan.pdf', '1.61 MB', 'pdf', NULL, NULL, NULL, 0, NULL, 1, NULL, 'active', 1690269207, NULL, NULL),
(714, 867, 2642, 670, 'free', 0, 'upload', '/store/1/ebook/indonesia/kesaksian para praktisi.pdf', '1.07 MB', 'pdf', NULL, NULL, NULL, 0, NULL, 1, NULL, 'active', 1690269207, NULL, NULL),
(715, 867, 2643, 671, 'free', 0, 'upload', '/store/1/ebook/indonesia/kesaksian-kesaksian mengenai hukum karma.pdf', '3.10 MB', 'pdf', NULL, NULL, NULL, 0, NULL, 1, NULL, 'active', 1690269207, NULL, NULL),
(716, 867, 2644, 672, 'free', 0, 'upload', '/store/1/ebook/indonesia/KESESATAN SUFI (TASAWUF TASAUF) by Ahmad bin Abdul Aziz Al Hushain and Dr. Abdullah Mustofa Numsuk.pdf', '17.19 MB', 'pdf', NULL, NULL, NULL, 0, NULL, 1, NULL, 'active', 1690269207, NULL, NULL),
(717, 867, 2645, 673, 'free', 0, 'upload', '/store/1/ebook/indonesia/Ketika kebenaran agama langir dipertanyakan.pdf', '7.82 MB', 'pdf', NULL, NULL, NULL, 0, NULL, 1, NULL, 'active', 1690269207, NULL, NULL),
(718, 867, 2646, 674, 'free', 0, 'upload', '/store/1/ebook/indonesia/Kholifah Bumi Guru Mursyid sebagai Bapak Ruhaniah by Muhammad Luthfi Ghozali.pdf', '3.90 MB', 'pdf', NULL, NULL, NULL, 0, NULL, 1, NULL, 'active', 1690269207, NULL, NULL),
(719, 867, 2647, 675, 'free', 0, 'upload', '/store/1/ebook/indonesia/Kiat-Kiat Menafsirkan Mimpi by Leonardo Rimba.pdf', '0.92 MB', 'pdf', NULL, NULL, NULL, 0, NULL, 1, NULL, 'active', 1690269207, NULL, NULL),
(720, 867, 2648, 676, 'free', 0, 'upload', '/store/1/ebook/indonesia/Kisah berkeliling alam neraka.pdf', '8.11 MB', 'pdf', NULL, NULL, NULL, 0, NULL, 1, NULL, 'active', 1690269207, NULL, NULL),
(721, 867, 2649, 677, 'free', 0, 'upload', '/store/1/ebook/indonesia/Kisah Inspiratif Puteri Buddha.pdf', '0.75 MB', 'pdf', NULL, NULL, NULL, 0, NULL, 1, NULL, 'active', 1690269207, NULL, NULL),
(722, 867, 2650, 678, 'free', 0, 'upload', '/store/1/ebook/indonesia/Kisah Sebuah Rakit Tua.pdf', '9.14 MB', 'pdf', NULL, NULL, NULL, 0, NULL, 1, NULL, 'active', 1690269207, NULL, NULL),
(723, 867, 2651, 679, 'free', 0, 'upload', '/store/1/ebook/indonesia/Kisah Tersirat Sebuah Apresiasi Analitis atas Kisah Buddha by Sylvia Bay.pdf', '7.60 MB', 'pdf', NULL, NULL, NULL, 0, NULL, 1, NULL, 'active', 1690269207, NULL, NULL),
(724, 867, 2652, 680, 'free', 0, 'upload', '/store/1/ebook/indonesia/Kisah Tersirat.pdf', '7.60 MB', 'pdf', NULL, NULL, NULL, 0, NULL, 1, NULL, 'active', 1690269207, NULL, NULL),
(725, 867, 2653, 681, 'free', 0, 'upload', '/store/1/ebook/indonesia/Kitab Firasat Ilmu Membaca Sifat dan Karakter Orang dari Bentuk Tubuhnya by Imam Fakhruddin ar-Razi.pdf', '2.95 MB', 'pdf', NULL, NULL, NULL, 0, NULL, 1, NULL, 'active', 1690269207, NULL, NULL),
(726, 867, 2654, 682, 'free', 0, 'upload', '/store/1/ebook/indonesia/Kitab Pali.pdf', '1.31 MB', 'pdf', NULL, NULL, NULL, 0, NULL, 1, NULL, 'active', 1690269207, NULL, NULL),
(727, 867, 2655, 683, 'free', 0, 'upload', '/store/1/ebook/indonesia/Kitab Suci Kesatria Cahaya by Paulo Coelho.pdf', '0.94 MB', 'pdf', NULL, NULL, NULL, 0, NULL, 1, NULL, 'active', 1690269207, NULL, NULL),
(728, 867, 2656, 684, 'free', 0, 'upload', '/store/1/ebook/indonesia/kitab zen.pdf', '4.13 MB', 'pdf', NULL, NULL, NULL, 0, NULL, 1, NULL, 'active', 1690269207, NULL, NULL),
(729, 867, 2657, 685, 'free', 0, 'upload', '/store/1/ebook/indonesia/Komentar Anattalakkhana Sutta dan Malukyaputta Sutta.pdf', '2.19 MB', 'pdf', NULL, NULL, NULL, 0, NULL, 1, NULL, 'active', 1690269207, NULL, NULL),
(730, 867, 2658, 686, 'free', 0, 'upload', '/store/1/ebook/indonesia/Komunikasi Antarbudaya dalam Tradisi Agama Jawa by Dr. Mukti Ali, M.Hum..pdf', '1.59 MB', 'pdf', NULL, NULL, NULL, 0, NULL, 1, NULL, 'active', 1690269207, NULL, NULL),
(731, 867, 2659, 687, 'free', 0, 'upload', '/store/1/ebook/indonesia/Komunikasi Budaya, Pariwisata dan Religi by Hapsari Dwiningtyas Sulistyani, dkk..pdf', '29.17 MB', 'pdf', NULL, NULL, NULL, 0, NULL, 1, NULL, 'active', 1690269207, NULL, NULL),
(732, 867, 2660, 688, 'free', 0, 'upload', '/store/1/ebook/indonesia/Komunikasi, Religi dan Budaya by Fajar Junaedi dan Ayub Dwi Anggoro (editor).pdf', '12.55 MB', 'pdf', NULL, NULL, NULL, 0, NULL, 1, NULL, 'active', 1690269207, NULL, NULL),
(733, 867, 2661, 689, 'free', 0, 'upload', '/store/1/ebook/indonesia/Konflik Bernuansa Agama Peta Konflik Berbagai Daerah di Indonesia 1997 - 2005 by Choirul Fuad Yusuf.pdf', '6.66 MB', 'pdf', NULL, NULL, NULL, 0, NULL, 1, NULL, 'active', 1690269207, NULL, NULL),
(734, 867, 2662, 690, 'free', 0, 'upload', '/store/1/ebook/indonesia/Konseling Berfokus Resolusi Konflik antar Sebaya Dari Perselisihan ke Perdamaian di Kalangan Remaja by Latipun.pdf', '2.28 MB', 'pdf', NULL, NULL, NULL, 0, NULL, 1, NULL, 'active', 1690269207, NULL, NULL),
(735, 867, 2663, 691, 'free', 0, 'upload', '/store/1/ebook/indonesia/Konsep Konseling Berdasarkan Ayat-Ayat Al-Quran (Jilid II) by Drs. Abdul Hayat, M.Pd..pdf', '1.83 MB', 'pdf', NULL, NULL, NULL, 0, NULL, 1, NULL, 'active', 1690269207, NULL, NULL),
(736, 867, 2664, 692, 'free', 0, 'upload', '/store/1/ebook/indonesia/Konsili Buddhis - Menurut Tradisi Theravada.pdf', '1.33 MB', 'pdf', NULL, NULL, NULL, 0, NULL, 1, NULL, 'active', 1690269207, NULL, NULL),
(737, 867, 2665, 693, 'free', 0, 'upload', '/store/1/ebook/indonesia/Konspirasi Alam Semesta by Fiersa Besari (z-lib.org).pdf', '32.23 MB', 'pdf', NULL, NULL, NULL, 0, NULL, 1, NULL, 'active', 1690269207, NULL, NULL),
(738, 867, 2666, 694, 'free', 0, 'upload', '/store/1/ebook/indonesia/Kontestasi Agama dan Negara Politik Hukum Penodaan Agama di Asia Tenggara by Fauzan Ali Rasyid, Ah. Fathonih, Syahrul Anwar, Ayi Yunus Rusyana.pdf', '2.13 MB', 'pdf', NULL, NULL, NULL, 0, NULL, 1, NULL, 'active', 1690269207, NULL, NULL),
(739, 867, 2667, 695, 'free', 0, 'upload', '/store/1/ebook/indonesia/Kontestasi Identitas Agama Lokalitas Spiritual di Indonesia by Dr. Hasse Jubba, MA..pdf', '8.52 MB', 'pdf', NULL, NULL, NULL, 0, NULL, 1, NULL, 'active', 1690269207, NULL, NULL),
(740, 867, 2668, 696, 'free', 0, 'upload', '/store/1/ebook/indonesia/Kosmologi - Studi Struktur dan Asal Mula Alam Semesta by Fabian Chandra.pdf', '4.31 MB', 'pdf', NULL, NULL, NULL, 0, NULL, 1, NULL, 'active', 1690269207, NULL, NULL),
(741, 867, 2669, 697, 'free', 0, 'upload', '/store/1/ebook/indonesia/Kosmologi Islam dan Dunia Modern by William C. Chittick.pdf', '8.57 MB', 'pdf', NULL, NULL, NULL, 0, NULL, 1, NULL, 'active', 1690269207, NULL, NULL),
(742, 867, 2670, 698, 'free', 0, 'upload', '/store/1/ebook/indonesia/kosmologi.pdf', '4.31 MB', 'pdf', NULL, NULL, NULL, 0, NULL, 1, NULL, 'active', 1690269207, NULL, NULL),
(743, 867, 2671, 699, 'free', 0, 'upload', '/store/1/ebook/indonesia/Kronologi Hidup Buddha.pdf', '67.40 MB', 'pdf', NULL, NULL, NULL, 0, NULL, 1, NULL, 'active', 1690269207, NULL, NULL),
(744, 867, 2672, 700, 'free', 0, 'upload', '/store/1/ebook/indonesia/Kumpulan Artikel Bhikkhu Bodhi by Bhikkhu Bodhi.pdf', '0.81 MB', 'pdf', NULL, NULL, NULL, 0, NULL, 1, NULL, 'active', 1690269207, NULL, NULL),
(745, 867, 2673, 701, 'free', 0, 'upload', '/store/1/ebook/indonesia/Kumpulan Ceramah Dhammaclass Masa Vassa Vihara Vidyaloka.pdf', '3.34 MB', 'pdf', NULL, NULL, NULL, 0, NULL, 1, NULL, 'active', 1690269207, NULL, NULL),
(746, 867, 2674, 702, 'free', 0, 'upload', '/store/1/ebook/indonesia/Kumpulan Khotbah Sang Buddha.pdf', '3.37 MB', 'pdf', NULL, NULL, NULL, 0, NULL, 1, NULL, 'active', 1690269207, NULL, NULL),
(747, 867, 2675, 703, 'free', 0, 'upload', '/store/1/ebook/indonesia/kumpulan kisah nyata pantangan berzinah (jilid lengkap).pdf', '15.12 MB', 'pdf', NULL, NULL, NULL, 0, NULL, 1, NULL, 'active', 1690269207, NULL, NULL),
(748, 867, 2676, 704, 'free', 0, 'upload', '/store/1/ebook/indonesia/Kumpulan Misteri Dunia by Hastomo, Ssit..pdf', '2.89 MB', 'pdf', NULL, NULL, NULL, 0, NULL, 1, NULL, 'active', 1690269207, NULL, NULL),
(749, 867, 2677, 705, 'free', 0, 'upload', '/store/1/ebook/indonesia/kumpulan ringkasan ceramah dhamma by Bhikkhu Cittaguto.pdf', '3.08 MB', 'pdf', NULL, NULL, NULL, 0, NULL, 1, NULL, 'active', 1690269207, NULL, NULL),
(750, 867, 2678, 706, 'free', 0, 'upload', '/store/1/ebook/indonesia/Kumpulan Ringkasan Ceramah Dhamma.pdf', '3.08 MB', 'pdf', NULL, NULL, NULL, 0, NULL, 1, NULL, 'active', 1690269207, NULL, NULL),
(751, 867, 2679, 707, 'free', 0, 'upload', '/store/1/ebook/indonesia/kumpulan-beberapa-sutra-buddhisme-mahayana-1.pdf', '1.44 MB', 'pdf', NULL, NULL, NULL, 0, NULL, 1, NULL, 'active', 1690269207, NULL, NULL),
(752, 867, 2680, 708, 'free', 0, 'upload', '/store/1/ebook/indonesia/kumpulan-beberapa-sutra-buddhisme-mahayana-2.pdf', '1.51 MB', 'pdf', NULL, NULL, NULL, 0, NULL, 1, NULL, 'active', 1690269207, NULL, NULL),
(753, 867, 2681, 709, 'free', 0, 'upload', '/store/1/ebook/indonesia/kuning.pdf', '3.75 MB', 'pdf', NULL, NULL, NULL, 0, NULL, 1, NULL, 'active', 1690269207, NULL, NULL),
(754, 867, 2682, 710, 'free', 0, 'upload', '/store/1/ebook/indonesia/Kupas Tuntas Masalah Jin  Sihir by Dr..Ibrahim Kamal Adham.pdf', '10.80 MB', 'pdf', NULL, NULL, NULL, 0, NULL, 1, NULL, 'active', 1690269207, NULL, NULL),
(755, 867, 2683, 711, 'free', 0, 'upload', '/store/1/ebook/indonesia/kupas tuntas seputar RUH.pdf', '0.33 MB', 'pdf', NULL, NULL, NULL, 0, NULL, 1, NULL, 'active', 1690269207, NULL, NULL),
(756, 867, 2684, 712, 'free', 0, 'upload', '/store/1/ebook/indonesia/Laki-Laki dan Perempuan Identitas yang Berbeda Analisis Gender dan Politik Perspektif Post-Feminisme by Dra. Nila Sastrawati, M.Si..pdf', '6.28 MB', 'pdf', NULL, NULL, NULL, 0, NULL, 1, NULL, 'active', 1690269207, NULL, NULL),
(757, 867, 2685, 713, 'free', 0, 'upload', '/store/1/ebook/indonesia/Landasan Psikologis Pendidikan Islam by Syihabuddin.pdf', '1.64 MB', 'pdf', NULL, NULL, NULL, 0, NULL, 1, NULL, 'active', 1690269207, NULL, NULL),
(758, 867, 2686, 714, 'free', 0, 'upload', '/store/1/ebook/indonesia/Larangan Berlaku Boros.pdf', '0.23 MB', 'pdf', NULL, NULL, NULL, 0, NULL, 1, NULL, 'active', 1690269207, NULL, NULL),
(759, 867, 2687, 715, 'free', 0, 'upload', '/store/1/ebook/indonesia/Larangan Meminta-Minta.pdf', '0.25 MB', 'pdf', NULL, NULL, NULL, 0, NULL, 1, NULL, 'active', 1690269207, NULL, NULL),
(760, 867, 2688, 716, 'free', 0, 'upload', '/store/1/ebook/indonesia/Lima Penghalusinasi.pdf', '1.12 MB', 'pdf', NULL, NULL, NULL, 0, NULL, 1, NULL, 'active', 1690269207, NULL, NULL),
(761, 867, 2689, 717, 'free', 0, 'upload', '/store/1/ebook/indonesia/Literasi Moderasi Beragama di Indonesia.pdf', '2.60 MB', 'pdf', NULL, NULL, NULL, 0, NULL, 1, NULL, 'active', 1690269207, NULL, NULL),
(762, 867, 2690, 718, 'free', 0, 'upload', '/store/1/ebook/indonesia/Loving the Wounded Soul (Alasan dan Tujuan Depresi Hadir di Hidup Manusia) by Regis Machdy.pdf', '28.26 MB', 'pdf', NULL, NULL, NULL, 0, NULL, 1, NULL, 'active', 1690269207, NULL, NULL),
(763, 867, 2691, 719, 'free', 0, 'upload', '/store/1/ebook/indonesia/maha parinibbana sutta.pdf', '0.47 MB', 'pdf', NULL, NULL, NULL, 0, NULL, 1, NULL, 'active', 1690269207, NULL, NULL),
(764, 867, 2692, 720, 'free', 0, 'upload', '/store/1/ebook/indonesia/Majjhima Nikaya - Khotbah-khotbah Menengah Sang Buddha by Dhammacitta press.pdf', '110.38 MB', 'pdf', NULL, NULL, NULL, 0, NULL, 1, NULL, 'active', 1690269207, NULL, NULL),
(765, 867, 2693, 721, 'free', 0, 'upload', '/store/1/ebook/indonesia/Majjhima Nikaya - Khotbah-khotbah Menengah Sang Buddha.pdf', '9.90 MB', 'pdf', NULL, NULL, NULL, 0, NULL, 1, NULL, 'active', 1690269207, NULL, NULL),
(766, 867, 2694, 722, 'free', 0, 'upload', '/store/1/ebook/indonesia/Makalah Agama - Agama dan Filsafat.pdf', '0.44 MB', 'pdf', NULL, NULL, NULL, 0, NULL, 1, NULL, 'active', 1690269207, NULL, NULL),
(767, 867, 2695, 723, 'free', 0, 'upload', '/store/1/ebook/indonesia/Makan.pdf', '0.51 MB', 'pdf', NULL, NULL, NULL, 0, NULL, 1, NULL, 'active', 1690269207, NULL, NULL),
(768, 867, 2696, 724, 'free', 0, 'upload', '/store/1/ebook/indonesia/Makanan haram dalam islam A-Z.pdf', '0.21 MB', 'pdf', NULL, NULL, NULL, 0, NULL, 1, NULL, 'active', 1690269207, NULL, NULL),
(769, 867, 2697, 725, 'free', 0, 'upload', '/store/1/ebook/indonesia/Makanan+Haram.pdf', '2.39 MB', 'pdf', NULL, NULL, NULL, 0, NULL, 1, NULL, 'active', 1690269207, NULL, NULL),
(770, 867, 2698, 726, 'free', 0, 'upload', '/store/1/ebook/indonesia/Maklumat Raja Asoka.pdf', '0.81 MB', 'pdf', NULL, NULL, NULL, 0, NULL, 1, NULL, 'active', 1690269207, NULL, NULL),
(771, 867, 2699, 727, 'free', 0, 'upload', '/store/1/ebook/indonesia/Makna Paritta.pdf', '0.42 MB', 'pdf', NULL, NULL, NULL, 0, NULL, 1, NULL, 'active', 1690269207, NULL, NULL),
(772, 867, 2700, 728, 'free', 0, 'upload', '/store/1/ebook/indonesia/Manajemen Diri Buddhis.pdf', '1.00 MB', 'pdf', NULL, NULL, NULL, 0, NULL, 1, NULL, 'active', 1690269207, NULL, NULL),
(773, 867, 2701, 729, 'free', 0, 'upload', '/store/1/ebook/indonesia/MANFAAT MEMBACA PARRITA.pdf', '0.15 MB', 'pdf', NULL, NULL, NULL, 0, NULL, 1, NULL, 'active', 1690269207, NULL, NULL),
(774, 867, 2702, 730, 'free', 0, 'upload', '/store/1/ebook/indonesia/Mantra by Deddy Corbuzier.pdf', '1.94 MB', 'pdf', NULL, NULL, NULL, 0, NULL, 1, NULL, 'active', 1690269207, NULL, NULL),
(775, 867, 2703, 731, 'free', 0, 'upload', '/store/1/ebook/indonesia/Manusia dan Islam Jilid 1 by Dr. Haron Din.pdf', '2.89 MB', 'pdf', NULL, NULL, NULL, 0, NULL, 1, NULL, 'active', 1690269207, NULL, NULL),
(776, 867, 2704, 732, 'free', 0, 'upload', '/store/1/ebook/indonesia/Manusia dan Islam Jilid 2 by Dr. Haron Din.pdf', '5.44 MB', 'pdf', NULL, NULL, NULL, 0, NULL, 1, NULL, 'active', 1690269207, NULL, NULL),
(777, 867, 2705, 733, 'free', 0, 'upload', '/store/1/ebook/indonesia/Manusia Dan Islam Jilid 3 by Dr. Haron Din.pdf', '3.36 MB', 'pdf', NULL, NULL, NULL, 0, NULL, 1, NULL, 'active', 1690269207, NULL, NULL),
(778, 867, 2706, 734, 'free', 0, 'upload', '/store/1/ebook/indonesia/Mara si Penggoda.pdf', '3.91 MB', 'pdf', NULL, NULL, NULL, 0, NULL, 1, NULL, 'active', 1690269207, NULL, NULL),
(779, 867, 2707, 735, 'free', 0, 'upload', '/store/1/ebook/indonesia/Marifatullah la khaliqa illa allah.pdf', '10.92 MB', 'pdf', NULL, NULL, NULL, 0, NULL, 1, NULL, 'active', 1690269207, NULL, NULL),
(780, 867, 2708, 736, 'free', 0, 'upload', '/store/1/ebook/indonesia/Mata Ketiga dan Cara Menggunakannya by Leonardo Rimba.pdf', '1.69 MB', 'pdf', NULL, NULL, NULL, 0, NULL, 1, NULL, 'active', 1690269207, NULL, NULL),
(781, 867, 2709, 737, 'free', 0, 'upload', '/store/1/ebook/indonesia/Media+Pembelajaran+Pendukung+perkuliahan+Filsafat_Filsafat+Ilmu_Filsafat+Pendidikan+Matematika_Filsafat+Pendidikan+Sain.pdf', '0.24 MB', 'pdf', NULL, NULL, NULL, 0, NULL, 1, NULL, 'active', 1690269207, NULL, NULL),
(782, 867, 2710, 738, 'free', 0, 'upload', '/store/1/ebook/indonesia/Media＋Pembelajaran＋Pendukung＋perkuliahan＋Filsafat＿Filsafat+Ilmu_Filsafat+Pendidikan+Matematika_Filsafat+Pendidikan+Sain.pdf', '0.24 MB', 'pdf', NULL, NULL, NULL, 0, NULL, 1, NULL, 'active', 1690269207, NULL, NULL),
(783, 867, 2711, 739, 'free', 0, 'upload', '/store/1/ebook/indonesia/Meditasi Pernafasan - Bikkhu Kassapa.pdf', '0.67 MB', 'pdf', NULL, NULL, NULL, 0, NULL, 1, NULL, 'active', 1690269207, NULL, NULL),
(784, 867, 2712, 740, 'free', 0, 'upload', '/store/1/ebook/indonesia/meditation-(samadhi-bhavana).pdf', '0.58 MB', 'pdf', NULL, NULL, NULL, 0, NULL, 1, NULL, 'active', 1690269207, NULL, NULL),
(785, 867, 2713, 741, 'free', 0, 'upload', '/store/1/ebook/indonesia/Melihat Dhamma.pdf', '1.69 MB', 'pdf', NULL, NULL, NULL, 0, NULL, 1, NULL, 'active', 1690269207, NULL, NULL),
(786, 867, 2714, 742, 'free', 0, 'upload', '/store/1/ebook/indonesia/Melihat Pohon Bodhi.pdf', '1.08 MB', 'pdf', NULL, NULL, NULL, 0, NULL, 1, NULL, 'active', 1690269207, NULL, NULL),
(787, 867, 2715, 743, 'free', 0, 'upload', '/store/1/ebook/indonesia/Memahami Buddhisme Tradisi Mahayana.pdf', '3.51 MB', 'pdf', NULL, NULL, NULL, 0, NULL, 1, NULL, 'active', 1690269207, NULL, NULL),
(788, 867, 2716, 744, 'free', 0, 'upload', '/store/1/ebook/indonesia/membaca dan menyentuh al-qur\'an dalam keadaan hadast.pdf', '0.16 MB', 'pdf', NULL, NULL, NULL, 0, NULL, 1, NULL, 'active', 1690269207, NULL, NULL),
(789, 867, 2717, 745, 'free', 0, 'upload', '/store/1/ebook/indonesia/Membangkitkan Hati yang Baik.pdf', '1.77 MB', 'pdf', NULL, NULL, NULL, 0, NULL, 1, NULL, 'active', 1690269207, NULL, NULL),
(790, 867, 2718, 746, 'free', 0, 'upload', '/store/1/ebook/indonesia/Membangun Moderasi Beragama Umat Melalui Integrasi Keilmuan by Dr. Muhammad Qasim, M.Pd.I..pdf', '2.96 MB', 'pdf', NULL, NULL, NULL, 0, NULL, 1, NULL, 'active', 1690269207, NULL, NULL),
(791, 867, 2719, 747, 'free', 0, 'upload', '/store/1/ebook/indonesia/Membangun Moral Bangsa Melalui Akhlak Tasawuf by M. Iqbal Irham, M.Ag..pdf', '13.32 MB', 'pdf', NULL, NULL, NULL, 0, NULL, 1, NULL, 'active', 1690269207, NULL, NULL),
(792, 867, 2720, 748, 'free', 0, 'upload', '/store/1/ebook/indonesia/Membatasi Tanpa Melanggar Hak Kebebasan Beragama atau Berkeyakinan by Zainal Abidin Bagir, Asfinawati, Suhadi, Renata Arianingtyas.pdf', '1.34 MB', 'pdf', NULL, NULL, NULL, 0, NULL, 1, NULL, 'active', 1690269207, NULL, NULL),
(793, 867, 2721, 749, 'free', 0, 'upload', '/store/1/ebook/indonesia/Membela Kebebasan Beragama buku 1, Budi Munawwar Rahma .ed.pdf', '3.68 MB', 'pdf', NULL, NULL, NULL, 0, NULL, 1, NULL, 'active', 1690269207, NULL, NULL),
(794, 867, 2722, 750, 'free', 0, 'upload', '/store/1/ebook/indonesia/membela kebebasan beragama buku 2.pdf', '3.86 MB', 'pdf', NULL, NULL, NULL, 0, NULL, 1, NULL, 'active', 1690269207, NULL, NULL),
(795, 867, 2723, 751, 'free', 0, 'upload', '/store/1/ebook/indonesia/Membela Kebebasan Beragama, Budi Munawwar Rahma .ed.pdf', '3.68 MB', 'pdf', NULL, NULL, NULL, 0, NULL, 1, NULL, 'active', 1690269207, NULL, NULL),
(796, 867, 2724, 752, 'free', 0, 'upload', '/store/1/ebook/indonesia/Membongkar kesesatan REiki Tenaga dalam & Ilmu Kesaktian.pdf', '4.28 MB', 'pdf', NULL, NULL, NULL, 0, NULL, 1, NULL, 'active', 1690269207, NULL, NULL),
(797, 867, 2725, 753, 'free', 0, 'upload', '/store/1/ebook/indonesia/Membuka Jalan.pdf', '0.77 MB', 'pdf', NULL, NULL, NULL, 0, NULL, 1, NULL, 'active', 1690269207, NULL, NULL),
(798, 867, 2726, 754, 'free', 0, 'upload', '/store/1/ebook/indonesia/Membuka Kebenaran Spiritual.pdf', '28.84 MB', 'pdf', NULL, NULL, NULL, 0, NULL, 1, NULL, 'active', 1690269207, NULL, NULL),
(799, 867, 2727, 755, 'free', 0, 'upload', '/store/1/ebook/indonesia/Membuka Tirai Kegaiban Renungan-Renungan Sufistik by Jalaluddin Rakhmat.pdf', '1.55 MB', 'pdf', NULL, NULL, NULL, 0, NULL, 1, NULL, 'active', 1690269207, NULL, NULL),
(800, 867, 2728, 756, 'free', 0, 'upload', '/store/1/ebook/indonesia/Menampar Propaganda Kembali Kepada Quran - Keruntuhan Argumentasi Anti Madzhab dan Anti Taqlid by Syaikh Muhammad Said Ramadan al Buthy.pdf', '5.30 MB', 'pdf', NULL, NULL, NULL, 0, NULL, 1, NULL, 'active', 1690269207, NULL, NULL),
(801, 867, 2729, 757, 'free', 0, 'upload', '/store/1/ebook/indonesia/Menelusuri Jalan Spiritual - bigfile.pdf', '106.29 MB', 'pdf', NULL, NULL, NULL, 0, NULL, 1, NULL, 'active', 1690269207, NULL, NULL),
(802, 867, 2730, 758, 'free', 0, 'upload', '/store/1/ebook/indonesia/menelusuri jalan spiritual.pdf', '6.25 MB', 'pdf', NULL, NULL, NULL, 0, NULL, 1, NULL, 'active', 1690269207, NULL, NULL),
(803, 867, 2731, 759, 'free', 0, 'upload', '/store/1/ebook/indonesia/Menerbitkan Cahaya Diri Sebuah Risalah Sufistik tentang Pendidikan Jiwa by Sayid Abbas Nuruddin.pdf', '2.34 MB', 'pdf', NULL, NULL, NULL, 0, NULL, 1, NULL, 'active', 1690269207, NULL, NULL),
(804, 867, 2732, 760, 'free', 0, 'upload', '/store/1/ebook/indonesia/Mengapa U Sikkhananda tidak Memenuhi Undangan untuk Meresitasikan Paritta.pdf', '1.06 MB', 'pdf', NULL, NULL, NULL, 0, NULL, 1, NULL, 'active', 1690269207, NULL, NULL),
(805, 867, 2733, 761, 'free', 0, 'upload', '/store/1/ebook/indonesia/Mengelola Keragaman dan Kebebasan Beragama di Indonesia Refleksi atas Beberapa Pendekatan Advokasi by Samsu Rizal Panggabean, Mohammad Miqdad, Asfinawati, Ram Kakarala.pdf', '5.72 MB', 'pdf', NULL, NULL, NULL, 0, NULL, 1, NULL, 'active', 1690269207, NULL, NULL),
(806, 867, 2734, 762, 'free', 0, 'upload', '/store/1/ebook/indonesia/Mengelola Keragaman dan Kebebasan Beragama di Indonesia Sejarah, Teori dan Advokasi by Robert W. Hefner  Ihsan Ali-Fauzi.pdf', '3.24 MB', 'pdf', NULL, NULL, NULL, 0, NULL, 1, NULL, 'active', 1690269207, NULL, NULL),
(807, 867, 2735, 763, 'free', 0, 'upload', '/store/1/ebook/indonesia/mengenal beberapa aspek filsafat konfusianisme, taoisme, dan. buddhisme.pdf', '1.11 MB', 'pdf', NULL, NULL, NULL, 0, NULL, 1, NULL, 'active', 1690269207, NULL, NULL),
(808, 867, 2736, 764, 'free', 0, 'upload', '/store/1/ebook/indonesia/Mengenal Diri Tuntunan Islam dalam Memahami Jiwa, Watak dan Keperibadian Anda by Mohammad Ali Shomali.pdf', '6.25 MB', 'pdf', NULL, NULL, NULL, 0, NULL, 1, NULL, 'active', 1690269207, NULL, NULL),
(809, 867, 2737, 765, 'free', 0, 'upload', '/store/1/ebook/indonesia/Mengenal Kenikmatan Surga Firdaus Yang Kekal Dan Abadi Edisi Bahasa Indonesia by Jannah Firdaus Mediapro.pdf', '16.10 MB', 'pdf', NULL, NULL, NULL, 0, NULL, 1, NULL, 'active', 1690269207, NULL, NULL),
(810, 867, 2738, 766, 'free', 0, 'upload', '/store/1/ebook/indonesia/Mengenal Kesehatan Jiwa - versi PDF Tunggal by Anta Samsara.pdf', '11.60 MB', 'pdf', NULL, NULL, NULL, 0, NULL, 1, NULL, 'active', 1690269207, NULL, NULL),
(811, 867, 2739, 767, 'free', 0, 'upload', '/store/1/ebook/indonesia/mengenal para bodhisattva.pdf', '9.02 MB', 'pdf', NULL, NULL, NULL, 0, NULL, 1, NULL, 'active', 1690269207, NULL, NULL),
(812, 867, 2740, 768, 'free', 0, 'upload', '/store/1/ebook/indonesia/Mengenal pokok-pokok ajaran syiah imamiyah dan perbedaannya dengan ahlussunnah.pdf', '20.86 MB', 'pdf', NULL, NULL, NULL, 0, NULL, 1, NULL, 'active', 1690269207, NULL, NULL),
(813, 867, 2741, 769, 'free', 0, 'upload', '/store/1/ebook/indonesia/Mengenal Psikologi Humanistik by Anta Samsara.pdf', '1.06 MB', 'pdf', NULL, NULL, NULL, 0, NULL, 1, NULL, 'active', 1690269207, NULL, NULL),
(814, 867, 2742, 770, 'free', 0, 'upload', '/store/1/ebook/indonesia/Mengerti Sosiologi Pengantar Memahami Konsep-Konsep Sosiologi by Dr. M. Amin Nurdin, MA.  Ahmad Abrori, M.Si..pdf', '1.52 MB', 'pdf', NULL, NULL, NULL, 0, NULL, 1, NULL, 'active', 1690269207, NULL, NULL),
(815, 867, 2743, 771, 'free', 0, 'upload', '/store/1/ebook/indonesia/Mengkaji Tafsir Sufi Karya Ibnu ‘Ajibah Kitab al-Bahr al-Madid fi Tafsir al-Qur’an al-Majid by Moh. Azwar Hairul.pdf', '4.73 MB', 'pdf', NULL, NULL, NULL, 0, NULL, 1, NULL, 'active', 1690269207, NULL, NULL),
(816, 867, 2744, 772, 'free', 0, 'upload', '/store/1/ebook/indonesia/Menguak Dunia Jin Ruqyah Dampak dan Bahayanya by Muhammad Luthfi Ghozali.pdf', '2.92 MB', 'pdf', NULL, NULL, NULL, 0, NULL, 1, NULL, 'active', 1690269207, NULL, NULL),
(817, 867, 2745, 773, 'free', 0, 'upload', '/store/1/ebook/indonesia/Menguak DUNIA JIN Ruqyah-dampak dan bahayanya-M Luthfi Ghazali.pdf', '2.92 MB', 'pdf', NULL, NULL, NULL, 0, NULL, 1, NULL, 'active', 1690269207, NULL, NULL),
(818, 867, 2746, 774, 'free', 0, 'upload', '/store/1/ebook/indonesia/Menguak Misteri Kematian.pdf', '0.67 MB', 'pdf', NULL, NULL, NULL, 0, NULL, 1, NULL, 'active', 1690269207, NULL, NULL),
(819, 867, 2747, 775, 'free', 0, 'upload', '/store/1/ebook/indonesia/Meninjau Ulang dan Menyikapi Pragmatisme Dewasa Ini.pdf', '2.15 MB', 'pdf', NULL, NULL, NULL, 0, NULL, 1, NULL, 'active', 1690269207, NULL, NULL),
(820, 867, 2748, 776, 'free', 0, 'upload', '/store/1/ebook/indonesia/Menjaga Adat, Menguatkan Agama Katoba dan Identitas Muslim Muna by Dr. Asliah Zainal, M.A..pdf', '3.59 MB', 'pdf', NULL, NULL, NULL, 0, NULL, 1, NULL, 'active', 1690269207, NULL, NULL),
(821, 867, 2749, 777, 'free', 0, 'upload', '/store/1/ebook/indonesia/Menuju Penguatan Hak Korban dalam RUU Penghapusan Kekerasan Seksual by Maidina Rahmawati  Supriyadi Widodo Eddyono.pdf', '1.32 MB', 'pdf', NULL, NULL, NULL, 0, NULL, 1, NULL, 'active', 1690269207, NULL, NULL);
INSERT INTO `files` (`id`, `creator_id`, `webinar_id`, `chapter_id`, `accessibility`, `downloadable`, `storage`, `file`, `volume`, `file_type`, `interactive_type`, `interactive_file_name`, `interactive_file_path`, `check_previous_parts`, `access_after_day`, `online_viewer`, `order`, `status`, `created_at`, `updated_at`, `deleted_at`) VALUES
(822, 867, 2750, 778, 'free', 0, 'upload', '/store/1/ebook/indonesia/Menuju Sains Berkelanjutan.pdf', '2.27 MB', 'pdf', NULL, NULL, NULL, 0, NULL, 1, NULL, 'active', 1690269207, NULL, NULL),
(823, 867, 2751, 779, 'free', 0, 'upload', '/store/1/ebook/indonesia/Menyadari_Batin_dgn_Pengantar.pdf', '3.47 MB', 'pdf', NULL, NULL, NULL, 0, NULL, 1, NULL, 'active', 1690269207, NULL, NULL),
(824, 867, 2752, 780, 'free', 0, 'upload', '/store/1/ebook/indonesia/Menyembuhkan Diri, Mengatasi Derita.pdf', '1.69 MB', 'pdf', NULL, NULL, NULL, 0, NULL, 1, NULL, 'active', 1690269207, NULL, NULL),
(825, 867, 2753, 781, 'free', 0, 'upload', '/store/1/ebook/indonesia/Merawat Kebersamaan Polisi, Kebebasan Beragama dan Perdamaian by Rizal Panggabean dan Ihsan Ali-Fauzi.pdf', '21.56 MB', 'pdf', NULL, NULL, NULL, 0, NULL, 1, NULL, 'active', 1690269207, NULL, NULL),
(826, 867, 2754, 782, 'free', 0, 'upload', '/store/1/ebook/indonesia/Merawat Pemikiran Buya Syafii Keislaman, Keindonesiaan dan Kemanusiaan by Moh. Shofan (editor).pdf', '2.89 MB', 'pdf', NULL, NULL, NULL, 0, NULL, 1, NULL, 'active', 1690269207, NULL, NULL),
(827, 867, 2755, 783, 'free', 0, 'upload', '/store/1/ebook/indonesia/merayakan kebebasan beragama dp.pdf', '3.73 MB', 'pdf', NULL, NULL, NULL, 0, NULL, 1, NULL, 'active', 1690269207, NULL, NULL),
(828, 867, 2756, 784, 'free', 0, 'upload', '/store/1/ebook/indonesia/Merayakan Keragaman Mengenal Lebih Dekat Ragam Agama di Indonesia by Ibn Ghifarie.pdf', '11.54 MB', 'pdf', NULL, NULL, NULL, 0, NULL, 1, NULL, 'active', 1690269207, NULL, NULL),
(829, 867, 2757, 785, 'free', 0, 'upload', '/store/1/ebook/indonesia/Messianik Yahudi Juru Selamat Yahudi dalam Telaah Psikoanalisa Erich Fromm by Anggun Gunawan, S.Fil..pdf', '1.89 MB', 'pdf', NULL, NULL, NULL, 0, NULL, 1, NULL, 'active', 1690269207, NULL, NULL),
(830, 867, 2758, 786, 'free', 0, 'upload', '/store/1/ebook/indonesia/Metode dan Pendekatan dalam Syarah Hadis by Muhammad Misbah, dkk..pdf', '1.83 MB', 'pdf', NULL, NULL, NULL, 0, NULL, 1, NULL, 'active', 1690269207, NULL, NULL),
(831, 867, 2759, 787, 'free', 0, 'upload', '/store/1/ebook/indonesia/Metta dan Mangala.pdf', '3.50 MB', 'pdf', NULL, NULL, NULL, 0, NULL, 1, NULL, 'active', 1690269207, NULL, NULL),
(832, 867, 2760, 788, 'free', 0, 'upload', '/store/1/ebook/indonesia/metta.pdf', '0.32 MB', 'pdf', NULL, NULL, NULL, 0, NULL, 1, NULL, 'active', 1690269207, NULL, NULL),
(833, 867, 2761, 789, 'free', 0, 'upload', '/store/1/ebook/indonesia/Meyakini Menghargai Ensiklopedia Mengenal Lebih Dekat Ragam Agama dan Kepercayaan di Indonesia by Nenden Hendarsih.pdf', '14.93 MB', 'pdf', NULL, NULL, NULL, 0, NULL, 1, NULL, 'active', 1690269207, NULL, NULL),
(834, 867, 2762, 790, 'free', 0, 'upload', '/store/1/ebook/indonesia/Mingun_Sayadaw-Riwayat_Agung_Para_Buddha-Buku_1.pdf', '4.62 MB', 'pdf', NULL, NULL, NULL, 0, NULL, 1, NULL, 'active', 1690269207, NULL, NULL),
(835, 867, 2763, 791, 'free', 0, 'upload', '/store/1/ebook/indonesia/Misteri Ilmu  Nafi\'.pdf', '18.85 MB', 'pdf', NULL, NULL, NULL, 0, NULL, 1, NULL, 'active', 1690269207, NULL, NULL),
(836, 867, 2764, 792, 'free', 0, 'upload', '/store/1/ebook/indonesia/Misteri Kehadiran Arwah.pdf', '0.90 MB', 'pdf', NULL, NULL, NULL, 0, NULL, 1, NULL, 'active', 1690269207, NULL, NULL),
(837, 867, 2765, 793, 'free', 0, 'upload', '/store/1/ebook/indonesia/Misteri Ramadhan by Dr. Said bin Musaffar al-Qahthani, Muhammad bin Mubarak ath-Thawasyi.pdf', '2.35 MB', 'pdf', NULL, NULL, NULL, 0, NULL, 1, NULL, 'active', 1690269207, NULL, NULL),
(838, 867, 2766, 794, 'free', 0, 'upload', '/store/1/ebook/indonesia/Mistik dan Makrifat Sunan Kalijaga.pdf', '3.79 MB', 'pdf', NULL, NULL, NULL, 0, NULL, 1, NULL, 'active', 1690269207, NULL, NULL),
(839, 867, 2767, 795, 'free', 0, 'upload', '/store/1/ebook/indonesia/Mistik Pembebasan Dunia Butuh Sembuh dan Manusia Perlu Waras by Abdillah Muhammad Marzuqi.pdf', '2.92 MB', 'pdf', NULL, NULL, NULL, 0, NULL, 1, NULL, 'active', 1690269207, NULL, NULL),
(840, 867, 2768, 796, 'free', 0, 'upload', '/store/1/ebook/indonesia/Model-Model Dakwah di Era Kontemporer by Dr. H. Fahrurrozi, MA.pdf', '2.42 MB', 'pdf', NULL, NULL, NULL, 0, NULL, 1, NULL, 'active', 1690269207, NULL, NULL),
(841, 867, 2769, 797, 'free', 0, 'upload', '/store/1/ebook/indonesia/Moderasi Beragama by Tim Penyusun.pdf', '6.84 MB', 'pdf', NULL, NULL, NULL, 0, NULL, 1, NULL, 'active', 1690269207, NULL, NULL),
(842, 867, 2770, 798, 'free', 0, 'upload', '/store/1/ebook/indonesia/Moderasi Beragama Jihad Ulama Menyelamatkan Umat dan Negeri dari Bahaya Hoax by Muhamad Qustulani, Fahmi Irfani, Ecep Ishak Fariduddin, Ahmad Suhendra.pdf', '5.57 MB', 'pdf', NULL, NULL, NULL, 0, NULL, 1, NULL, 'active', 1690269207, NULL, NULL),
(843, 867, 2771, 799, 'free', 0, 'upload', '/store/1/ebook/indonesia/Modul Intervensi Pencegahan Kekerasan Seksual terhadap Anak by Dr. Ns. Meri Neherta, S.Kep., M.Biomed.pdf', '2.23 MB', 'pdf', NULL, NULL, NULL, 0, NULL, 1, NULL, 'active', 1690269207, NULL, NULL),
(844, 867, 2772, 800, 'free', 0, 'upload', '/store/1/ebook/indonesia/Modul+Filsafat+Ilmu.pdf', '0.54 MB', 'pdf', NULL, NULL, NULL, 0, NULL, 1, NULL, 'active', 1690269207, NULL, NULL),
(845, 867, 2773, 801, 'free', 0, 'upload', '/store/1/ebook/indonesia/Monografi Kerukunan Umat Beragama di Indonesia by Dr. Kustini (editor).pdf', '10.49 MB', 'pdf', NULL, NULL, NULL, 0, NULL, 1, NULL, 'active', 1690269207, NULL, NULL),
(846, 867, 2774, 802, 'free', 0, 'upload', '/store/1/ebook/indonesia/Monoteisme Tauhid sebagai Sistem Nilai dan Akidah Islam by Muhammad Taqi Misbah.pdf', '2.73 MB', 'pdf', NULL, NULL, NULL, 0, NULL, 1, NULL, 'active', 1690269207, NULL, NULL),
(847, 867, 2775, 803, 'free', 0, 'upload', '/store/1/ebook/indonesia/Muhasabah.pdf', '5.30 MB', 'pdf', NULL, NULL, NULL, 0, NULL, 1, NULL, 'active', 1690269207, NULL, NULL),
(848, 867, 2776, 804, 'free', 0, 'upload', '/store/1/ebook/indonesia/Nahdlatul Wathan di Era Reformasi Agama, Konflik Komunal dan Peta Rekonsiliasi by Saipul Hamdi.pdf', '8.43 MB', 'pdf', NULL, NULL, NULL, 0, NULL, 1, NULL, 'active', 1690269207, NULL, NULL),
(849, 867, 2777, 805, 'free', 0, 'upload', '/store/1/ebook/indonesia/Nasihat Praktis Bagi Meditator.pdf', '0.66 MB', 'pdf', NULL, NULL, NULL, 0, NULL, 1, NULL, 'active', 1690269207, NULL, NULL),
(850, 867, 2778, 806, 'free', 0, 'upload', '/store/1/ebook/indonesia/New Normal, Kajian Multidisiplin by Editor Akhsanul In’am  Latipun.pdf', '9.51 MB', 'pdf', NULL, NULL, NULL, 0, NULL, 1, NULL, 'active', 1690269207, NULL, NULL),
(851, 867, 2779, 807, 'free', 0, 'upload', '/store/1/ebook/indonesia/Ngaben Warga Dadya Arya Kubontubuh Tirtha Sari Desa Ulakan Karangasem Perspektif Pendidikan Agama Hindu by Dr. I Ketut Sudarsana, S.Ag., M.Pd.H..pdf', '3.53 MB', 'pdf', NULL, NULL, NULL, 0, NULL, 1, NULL, 'active', 1690269207, NULL, NULL),
(852, 867, 2780, 808, 'free', 0, 'upload', '/store/1/ebook/indonesia/Nibbana Sebagai Suatu Pengalaman Hidup.pdf', '1.27 MB', 'pdf', NULL, NULL, NULL, 0, NULL, 1, NULL, 'active', 1690269207, NULL, NULL),
(853, 867, 2781, 809, 'free', 0, 'upload', '/store/1/ebook/indonesia/Nikah Beda Agama, Solusi Konflik by Percikan Iman.pdf', '9.13 MB', 'pdf', NULL, NULL, NULL, 0, NULL, 1, NULL, 'active', 1690269207, NULL, NULL),
(854, 867, 2782, 810, 'free', 0, 'upload', '/store/1/ebook/indonesia/Nilai-Nilai Spiritual dan Karakter dalam Sastra by I Komang Warsa.pdf', '7.71 MB', 'pdf', NULL, NULL, NULL, 0, NULL, 1, NULL, 'active', 1690269207, NULL, NULL),
(855, 867, 2783, 811, 'free', 0, 'upload', '/store/1/ebook/indonesia/Obrolan Sufi Untuk Transformasi Hati, Jiwa, dan Ruh by Robert Frager, Ph.D..pdf', '3.99 MB', 'pdf', NULL, NULL, NULL, 0, NULL, 1, NULL, 'active', 1690269207, NULL, NULL),
(856, 867, 2784, 812, 'free', 0, 'upload', '/store/1/ebook/indonesia/Origins of Terrorism Tinjauan Psikologi, Ideologi, Teologi dan Sikap Mental by Walter Reich.pdf', '6.02 MB', 'pdf', NULL, NULL, NULL, 0, NULL, 1, NULL, 'active', 1690269207, NULL, NULL),
(857, 867, 2785, 813, 'free', 0, 'upload', '/store/1/ebook/indonesia/Otobiografi Phra Ajahn Lee Dhammadharo.pdf', '2.87 MB', 'pdf', NULL, NULL, NULL, 0, NULL, 1, NULL, 'active', 1690269207, NULL, NULL),
(858, 867, 2786, 814, 'free', 0, 'upload', '/store/1/ebook/indonesia/Panca Balikrama Besakih Manajemen, Implikasi, dan Dasar Pelaksanaan by W. Kandi Wijaya.pdf', '5.83 MB', 'pdf', NULL, NULL, NULL, 0, NULL, 1, NULL, 'active', 1690269207, NULL, NULL),
(859, 867, 2787, 815, 'free', 0, 'upload', '/store/1/ebook/indonesia/Pandangan Benar.pdf', '2.29 MB', 'pdf', NULL, NULL, NULL, 0, NULL, 1, NULL, 'active', 1690269207, NULL, NULL),
(860, 867, 2788, 816, 'free', 0, 'upload', '/store/1/ebook/indonesia/Pandangan Kejawen Tentang Tuhan.pdf', '0.68 MB', 'pdf', NULL, NULL, NULL, 0, NULL, 1, NULL, 'active', 1690269207, NULL, NULL),
(861, 867, 2789, 817, 'free', 0, 'upload', '/store/1/ebook/indonesia/Pandangan Sang Buddha Tentang Makan Daging.pdf', '0.07 MB', 'pdf', NULL, NULL, NULL, 0, NULL, 1, NULL, 'active', 1690269207, NULL, NULL),
(862, 867, 2790, 818, 'free', 0, 'upload', '/store/1/ebook/indonesia/Panduan Mendidik Anak Sesuai Sunnah Nabi SAW. by Syaikh ‘Abdussalâm as-Sulaymân.pdf', '6.08 MB', 'pdf', NULL, NULL, NULL, 0, NULL, 1, NULL, 'active', 1690269207, NULL, NULL),
(863, 867, 2791, 819, 'free', 0, 'upload', '/store/1/ebook/indonesia/Panorama Pemikiran Islam Wawasan tentang Ketuhanan, Kemanusiaan, dan Hari Akhir by Prof. J. Subhani.pdf', '3.55 MB', 'pdf', NULL, NULL, NULL, 0, NULL, 1, NULL, 'active', 1690269207, NULL, NULL),
(864, 867, 2792, 820, 'free', 0, 'upload', '/store/1/ebook/indonesia/Partai Politik  Pendidikan Agama Islam by Yunita Faela Nisa, M. Zaki Mubarak, A. Bakir Ihsan, Suryani, Tasman, Ahmad Al Fajri, Dita Kirana.pdf', '2.33 MB', 'pdf', NULL, NULL, NULL, 0, NULL, 1, NULL, 'active', 1690269207, NULL, NULL),
(865, 867, 2793, 821, 'free', 0, 'upload', '/store/1/ebook/indonesia/Pasang Surut Rekognisi Agama Leluhur dalam Politik Agama di Indonesia by Samsul Maarif.pdf', '1.83 MB', 'pdf', NULL, NULL, NULL, 0, NULL, 1, NULL, 'active', 1690269207, NULL, NULL),
(866, 867, 2794, 822, 'free', 0, 'upload', '/store/1/ebook/indonesia/Pasung Jiwa by Okky Madasari.pdf', '4.36 MB', 'pdf', NULL, NULL, NULL, 0, NULL, 1, NULL, 'active', 1690269207, NULL, NULL),
(867, 867, 2795, 823, 'free', 0, 'upload', '/store/1/ebook/indonesia/Paticcasamuppada (Kemunculan  yang Dependen).pdf', '3.00 MB', 'pdf', NULL, NULL, NULL, 0, NULL, 1, NULL, 'active', 1690269207, NULL, NULL),
(868, 867, 2796, 824, 'free', 0, 'upload', '/store/1/ebook/indonesia/Paticcasamuppada.pdf', '0.41 MB', 'pdf', NULL, NULL, NULL, 0, NULL, 1, NULL, 'active', 1690269207, NULL, NULL),
(869, 867, 2797, 825, 'free', 0, 'upload', '/store/1/ebook/indonesia/pelangi-dharma.pdf', '0.28 MB', 'pdf', NULL, NULL, NULL, 0, NULL, 1, NULL, 'active', 1690269207, NULL, NULL),
(870, 867, 2798, 826, 'free', 0, 'upload', '/store/1/ebook/indonesia/Pelintiran Kebencian Rekayasa Ketersinggungan Agama dan Ancamannya bagi Demokrasi by Cherian George.pdf', '2.45 MB', 'pdf', NULL, NULL, NULL, 0, NULL, 1, NULL, 'active', 1690269207, NULL, NULL),
(871, 867, 2799, 827, 'free', 0, 'upload', '/store/1/ebook/indonesia/pembahasan tuntas peradaban manusia dari awal hingga akhir full final.pdf', '14.45 MB', 'pdf', NULL, NULL, NULL, 0, NULL, 1, NULL, 'active', 1690269207, NULL, NULL),
(872, 867, 2800, 828, 'free', 0, 'upload', '/store/1/ebook/indonesia/Pembebasan Perempuan Feminisme, Revolusi Kelas, dan Anarkisme by Sara M. Evans  Deirdre Hogan.pdf', '1.22 MB', 'pdf', NULL, NULL, NULL, 0, NULL, 1, NULL, 'active', 1690269207, NULL, NULL),
(873, 867, 2801, 829, 'free', 0, 'upload', '/store/1/ebook/indonesia/Pemeriksaan Fisik dan Aspek Medikolegal Kekerasan Seksual Pada Anak dan Remaja.pdf', '1.58 MB', 'pdf', NULL, NULL, NULL, 0, NULL, 1, NULL, 'active', 1690269207, NULL, NULL),
(874, 867, 2802, 830, 'free', 0, 'upload', '/store/1/ebook/indonesia/Pemikiran Politik Konfusius, Mencius  Xunzi by Kristan, S.E., M.A..pdf', '1.69 MB', 'pdf', NULL, NULL, NULL, 0, NULL, 1, NULL, 'active', 1690269207, NULL, NULL),
(875, 867, 2803, 831, 'free', 0, 'upload', '/store/1/ebook/indonesia/Pemikiran Tasawuf KH. Saleh Darat Al-Samarani Maha Guru Para Ulama Nusantara by Prof. Dr. Ali Mas’ud Kholqillah, M.Ag..pdf', '2.57 MB', 'pdf', NULL, NULL, NULL, 0, NULL, 1, NULL, 'active', 1690269207, NULL, NULL),
(876, 867, 2804, 832, 'free', 0, 'upload', '/store/1/ebook/indonesia/Penafsiran terhadap Pasal 156a KUHP tentang  Penodaan Agama (Analisis Hukum dan Hak Asasi Manusia).pdf', '1.03 MB', 'pdf', NULL, NULL, NULL, 0, NULL, 1, NULL, 'active', 1690269207, NULL, NULL),
(877, 867, 2805, 833, 'free', 0, 'upload', '/store/1/ebook/indonesia/Pencerahan Sufi (Fathur Rabbani) by Syekh Abdul Qadir Jaelani.pdf', '1.61 MB', 'pdf', NULL, NULL, NULL, 0, NULL, 1, NULL, 'active', 1690269207, NULL, NULL),
(878, 867, 2806, 834, 'free', 0, 'upload', '/store/1/ebook/indonesia/PENCERAHAN WACANA.pdf', '1.60 MB', 'pdf', NULL, NULL, NULL, 0, NULL, 1, NULL, 'active', 1690269207, NULL, NULL),
(879, 867, 2807, 835, 'free', 0, 'upload', '/store/1/ebook/indonesia/Pendekatan Psikologi Kontemporer Perilaku Masyarakat pada Aras Kekinian by Akhmad Mukhlis, M.A.  Sadid Al Muqim, S.Psi (editor).pdf', '10.60 MB', 'pdf', NULL, NULL, NULL, 0, NULL, 1, NULL, 'active', 1690269207, NULL, NULL),
(880, 867, 2808, 836, 'free', 0, 'upload', '/store/1/ebook/indonesia/Pendidikan Agama Islam di Perguruan Tinggi Umum by Dr. Hj. Nurhasanah Bakhtiar, M.Ag..pdf', '5.00 MB', 'pdf', NULL, NULL, NULL, 0, NULL, 1, NULL, 'active', 1690269207, NULL, NULL),
(881, 867, 2809, 837, 'free', 0, 'upload', '/store/1/ebook/indonesia/Pendidikan Islam Membentuk Manusia Berkarakter  Beradab by Dr. Adian Husaini.pdf', '35.60 MB', 'pdf', NULL, NULL, NULL, 0, NULL, 1, NULL, 'active', 1690269207, NULL, NULL),
(882, 867, 2810, 838, 'free', 0, 'upload', '/store/1/ebook/indonesia/Pendidikan Karakter Anak Sesuai Pembelajaran Abad ke-21 by Dr. Otib Satibi Hidayat, M.Pd..pdf', '17.39 MB', 'pdf', NULL, NULL, NULL, 0, NULL, 1, NULL, 'active', 1690269207, NULL, NULL),
(883, 867, 2811, 839, 'free', 0, 'upload', '/store/1/ebook/indonesia/Pendidikan Karakter by Ersis Warmansyah Abbas.pdf', '3.91 MB', 'pdf', NULL, NULL, NULL, 0, NULL, 1, NULL, 'active', 1690269207, NULL, NULL),
(884, 867, 2812, 840, 'free', 0, 'upload', '/store/1/ebook/indonesia/Pendidikan Ruhani by Syaikh Ali Abdul Halim Mahmud.pdf', '5.12 MB', 'pdf', NULL, NULL, NULL, 0, NULL, 1, NULL, 'active', 1690269207, NULL, NULL),
(885, 867, 2813, 841, 'free', 0, 'upload', '/store/1/ebook/indonesia/Pendidikan Sufistik Mengungkap Tarekat Guru-Murid by M. Rikza Chamami, M.Si..pdf', '1.67 MB', 'pdf', NULL, NULL, NULL, 0, NULL, 1, NULL, 'active', 1690269207, NULL, NULL),
(886, 867, 2814, 842, 'free', 0, 'upload', '/store/1/ebook/indonesia/Penelitian Historis Keberadaan Budaya Keagamaan Khonghuchu.pdf', '1.04 MB', 'pdf', NULL, NULL, NULL, 0, NULL, 1, NULL, 'active', 1690269207, NULL, NULL),
(887, 867, 2815, 843, 'free', 0, 'upload', '/store/1/ebook/indonesia/Penelitian Ilmiah dan Martabat Manusia by Reza Alexander Antonius Wattimena.pdf', '4.20 MB', 'pdf', NULL, NULL, NULL, 0, NULL, 1, NULL, 'active', 1690269207, NULL, NULL),
(888, 867, 2816, 844, 'free', 0, 'upload', '/store/1/ebook/indonesia/Pengantar Filsafat Islam Filsafat Teoretis dan Filsafat Praktis by Murtadha Muthahhari.pdf', '7.94 MB', 'pdf', NULL, NULL, NULL, 0, NULL, 1, NULL, 'active', 1690269207, NULL, NULL),
(889, 867, 2817, 845, 'free', 0, 'upload', '/store/1/ebook/indonesia/Pengantar Filsafat Pendidikan Islam by Ahmad D Marimba.pdf', '2.37 MB', 'pdf', NULL, NULL, NULL, 0, NULL, 1, NULL, 'active', 1690269207, NULL, NULL),
(890, 867, 2818, 846, 'free', 0, 'upload', '/store/1/ebook/indonesia/Pengantar Ilmu Tarekat (Uraian Tentang Mistik) by Atjeh Aboebakar H..pdf', '88.80 MB', 'pdf', NULL, NULL, NULL, 0, NULL, 1, NULL, 'active', 1690269207, NULL, NULL),
(891, 867, 2819, 847, 'free', 0, 'upload', '/store/1/ebook/indonesia/Pengantar Memahami Buku Daras Filsafat Islam Penjelasan untuk Mendekati Analisis Teori Filsafat Islam by Prof. Mohsen Gharaviyan.pdf', '7.74 MB', 'pdf', NULL, NULL, NULL, 0, NULL, 1, NULL, 'active', 1690269207, NULL, NULL),
(892, 867, 2820, 848, 'free', 0, 'upload', '/store/1/ebook/indonesia/Pengantar Metode-metode Filsafat by Chris Daly.pdf', '1.16 MB', 'pdf', NULL, NULL, NULL, 0, NULL, 1, NULL, 'active', 1690269207, NULL, NULL),
(893, 867, 2821, 849, 'free', 0, 'upload', '/store/1/ebook/indonesia/Pengantar Sosiologi Agama by Abdi Rahmat, M.Si.  Rosita Adiani, MA..pdf', '1.40 MB', 'pdf', NULL, NULL, NULL, 0, NULL, 1, NULL, 'active', 1690269207, NULL, NULL),
(894, 867, 2822, 850, 'free', 0, 'upload', '/store/1/ebook/indonesia/Pengantar Sosiologi Dasar Analisis, Teori  Pendekatan Menuju Analisis Masalah-Masalah Sosial, Perubahan Sosial,  Kajian-Kajian Strategis by Nurani Soyomukti.pdf', '2.55 MB', 'pdf', NULL, NULL, NULL, 0, NULL, 1, NULL, 'active', 1690269207, NULL, NULL),
(895, 867, 2823, 851, 'free', 0, 'upload', '/store/1/ebook/indonesia/Pengantar Teori Teori Filsafat by Ferry Hidayat.pdf', '2.14 MB', 'pdf', NULL, NULL, NULL, 0, NULL, 1, NULL, 'active', 1690269207, NULL, NULL),
(896, 867, 2824, 852, 'free', 0, 'upload', '/store/1/ebook/indonesia/pengantar theosophy.pdf', '7.31 MB', 'pdf', NULL, NULL, NULL, 0, NULL, 1, NULL, 'active', 1690269207, NULL, NULL),
(897, 867, 2825, 853, 'free', 0, 'upload', '/store/1/ebook/indonesia/Pengaruh Paham Keagamaan Terhadap Etos Kerja Pedagang Muslim Suatu Kajian Teologis by Dr. Muliati, M.Ag..pdf', '1.93 MB', 'pdf', NULL, NULL, NULL, 0, NULL, 1, NULL, 'active', 1690269207, NULL, NULL),
(898, 867, 2826, 854, 'free', 0, 'upload', '/store/1/ebook/indonesia/Pengetahuan dan Kesucian by Seyyed Hossein Nasr.pdf', '7.36 MB', 'pdf', NULL, NULL, NULL, 0, NULL, 1, NULL, 'active', 1690269207, NULL, NULL),
(899, 867, 2827, 855, 'free', 0, 'upload', '/store/1/ebook/indonesia/Penghidupan Benar.pdf', '3.19 MB', 'pdf', NULL, NULL, NULL, 0, NULL, 1, NULL, 'active', 1690269207, NULL, NULL),
(900, 867, 2828, 856, 'free', 0, 'upload', '/store/1/ebook/indonesia/Penjabaran kitab Yi Jing dan penggunaannya by Dr. Oesman Arif M.Pd.pdf', '0.84 MB', 'pdf', NULL, NULL, NULL, 0, NULL, 1, NULL, 'active', 1690269207, NULL, NULL),
(901, 867, 2829, 857, 'free', 0, 'upload', '/store/1/ebook/indonesia/Penjara Kehidupan.pdf', '0.90 MB', 'pdf', NULL, NULL, NULL, 0, NULL, 1, NULL, 'active', 1690269207, NULL, NULL),
(902, 867, 2830, 858, 'free', 0, 'upload', '/store/1/ebook/indonesia/Perbandingan Agama (Pengantar Studi Memahami Agama-Agama) by Khotimah, M.Ag..pdf', '24.19 MB', 'pdf', NULL, NULL, NULL, 0, NULL, 1, NULL, 'active', 1690269207, NULL, NULL),
(903, 867, 2831, 859, 'free', 0, 'upload', '/store/1/ebook/indonesia/Perbandingan Mazhab.pdf', '31.40 MB', 'pdf', NULL, NULL, NULL, 0, NULL, 1, NULL, 'active', 1690269207, NULL, NULL),
(904, 867, 2832, 860, 'free', 0, 'upload', '/store/1/ebook/indonesia/Perbandingan Pemikiran Islam (Teologi, Fiqih dan Tasawuf) by Dr. Abdul Quddus, MA.pdf', '0.89 MB', 'pdf', NULL, NULL, NULL, 0, NULL, 1, NULL, 'active', 1690269207, NULL, NULL),
(905, 867, 2833, 861, 'free', 0, 'upload', '/store/1/ebook/indonesia/Perempuan Khonghucu dalam Kitab Suci Si Shu by Dewi Riawati Saputra.pdf', '18.14 MB', 'pdf', NULL, NULL, NULL, 0, NULL, 1, NULL, 'active', 1690269207, NULL, NULL),
(906, 867, 2834, 862, 'free', 0, 'upload', '/store/1/ebook/indonesia/Perempuan, Masyarakat Patriarki  Kesetaraan Gender by Lusia Palulungan, M. Ghufran H. Kordi K., Muhammad Taufan Ramli (editor).pdf', '4.51 MB', 'pdf', NULL, NULL, NULL, 0, NULL, 1, NULL, 'active', 1690269207, NULL, NULL),
(907, 867, 2835, 863, 'free', 0, 'upload', '/store/1/ebook/indonesia/Pergaulan Buddhis.pdf', '0.96 MB', 'pdf', NULL, NULL, NULL, 0, NULL, 1, NULL, 'active', 1690269207, NULL, NULL),
(908, 867, 2836, 864, 'free', 0, 'upload', '/store/1/ebook/indonesia/Pergi Berlindung.pdf', '2.97 MB', 'pdf', NULL, NULL, NULL, 0, NULL, 1, NULL, 'active', 1690269207, NULL, NULL),
(909, 867, 2837, 865, 'free', 0, 'upload', '/store/1/ebook/indonesia/Perhatian Perenungan Konsentrasi.pdf', '0.34 MB', 'pdf', NULL, NULL, NULL, 0, NULL, 1, NULL, 'active', 1690269207, NULL, NULL),
(910, 867, 2838, 866, 'free', 0, 'upload', '/store/1/ebook/indonesia/Perjalanan Pulang ke Tuhan by Khawajah Nashirudin Ath Thusi.pdf', '5.54 MB', 'pdf', NULL, NULL, NULL, 0, NULL, 1, NULL, 'active', 1690269207, NULL, NULL),
(911, 867, 2839, 867, 'free', 0, 'upload', '/store/1/ebook/indonesia/Perjalanan Spiritual Menelisik Jejak Satrio Piningit by Tri Budi Marhaen Darmawan.pdf', '1.49 MB', 'pdf', NULL, NULL, NULL, 0, NULL, 1, NULL, 'active', 1690269207, NULL, NULL),
(912, 867, 2840, 868, 'free', 0, 'upload', '/store/1/ebook/indonesia/Perkembangan Teologi Modern by Dr. Muhaemin Latif.pdf', '10.64 MB', 'pdf', NULL, NULL, NULL, 0, NULL, 1, NULL, 'active', 1690269207, NULL, NULL),
(913, 867, 2841, 869, 'free', 0, 'upload', '/store/1/ebook/indonesia/Pernikahan Beda Agama Kesaksian, Argumen Keagamaan  Analisis Kebijakan by Ahmad Baso  Ahmad Nurcholish (editor).pdf', '74.90 MB', 'pdf', NULL, NULL, NULL, 0, NULL, 1, NULL, 'active', 1690269207, NULL, NULL),
(914, 867, 2842, 870, 'free', 0, 'upload', '/store/1/ebook/indonesia/Perspektif Teologi  Filsafat Al-Ghazali dan Hume Kritik Dekonstruktif Nalar Kausalitas dalam Teologi dan Filsafat by Ahmad Nawawi.pdf', '60.00 MB', 'pdf', NULL, NULL, NULL, 0, NULL, 1, NULL, 'active', 1690269207, NULL, NULL),
(915, 867, 2843, 871, 'free', 0, 'upload', '/store/1/ebook/indonesia/Pertanyaan Baik Jawaban Baik.pdf', '0.72 MB', 'pdf', NULL, NULL, NULL, 0, NULL, 1, NULL, 'active', 1690269207, NULL, NULL),
(916, 867, 2844, 872, 'free', 0, 'upload', '/store/1/ebook/indonesia/Pertolongan Pertama Psikologis (P3) dalam Menangani Masalah Rumah Tangga bagi Korban Kekerasan Domestik by Nur Alina Saidah  Latipun M. Salis Yuniardi.pdf', '0.48 MB', 'pdf', NULL, NULL, NULL, 0, NULL, 1, NULL, 'active', 1690269207, NULL, NULL),
(917, 867, 2845, 873, 'free', 0, 'upload', '/store/1/ebook/indonesia/Pesan Sang Buddha.pdf', '0.55 MB', 'pdf', NULL, NULL, NULL, 0, NULL, 1, NULL, 'active', 1690269207, NULL, NULL),
(918, 867, 2846, 874, 'free', 0, 'upload', '/store/1/ebook/indonesia/Petualangan Setelah Kematian Sebuah Kisah Nyata by Najafi Qucani.pdf', '4.25 MB', 'pdf', NULL, NULL, NULL, 0, NULL, 1, NULL, 'active', 1690269207, NULL, NULL),
(919, 867, 2847, 875, 'free', 0, 'upload', '/store/1/ebook/indonesia/Pijar Filsafat Yunani Klasik by Sandy Hardian Susanto Herho.pdf', '2.20 MB', 'pdf', NULL, NULL, NULL, 0, NULL, 1, NULL, 'active', 1690269207, NULL, NULL),
(920, 867, 2848, 876, 'free', 0, 'upload', '/store/1/ebook/indonesia/Pikiran Benar.pdf', '0.85 MB', 'pdf', NULL, NULL, NULL, 0, NULL, 1, NULL, 'active', 1690269207, NULL, NULL),
(921, 867, 2849, 877, 'free', 0, 'upload', '/store/1/ebook/indonesia/Pindapata.pdf', '1.44 MB', 'pdf', NULL, NULL, NULL, 0, NULL, 1, NULL, 'active', 1690269207, NULL, NULL),
(922, 867, 2850, 878, 'free', 0, 'upload', '/store/1/ebook/indonesia/Pluralisme Agama.pdf', '0.53 MB', 'pdf', NULL, NULL, NULL, 0, NULL, 1, NULL, 'active', 1690269207, NULL, NULL),
(923, 867, 2851, 879, 'free', 0, 'upload', '/store/1/ebook/indonesia/Pluralisme Buya Syafii Maarif Gagasan dan Pemikiran Sang Guru Bangsa by Muhammad Qorib.pdf', '5.69 MB', 'pdf', NULL, NULL, NULL, 0, NULL, 1, NULL, 'active', 1690269207, NULL, NULL),
(924, 867, 2852, 880, 'free', 0, 'upload', '/store/1/ebook/indonesia/Pluralisme Kewargaan Arah Baru Politik Keragaman di Indonesia by Zainal Abidin Bagir, AA. GN. Ari Dwipayana, Mustaghfiroh Rahayu, Trisno Sutanto, Farid Wajidi.pdf', '2.37 MB', 'pdf', NULL, NULL, NULL, 0, NULL, 1, NULL, 'active', 1690269207, NULL, NULL),
(925, 867, 2853, 881, 'free', 0, 'upload', '/store/1/ebook/indonesia/Pluralisme Musuh Agama-Agama.pdf', '0.55 MB', 'pdf', NULL, NULL, NULL, 0, NULL, 1, NULL, 'active', 1690269207, NULL, NULL),
(926, 867, 2854, 882, 'free', 0, 'upload', '/store/1/ebook/indonesia/Pluralisme Positif Konsep dan Implementasi dalam Pendidikan Muhammadiyah by Abdul Muti  Azaki Khoirudin.pdf', '9.75 MB', 'pdf', NULL, NULL, NULL, 0, NULL, 1, NULL, 'active', 1690269207, NULL, NULL),
(927, 867, 2855, 883, 'free', 0, 'upload', '/store/1/ebook/indonesia/Polemik Pemikiran Filsafat Al-Ghazali dan Ibnu Rusyd by Mulyadi.pdf', '10.80 MB', 'pdf', NULL, NULL, NULL, 0, NULL, 1, NULL, 'active', 1690269207, NULL, NULL),
(928, 867, 2856, 884, 'free', 0, 'upload', '/store/1/ebook/indonesia/Politik dan Kebebasan by Tom G. Palmer.pdf', '1.11 MB', 'pdf', NULL, NULL, NULL, 0, NULL, 1, NULL, 'active', 1690269207, NULL, NULL),
(929, 867, 2857, 885, 'free', 0, 'upload', '/store/1/ebook/indonesia/Postmodernisme- tantangan bagi filsafat Oleh I. Bambang Sugiharto.pdf', '3.88 MB', 'pdf', NULL, NULL, NULL, 0, NULL, 1, NULL, 'active', 1690269207, NULL, NULL),
(930, 867, 2858, 886, 'free', 0, 'upload', '/store/1/ebook/indonesia/poverty Kemiskinan Filsafat.pdf', '0.55 MB', 'pdf', NULL, NULL, NULL, 0, NULL, 1, NULL, 'active', 1690269207, NULL, NULL),
(931, 867, 2859, 887, 'free', 0, 'upload', '/store/1/ebook/indonesia/Prajurit Kraton Yogyakarta Filosofi dan Nilai Budaya yang Terkandung di Dalamnya by Ir. H. Yuwono Sri Suwito, M.M., dkk..pdf', '13.23 MB', 'pdf', NULL, NULL, NULL, 0, NULL, 1, NULL, 'active', 1690269207, NULL, NULL),
(932, 867, 2860, 888, 'free', 0, 'upload', '/store/1/ebook/indonesia/Promosi Toleransi dan Moderasi Beragama by Muhammad Subhi.pdf', '16.19 MB', 'pdf', NULL, NULL, NULL, 0, NULL, 1, NULL, 'active', 1690269207, NULL, NULL),
(933, 867, 2861, 889, 'free', 0, 'upload', '/store/1/ebook/indonesia/Psikologi Agama Beberapa Materi Pilihan by Dra. Djamiatul Islamiyah, M.Ag..pdf', '9.09 MB', 'pdf', NULL, NULL, NULL, 0, NULL, 1, NULL, 'active', 1690269207, NULL, NULL),
(934, 867, 2862, 890, 'free', 0, 'upload', '/store/1/ebook/indonesia/Psikologi Agama Dalam Bingkai Ke-Islaman Sebagai Pembentukan Kepribadian Seorang Islam by Ramadan Lubis, M.Ag. .pdf', '66.88 MB', 'pdf', NULL, NULL, NULL, 0, NULL, 1, NULL, 'active', 1690269207, NULL, NULL),
(935, 867, 2863, 891, 'free', 0, 'upload', '/store/1/ebook/indonesia/Psikologi Belajar Pendidikan Agama Islam by Drs. Mardianto, M.Pd..pdf', '8.53 MB', 'pdf', NULL, NULL, NULL, 0, NULL, 1, NULL, 'active', 1690269207, NULL, NULL),
(936, 867, 2864, 892, 'free', 0, 'upload', '/store/1/ebook/indonesia/Psikologi dan Pendidikan dalam Konteks Kebangsaan.pdf', '9.89 MB', 'pdf', NULL, NULL, NULL, 0, NULL, 1, NULL, 'active', 1690269207, NULL, NULL),
(937, 867, 2865, 893, 'free', 0, 'upload', '/store/1/ebook/indonesia/Psikologi Ibadah dalam Islam by Safrilsyah.pdf', '2.41 MB', 'pdf', NULL, NULL, NULL, 0, NULL, 1, NULL, 'active', 1690269207, NULL, NULL),
(938, 867, 2866, 894, 'free', 0, 'upload', '/store/1/ebook/indonesia/Psikologi Ibnu Sina by Ibnu Sina .pdf', '6.19 MB', 'pdf', NULL, NULL, NULL, 0, NULL, 1, NULL, 'active', 1690269207, NULL, NULL),
(939, 867, 2867, 895, 'free', 0, 'upload', '/store/1/ebook/indonesia/Psikologi Islam Kajian Teoritik dan Penelitian Empirik by Tim Asosiasi Psikologi Islam.pdf', '3.64 MB', 'pdf', NULL, NULL, NULL, 0, NULL, 1, NULL, 'active', 1690269207, NULL, NULL),
(940, 867, 2868, 896, 'free', 0, 'upload', '/store/1/ebook/indonesia/Psikologi Islami  Teori dan Penelitian (Edisi Kedua) by Saktiyono B. Purwoko.pdf', '1.49 MB', 'pdf', NULL, NULL, NULL, 0, NULL, 1, NULL, 'active', 1690269207, NULL, NULL),
(941, 867, 2869, 897, 'free', 0, 'upload', '/store/1/ebook/indonesia/Psikologi Keluarga Islam Berwawasan Gender (Edisi Revisi) by Dr. Hj. Mufidah Ch., M.Ag..pdf', '65.60 MB', 'pdf', NULL, NULL, NULL, 0, NULL, 1, NULL, 'active', 1690269207, NULL, NULL),
(942, 867, 2870, 898, 'free', 0, 'upload', '/store/1/ebook/indonesia/Psikologi Kepribadian (Paradigma Traits, Kognitif, Behavioristik, dan Humanistik) by Drs. H. Hamim Rosyidi, M.Si..pdf', '1.93 MB', 'pdf', NULL, NULL, NULL, 0, NULL, 1, NULL, 'active', 1690269207, NULL, NULL),
(943, 867, 2871, 899, 'free', 0, 'upload', '/store/1/ebook/indonesia/Psikologi Kepribadian by Seto Mulyadi,Warda Lisa dan Astri Nur Kusumastuti.pdf', '4.10 MB', 'pdf', NULL, NULL, NULL, 0, NULL, 1, NULL, 'active', 1690269207, NULL, NULL),
(944, 867, 2872, 900, 'free', 0, 'upload', '/store/1/ebook/indonesia/Psikologi Komunikasi  Persuasi by Herdian Maulana, M.Si. dan Gumgum Gumelar, M.Si..pdf', '36.14 MB', 'pdf', NULL, NULL, NULL, 0, NULL, 1, NULL, 'active', 1690269207, NULL, NULL),
(945, 867, 2873, 901, 'free', 0, 'upload', '/store/1/ebook/indonesia/Psikologi Kriminal by Andi Thahir, S.Psi., M.A., Ed.Da..pdf', '1.44 MB', 'pdf', NULL, NULL, NULL, 0, NULL, 1, NULL, 'active', 1690269207, NULL, NULL),
(946, 867, 2874, 902, 'free', 0, 'upload', '/store/1/ebook/indonesia/Psikologi Pendidikan Landasan bagi Pengembangan Strategi Pembelajaran by Dr. Mardianto, M.Pd..pdf', '36.40 MB', 'pdf', NULL, NULL, NULL, 0, NULL, 1, NULL, 'active', 1690269207, NULL, NULL),
(947, 867, 2875, 903, 'free', 0, 'upload', '/store/1/ebook/indonesia/Psikologi Perempuan dalam Berbagai Perspektif by Dr. Hj. Eti Nurhayati, M.Si..pdf', '1.70 MB', 'pdf', NULL, NULL, NULL, 0, NULL, 1, NULL, 'active', 1690269207, NULL, NULL),
(948, 867, 2876, 904, 'free', 0, 'upload', '/store/1/ebook/indonesia/Psikologi Perkembangan by Yudrik Jahja.pdf', '4.78 MB', 'pdf', NULL, NULL, NULL, 0, NULL, 1, NULL, 'active', 1690269207, NULL, NULL),
(949, 867, 2877, 905, 'free', 0, 'upload', '/store/1/ebook/indonesia/Psikologi Remaja by Ida Umami.pdf', '1.12 MB', 'pdf', NULL, NULL, NULL, 0, NULL, 1, NULL, 'active', 1690269207, NULL, NULL),
(950, 867, 2878, 906, 'free', 0, 'upload', '/store/1/ebook/indonesia/Psikologi Umum Sebuah Pandangan Apresiatif by Laura A. King.pdf', '21.94 MB', 'pdf', NULL, NULL, NULL, 0, NULL, 1, NULL, 'active', 1690269207, NULL, NULL),
(951, 867, 2879, 907, 'free', 0, 'upload', '/store/1/ebook/indonesia/Rabiah al-Adawiyah Cinta Allah dan Kerinduan Spiritual Manusia by Dr. Makmun Gharib.pdf', '1.19 MB', 'pdf', NULL, NULL, NULL, 0, NULL, 1, NULL, 'active', 1690269207, NULL, NULL),
(952, 867, 2880, 908, 'free', 0, 'upload', '/store/1/ebook/indonesia/Radikalisme-agama di Jabodetabek & jawa Barat.pdf', '1.97 MB', 'pdf', NULL, NULL, NULL, 0, NULL, 1, NULL, 'active', 1690269207, NULL, NULL),
(953, 867, 2881, 909, 'free', 0, 'upload', '/store/1/ebook/indonesia/Ragam Ekspresi Islam Nusantara by Tim Editor.pdf', '70.00 MB', 'pdf', NULL, NULL, NULL, 0, NULL, 1, NULL, 'active', 1690269207, NULL, NULL),
(954, 867, 2882, 910, 'free', 0, 'upload', '/store/1/ebook/indonesia/Rahasia kitab I Ching by Joseph Murphy.pdf', '14.46 MB', 'pdf', NULL, NULL, NULL, 0, NULL, 1, NULL, 'active', 1690269207, NULL, NULL),
(955, 867, 2883, 911, 'free', 0, 'upload', '/store/1/ebook/indonesia/Rahasia-ilmu-hikmah-qurani.pdf', '0.76 MB', 'pdf', NULL, NULL, NULL, 0, NULL, 1, NULL, 'active', 1690269207, NULL, NULL),
(956, 867, 2884, 912, 'free', 0, 'upload', '/store/1/ebook/indonesia/Refleksi Filosofis atas Teologi dan Politik Islam Kajian Filsafat Islam.pdf', '4.34 MB', 'pdf', NULL, NULL, NULL, 0, NULL, 1, NULL, 'active', 1690269207, NULL, NULL),
(957, 867, 2885, 913, 'free', 0, 'upload', '/store/1/ebook/indonesia/Refleksi Keberagaman Agama Hukum Sesat dan Menyesatkan Hukum by Agustinus Edy Kristianto  A. Patra M. Zen (editor).pdf', '10.77 MB', 'pdf', NULL, NULL, NULL, 0, NULL, 1, NULL, 'active', 1690269207, NULL, NULL),
(958, 867, 2886, 914, 'free', 0, 'upload', '/store/1/ebook/indonesia/Refleksi Makna Hidup Manusia Pada Epigrafi Islam Pasa by Drs. Fuadi, M.Hum..pdf', '1.81 MB', 'pdf', NULL, NULL, NULL, 0, NULL, 1, NULL, 'active', 1690269207, NULL, NULL),
(959, 867, 2887, 915, 'free', 0, 'upload', '/store/1/ebook/indonesia/Reformasi Bermazhab.pdf', '6.39 MB', 'pdf', NULL, NULL, NULL, 0, NULL, 1, NULL, 'active', 1690269207, NULL, NULL),
(960, 867, 2888, 916, 'free', 0, 'upload', '/store/1/ebook/indonesia/Regionalisme dalam Periwayatan Hadis Asal-Usul Hadis Berdasar Sanad Geografis Kufah by Aceng Abdul Kodir.pdf', '5.39 MB', 'pdf', NULL, NULL, NULL, 0, NULL, 1, NULL, 'active', 1690269207, NULL, NULL),
(961, 867, 2889, 917, 'free', 0, 'upload', '/store/1/ebook/indonesia/reinkarnasi.pdf', '0.95 MB', 'pdf', NULL, NULL, NULL, 0, NULL, 1, NULL, 'active', 1690269207, NULL, NULL),
(962, 867, 2890, 918, 'free', 0, 'upload', '/store/1/ebook/indonesia/Rekonstruksi Ilmu-Ilmu Agama Islam by M. Amin Abdullah, dkk..pdf', '12.19 MB', 'pdf', NULL, NULL, NULL, 0, NULL, 1, NULL, 'active', 1690269207, NULL, NULL),
(963, 867, 2891, 919, 'free', 0, 'upload', '/store/1/ebook/indonesia/Relasi Agama dan Negara Teokrasi - Sekuler - Tamyiz by Ahmad Sadzali.pdf', '1.01 MB', 'pdf', NULL, NULL, NULL, 0, NULL, 1, NULL, 'active', 1690269207, NULL, NULL),
(964, 867, 2892, 920, 'free', 0, 'upload', '/store/1/ebook/indonesia/Resepsi Al-Quran  Bentuk Spiritualitas Jawa Modern by Samsul Ariyadi.pdf', '11.11 MB', 'pdf', NULL, NULL, NULL, 0, NULL, 1, NULL, 'active', 1690269207, NULL, NULL),
(965, 867, 2893, 921, 'free', 0, 'upload', '/store/1/ebook/indonesia/Revitalisasi Toleransi Beragama Berbasis Kearifan Lokal by DP. Budi Susetyo  Mochamad Widjanarko.pdf', '2.00 MB', 'pdf', NULL, NULL, NULL, 0, NULL, 1, NULL, 'active', 1690269207, NULL, NULL),
(966, 867, 2894, 922, 'free', 0, 'upload', '/store/1/ebook/indonesia/Reviving Gender Awareness Membangun Kembali Semangat Pembebasan  Kesetaraan Gender by Rahmawati, Fawziah Zahrawati B, Hikmawati Pathuddin, Khusnul Khatimah.pdf', '2.56 MB', 'pdf', NULL, NULL, NULL, 0, NULL, 1, NULL, 'active', 1690269207, NULL, NULL),
(967, 867, 2895, 923, 'free', 0, 'upload', '/store/1/ebook/indonesia/Revolusi Agama Menudju Negara (Revolusi Agama Menuju Negara) by Hamka.pdf', '9.69 MB', 'pdf', NULL, NULL, NULL, 0, NULL, 1, NULL, 'active', 1690269207, NULL, NULL),
(968, 867, 2896, 924, 'free', 0, 'upload', '/store/1/ebook/indonesia/Revolusi Mental Makna dan Realisasi by Hana Panggabean, A. Supratiknya, J. Seno Aditya Utama (editor).pdf', '12.08 MB', 'pdf', NULL, NULL, NULL, 0, NULL, 1, NULL, 'active', 1690269207, NULL, NULL),
(969, 867, 2897, 925, 'free', 0, 'upload', '/store/1/ebook/indonesia/revolusi sejarah manusia.pdf', '8.83 MB', 'pdf', NULL, NULL, NULL, 0, NULL, 1, NULL, 'active', 1690269207, NULL, NULL),
(970, 867, 2898, 926, 'free', 0, 'upload', '/store/1/ebook/indonesia/Risalah Ana  Thabiah Mengenal Ego, Menyangkal Filsafat Naturalisme by Badiuzzaman Said Nursi.pdf', '23.81 MB', 'pdf', NULL, NULL, NULL, 0, NULL, 1, NULL, 'active', 1690269207, NULL, NULL),
(971, 867, 2899, 927, 'free', 0, 'upload', '/store/1/ebook/indonesia/RISALAH QUSYAIRIYAH (SUMBER KAJIAN ILMU TASAWUF) (TASAUF) by Abul Qasim Abdul Karim Hawazin Al Qusyairi  An Naisaburi.pdf', '32.89 MB', 'pdf', NULL, NULL, NULL, 0, NULL, 1, NULL, 'active', 1690269207, NULL, NULL),
(972, 867, 2900, 928, 'free', 0, 'upload', '/store/1/ebook/indonesia/Risalah Singkat Kehidupan Setelah Singkat Ini, Kemana Kita Kan Berlabuh by RAS.pdf', '9.99 MB', 'pdf', NULL, NULL, NULL, 0, NULL, 1, NULL, 'active', 1690269207, NULL, NULL),
(973, 867, 2901, 929, 'free', 0, 'upload', '/store/1/ebook/indonesia/Risalah Tasawuf Kitab Suci Para Pesuluk by Ibrahim Amini.pdf', '5.53 MB', 'pdf', NULL, NULL, NULL, 0, NULL, 1, NULL, 'active', 1690269207, NULL, NULL),
(974, 867, 2902, 930, 'free', 0, 'upload', '/store/1/ebook/indonesia/Risalah tentang hukum sihir dan perdukunan.pdf', '0.74 MB', 'pdf', NULL, NULL, NULL, 0, NULL, 1, NULL, 'active', 1690269207, NULL, NULL),
(975, 867, 2903, 931, 'free', 0, 'upload', '/store/1/ebook/indonesia/Risalah tentang Parami-Parami dari Kitab Komentar untuk Cariyapitaka.pdf', '2.10 MB', 'pdf', NULL, NULL, NULL, 0, NULL, 1, NULL, 'active', 1690269207, NULL, NULL),
(976, 867, 2904, 932, 'free', 0, 'upload', '/store/1/ebook/indonesia/Riwayat Agung Para Buddha - Buku 2 by Tipitakadhara Mingun Sayadaw.pdf', '4.49 MB', 'pdf', NULL, NULL, NULL, 0, NULL, 1, NULL, 'active', 1690269207, NULL, NULL),
(977, 867, 2905, 933, 'free', 0, 'upload', '/store/1/ebook/indonesia/Riwayat Agung Para Buddha - Buku 3 by Tipitakadhara Mingun Sayadaw.pdf', '4.24 MB', 'pdf', NULL, NULL, NULL, 0, NULL, 1, NULL, 'active', 1690269207, NULL, NULL),
(978, 867, 2906, 934, 'free', 0, 'upload', '/store/1/ebook/indonesia/Riwayat Agung Para Buddha by Tipitakadhara Mingun Sayadaw.pdf', '4.62 MB', 'pdf', NULL, NULL, NULL, 0, NULL, 1, NULL, 'active', 1690269207, NULL, NULL),
(979, 867, 2907, 935, 'free', 0, 'upload', '/store/1/ebook/indonesia/riwayat hidup anathapindika by Widyasena production.pdf', '0.68 MB', 'pdf', NULL, NULL, NULL, 0, NULL, 1, NULL, 'active', 1690269207, NULL, NULL),
(980, 867, 2908, 936, 'free', 0, 'upload', '/store/1/ebook/indonesia/Riwayat Hidup Anathapindika.pdf', '0.68 MB', 'pdf', NULL, NULL, NULL, 0, NULL, 1, NULL, 'active', 1690269207, NULL, NULL),
(981, 867, 2909, 937, 'free', 0, 'upload', '/store/1/ebook/indonesia/Riwayat Hidup Buddha Gautama.pdf', '7.14 MB', 'pdf', NULL, NULL, NULL, 0, NULL, 1, NULL, 'active', 1690269207, NULL, NULL),
(982, 867, 2910, 938, 'free', 0, 'upload', '/store/1/ebook/indonesia/riwayat hidup buddha gotama.pdf', '0.55 MB', 'pdf', NULL, NULL, NULL, 0, NULL, 1, NULL, 'active', 1690269207, NULL, NULL),
(983, 867, 2911, 939, 'free', 0, 'upload', '/store/1/ebook/indonesia/Riwayat Hidup Maha Kassapa.pdf', '2.12 MB', 'pdf', NULL, NULL, NULL, 0, NULL, 1, NULL, 'active', 1690269207, NULL, NULL),
(984, 867, 2912, 940, 'free', 0, 'upload', '/store/1/ebook/indonesia/Riwayat Hidup Maha Moggallana.pdf', '1.36 MB', 'pdf', NULL, NULL, NULL, 0, NULL, 1, NULL, 'active', 1690269207, NULL, NULL),
(985, 867, 2913, 941, 'free', 0, 'upload', '/store/1/ebook/indonesia/Riwayat Hidup Yasodhara.pdf', '1.26 MB', 'pdf', NULL, NULL, NULL, 0, NULL, 1, NULL, 'active', 1690269207, NULL, NULL),
(986, 867, 2914, 942, 'free', 0, 'upload', '/store/1/ebook/indonesia/Rumah Tangga Bahagia.pdf', '1.62 MB', 'pdf', NULL, NULL, NULL, 0, NULL, 1, NULL, 'active', 1690269207, NULL, NULL),
(987, 867, 2915, 943, 'free', 0, 'upload', '/store/1/ebook/indonesia/Ruqyah Syar\'iyyah.pdf', '0.93 MB', 'pdf', NULL, NULL, NULL, 0, NULL, 1, NULL, 'active', 1690269207, NULL, NULL),
(988, 867, 2916, 944, 'free', 0, 'upload', '/store/1/ebook/indonesia/ruqyah-syariyyah.pdf', '4.27 MB', 'pdf', NULL, NULL, NULL, 0, NULL, 1, NULL, 'active', 1690269207, NULL, NULL),
(989, 867, 2917, 945, 'free', 0, 'upload', '/store/1/ebook/indonesia/saddharma pundarika sutra (sutra bunga teratai).pdf', '2.31 MB', 'pdf', NULL, NULL, NULL, 0, NULL, 1, NULL, 'active', 1690269207, NULL, NULL),
(990, 867, 2918, 946, 'free', 0, 'upload', '/store/1/ebook/indonesia/SADURAN KITAB NEGARA KERTAGAMA.pdf', '3.23 MB', 'pdf', NULL, NULL, NULL, 0, NULL, 1, NULL, 'active', 1690269207, NULL, NULL),
(991, 867, 2919, 947, 'free', 0, 'upload', '/store/1/ebook/indonesia/Saduran_Negarakertagama.pdf', '3.27 MB', 'pdf', NULL, NULL, NULL, 0, NULL, 1, NULL, 'active', 1690269207, NULL, NULL),
(992, 867, 2920, 948, 'free', 0, 'upload', '/store/1/ebook/indonesia/sahabat-sejati.pdf', '0.34 MB', 'pdf', NULL, NULL, NULL, 0, NULL, 1, NULL, 'active', 1690269207, NULL, NULL),
(993, 867, 2921, 949, 'free', 0, 'upload', '/store/1/ebook/indonesia/Sains, Saintisme, dan Agama by Muhammad Habibi, Dyah Anugrah Pratama, Paisal Akbar, Tengku Imam Syarifuddin (editor).pdf', '16.10 MB', 'pdf', NULL, NULL, NULL, 0, NULL, 1, NULL, 'active', 1690269207, NULL, NULL),
(994, 867, 2922, 950, 'free', 0, 'upload', '/store/1/ebook/indonesia/Salahkah Berambisi.pdf', '0.60 MB', 'pdf', NULL, NULL, NULL, 0, NULL, 1, NULL, 'active', 1690269207, NULL, NULL),
(995, 867, 2923, 951, 'free', 0, 'upload', '/store/1/ebook/indonesia/Samyutta Nikaya 1 - Sagatha Vagga by Dhammacitta press.pdf', '2.79 MB', 'pdf', NULL, NULL, NULL, 0, NULL, 1, NULL, 'active', 1690269207, NULL, NULL),
(996, 867, 2924, 952, 'free', 0, 'upload', '/store/1/ebook/indonesia/Samyutta Nikaya 1 - Sagatha Vagga.pdf', '2.79 MB', 'pdf', NULL, NULL, NULL, 0, NULL, 1, NULL, 'active', 1690269207, NULL, NULL),
(997, 867, 2925, 953, 'free', 0, 'upload', '/store/1/ebook/indonesia/Samyutta Nikaya 2 - Nidana Vagga by Dhammacitta press.pdf', '1.80 MB', 'pdf', NULL, NULL, NULL, 0, NULL, 1, NULL, 'active', 1690269207, NULL, NULL),
(998, 867, 2926, 954, 'free', 0, 'upload', '/store/1/ebook/indonesia/Samyutta Nikaya 2 - Nidana Vagga.pdf', '1.80 MB', 'pdf', NULL, NULL, NULL, 0, NULL, 1, NULL, 'active', 1690269207, NULL, NULL),
(999, 867, 2927, 955, 'free', 0, 'upload', '/store/1/ebook/indonesia/Samyutta Nikaya 3 - Khanda Vagga by Dhammacitta press.pdf', '1.56 MB', 'pdf', NULL, NULL, NULL, 0, NULL, 1, NULL, 'active', 1690269207, NULL, NULL),
(1000, 867, 2928, 956, 'free', 0, 'upload', '/store/1/ebook/indonesia/Samyutta Nikaya 3 - Khanda Vagga.pdf', '1.56 MB', 'pdf', NULL, NULL, NULL, 0, NULL, 1, NULL, 'active', 1690269207, NULL, NULL),
(1001, 867, 2929, 957, 'free', 0, 'upload', '/store/1/ebook/indonesia/Samyutta Nikaya 4 - Sayalatana Vagga by Dhammacitta press.pdf', '1.94 MB', 'pdf', NULL, NULL, NULL, 0, NULL, 1, NULL, 'active', 1690269207, NULL, NULL),
(1002, 867, 2930, 958, 'free', 0, 'upload', '/store/1/ebook/indonesia/Samyutta Nikaya 4 - Sayalatana Vagga.pdf', '1.94 MB', 'pdf', NULL, NULL, NULL, 0, NULL, 1, NULL, 'active', 1690269207, NULL, NULL),
(1003, 867, 2931, 959, 'free', 0, 'upload', '/store/1/ebook/indonesia/Samyutta Nikaya 5 - Maha Vagga by Dhammacitta press.pdf', '2.39 MB', 'pdf', NULL, NULL, NULL, 0, NULL, 1, NULL, 'active', 1690269207, NULL, NULL),
(1004, 867, 2932, 960, 'free', 0, 'upload', '/store/1/ebook/indonesia/Samyutta Nikaya 5 - Maha Vagga.pdf', '2.39 MB', 'pdf', NULL, NULL, NULL, 0, NULL, 1, NULL, 'active', 1690269207, NULL, NULL),
(1005, 867, 2933, 961, 'free', 0, 'upload', '/store/1/ebook/indonesia/Sang Manusia Sempurna Antara Filsafat Islam dan Hindu by Dr. Seyyed Mohsen Miri.pdf', '11.05 MB', 'pdf', NULL, NULL, NULL, 0, NULL, 1, NULL, 'active', 1690269207, NULL, NULL),
(1006, 867, 2934, 962, 'free', 0, 'upload', '/store/1/ebook/indonesia/Sarapan Pagi (Kumpulan motivasi).pdf', '3.95 MB', 'pdf', NULL, NULL, NULL, 0, NULL, 1, NULL, 'active', 1690269207, NULL, NULL),
(1007, 867, 2935, 963, 'free', 0, 'upload', '/store/1/ebook/indonesia/Sariputta I.pdf', '0.86 MB', 'pdf', NULL, NULL, NULL, 0, NULL, 1, NULL, 'active', 1690269207, NULL, NULL),
(1008, 867, 2936, 964, 'free', 0, 'upload', '/store/1/ebook/indonesia/Sariputta II.pdf', '2.37 MB', 'pdf', NULL, NULL, NULL, 0, NULL, 1, NULL, 'active', 1690269207, NULL, NULL),
(1009, 867, 2937, 965, 'free', 0, 'upload', '/store/1/ebook/indonesia/satipatthana vipassana.pdf', '2.28 MB', 'pdf', NULL, NULL, NULL, 0, NULL, 1, NULL, 'active', 1690269207, NULL, NULL),
(1010, 867, 2938, 966, 'free', 0, 'upload', '/store/1/ebook/indonesia/Satu Bumi Banyak Agama Dialog Multi-Agama dan Tanggung Jawab Global by Paul F. Knitter.pdf', '4.81 MB', 'pdf', NULL, NULL, NULL, 0, NULL, 1, NULL, 'active', 1690269207, NULL, NULL),
(1011, 867, 2939, 967, 'free', 0, 'upload', '/store/1/ebook/indonesia/Sebulan Pendalaman Dhamma Vihara Dhamma Rajasa.pdf', '87.17 MB', 'pdf', NULL, NULL, NULL, 0, NULL, 1, NULL, 'active', 1690269207, NULL, NULL),
(1012, 867, 2940, 968, 'free', 0, 'upload', '/store/1/ebook/indonesia/Segenggam Pasir.pdf', '0.70 MB', 'pdf', NULL, NULL, NULL, 0, NULL, 1, NULL, 'active', 1690269207, NULL, NULL),
(1013, 867, 2941, 969, 'free', 0, 'upload', '/store/1/ebook/indonesia/Sejarah Ideologi Dunia Kapitalisme, Sosialisme, Komunisme, Fasisme, Anarkisme, Anarkisme dan Marxisme, Konservatisme.pdf', '0.41 MB', 'pdf', NULL, NULL, NULL, 0, NULL, 1, NULL, 'active', 1690269207, NULL, NULL),
(1014, 867, 2942, 970, 'free', 0, 'upload', '/store/1/ebook/indonesia/Sejarah Teori Krisis Sebuah Pengantar Analisa Marxis by Anwar Shaikh.pdf', '18.96 MB', 'pdf', NULL, NULL, NULL, 0, NULL, 1, NULL, 'active', 1690269207, NULL, NULL),
(1015, 867, 2943, 971, 'free', 0, 'upload', '/store/1/ebook/indonesia/Sejarah Tuhan by Karen Armstrong.pdf', '3.68 MB', 'pdf', NULL, NULL, NULL, 0, NULL, 1, NULL, 'active', 1690269207, NULL, NULL),
(1016, 867, 2944, 972, 'free', 0, 'upload', '/store/1/ebook/indonesia/Seksualitas Dalam Buddhisme.pdf', '0.82 MB', 'pdf', NULL, NULL, NULL, 0, NULL, 1, NULL, 'active', 1690269207, NULL, NULL),
(1017, 867, 2945, 973, 'free', 0, 'upload', '/store/1/ebook/indonesia/Self Driving by Rhenald Kasali.pdf', '30.90 MB', 'pdf', NULL, NULL, NULL, 0, NULL, 1, NULL, 'active', 1690269207, NULL, NULL),
(1018, 867, 2946, 974, 'free', 0, 'upload', '/store/1/ebook/indonesia/seluruh alam bertasbih padaAllah SWT.pdf', '1.09 MB', 'pdf', NULL, NULL, NULL, 0, NULL, 1, NULL, 'active', 1690269207, NULL, NULL),
(1019, 867, 2947, 975, 'free', 0, 'upload', '/store/1/ebook/indonesia/Semua Manusia Bersaudara.pdf', '1.65 MB', 'pdf', NULL, NULL, NULL, 0, NULL, 1, NULL, 'active', 1690269207, NULL, NULL),
(1020, 867, 2948, 976, 'free', 0, 'upload', '/store/1/ebook/indonesia/Seni  Budaya by Lukman et. al.pdf', '6.26 MB', 'pdf', NULL, NULL, NULL, 0, NULL, 1, NULL, 'active', 1690269207, NULL, NULL),
(1021, 867, 2949, 977, 'free', 0, 'upload', '/store/1/ebook/indonesia/senyum dong dunia belum kiamat lho.pdf', '0.77 MB', 'pdf', NULL, NULL, NULL, 0, NULL, 1, NULL, 'active', 1690269207, NULL, NULL),
(1022, 867, 2950, 978, 'free', 0, 'upload', '/store/1/ebook/indonesia/Sepasang utusan cepat.pdf', '1.51 MB', 'pdf', NULL, NULL, NULL, 0, NULL, 1, NULL, 'active', 1690269207, NULL, NULL),
(1023, 867, 2951, 979, 'free', 0, 'upload', '/store/1/ebook/indonesia/Sepuluh Ribu Hari Perjalanan Dhamma.pdf', '6.67 MB', 'pdf', NULL, NULL, NULL, 0, NULL, 1, NULL, 'active', 1690269207, NULL, NULL),
(1024, 867, 2952, 980, 'free', 0, 'upload', '/store/1/ebook/indonesia/Seri Studi Kebudayaan 1 Pluralisme, Multikulturalisme, dan Batas-Batas Toleransi by Hipolitus K. Kewuel, dkk. (editor).pdf', '11.38 MB', 'pdf', NULL, NULL, NULL, 0, NULL, 1, NULL, 'active', 1690269207, NULL, NULL),
(1025, 867, 2953, 981, 'free', 0, 'upload', '/store/1/ebook/indonesia/Shinto (World Religions).pdf', '10.26 MB', 'pdf', NULL, NULL, NULL, 0, NULL, 1, NULL, 'active', 1690269207, NULL, NULL),
(1026, 867, 2954, 982, 'free', 0, 'upload', '/store/1/ebook/indonesia/Siapapun Dapat Ke Surga.pdf', '0.47 MB', 'pdf', NULL, NULL, NULL, 0, NULL, 1, NULL, 'active', 1690269207, NULL, NULL),
(1027, 867, 2955, 983, 'free', 0, 'upload', '/store/1/ebook/indonesia/Siasati Kematian Sebelum Sekarat.pdf', '1.46 MB', 'pdf', NULL, NULL, NULL, 0, NULL, 1, NULL, 'active', 1690269207, NULL, NULL),
(1028, 867, 2956, 984, 'free', 0, 'upload', '/store/1/ebook/indonesia/Siddhartha by Hermann Hesse.pdf', '1.59 MB', 'pdf', NULL, NULL, NULL, 0, NULL, 1, NULL, 'active', 1690269207, NULL, NULL),
(1029, 867, 2957, 985, 'free', 0, 'upload', '/store/1/ebook/indonesia/Siding and Acting Intorelantly Intolerance by Society and Restriction by the State inFreedom of Religion Belief in Indonesia by Ismail Hasani.pdf', '1.01 MB', 'pdf', NULL, NULL, NULL, 0, NULL, 1, NULL, 'active', 1690269207, NULL, NULL),
(1030, 867, 2958, 986, 'free', 0, 'upload', '/store/1/ebook/indonesia/Sihir Ciri-ciri dan Penanggulangannya (2).pdf', '1.05 MB', 'pdf', NULL, NULL, NULL, 0, NULL, 1, NULL, 'active', 1690269207, NULL, NULL),
(1031, 867, 2959, 987, 'free', 0, 'upload', '/store/1/ebook/indonesia/Sihir Ciri-Ciri dan Penanggulangannya.pdf', '1.04 MB', 'pdf', NULL, NULL, NULL, 0, NULL, 1, NULL, 'active', 1690269207, NULL, NULL),
(1032, 867, 2960, 988, 'free', 0, 'upload', '/store/1/ebook/indonesia/Simbolisme dan Mistikisme dalam Wayang Sebuah Tinjauan Filosofis by Ir. Sri Mulyono .pdf', '9.78 MB', 'pdf', NULL, NULL, NULL, 0, NULL, 1, NULL, 'active', 1690269207, NULL, NULL),
(1033, 867, 2961, 989, 'free', 0, 'upload', '/store/1/ebook/indonesia/Sirr al-Asrar Secret Of The Secrets Hakikat Segala Rahasia Kehidupan by Syekh Abdul Qadir al-Jailani.pdf', '9.03 MB', 'pdf', NULL, NULL, NULL, 0, NULL, 1, NULL, 'active', 1690269207, NULL, NULL),
(1034, 867, 2962, 990, 'free', 0, 'upload', '/store/1/ebook/indonesia/Sosiologi Agama dalam Konteks Indonesia by Muhamad Fajar Pramono.pdf', '1.18 MB', 'pdf', NULL, NULL, NULL, 0, NULL, 1, NULL, 'active', 1690269207, NULL, NULL),
(1035, 867, 2963, 991, 'free', 0, 'upload', '/store/1/ebook/indonesia/Sosiologi Agama Dari Klasik Hingga Postmodern by Dr. Sindung Haryanto, M.Si..pdf', '1.39 MB', 'pdf', NULL, NULL, NULL, 0, NULL, 1, NULL, 'active', 1690269207, NULL, NULL),
(1036, 867, 2964, 992, 'free', 0, 'upload', '/store/1/ebook/indonesia/Sosiologi Agama Memahami Perkembangan Agama dalam Interaksi Sosial by Prof Dr. H. M. Ridwan Lubis.pdf', '2.23 MB', 'pdf', NULL, NULL, NULL, 0, NULL, 1, NULL, 'active', 1690269207, NULL, NULL),
(1037, 867, 2965, 993, 'free', 0, 'upload', '/store/1/ebook/indonesia/Sosiologi Islam  Masyarakat Modern Teori, Fakta, dan Aksi Sosial by Dr. Syarifuddin Jurdi.pdf', '3.04 MB', 'pdf', NULL, NULL, NULL, 0, NULL, 1, NULL, 'active', 1690269207, NULL, NULL),
(1038, 867, 2966, 994, 'free', 0, 'upload', '/store/1/ebook/indonesia/Spiritualitas Agama Kesejatian di Tengah Keterbatasan Fisik by Marwati Biswan, MA.Kes..pdf', '1.76 MB', 'pdf', NULL, NULL, NULL, 0, NULL, 1, NULL, 'active', 1690269207, NULL, NULL),
(1039, 867, 2967, 995, 'free', 0, 'upload', '/store/1/ebook/indonesia/Strategi Taktis Pendidikan Karakter (Untuk Paud dan Sekolah) by Dr. Zubaedi M.Ag., M.Pd..pdf', '3.86 MB', 'pdf', NULL, NULL, NULL, 0, NULL, 1, NULL, 'active', 1690269207, NULL, NULL),
(1040, 867, 2968, 996, 'free', 0, 'upload', '/store/1/ebook/indonesia/Studi Dasar Filsafat by Tazkiyah Basa’ad.pdf', '2.42 MB', 'pdf', NULL, NULL, NULL, 0, NULL, 1, NULL, 'active', 1690269207, NULL, NULL),
(1041, 867, 2969, 997, 'free', 0, 'upload', '/store/1/ebook/indonesia/STUDI FILSAFAT 1 Pembacaan Atas Tradisi Islam Kontemporer by Hassan Hanafi.pdf', '2.35 MB', 'pdf', NULL, NULL, NULL, 0, NULL, 1, NULL, 'active', 1690269207, NULL, NULL),
(1042, 867, 2970, 998, 'free', 0, 'upload', '/store/1/ebook/indonesia/STUDI FILSAFAT 2- Pembacaan Atas Tradisi Barat Modern .pdf', '2.75 MB', 'pdf', NULL, NULL, NULL, 0, NULL, 1, NULL, 'active', 1690269207, NULL, NULL),
(1043, 867, 2971, 999, 'free', 0, 'upload', '/store/1/ebook/indonesia/sudut hukum --bukan dosa ternyata dosa.pdf', '9.71 MB', 'pdf', NULL, NULL, NULL, 0, NULL, 1, NULL, 'active', 1690269207, NULL, NULL);
INSERT INTO `files` (`id`, `creator_id`, `webinar_id`, `chapter_id`, `accessibility`, `downloadable`, `storage`, `file`, `volume`, `file_type`, `interactive_type`, `interactive_file_name`, `interactive_file_path`, `check_previous_parts`, `access_after_day`, `online_viewer`, `order`, `status`, `created_at`, `updated_at`, `deleted_at`) VALUES
(1044, 867, 2972, 1000, 'free', 0, 'upload', '/store/1/ebook/indonesia/sudut hukum---bukan salah tuhan mengazab.pdf', '5.37 MB', 'pdf', NULL, NULL, NULL, 0, NULL, 1, NULL, 'active', 1690269207, NULL, NULL),
(1045, 867, 2973, 1001, 'free', 0, 'upload', '/store/1/ebook/indonesia/Sufisme Dalam Tafsir Nawawi by Dr. H. Kholilurrohman.pdf', '1.78 MB', 'pdf', NULL, NULL, NULL, 0, NULL, 1, NULL, 'active', 1690269207, NULL, NULL),
(1046, 867, 2974, 1002, 'free', 0, 'upload', '/store/1/ebook/indonesia/Sufisme dan Pengembangan Pendidikan Karakter by Abdul Wahab Asy-Syarani.pdf', '13.35 MB', 'pdf', NULL, NULL, NULL, 0, NULL, 1, NULL, 'active', 1690269207, NULL, NULL),
(1047, 867, 2975, 1003, 'free', 0, 'upload', '/store/1/ebook/indonesia/sufistik dalam zaman pasca moden.pdf', '0.38 MB', 'pdf', NULL, NULL, NULL, 0, NULL, 1, NULL, 'active', 1690269207, NULL, NULL),
(1048, 867, 2976, 1004, 'free', 0, 'upload', '/store/1/ebook/indonesia/Sufsime Lokal Mencari Akar Tradisi Tasawuf Indonesia by Drs. H. Suteja, M.Ag.pdf', '3.83 MB', 'pdf', NULL, NULL, NULL, 0, NULL, 1, NULL, 'active', 1690269207, NULL, NULL),
(1049, 867, 2977, 1005, 'free', 0, 'upload', '/store/1/ebook/indonesia/SUMBER-SUMBER HUKUM ISLAM.pdf', '0.13 MB', 'pdf', NULL, NULL, NULL, 0, NULL, 1, NULL, 'active', 1690269207, NULL, NULL),
(1050, 867, 2978, 1006, 'free', 0, 'upload', '/store/1/ebook/indonesia/Super Spiritual Quotient (SSQ) Sosiologi Berpikir Qur`ani dan Revolusi Mental by Dr. Syahrul Akmal Latif, S.Ag, M.Si. dan Alfin el Fikri-Ssq.pdf', '9.22 MB', 'pdf', NULL, NULL, NULL, 0, NULL, 1, NULL, 'active', 1690269207, NULL, NULL),
(1051, 867, 2979, 1007, 'free', 0, 'upload', '/store/1/ebook/indonesia/surangama sutra.pdf', '1.89 MB', 'pdf', NULL, NULL, NULL, 0, NULL, 1, NULL, 'active', 1690269207, NULL, NULL),
(1052, 867, 2980, 1008, 'free', 0, 'upload', '/store/1/ebook/indonesia/sutra altar hui neng (dharma permata) jilid 1.pdf', '0.89 MB', 'pdf', NULL, NULL, NULL, 0, NULL, 1, NULL, 'active', 1690269207, NULL, NULL),
(1053, 867, 2981, 1009, 'free', 0, 'upload', '/store/1/ebook/indonesia/sutra altar hui neng (dharma permata) jilid 2.pdf', '5.58 MB', 'pdf', NULL, NULL, NULL, 0, NULL, 1, NULL, 'active', 1690269207, NULL, NULL),
(1054, 867, 2982, 1010, 'free', 0, 'upload', '/store/1/ebook/indonesia/sutra bodhisattva maitreya.pdf', '2.49 MB', 'pdf', NULL, NULL, NULL, 0, NULL, 1, NULL, 'active', 1690269207, NULL, NULL),
(1055, 867, 2983, 1011, 'free', 0, 'upload', '/store/1/ebook/indonesia/sutra intan.pdf', '1.84 MB', 'pdf', NULL, NULL, NULL, 0, NULL, 1, NULL, 'active', 1690269207, NULL, NULL),
(1056, 867, 2984, 1012, 'free', 0, 'upload', '/store/1/ebook/indonesia/sutra ksitigharba bodhisattva.pdf', '1.26 MB', 'pdf', NULL, NULL, NULL, 0, NULL, 1, NULL, 'active', 1690269207, NULL, NULL),
(1057, 867, 2985, 1013, 'free', 0, 'upload', '/store/1/ebook/indonesia/sutra pemutaran roda dharma.pdf', '0.31 MB', 'pdf', NULL, NULL, NULL, 0, NULL, 1, NULL, 'active', 1690269207, NULL, NULL),
(1058, 867, 2986, 1014, 'free', 0, 'upload', '/store/1/ebook/indonesia/Syekh Baribin Misteri Sekar Jagad dan Atlantis Purba by HAS. Chamidi.pdf', '0.71 MB', 'pdf', NULL, NULL, NULL, 0, NULL, 1, NULL, 'active', 1690269207, NULL, NULL),
(1059, 867, 2987, 1015, 'free', 0, 'upload', '/store/1/ebook/indonesia/Syekh Siti Jenar Makrifat dan Makna Kehidupan by Achmad Chodjim.pdf', '4.14 MB', 'pdf', NULL, NULL, NULL, 0, NULL, 1, NULL, 'active', 1690269207, NULL, NULL),
(1060, 867, 2988, 1016, 'free', 0, 'upload', '/store/1/ebook/indonesia/Syiah Imamiah Mazhab ke-5.pdf', '27.94 MB', 'pdf', NULL, NULL, NULL, 0, NULL, 1, NULL, 'active', 1690269207, NULL, NULL),
(1061, 867, 2989, 1017, 'free', 0, 'upload', '/store/1/ebook/indonesia/SYIAH IMAMIYAH Ideologi dan Ajarannya .pdf', '8.80 MB', 'pdf', NULL, NULL, NULL, 0, NULL, 1, NULL, 'active', 1690269207, NULL, NULL),
(1062, 867, 2990, 1018, 'free', 0, 'upload', '/store/1/ebook/indonesia/Syirik-masyarakat-indonesia-perdana-ahmad.pdf', '2.57 MB', 'pdf', NULL, NULL, NULL, 0, NULL, 1, NULL, 'active', 1690269207, NULL, NULL),
(1063, 867, 2991, 1019, 'free', 0, 'upload', '/store/1/ebook/indonesia/Syukur Kepada Orang Tua.pdf', '0.66 MB', 'pdf', NULL, NULL, NULL, 0, NULL, 1, NULL, 'active', 1690269207, NULL, NULL),
(1064, 867, 2992, 1020, 'free', 0, 'upload', '/store/1/ebook/indonesia/Tadabbur Al-Quran Isu dan Cabaran Semasa by Sedek Ariffin, Khadher Ahmad, Selamat Amir.pdf', '3.73 MB', 'pdf', NULL, NULL, NULL, 0, NULL, 1, NULL, 'active', 1690269207, NULL, NULL),
(1065, 867, 2993, 1021, 'free', 0, 'upload', '/store/1/ebook/indonesia/Tafsir Ayat-Ayat Sufistik (Studi Komparatif Tafsir Al-Qusyairi dan Al-Jailani) by Irwan Muhibudin.pdf', '6.16 MB', 'pdf', NULL, NULL, NULL, 0, NULL, 1, NULL, 'active', 1690269207, NULL, NULL),
(1066, 867, 2994, 1022, 'free', 0, 'upload', '/store/1/ebook/indonesia/Tafsir Filsafat atas Kehidupan Risalah Seputar Wacana Filsafat dan Keislaman by M. Zainal Abidin.pdf', '5.86 MB', 'pdf', NULL, NULL, NULL, 0, NULL, 1, NULL, 'active', 1690269207, NULL, NULL),
(1067, 867, 2995, 1023, 'free', 0, 'upload', '/store/1/ebook/indonesia/Tahlilan dan Haul Ritual Islam by Abu Ubaidah Yusuf bin Mukhtar As Sidawi.pdf', '1.08 MB', 'pdf', NULL, NULL, NULL, 0, NULL, 1, NULL, 'active', 1690269207, NULL, NULL),
(1068, 867, 2996, 1024, 'free', 0, 'upload', '/store/1/ebook/indonesia/Tanggung Jawab Bersama.pdf', '0.43 MB', 'pdf', NULL, NULL, NULL, 0, NULL, 1, NULL, 'active', 1690269207, NULL, NULL),
(1069, 867, 2997, 1025, 'free', 0, 'upload', '/store/1/ebook/indonesia/Tantra-Tibet.pdf', '1.94 MB', 'pdf', NULL, NULL, NULL, 0, NULL, 1, NULL, 'active', 1690269207, NULL, NULL),
(1070, 867, 2998, 1026, 'free', 0, 'upload', '/store/1/ebook/indonesia/tao te ching.pdf', '27.76 MB', 'pdf', NULL, NULL, NULL, 0, NULL, 1, NULL, 'active', 1690269207, NULL, NULL),
(1071, 867, 2999, 1027, 'free', 0, 'upload', '/store/1/ebook/indonesia/Tarekat dalam Tasawwuf by Prof. Dr. H. Aboebakar Atjeh.pdf', '20.77 MB', 'pdf', NULL, NULL, NULL, 0, NULL, 1, NULL, 'active', 1690269207, NULL, NULL),
(1072, 867, 3000, 1028, 'free', 0, 'upload', '/store/1/ebook/indonesia/Tarekat dan Mistisme dalam Islam by Awaliah Musgamy.pdf', '18.49 MB', 'pdf', NULL, NULL, NULL, 0, NULL, 1, NULL, 'active', 1690269207, NULL, NULL),
(1073, 867, 3001, 1029, 'free', 0, 'upload', '/store/1/ebook/indonesia/Tarekat Naqsabandiyah di Kepulauan Melayu Kajian Atas Naskah Kaifiyah Al-Zikir ‘Ala Tharīqah An-Naqsabandiyah Al-Mujaddidiyah Al-Ahmadiyah by Dr Muhammad Faisal, M.Ag..pdf', '2.70 MB', 'pdf', NULL, NULL, NULL, 0, NULL, 1, NULL, 'active', 1690269207, NULL, NULL),
(1074, 867, 3002, 1030, 'free', 0, 'upload', '/store/1/ebook/indonesia/Tarekat Naqsyabandiyah-Khalidiyah Babussalam (TNKB) Dari Doktrin, Seni hingga Arsitektur by Ziaulhaq Hidayat (editor).pdf', '6.21 MB', 'pdf', NULL, NULL, NULL, 0, NULL, 1, NULL, 'active', 1690269207, NULL, NULL),
(1075, 867, 3003, 1031, 'free', 0, 'upload', '/store/1/ebook/indonesia/Tasawuf Amali Bagi Pencari Tuhan by Dr. A. Gani, S.Ag., S.H., M.Ag..pdf', '1.25 MB', 'pdf', NULL, NULL, NULL, 0, NULL, 1, NULL, 'active', 1690269207, NULL, NULL),
(1076, 867, 3004, 1032, 'free', 0, 'upload', '/store/1/ebook/indonesia/TASAWUF ANTARA AL-GHAZALI DAN IBNU TAIMIYAH by Dr. Abdul Fattah Sayyid Ahmad .pdf', '24.83 MB', 'pdf', NULL, NULL, NULL, 0, NULL, 1, NULL, 'active', 1690269207, NULL, NULL),
(1077, 867, 3005, 1033, 'free', 0, 'upload', '/store/1/ebook/indonesia/Tasawuf dan pluralisme by Yasin, H.pdf', '1.04 MB', 'pdf', NULL, NULL, NULL, 0, NULL, 1, NULL, 'active', 1690269207, NULL, NULL),
(1078, 867, 3006, 1034, 'free', 0, 'upload', '/store/1/ebook/indonesia/Tasawuf di Nusantara Tadarus Tasawuf  Tarekat by DR. H. Suteja, M.Ag..pdf', '6.76 MB', 'pdf', NULL, NULL, NULL, 0, NULL, 1, NULL, 'active', 1690269207, NULL, NULL),
(1079, 867, 3007, 1035, 'free', 0, 'upload', '/store/1/ebook/indonesia/Tasawuf for Beginner.pdf', '0.74 MB', 'pdf', NULL, NULL, NULL, 0, NULL, 1, NULL, 'active', 1690269207, NULL, NULL),
(1080, 867, 3008, 1036, 'free', 0, 'upload', '/store/1/ebook/indonesia/Tasawuf Mulla Shadra by Khalid Al-Walid.pdf', '8.97 MB', 'pdf', NULL, NULL, NULL, 0, NULL, 1, NULL, 'active', 1690269207, NULL, NULL),
(1081, 867, 3009, 1037, 'free', 0, 'upload', '/store/1/ebook/indonesia/Tashawuf dan Ahli-ahli Tashawuf.pdf', '7.40 MB', 'pdf', NULL, NULL, NULL, 0, NULL, 1, NULL, 'active', 1690269207, NULL, NULL),
(1082, 867, 3010, 1038, 'free', 0, 'upload', '/store/1/ebook/indonesia/tata-cara-qurban-tuntunan-nabi-al-utsaimin.pdf', '0.37 MB', 'pdf', NULL, NULL, NULL, 0, NULL, 1, NULL, 'active', 1690269207, NULL, NULL),
(1083, 867, 3011, 1039, 'free', 0, 'upload', '/store/1/ebook/indonesia/Tawasul Mencari Allah dan Rasul Lewat Jalan Guru by Muhammad Luthfi Ghozali.pdf', '3.82 MB', 'pdf', NULL, NULL, NULL, 0, NULL, 1, NULL, 'active', 1690269207, NULL, NULL),
(1084, 867, 3012, 1040, 'free', 0, 'upload', '/store/1/ebook/indonesia/Tentang Manusia Dari Pikiran, Pemahaman sampai dengan Perdamaian Dunia by Reza Alexander Antonius Wattimena.pdf', '3.45 MB', 'pdf', NULL, NULL, NULL, 0, NULL, 1, NULL, 'active', 1690269207, NULL, NULL),
(1085, 867, 3013, 1041, 'free', 0, 'upload', '/store/1/ebook/indonesia/Teokrasi Kontemporer Integrasi Teologi dan Politik dalam Negara Islam by Salamuddin  Candiki Repantu.pdf', '1.47 MB', 'pdf', NULL, NULL, NULL, 0, NULL, 1, NULL, 'active', 1690269207, NULL, NULL),
(1086, 867, 3014, 1042, 'free', 0, 'upload', '/store/1/ebook/indonesia/Teolog Versus Filosof Debat tentang Tuhan dan Alam antara Teolog dengan Filsuf Peripatetik by Dr. Mambaul Ngadhimah, M.Ag..pdf', '2.26 MB', 'pdf', NULL, NULL, NULL, 0, NULL, 1, NULL, 'active', 1690269207, NULL, NULL),
(1087, 867, 3015, 1043, 'free', 0, 'upload', '/store/1/ebook/indonesia/Teologi Damai Rekonstruksi Paradigmatik Relasi Kristen dan Islam by Dr. Abdullah, M.Ag..pdf', '19.29 MB', 'pdf', NULL, NULL, NULL, 0, NULL, 1, NULL, 'active', 1690269207, NULL, NULL),
(1088, 867, 3016, 1044, 'free', 0, 'upload', '/store/1/ebook/indonesia/Teologi Feminisme Islam by Syarif Hidayatullah, M.Ag., M.A..pdf', '7.46 MB', 'pdf', NULL, NULL, NULL, 0, NULL, 1, NULL, 'active', 1690269207, NULL, NULL),
(1089, 867, 3017, 1045, 'free', 0, 'upload', '/store/1/ebook/indonesia/Teologi Kaum Tarekat by Dr. H. Ahmad Amir Aziz, M.Ag..pdf', '1.12 MB', 'pdf', NULL, NULL, NULL, 0, NULL, 1, NULL, 'active', 1690269207, NULL, NULL),
(1090, 867, 3018, 1046, 'free', 0, 'upload', '/store/1/ebook/indonesia/TEOLOGI MUSLIM PURITAN (Genealogi dan Ajaran Salafi) by Dr. Arrazy Hasyim, MA.pdf', '2.64 MB', 'pdf', NULL, NULL, NULL, 0, NULL, 1, NULL, 'active', 1690269207, NULL, NULL),
(1091, 867, 3019, 1047, 'free', 0, 'upload', '/store/1/ebook/indonesia/Teologi Pembebasan Kritik Marxisme  Marxisme Kritis by Michael Lowy.pdf', '3.45 MB', 'pdf', NULL, NULL, NULL, 0, NULL, 1, NULL, 'active', 1690269207, NULL, NULL),
(1092, 867, 3020, 1048, 'free', 0, 'upload', '/store/1/ebook/indonesia/Teologi Perjanjian Baru by Leon Morris.pdf', '6.74 MB', 'pdf', NULL, NULL, NULL, 0, NULL, 1, NULL, 'active', 1690269207, NULL, NULL),
(1093, 867, 3021, 1049, 'free', 0, 'upload', '/store/1/ebook/indonesia/Teologi Sistematika by Henry Theissen.pdf', '5.19 MB', 'pdf', NULL, NULL, NULL, 0, NULL, 1, NULL, 'active', 1690269207, NULL, NULL),
(1094, 867, 3022, 1050, 'free', 0, 'upload', '/store/1/ebook/indonesia/Teori dasar Qi Gong dalam Agama Tao by Dr. I. D. Lika, Msc, .pdf', '35.28 MB', 'pdf', NULL, NULL, NULL, 0, NULL, 1, NULL, 'active', 1690269207, NULL, NULL),
(1095, 867, 3023, 1051, 'free', 0, 'upload', '/store/1/ebook/indonesia/Teori Pergerakan Sosial by Robert Mirsel.pdf', '3.46 MB', 'pdf', NULL, NULL, NULL, 0, NULL, 1, NULL, 'active', 1690269207, NULL, NULL),
(1096, 867, 3024, 1052, 'free', 0, 'upload', '/store/1/ebook/indonesia/Teori Sosiologi Modern by George Ritzer, Douglas J Goodman.pdf', '523.88 MB', 'pdf', NULL, NULL, NULL, 0, NULL, 1, NULL, 'active', 1690269207, NULL, NULL),
(1097, 867, 3025, 1053, 'free', 0, 'upload', '/store/1/ebook/indonesia/Teori-teori Sosial dalam Tiga Paradigma by Prof. Dr. I.B. Wirawan.pdf', '2.06 MB', 'pdf', NULL, NULL, NULL, 0, NULL, 1, NULL, 'active', 1690269207, NULL, NULL),
(1098, 867, 3026, 1054, 'free', 0, 'upload', '/store/1/ebook/indonesia/tercecer dari dialog dengan alam spiritual.pdf', '36.62 MB', 'pdf', NULL, NULL, NULL, 0, NULL, 1, NULL, 'active', 1690269207, NULL, NULL),
(1099, 867, 3027, 1055, 'free', 0, 'upload', '/store/1/ebook/indonesia/Terjemah Daqoiqul Akhbar.pdf', '166.18 MB', 'pdf', NULL, NULL, NULL, 0, NULL, 1, NULL, 'active', 1690269207, NULL, NULL),
(1100, 867, 3028, 1056, 'free', 0, 'upload', '/store/1/ebook/indonesia/The God Delusion by Richard Dawkins.pdf', '9.03 MB', 'pdf', NULL, NULL, NULL, 0, NULL, 1, NULL, 'active', 1690269207, NULL, NULL),
(1101, 867, 3029, 1057, 'free', 0, 'upload', '/store/1/ebook/indonesia/The Greatest Philosophers 100 Tokoh Filsuf Barat dari Abad 6 SM - Abad 21 yang Menginspirasi Dunia Bisnis by Kumara Ari Yuana.pdf', '5.28 MB', 'pdf', NULL, NULL, NULL, 0, NULL, 1, NULL, 'active', 1690269207, NULL, NULL),
(1102, 867, 3030, 1058, 'free', 0, 'upload', '/store/1/ebook/indonesia/The Power of Story (100 Kisah Inspiratif Penghidup Hati) by Imron Fauzi.pdf', '1.51 MB', 'pdf', NULL, NULL, NULL, 0, NULL, 1, NULL, 'active', 1690269207, NULL, NULL),
(1103, 867, 3031, 1059, 'free', 0, 'upload', '/store/1/ebook/indonesia/Theologi Islam Ilmu Tauhid by Drs. Hadis Purba, MA. dan Dr. Sakamuddin, MA.pdf', '27.71 MB', 'pdf', NULL, NULL, NULL, 0, NULL, 1, NULL, 'active', 1690269207, NULL, NULL),
(1104, 867, 3032, 1060, 'free', 0, 'upload', '/store/1/ebook/indonesia/Theragatha - Syair-Syair Bhikkhu Senior.pdf', '2.41 MB', 'pdf', NULL, NULL, NULL, 0, NULL, 1, NULL, 'active', 1690269207, NULL, NULL),
(1105, 867, 3033, 1061, 'free', 0, 'upload', '/store/1/ebook/indonesia/tidak-ada-ajahn-chah.pdf', '0.19 MB', 'pdf', NULL, NULL, NULL, 0, NULL, 1, NULL, 'active', 1690269207, NULL, NULL),
(1106, 867, 3034, 1062, 'free', 0, 'upload', '/store/1/ebook/indonesia/Tokoh Filsuf dan Era Keemasan Filsafat by Nurnaningsih Nawawi.pdf', '2.35 MB', 'pdf', NULL, NULL, NULL, 0, NULL, 1, NULL, 'active', 1690269207, NULL, NULL),
(1107, 867, 3035, 1063, 'free', 0, 'upload', '/store/1/ebook/indonesia/Tokoh Sabdopalon Rekonstruksi Pemaknaan Politik Kebudayaan Hindu-Islam di Jawa by I Nengah Duija.pdf', '2.70 MB', 'pdf', NULL, NULL, NULL, 0, NULL, 1, NULL, 'active', 1690269207, NULL, NULL),
(1108, 867, 3036, 1064, 'free', 0, 'upload', '/store/1/ebook/indonesia/Toleransi dan Perkauman Keberagaman dalam Perspektif Agama-Agama dan Etnis-Etnis by TM. Dhani Iqbal (editor).pdf', '1.64 MB', 'pdf', NULL, NULL, NULL, 0, NULL, 1, NULL, 'active', 1690269207, NULL, NULL),
(1109, 867, 3037, 1065, 'free', 0, 'upload', '/store/1/ebook/indonesia/Toleransi yang Otentik by Abdul Mu’ti.pdf', '10.40 MB', 'pdf', NULL, NULL, NULL, 0, NULL, 1, NULL, 'active', 1690269207, NULL, NULL),
(1110, 867, 3038, 1066, 'free', 0, 'upload', '/store/1/ebook/indonesia/Tradisi  Kebudayaan Nusantara by Sumanto Al Qurtuby  Izak Y.M. Lattu (editor).pdf', '4.80 MB', 'pdf', NULL, NULL, NULL, 0, NULL, 1, NULL, 'active', 1690269207, NULL, NULL),
(1111, 867, 3039, 1067, 'free', 0, 'upload', '/store/1/ebook/indonesia/Tradisi Amaliyah Warga NU Tahlilan, Hadiyuan, Dzikir, Yasinan, Ziarah Kubur by Sutejo Ibnu Pakar.pdf', '3.84 MB', 'pdf', NULL, NULL, NULL, 0, NULL, 1, NULL, 'active', 1690269207, NULL, NULL),
(1112, 867, 3040, 1068, 'free', 0, 'upload', '/store/1/ebook/indonesia/Tradisi Utama Buddhisme.pdf', '0.90 MB', 'pdf', NULL, NULL, NULL, 0, NULL, 1, NULL, 'active', 1690269207, NULL, NULL),
(1113, 867, 3041, 1069, 'free', 0, 'upload', '/store/1/ebook/indonesia/trilogi_jalan_keselamatan.pdf', '1.46 MB', 'pdf', NULL, NULL, NULL, 0, NULL, 1, NULL, 'active', 1690269207, NULL, NULL),
(1114, 867, 3042, 1070, 'free', 0, 'upload', '/store/1/ebook/indonesia/Tujuh Filsuf Muslim.pdf', '4.18 MB', 'pdf', NULL, NULL, NULL, 0, NULL, 1, NULL, 'active', 1690269207, NULL, NULL),
(1115, 867, 3043, 1071, 'free', 0, 'upload', '/store/1/ebook/indonesia/Ucapan Benar.pdf', '0.46 MB', 'pdf', NULL, NULL, NULL, 0, NULL, 1, NULL, 'active', 1690269207, NULL, NULL),
(1116, 867, 3044, 1072, 'free', 0, 'upload', '/store/1/ebook/indonesia/Umar Tilmatsani-Pemerintahan Agama.pdf', '3.21 MB', 'pdf', NULL, NULL, NULL, 0, NULL, 1, NULL, 'active', 1690269207, NULL, NULL),
(1117, 867, 3045, 1073, 'free', 0, 'upload', '/store/1/ebook/indonesia/Umat Bergerak  Mobilisasi Damai Kaum Islamis di Indonesia, Malaysia, dan Turki by Dr. Julie Chernov Hwang PhD.pdf', '1.37 MB', 'pdf', NULL, NULL, NULL, 0, NULL, 1, NULL, 'active', 1690269207, NULL, NULL),
(1118, 867, 3046, 1074, 'free', 0, 'upload', '/store/1/ebook/indonesia/Unravelling the Mysteries of Mind  Body through Abhidhamma (Mengungkap Misteri Batin dan Jasmani Melalui Abhidhamma) by Sayalay Susila.pdf', '2.89 MB', 'pdf', NULL, NULL, NULL, 0, NULL, 1, NULL, 'active', 1690269207, NULL, NULL),
(1119, 867, 3047, 1075, 'free', 0, 'upload', '/store/1/ebook/indonesia/Upasaka & Upasika Ariya.pdf', '0.83 MB', 'pdf', NULL, NULL, NULL, 0, NULL, 1, NULL, 'active', 1690269207, NULL, NULL),
(1120, 867, 3048, 1076, 'free', 0, 'upload', '/store/1/ebook/indonesia/Uraian Mengenai Tumbuhan.pdf', '0.93 MB', 'pdf', NULL, NULL, NULL, 0, NULL, 1, NULL, 'active', 1690269207, NULL, NULL),
(1121, 867, 3049, 1077, 'free', 0, 'upload', '/store/1/ebook/indonesia/Venerable Acariya Man Bhuridatta Thera - A Spiritual Biography.pdf', '4.07 MB', 'pdf', NULL, NULL, NULL, 0, NULL, 1, NULL, 'active', 1690269207, NULL, NULL),
(1122, 867, 3050, 1078, 'free', 0, 'upload', '/store/1/ebook/indonesia/vinaya-pitaka-volume-i-suttavibhanga.pdf', '1.29 MB', 'pdf', NULL, NULL, NULL, 0, NULL, 1, NULL, 'active', 1690269207, NULL, NULL),
(1123, 867, 3051, 1079, 'free', 0, 'upload', '/store/1/ebook/indonesia/VISUDDHI MAGGA INA.pdf', '89.60 MB', 'pdf', NULL, NULL, NULL, 0, NULL, 1, NULL, 'active', 1690269207, NULL, NULL),
(1124, 867, 3052, 1080, 'free', 0, 'upload', '/store/1/ebook/indonesia/Wacana  Praktik Pluralisme Keagamaan di Indonesia by Ahmad Zainul Hamdi  Muktafi.pdf', '2.15 MB', 'pdf', NULL, NULL, NULL, 0, NULL, 1, NULL, 'active', 1690269207, NULL, NULL),
(1125, 867, 3053, 1081, 'free', 0, 'upload', '/store/1/ebook/indonesia/Wanita Dalam Sutta.pdf', '8.66 MB', 'pdf', NULL, NULL, NULL, 0, NULL, 1, NULL, 'active', 1690269207, NULL, NULL),
(1126, 867, 3054, 1082, 'free', 0, 'upload', '/store/1/ebook/indonesia/Wasiat Ibn Arabi Kupasan Hakekat dan Marifat dalam Tasawwuf Islam by Atjeh Aboebakar H..pdf', '22.87 MB', 'pdf', NULL, NULL, NULL, 0, NULL, 1, NULL, 'active', 1690269207, NULL, NULL),
(1127, 867, 3055, 1083, 'free', 0, 'upload', '/store/1/ebook/indonesia/Wawasan Al-Quran Tafsir tematik Quraish Shihab .pdf', '1.60 MB', 'pdf', NULL, NULL, NULL, 0, NULL, 1, NULL, 'active', 1690269207, NULL, NULL),
(1128, 867, 3056, 1084, 'free', 0, 'upload', '/store/1/ebook/indonesia/Weddhatama Jinarwa - R. Tanojo - TB. Pelajar.pdf', '6.54 MB', 'pdf', NULL, NULL, NULL, 0, NULL, 1, NULL, 'active', 1690269207, NULL, NULL),
(1129, 867, 3057, 1085, 'free', 0, 'upload', '/store/1/ebook/indonesia/Who Am I Kenali Diri Anda dan Raihlah Kesuksesan Dunia Akhirat by Antye Al Inqilabi.pdf', '2.59 MB', 'pdf', NULL, NULL, NULL, 0, NULL, 1, NULL, 'active', 1690269207, NULL, NULL),
(1130, 867, 3058, 1086, 'free', 0, 'upload', '/store/1/ebook/indonesia/Wujud Wanita Avalokitesvara.pdf', '1.64 MB', 'pdf', NULL, NULL, NULL, 0, NULL, 1, NULL, 'active', 1690269207, NULL, NULL),
(1131, 867, 3059, 1087, 'free', 0, 'upload', '/store/1/ebook/indonesia/Xu - Yun (Awan - Kosong) Otobiografi Seorang Chinese Zen Master by Ivan Taniputera (penerjemah) .pdf', '4.99 MB', 'pdf', NULL, NULL, NULL, 0, NULL, 1, NULL, 'active', 1690269207, NULL, NULL),
(1132, 867, 3060, 1088, 'free', 0, 'upload', '/store/1/ebook/indonesia/Yang Mengenal Dirinya Yang Mengenal Tuhannya by Jalaluddin Rumi.pdf', '14.41 MB', 'pdf', NULL, NULL, NULL, 0, NULL, 1, NULL, 'active', 1690269207, NULL, NULL),
(1133, 867, 3061, 1089, 'free', 0, 'upload', '/store/1/ebook/indonesia/zen - kunci menuju kebahagiaan tersembunyi.pdf', '0.59 MB', 'pdf', NULL, NULL, NULL, 0, NULL, 1, NULL, 'active', 1690269207, NULL, NULL);

-- --------------------------------------------------------

--
-- Table structure for table `file_translations`
--

CREATE TABLE `file_translations` (
  `id` bigint(20) UNSIGNED NOT NULL,
  `file_id` int(10) UNSIGNED NOT NULL,
  `locale` varchar(255) NOT NULL,
  `title` varchar(255) NOT NULL,
  `description` text DEFAULT NULL
) ENGINE=InnoDB DEFAULT CHARSET=utf8mb4 COLLATE=utf8mb4_unicode_ci;

--
-- Dumping data for table `file_translations`
--

INSERT INTO `file_translations` (`id`, `file_id`, `locale`, `title`, `description`) VALUES
(71, 100, 'id', 'audio suara play', 'tes audio suara'),
(72, 101, 'id', 'tes youtube 1', 'tes link youtube'),
(76, 105, 'id', 'Cerita Anak - Beautiful Book', NULL),
(77, 106, 'id', 'Aku Bangga Menjadi Muslim', 'Aku Bangga Menjadi Muslim'),
(78, 107, 'id', 'Microsoft Word Pemula', 'Cara Menggunakan Microsoft Word'),
(79, 108, 'id', 'DAFTAR ISI BERANTAKAN !!! Ini dia solusinya', 'Dalam video ini, kami akan membahas cara membuat daftar isi yang rapi dan terstruktur, serta bagaimana mengatur tampilan daftar isi agar mudah dipahami dan diakses oleh pembaca dokumen Anda. Selain itu, kami juga akan membahas strategi untuk mengatasi masalah daftar isi yang berantakan dan sulit dipahami.'),
(80, 109, 'id', '01 - The Game', NULL),
(81, 110, 'id', '10 - Denials and Affirmations', NULL),
(82, 111, 'id', '09 - Perfect Self-Expression or the Divine Design', NULL),
(83, 112, 'id', '04 - The Law of Nonresistance', NULL),
(84, 113, 'id', '02 - The Law of Prosperity', NULL),
(85, 114, 'id', '03 - The Power of the Word', NULL),
(86, 115, 'id', 'Al-Fatihah', NULL);

-- --------------------------------------------------------

--
-- Table structure for table `filters`
--

CREATE TABLE `filters` (
  `id` int(10) UNSIGNED NOT NULL,
  `category_id` int(10) UNSIGNED NOT NULL
) ENGINE=InnoDB DEFAULT CHARSET=utf8mb4 COLLATE=utf8mb4_unicode_ci ROW_FORMAT=DYNAMIC;

-- --------------------------------------------------------

--
-- Table structure for table `filter_options`
--

CREATE TABLE `filter_options` (
  `id` int(10) UNSIGNED NOT NULL,
  `filter_id` int(10) UNSIGNED NOT NULL,
  `order` int(10) UNSIGNED DEFAULT NULL
) ENGINE=InnoDB DEFAULT CHARSET=utf8mb4 COLLATE=utf8mb4_unicode_ci ROW_FORMAT=DYNAMIC;

-- --------------------------------------------------------

--
-- Table structure for table `filter_option_translations`
--

CREATE TABLE `filter_option_translations` (
  `id` bigint(20) UNSIGNED NOT NULL,
  `filter_option_id` int(10) UNSIGNED NOT NULL,
  `locale` varchar(255) NOT NULL,
  `title` varchar(255) NOT NULL
) ENGINE=InnoDB DEFAULT CHARSET=utf8mb4 COLLATE=utf8mb4_unicode_ci;

-- --------------------------------------------------------

--
-- Table structure for table `filter_translations`
--

CREATE TABLE `filter_translations` (
  `id` bigint(20) UNSIGNED NOT NULL,
  `filter_id` int(10) UNSIGNED NOT NULL,
  `locale` varchar(255) NOT NULL,
  `title` varchar(255) NOT NULL
) ENGINE=InnoDB DEFAULT CHARSET=utf8mb4 COLLATE=utf8mb4_unicode_ci;

-- --------------------------------------------------------

--
-- Table structure for table `floating_bars`
--

CREATE TABLE `floating_bars` (
  `id` int(10) UNSIGNED NOT NULL,
  `start_at` bigint(20) DEFAULT NULL,
  `end_at` bigint(20) DEFAULT NULL,
  `title_color` varchar(255) DEFAULT NULL,
  `description_color` varchar(255) DEFAULT NULL,
  `icon` varchar(255) DEFAULT NULL,
  `background_color` varchar(255) DEFAULT NULL,
  `background_image` varchar(255) DEFAULT NULL,
  `btn_url` varchar(255) DEFAULT NULL,
  `btn_color` varchar(255) DEFAULT NULL,
  `btn_text_color` varchar(255) DEFAULT NULL,
  `bar_height` int(11) DEFAULT NULL,
  `position` enum('top','bottom') NOT NULL,
  `fixed` tinyint(1) NOT NULL DEFAULT 0,
  `enable` tinyint(1) NOT NULL DEFAULT 0
) ENGINE=InnoDB DEFAULT CHARSET=utf8mb4 COLLATE=utf8mb4_unicode_ci;

--
-- Dumping data for table `floating_bars`
--

INSERT INTO `floating_bars` (`id`, `start_at`, `end_at`, `title_color`, `description_color`, `icon`, `background_color`, `background_image`, `btn_url`, `btn_color`, `btn_text_color`, `bar_height`, `position`, `fixed`, `enable`) VALUES
(2, 1678456800, 1755727200, '#2d2d2d', '#b3b3b3', '/store/1/topnav_icon.svg', '#1f3b64', '/store/1/topnav_background.jpg', '/classes?discount=on', '#feb702', '#ffffff', 70, 'top', 1, 0);

-- --------------------------------------------------------

--
-- Table structure for table `floating_bar_translations`
--

CREATE TABLE `floating_bar_translations` (
  `id` int(10) UNSIGNED NOT NULL,
  `floating_bar_id` int(10) UNSIGNED NOT NULL,
  `locale` varchar(255) NOT NULL,
  `title` varchar(255) DEFAULT NULL,
  `description` text DEFAULT NULL,
  `btn_text` varchar(255) DEFAULT NULL
) ENGINE=InnoDB DEFAULT CHARSET=utf8mb4 COLLATE=utf8mb4_unicode_ci;

--
-- Dumping data for table `floating_bar_translations`
--

INSERT INTO `floating_bar_translations` (`id`, `floating_bar_id`, `locale`, `title`, `description`, `btn_text`) VALUES
(3, 2, 'en', 'New Years Day Celebration', 'Get all courses with 50 to 70% off without any limitation', 'View Courses'),
(4, 2, 'id', 'New Years Day Celebration', 'Get all courses with 50 to 70% off without any limitation', 'View Courses');

-- --------------------------------------------------------

--
-- Table structure for table `follows`
--

CREATE TABLE `follows` (
  `id` int(10) UNSIGNED NOT NULL,
  `follower` int(10) UNSIGNED NOT NULL,
  `user_id` int(10) UNSIGNED NOT NULL,
  `status` enum('requested','accepted','rejected') NOT NULL
) ENGINE=InnoDB DEFAULT CHARSET=utf8mb4 COLLATE=utf8mb4_unicode_ci ROW_FORMAT=DYNAMIC;

-- --------------------------------------------------------

--
-- Table structure for table `forums`
--

CREATE TABLE `forums` (
  `id` int(10) UNSIGNED NOT NULL,
  `slug` varchar(255) NOT NULL,
  `role_id` int(10) UNSIGNED DEFAULT NULL,
  `group_id` int(10) UNSIGNED DEFAULT NULL,
  `parent_id` int(10) UNSIGNED DEFAULT NULL,
  `icon` varchar(255) DEFAULT NULL,
  `status` enum('disabled','active') DEFAULT NULL,
  `close` tinyint(1) NOT NULL DEFAULT 0,
  `order` int(11) DEFAULT NULL
) ENGINE=InnoDB DEFAULT CHARSET=utf8mb4 COLLATE=utf8mb4_unicode_ci;

--
-- Dumping data for table `forums`
--

INSERT INTO `forums` (`id`, `slug`, `role_id`, `group_id`, `parent_id`, `icon`, `status`, `close`, `order`) VALUES
(1, 'Lifestyle', NULL, NULL, NULL, '/store/1/default_images/forums/icons/makeup.png', 'active', 0, NULL),
(2, 'Beauty-Makeup', NULL, NULL, 1, '/store/1/default_images/forums/icons/makeup.png', 'active', 0, 1),
(3, 'Food-Beverage', NULL, NULL, 1, '/store/1/default_images/forums/icons/donut.png', 'active', 0, 2),
(4, 'Travel', NULL, NULL, 1, '/store/1/default_images/forums/icons/airplane.png', 'active', 0, 3),
(5, 'Music', NULL, NULL, NULL, '/store/1/default_images/forums/icons/love-song.png', 'active', 0, NULL),
(6, 'Marketing', NULL, NULL, NULL, '/store/1/default_images/forums/icons/advertising.png', 'active', 0, NULL),
(7, 'Digital-Marketing', NULL, NULL, 6, '/store/1/default_images/forums/icons/digital-marketing.png', 'active', 0, 1),
(8, 'Public-Relations', NULL, NULL, 6, '/store/1/default_images/forums/icons/security.png', 'active', 0, 2),
(9, 'Advertising', NULL, NULL, 6, '/store/1/default_images/forums/icons/ads.png', 'active', 0, 3),
(10, 'Social-Media', NULL, NULL, 6, '/store/1/default_images/forums/icons/twitter.png', 'active', 0, 4);

-- --------------------------------------------------------

--
-- Table structure for table `forum_featured_topics`
--

CREATE TABLE `forum_featured_topics` (
  `id` int(10) UNSIGNED NOT NULL,
  `topic_id` int(10) UNSIGNED NOT NULL,
  `icon` varchar(255) NOT NULL,
  `created_at` bigint(20) UNSIGNED NOT NULL
) ENGINE=InnoDB DEFAULT CHARSET=utf8mb4 COLLATE=utf8mb4_unicode_ci;

--
-- Dumping data for table `forum_featured_topics`
--

INSERT INTO `forum_featured_topics` (`id`, `topic_id`, `icon`, `created_at`) VALUES
(1, 9, '/store/1/default_images/forums/icons/food_forum.svg', 1655791906),
(2, 8, '/store/1/default_images/forums/icons/forum_makeup.svg', 1655793090),
(3, 5, '/store/1/default_images/forums/icons/forum_music.svg', 1655793433),
(4, 10, '/store/1/default_images/forums/icons/marketing.svg', 1656100506);

-- --------------------------------------------------------

--
-- Table structure for table `forum_recommended_topics`
--

CREATE TABLE `forum_recommended_topics` (
  `id` int(10) UNSIGNED NOT NULL,
  `title` varchar(255) NOT NULL,
  `icon` varchar(255) NOT NULL,
  `created_at` bigint(20) UNSIGNED NOT NULL
) ENGINE=InnoDB DEFAULT CHARSET=utf8mb4 COLLATE=utf8mb4_unicode_ci;

--
-- Dumping data for table `forum_recommended_topics`
--

INSERT INTO `forum_recommended_topics` (`id`, `title`, `icon`, `created_at`) VALUES
(1, 'Food & Health', '/store/1/default_images/forums/icons/dish.png', 1655794486),
(2, 'Math', '/store/1/default_images/forums/icons/drawing-compass.png', 1655796024),
(3, 'Marketing', '/store/1/default_images/forums/icons/target.png', 1655796482),
(4, 'Language', '/store/1/default_images/forums/icons/translate.png', 1655796824);

-- --------------------------------------------------------

--
-- Table structure for table `forum_recommended_topic_items`
--

CREATE TABLE `forum_recommended_topic_items` (
  `id` int(10) UNSIGNED NOT NULL,
  `recommended_topic_id` int(10) UNSIGNED NOT NULL,
  `topic_id` int(10) UNSIGNED NOT NULL,
  `created_at` bigint(20) UNSIGNED NOT NULL
) ENGINE=InnoDB DEFAULT CHARSET=utf8mb4 COLLATE=utf8mb4_unicode_ci;

--
-- Dumping data for table `forum_recommended_topic_items`
--

INSERT INTO `forum_recommended_topic_items` (`id`, `recommended_topic_id`, `topic_id`, `created_at`) VALUES
(35, 4, 2, 1656142901),
(36, 4, 3, 1656142901),
(37, 4, 7, 1656142901),
(38, 4, 9, 1656142901),
(39, 4, 10, 1656142901),
(40, 3, 7, 1656142907),
(41, 3, 9, 1656142907),
(42, 3, 4, 1656142907),
(43, 3, 2, 1656142907),
(44, 3, 10, 1656142907),
(45, 2, 4, 1656142913),
(46, 2, 7, 1656142913),
(47, 2, 8, 1656142913),
(48, 2, 9, 1656142913),
(49, 2, 10, 1656142913),
(50, 1, 9, 1656142919),
(51, 1, 8, 1656142919),
(52, 1, 7, 1656142919),
(53, 1, 3, 1656142919),
(54, 1, 10, 1656142919);

-- --------------------------------------------------------

--
-- Table structure for table `forum_topics`
--

CREATE TABLE `forum_topics` (
  `id` int(10) UNSIGNED NOT NULL,
  `creator_id` int(10) UNSIGNED NOT NULL,
  `forum_id` int(10) UNSIGNED NOT NULL,
  `slug` varchar(255) NOT NULL,
  `title` varchar(255) NOT NULL,
  `description` text NOT NULL,
  `pin` tinyint(1) NOT NULL DEFAULT 0,
  `close` tinyint(1) NOT NULL DEFAULT 0,
  `created_at` bigint(20) UNSIGNED NOT NULL
) ENGINE=InnoDB DEFAULT CHARSET=utf8mb4 COLLATE=utf8mb4_unicode_ci;

--
-- Dumping data for table `forum_topics`
--

INSERT INTO `forum_topics` (`id`, `creator_id`, `forum_id`, `slug`, `title`, `description`, `pin`, `close`, `created_at`) VALUES
(1, 1015, 8, 'What-do-you-think-of-Mark-Zuckerberg', 'What do you think of Mark Zuckerberg?', '<p>I\'ll start this discussion by saying I think the way he got his start was kinda sleazy...he made a website comparing the looks of his college classmates. That site was the precursor to his most famous creation: Facebook.</p><p><br></p>', 0, 0, 1655716308),
(2, 1015, 4, 'test', 'Bar Train Tour on Heterocera', '<p style=\"color: rgb(89, 90, 94); font-family: Roboto, -apple-system, BlinkMacSystemFont, &quot;Segoe UI&quot;, Roboto, Helvetica, Arial, sans-serif, &quot;Apple Color Emoji&quot;, &quot;Segoe UI Emoji&quot;, &quot;Segoe UI Symbol&quot;;\">Dear Second Life residents and friends,</p><p style=\"color: rgb(89, 90, 94); font-family: Roboto, -apple-system, BlinkMacSystemFont, &quot;Segoe UI&quot;, Roboto, Helvetica, Arial, sans-serif, &quot;Apple Color Emoji&quot;, &quot;Segoe UI Emoji&quot;, &quot;Segoe UI Symbol&quot;;\">I am pleased to announce a unique way to travel and explore the continent of Heterocera by train.</p><p style=\"color: rgb(89, 90, 94); font-family: Roboto, -apple-system, BlinkMacSystemFont, &quot;Segoe UI&quot;, Roboto, Helvetica, Arial, sans-serif, &quot;Apple Color Emoji&quot;, &quot;Segoe UI Emoji&quot;, &quot;Segoe UI Symbol&quot;;\">The Bellisserian Bureau for Bureaucracy, the Embassies of Bellisseria and the Mainland Tour project collaborated with Greg Timmerman and his Bar &amp; Lounge project offer a special tour.</p><p style=\"color: rgb(89, 90, 94); font-family: Roboto, -apple-system, BlinkMacSystemFont, &quot;Segoe UI&quot;, Roboto, Helvetica, Arial, sans-serif, &quot;Apple Color Emoji&quot;, &quot;Segoe UI Emoji&quot;, &quot;Segoe UI Symbol&quot;;\">Join us on the&nbsp;<span style=\"font-weight: bolder;\">Bar Train</span>&nbsp;for a journey by railway along the SLRR lines around Heterocera. We will also stop for a halt at the Woodland Station, the home of the Bar Train, where you will be able to collect a new stamp!</p>', 0, 0, 1655716703),
(3, 1017, 4, 'Trying-to-Find-a-Water-to-Land-Race', 'Trying to Find a Water-to-Land Race!', '<p>I don\'t have a lot of info but a friend of mine told me that there is a HUD (or was) that pings GPS points on the map. And you start this race in a car, then get in a boat, then get in a car again.... and at the end, there\'s some cool party. There is NO amount of googling that is helping me find this so I\'m reaching out to the SL hivemind. Help.</p>', 0, 0, 1655787049),
(4, 870, 10, 'Looking-for-friends-but-im-also-really-really-shy', 'Looking for friends but, im shy', '<p>Looking for friends to just hand with and have fun with. I love gaming and listening to music. I\'m 25 years young but would love to get to know some people. I started SecondLife a few months ago so I still knew. Would love to meet some genuine ppl!</p>', 0, 0, 1655788542),
(5, 996, 5, 'How-do-you-put-a-Group-Link-in-a-note-card', 'How do you put a Group Link in a note card', '<p>I want to create a note card that lists clickable LMs (EASY to do) to the 14 music hangouts (nearly all are open stage/decks, 6 to 8 have regular weekly events) in my community region.</p><p><br></p><p>But how do you add to a notecard clickable LINKS TO GROUPS we have 6 groups which i would like to list too.</p>', 0, 0, 1655789512),
(6, 923, 9, 'How-to-greatly-reduce-or-eliminate-networked-advertising', 'How to reduce networked advertising', '<p>We hear over and over about the evil of networked advertising on mainland, about how it is the bane of mainlanders existence, about how it should be eliminated now and forever.</p><p>But how?</p><p>We hear that networked advertising is mainly a phenomenon of micro parcels, since what else can you do with 5 prims except stick a sign on it?</p><p>Its been suggested that parcels not be allowed to be cut smaller than a certain size, but that would cause a lot of unintended consequences.</p><p>Similarly, banning the sale of micro parcels would cause also undesirable consequences.</p><p>A forum resident suggested charging each micro parcel  the equivalent of a 512 sq m tier, which is both unworkable and unfair.</p><p>My suggesting is simple, clear and fair.</p><p>I propose that Linden Labs make a new rule banning construction on any parcel under  64 sq m</p><p>Parcels under that size would only be allowed to have natural elements rezzed on them such as trees, flowers, and rocks.</p><p>As soon as this rule change is implemented, all those 16 sq m networked advertising holdings would be rendered worthless, either for use or for sale at inflated prices.</p><p>Networked advertisers could divest themselves of their holdings by offering them for sale at reasonable prices to neighboring land owners, or just abandoning them</p><p>Lets face it, no one will pay hundreds of $Ls for a 16 sq m parcel just to put a rock or shrub on.</p><p>Under this new rule, networked advertising won\'t be eliminated since it would still be legal, but I think it will certainly be greatly reduced.</p><p>Implement this suggestion, and take a giant step to beautifying the mainland by largely eliminating the \"scourge\" of networked advertising once and for all.</p><p>Note to LL, if you do implement this rule, please publish it. Don\'t just sneakily change the TOS and say gotcha.</p>', 0, 0, 1655790004),
(7, 3, 7, 'Marketing-Agent-wanted', 'Marketing Agent wanted', '<p>I am looking for an experience and successful Marketing agent to work for me in order to increase my product sales which mostly include houses and furniture. If you are interested contact me on chat by contacting Romin McDonnell. References are required</p>', 0, 0, 1655790607),
(8, 930, 2, 'The-best-texture-quality-settings-for-makeup', 'The best texture quality settings for makeup', '<p>Hello everyone ❣️ I don\'t know if I\'m at the right place for my question, but I hope so... 😅</p><p>In your opinion, what is the best size, dpi and the rest of the settings related to the quality of the PNG file, in order to make the texture looking great and non blurry after uploading it in SL?&nbsp;</p><p>What file format do you prefer to upload in SL - PNG or JPEG?&nbsp;</p><p>What editor/ app/ program do you use to create your textures?&nbsp;</p><p>Also, I work with Photoshop, so I would be very thankful if you can give me a few tips and tricks about the process of creation of textures exactly with this program.&nbsp;</p><p>Thank you for your time!&nbsp; Have an awesome day ☀️</p>', 0, 0, 1655790834),
(9, 995, 3, 'What-favorite-food-and-or-beverage-do-you-enjoy', 'What favorite food and or beverage do you enjoy', '<p>I am amazed&nbsp; and thankful to SL for all the wonderful things and ability to reach&nbsp; out to others in so many different places all over the world. That being said&nbsp; at least for me as i am building ...in rl my favorite beverage&nbsp; is coffee or a mocha latte . For food prefer fruit if i am in world during lunch . How about you.<br></p>', 0, 0, 1655791192),
(10, 995, 10, 'What-is-social-media', 'What is social media?', '<p>Social media is a collective term for websites and applications that focus on communication, community-based input, interaction, content-sharing and collaboration.</p><p><br></p><p>People use social media to stay in touch and interact with friends, family and various communities. Businesses use social applications to market and promote their products and track customer concerns.</p><p><br></p><p>Business-to-consumer websites include social components, such as comment fields for users. Various tools help businesses track, measure and analyze the attention the company gets from social media, including brand perception and customer insight.</p><p><br></p><p>Social media has enormous traction globally. Mobile applications make these platforms easily accessible. Some popular examples of general social media platforms include Twitter, Facebook and LinkedIn.</p><p><br></p><p>What are the business applications of social media?</p><p>In business, social media is used to market products, promote brands, connect to customers and foster new business. As a communication platform, social media promotes customer feedback and makes it easy for customers to share their experiences with a company. Businesses can respond quickly to positive and negative feedback, address customer problems and maintain or rebuild customer confidence.</p><p><br></p><p>Social media is also used for crowdsourcing. That\'s the practice of using social networking to gather knowledge, goods or services. Companies use crowdsourcing to get ideas from employees, customers and the general public for improving products or developing future products or services.</p>', 0, 0, 1656101498);

-- --------------------------------------------------------

--
-- Table structure for table `forum_topic_attachments`
--

CREATE TABLE `forum_topic_attachments` (
  `id` int(10) UNSIGNED NOT NULL,
  `creator_id` int(10) UNSIGNED NOT NULL,
  `topic_id` int(10) UNSIGNED NOT NULL,
  `path` varchar(255) NOT NULL
) ENGINE=InnoDB DEFAULT CHARSET=utf8mb4 COLLATE=utf8mb4_unicode_ci;

--
-- Dumping data for table `forum_topic_attachments`
--

INSERT INTO `forum_topic_attachments` (`id`, `creator_id`, `topic_id`, `path`) VALUES
(1, 1017, 3, '/store/1017/background-sea-water.jpg');

-- --------------------------------------------------------

--
-- Table structure for table `forum_topic_bookmarks`
--

CREATE TABLE `forum_topic_bookmarks` (
  `id` int(10) UNSIGNED NOT NULL,
  `user_id` int(10) UNSIGNED NOT NULL,
  `topic_id` int(10) UNSIGNED NOT NULL,
  `created_at` bigint(20) UNSIGNED NOT NULL
) ENGINE=InnoDB DEFAULT CHARSET=utf8mb4 COLLATE=utf8mb4_unicode_ci;

-- --------------------------------------------------------

--
-- Table structure for table `forum_topic_likes`
--

CREATE TABLE `forum_topic_likes` (
  `id` int(10) UNSIGNED NOT NULL,
  `user_id` int(10) UNSIGNED NOT NULL,
  `topic_id` int(10) UNSIGNED DEFAULT NULL,
  `topic_post_id` int(10) UNSIGNED DEFAULT NULL
) ENGINE=InnoDB DEFAULT CHARSET=utf8mb4 COLLATE=utf8mb4_unicode_ci;

-- --------------------------------------------------------

--
-- Table structure for table `forum_topic_posts`
--

CREATE TABLE `forum_topic_posts` (
  `id` int(10) UNSIGNED NOT NULL,
  `user_id` int(10) UNSIGNED NOT NULL,
  `topic_id` int(10) UNSIGNED NOT NULL,
  `parent_id` int(10) UNSIGNED DEFAULT NULL,
  `description` text NOT NULL,
  `attach` varchar(255) DEFAULT NULL,
  `pin` tinyint(1) NOT NULL DEFAULT 0,
  `created_at` bigint(20) UNSIGNED NOT NULL
) ENGINE=InnoDB DEFAULT CHARSET=utf8mb4 COLLATE=utf8mb4_unicode_ci;

--
-- Dumping data for table `forum_topic_posts`
--

INSERT INTO `forum_topic_posts` (`id`, `user_id`, `topic_id`, `parent_id`, `description`, `attach`, `pin`, `created_at`) VALUES
(1, 929, 2, NULL, '<p><span style=\"color: rgb(89, 90, 94); font-family: Roboto, -apple-system, BlinkMacSystemFont, &quot;Segoe UI&quot;, Roboto, Helvetica, Arial, sans-serif, &quot;Apple Color Emoji&quot;, &quot;Segoe UI Emoji&quot;, &quot;Segoe UI Symbol&quot;; font-size: 14px;\">I will be there!</span><br style=\"color: rgb(89, 90, 94); font-family: Roboto, -apple-system, BlinkMacSystemFont, &quot;Segoe UI&quot;, Roboto, Helvetica, Arial, sans-serif, &quot;Apple Color Emoji&quot;, &quot;Segoe UI Emoji&quot;, &quot;Segoe UI Symbol&quot;; font-size: 14px;\"><span style=\"color: rgb(89, 90, 94); font-family: Roboto, -apple-system, BlinkMacSystemFont, &quot;Segoe UI&quot;, Roboto, Helvetica, Arial, sans-serif, &quot;Apple Color Emoji&quot;, &quot;Segoe UI Emoji&quot;, &quot;Segoe UI Symbol&quot;; font-size: 14px;\">An opportunity for everyone who wants to see more of SL instead of only the clubs and beaches.</span><br></p>', NULL, 0, 1655718839),
(2, 979, 1, NULL, '<p>Didn\'t he call his early users dumb? :o I don\'t really think about him...I find FB very boring and hard to navigate, but I can\'t persuade family members to quit it...</p><p><br></p><p>Did you know, he is being sued by a cryptocurrency developer called Internet Computer...they say he stole their logo for Meta!&nbsp;</p>', NULL, 0, 1655786658),
(3, 930, 1, NULL, '<p>he looked after the 3,000 or so startup employees who built Facebook from nothing. When the company went public those employees share options pool was worth a combined $23billion</p>', NULL, 0, 1655786705),
(4, 923, 3, NULL, '<p>That sounds like the weekly grid drive put on by the drivers of SL group.</p><p><br></p><p>Their headquarters is here: http://maps.secondlife.com/secondlife/Bruissac/109/72/36</p><p><br></p><p>Or maybe I could be totally off base. I know I did something that sounds exactly like what was described in the OP once with a friend over a year ago.</p>', NULL, 0, 1655787619),
(5, 1017, 3, NULL, '<p>Thanks</p>', NULL, 0, 1655787999),
(6, 3, 4, NULL, '<p>Hi, I\'m in SL for a little over a year and I\'m mostly on my own. I\'d like to meet friends who I could hang out with so I won\'t be alone all the time. In SL I mostly shop, modify my avi or take pictures (which I\'m not good at lol) but I\'m for anything which could be fun. In RL, I\'m from Europe. Czech or English language - if you speak slowly we can voice. I\'m a fan of Chinese costume drama and novels, pop. My active time in SL is usually during weekends - in working days I\'m usually AFK at some club while working. IM me in-world if you want.<br></p>', NULL, 0, 1655788607),
(7, 930, 5, NULL, '<p>If it was me, who\'s really dumb about scripting, I\'d just place a group joiner for the appropriate group at each arrival point.</p>', NULL, 0, 1655789536),
(8, 859, 5, NULL, '<p>Ah, I didn\'t understand what you meant.&nbsp; The best you can do is include a full perm object that contains a group joiner script and the UUIDs of each of the six groups.&nbsp; Then a person just has to rez the object and click it to get the joiner menu.</p><p><br></p><p>Or do as Lindal suggested, which is much easier.&nbsp; ;)</p><p><br></p>', NULL, 0, 1655789585),
(9, 3, 6, NULL, '<p>I doubt the Lab will make any significant changes to existing Mainland rules.</p><p><br></p><p>On the other hand, they\'ve definitely moved away from allowing new land to be subdivided, joined, etc. That\'s always been the rule in Linden\'s \"urban\" zoned areas such as Bay City, Nova Albion, Nautilus City, etc., and applies to a big chunk of Zindra. Also, of course, Belli and the old Linden Homes continents, and most predictive of anything to be added in future: the Horizons continent. So, basically, they realize that virtual land is most productive when it follows the same practices as Estates, and that just doesn\'t include microparcels.</p><p><br></p><p>If they did anything, I\'d favor just banning everything under 144 sq.m. from being set for sale at all, just as they can\'t appear in Search.They were just a mistake, so let them die out as painlessly as possible.</p><p><br></p><p>Networked advertising, qua advertising, has never really been a thing. There have been a few folks who genuinely misunderstood and thought it might be a business, but that\'s never been why there are microparcels, and most microparcel-based network \"advertisers\" know darn well they couldn\'t pay to light the pixels with the eyeballs and clickthrus. It\'s always been just a cover for land extortion, with a handful of saps who mistook it for actual advertising. There\'s just no business to be had there.</p>', NULL, 0, 1655790272),
(10, 934, 7, NULL, '<p>Hi James,</p><p><br></p><p>Love To Decorate is dedicated to showcasing the talents and impeccable design within the Home &amp; Garden design market in the virtual world of Second Life.&nbsp;</p><p><br></p><p>Through our Website, we make it our goal to inspire the residents of Second Life and give our full support to the content creators who support us and make this world a beautiful place to log into each day.</p><p><br></p><p>We would be glad to help you with marketing and advertising your brand.&nbsp;</p>', NULL, 0, 1655790650),
(11, 929, 8, NULL, '<p style=\"\"><font color=\"#595a5e\" face=\"Roboto, -apple-system, BlinkMacSystemFont, Segoe UI, Roboto, Helvetica, Arial, sans-serif, Apple Color Emoji, Segoe UI Emoji, Segoe UI Symbol\"><span style=\"font-size: 14px;\">To add to Orwar\'s great explanation:</span></font></p><p style=\"\"><font color=\"#595a5e\" face=\"Roboto, -apple-system, BlinkMacSystemFont, Segoe UI, Roboto, Helvetica, Arial, sans-serif, Apple Color Emoji, Segoe UI Emoji, Segoe UI Symbol\"><span style=\"font-size: 14px;\">In the end, anything you upload to SL will become a JPEG and will lose some detail. The reason why you should save your work as PNG/TGA/PSD/etc is to keep the original quality on your computer as you made it.</span></font></p><p style=\"\"><font color=\"#595a5e\" face=\"Roboto, -apple-system, BlinkMacSystemFont, Segoe UI, Roboto, Helvetica, Arial, sans-serif, Apple Color Emoji, Segoe UI Emoji, Segoe UI Symbol\"><span style=\"font-size: 14px;\">The difference between PNG vs TGA is that PNG is losslessly compressed (to save space without sacrificing quality), while TGA is uncompressed. Realistically it doesn\'t matter, since they have the exact same capabilities.</span></font></p>', NULL, 0, 1655790902),
(12, 870, 8, NULL, '<p>I upload using TGA format, as I use masking in my work. Something to think about...if you use them.</p><p><br></p>', NULL, 0, 1655790940),
(13, 996, 9, NULL, '<p>Depends on the time of day.</p><p><br></p><p>If it\'s morning, it\'s coffee. Afternoon, tea or water. Evening, water.</p><p><br></p><p>I don\'t tend to eat often while I\'m online. I\'ll wait until I finish whatever I\'m doing, then log off and take a break for a while.&nbsp;</p>', NULL, 0, 1655791222),
(14, 1015, 9, NULL, '<p>If I’m playing this game sober then something is wrong.</p><p>Cheap alcohol, and I mean cheeaaaaap. Like plastic bottle 5$ vodka at room temperature.&nbsp;</p><p>I don’t eat when in front of the computer, makes you fat.</p>', NULL, 0, 1655791289),
(15, 3, 9, NULL, '<p>Mugs of coffee and cubes of cheese.</p>', NULL, 0, 1655791331),
(16, 995, 10, NULL, '<p>What are the different types of social media?</p><div><br></div>', NULL, 0, 1656101542),
(17, 1016, 10, 16, '<p>The four main categories of social platforms are these:</p><p><br></p><p>Social networks. People use these networks to connect with one another and share information, thoughts and ideas. The focus of these networks is usually on the user. User profiles help participants identify other users with common interests or concerns. Facebook and LinkedIn are good examples.</p><p><br></p><p>Media-sharing networks. These networks focus is on content. For example, on YouTube, interaction is around videos that users create. Other media-sharing networks are TikTok and Instagram. Streaming platforms like Twitch are considered a subset of this category.</p><p><br></p><p>Community-based networks. The focus of this type of social network is in-depth discussion, much like a blog forum. Users leave prompts for discussion that spiral into detailed comment threads. Communities often form around select topics. Reddit is an example of a community-based network.</p><p><br></p><p>Review board networks. With these networks, the focus is on a review, usually of a product or service. For example, on Yelp, users can write reviews on restaurants and endorse each other\'s reviews to boost visibility.</p>', NULL, 0, 1656101670),
(18, 870, 10, NULL, '<p>What are enterprise social media best practices?</p><div><br></div>', NULL, 0, 1656101717),
(19, 929, 10, 18, '<p>It is important for companies to have a social media strategy and establish social media goals. These help to build trust, educate their target audience and create brand awareness. They also enable real people to find and learn about a business.<br></p>', NULL, 0, 1656101751);

-- --------------------------------------------------------

--
-- Table structure for table `forum_topic_reports`
--

CREATE TABLE `forum_topic_reports` (
  `id` int(10) UNSIGNED NOT NULL,
  `user_id` int(10) UNSIGNED NOT NULL,
  `topic_id` int(10) UNSIGNED DEFAULT NULL,
  `topic_post_id` int(10) UNSIGNED DEFAULT NULL,
  `message` text NOT NULL,
  `created_at` bigint(20) UNSIGNED NOT NULL
) ENGINE=InnoDB DEFAULT CHARSET=utf8mb4 COLLATE=utf8mb4_unicode_ci;

--
-- Dumping data for table `forum_topic_reports`
--

INSERT INTO `forum_topic_reports` (`id`, `user_id`, `topic_id`, `topic_post_id`, `message`, `created_at`) VALUES
(1, 996, NULL, 18, 'This is a spam comment.', 1656323052);

-- --------------------------------------------------------

--
-- Table structure for table `forum_translations`
--

CREATE TABLE `forum_translations` (
  `id` bigint(20) UNSIGNED NOT NULL,
  `forum_id` int(10) UNSIGNED NOT NULL,
  `locale` varchar(255) NOT NULL,
  `title` varchar(255) NOT NULL,
  `description` text DEFAULT NULL
) ENGINE=InnoDB DEFAULT CHARSET=utf8mb4 COLLATE=utf8mb4_unicode_ci;

--
-- Dumping data for table `forum_translations`
--

INSERT INTO `forum_translations` (`id`, `forum_id`, `locale`, `title`, `description`) VALUES
(1, 1, 'en', 'Lifestyle', 'Lifestyle is the interests, opinions, behaviours, and behavioural orientations of an individual, group, or culture. The term was introduced by Austrian psychologist Alfred Adler in his 1929 book, The Case of Miss R., with the meaning of \"a person\'s basic character as established early in childhood\".'),
(2, 2, 'en', 'Beauty & Makeup', 'How to create your natural skincare perfect'),
(3, 3, 'en', 'Food & Beverage', 'A practical forum to take your cooking skills from dull to delicious'),
(4, 4, 'en', 'Travel', 'How You Can Afford a Life of Travel and Adventure!'),
(5, 5, 'en', 'Music', 'Discuss music with The World\'s Top instructors'),
(6, 6, 'en', 'Marketing', 'Marketing is the process of exploring.'),
(7, 7, 'en', 'Digital Marketing', 'Master Digital Marketing Strategy'),
(8, 8, 'en', 'Public Relations', 'Everything you need to know to be successful at PR'),
(9, 9, 'en', 'Advertising', 'Learn the inner workings of a massive digital industry'),
(10, 10, 'en', 'Social Media', 'MASTER online marketing on Twitter, Pinterest, Instagram');

-- --------------------------------------------------------

--
-- Table structure for table `gifts`
--

CREATE TABLE `gifts` (
  `id` int(10) UNSIGNED NOT NULL,
  `user_id` int(10) UNSIGNED NOT NULL,
  `webinar_id` int(10) UNSIGNED DEFAULT NULL,
  `bundle_id` int(10) UNSIGNED DEFAULT NULL,
  `product_id` int(10) UNSIGNED DEFAULT NULL,
  `name` varchar(255) NOT NULL,
  `email` varchar(255) NOT NULL,
  `date` bigint(20) UNSIGNED DEFAULT NULL,
  `description` text DEFAULT NULL,
  `viewed` tinyint(1) NOT NULL DEFAULT 0 COMMENT 'for show modal in recipient user panel',
  `status` enum('active','pending','cancel') DEFAULT 'pending',
  `created_at` bigint(20) UNSIGNED NOT NULL
) ENGINE=InnoDB DEFAULT CHARSET=utf8mb4 COLLATE=utf8mb4_unicode_ci;

-- --------------------------------------------------------

--
-- Table structure for table `groups`
--

CREATE TABLE `groups` (
  `id` int(10) UNSIGNED NOT NULL,
  `creator_id` int(10) UNSIGNED NOT NULL,
  `name` varchar(64) DEFAULT NULL,
  `discount` int(11) DEFAULT NULL,
  `commission` int(11) DEFAULT NULL,
  `status` enum('active','inactive') NOT NULL DEFAULT 'inactive',
  `created_at` int(10) UNSIGNED NOT NULL
) ENGINE=InnoDB DEFAULT CHARSET=utf8mb4 COLLATE=utf8mb4_unicode_ci ROW_FORMAT=DYNAMIC;

--
-- Dumping data for table `groups`
--

INSERT INTO `groups` (`id`, `creator_id`, `name`, `discount`, `commission`, `status`, `created_at`) VALUES
(2, 1, 'Vip Instructors', 20, 10, 'active', 1613379096),
(3, 1, 'Special Students', 10, NULL, 'active', 1614530208);

-- --------------------------------------------------------

--
-- Table structure for table `groups_registration_packages`
--

CREATE TABLE `groups_registration_packages` (
  `id` bigint(20) UNSIGNED NOT NULL,
  `group_id` int(10) UNSIGNED NOT NULL,
  `instructors_count` int(11) DEFAULT NULL,
  `students_count` int(11) DEFAULT NULL,
  `courses_capacity` int(11) DEFAULT NULL,
  `courses_count` int(11) DEFAULT NULL,
  `meeting_count` int(11) DEFAULT NULL,
  `status` enum('disabled','active') NOT NULL,
  `created_at` int(10) UNSIGNED NOT NULL
) ENGINE=InnoDB DEFAULT CHARSET=utf8mb4 COLLATE=utf8mb4_unicode_ci;

-- --------------------------------------------------------

--
-- Table structure for table `group_users`
--

CREATE TABLE `group_users` (
  `id` int(10) UNSIGNED NOT NULL,
  `group_id` int(10) UNSIGNED NOT NULL,
  `user_id` int(10) UNSIGNED NOT NULL,
  `created_at` int(10) UNSIGNED NOT NULL
) ENGINE=InnoDB DEFAULT CHARSET=utf8mb4 COLLATE=utf8mb4_unicode_ci ROW_FORMAT=DYNAMIC;

--
-- Dumping data for table `group_users`
--

INSERT INTO `group_users` (`id`, `group_id`, `user_id`, `created_at`) VALUES
(64, 3, 996, 1625974235),
(65, 2, 3, 1625974258),
(66, 2, 1016, 1625974260);

-- --------------------------------------------------------

--
-- Table structure for table `home_page_statistics`
--

CREATE TABLE `home_page_statistics` (
  `id` int(10) UNSIGNED NOT NULL,
  `icon` varchar(255) NOT NULL,
  `color` varchar(255) NOT NULL,
  `count` int(10) UNSIGNED NOT NULL,
  `order` int(10) UNSIGNED DEFAULT NULL,
  `created_at` bigint(20) UNSIGNED NOT NULL
) ENGINE=InnoDB DEFAULT CHARSET=utf8mb4 COLLATE=utf8mb4_unicode_ci;

--
-- Dumping data for table `home_page_statistics`
--

INSERT INTO `home_page_statistics` (`id`, `icon`, `color`, `count`, `order`, `created_at`) VALUES
(2, '/store/1/default_images/trend_categories_icons/chess.png', '#c95d63', 20, 1, 1675870234),
(3, '/store/1/default_images/trend_categories_icons/palette.png', '#496ddb', 12, 4, 1675870276),
(4, '/store/1/default_images/trend_categories_icons/connection.png', '#717ec3', 16, 3, 1675870320),
(5, '/store/1/default_images/trend_categories_icons/family.png', '#ae8799', 78, 2, 1675870418);

-- --------------------------------------------------------

--
-- Table structure for table `home_page_statistic_translations`
--

CREATE TABLE `home_page_statistic_translations` (
  `id` int(10) UNSIGNED NOT NULL,
  `home_page_statistic_id` int(10) UNSIGNED NOT NULL,
  `locale` varchar(255) NOT NULL,
  `title` varchar(255) NOT NULL,
  `description` text NOT NULL
) ENGINE=InnoDB DEFAULT CHARSET=utf8mb4 COLLATE=utf8mb4_unicode_ci;

--
-- Dumping data for table `home_page_statistic_translations`
--

INSERT INTO `home_page_statistic_translations` (`id`, `home_page_statistic_id`, `locale`, `title`, `description`) VALUES
(2, 2, 'en', 'Skillful Instructors', 'Start learning from experienced instructors.'),
(3, 3, 'en', 'Video Courses', 'Learn without any geographical & time limitations.'),
(4, 4, 'en', 'Live Classes', 'Improve your skills using live knowledge flow.'),
(5, 5, 'en', 'Happy Students', 'are available to help you by their knowledge'),
(6, 4, 'fa', 'عنوان یب سیبسی ب', 'بل بلابل سل سبس بسیب');

-- --------------------------------------------------------

--
-- Table structure for table `home_sections`
--

CREATE TABLE `home_sections` (
  `id` int(10) UNSIGNED NOT NULL,
  `name` enum('featured_classes','latest_bundles','latest_classes','best_rates','trend_categories','full_advertising_banner','best_sellers','discount_classes','free_classes','store_products','testimonials','subscribes','find_instructors','reward_program','become_instructor','forum_section','video_or_image_section','instructors','half_advertising_banner','organizations','blog','upcoming_courses') NOT NULL,
  `order` int(10) UNSIGNED NOT NULL
) ENGINE=InnoDB DEFAULT CHARSET=utf8mb4 COLLATE=utf8mb4_unicode_ci;

--
-- Dumping data for table `home_sections`
--

INSERT INTO `home_sections` (`id`, `name`, `order`) VALUES
(2, 'featured_classes', 1),
(6, 'free_classes', 3),
(7, 'trend_categories', 2),
(8, 'full_advertising_banner', 4),
(17, 'video_or_image_section', 5),
(19, 'half_advertising_banner', 6);

-- --------------------------------------------------------

--
-- Table structure for table `installments`
--

CREATE TABLE `installments` (
  `id` int(10) UNSIGNED NOT NULL,
  `target_type` enum('all','courses','store_products','bundles','meetings','registration_packages','subscription_packages') NOT NULL,
  `target` varchar(255) DEFAULT NULL,
  `capacity` int(10) UNSIGNED DEFAULT NULL,
  `start_date` bigint(20) UNSIGNED DEFAULT NULL,
  `end_date` bigint(20) UNSIGNED DEFAULT NULL,
  `verification` tinyint(1) NOT NULL DEFAULT 0,
  `request_uploads` tinyint(1) NOT NULL DEFAULT 0,
  `bypass_verification_for_verified_users` tinyint(1) NOT NULL DEFAULT 0,
  `upfront` double(15,2) DEFAULT NULL,
  `upfront_type` enum('fixed_amount','percent') DEFAULT NULL,
  `enable` tinyint(1) NOT NULL DEFAULT 0,
  `created_at` bigint(20) UNSIGNED NOT NULL
) ENGINE=InnoDB DEFAULT CHARSET=utf8mb4 COLLATE=utf8mb4_unicode_ci;

--
-- Dumping data for table `installments`
--

INSERT INTO `installments` (`id`, `target_type`, `target`, `capacity`, `start_date`, `end_date`, `verification`, `request_uploads`, `bypass_verification_for_verified_users`, `upfront`, `upfront_type`, `enable`, `created_at`) VALUES
(1, 'courses', 'specific_courses', 10, 1672549200, NULL, 1, 1, 0, 30.00, 'percent', 1, 1678904056);

-- --------------------------------------------------------

--
-- Table structure for table `installment_orders`
--

CREATE TABLE `installment_orders` (
  `id` int(10) UNSIGNED NOT NULL,
  `installment_id` int(10) UNSIGNED NOT NULL,
  `user_id` int(10) UNSIGNED NOT NULL,
  `webinar_id` int(10) UNSIGNED DEFAULT NULL,
  `product_id` int(10) UNSIGNED DEFAULT NULL,
  `bundle_id` int(10) UNSIGNED DEFAULT NULL,
  `subscribe_id` int(10) UNSIGNED DEFAULT NULL,
  `registration_package_id` int(10) UNSIGNED DEFAULT NULL,
  `product_order_id` int(10) UNSIGNED DEFAULT NULL,
  `item_price` double(15,2) NOT NULL DEFAULT 0.00,
  `status` enum('paying','open','rejected','pending_verification','canceled','refunded') NOT NULL DEFAULT 'paying',
  `created_at` bigint(20) UNSIGNED NOT NULL,
  `refund_at` bigint(20) UNSIGNED DEFAULT NULL
) ENGINE=InnoDB DEFAULT CHARSET=utf8mb4 COLLATE=utf8mb4_unicode_ci;

-- --------------------------------------------------------

--
-- Table structure for table `installment_order_attachments`
--

CREATE TABLE `installment_order_attachments` (
  `id` int(10) UNSIGNED NOT NULL,
  `installment_order_id` int(10) UNSIGNED NOT NULL,
  `title` varchar(255) NOT NULL,
  `file` varchar(255) NOT NULL
) ENGINE=InnoDB DEFAULT CHARSET=utf8mb4 COLLATE=utf8mb4_unicode_ci;

-- --------------------------------------------------------

--
-- Table structure for table `installment_order_payments`
--

CREATE TABLE `installment_order_payments` (
  `id` int(10) UNSIGNED NOT NULL,
  `installment_order_id` int(10) UNSIGNED NOT NULL,
  `sale_id` int(10) UNSIGNED DEFAULT NULL,
  `type` enum('upfront','step') NOT NULL,
  `step_id` int(10) UNSIGNED DEFAULT NULL,
  `amount` double(15,2) NOT NULL,
  `status` enum('paying','paid','canceled','refunded') NOT NULL DEFAULT 'paying',
  `created_at` bigint(20) UNSIGNED NOT NULL
) ENGINE=InnoDB DEFAULT CHARSET=utf8mb4 COLLATE=utf8mb4_unicode_ci;

-- --------------------------------------------------------

--
-- Table structure for table `installment_reminders`
--

CREATE TABLE `installment_reminders` (
  `id` int(10) UNSIGNED NOT NULL,
  `user_id` int(10) UNSIGNED NOT NULL,
  `installment_order_id` int(10) UNSIGNED NOT NULL,
  `installment_step_id` int(10) UNSIGNED NOT NULL,
  `type` enum('before_due','due','after_due') NOT NULL,
  `created_at` bigint(20) UNSIGNED NOT NULL
) ENGINE=InnoDB DEFAULT CHARSET=utf8mb4 COLLATE=utf8mb4_unicode_ci;

-- --------------------------------------------------------

--
-- Table structure for table `installment_specification_items`
--

CREATE TABLE `installment_specification_items` (
  `id` int(10) UNSIGNED NOT NULL,
  `installment_id` int(10) UNSIGNED NOT NULL,
  `category_id` int(10) UNSIGNED DEFAULT NULL,
  `instructor_id` int(10) UNSIGNED DEFAULT NULL,
  `seller_id` int(10) UNSIGNED DEFAULT NULL,
  `webinar_id` int(10) UNSIGNED DEFAULT NULL,
  `product_id` int(10) UNSIGNED DEFAULT NULL,
  `bundle_id` int(10) UNSIGNED DEFAULT NULL,
  `subscribe_id` int(10) UNSIGNED DEFAULT NULL,
  `registration_package_id` int(10) UNSIGNED DEFAULT NULL
) ENGINE=InnoDB DEFAULT CHARSET=utf8mb4 COLLATE=utf8mb4_unicode_ci;

-- --------------------------------------------------------

--
-- Table structure for table `installment_steps`
--

CREATE TABLE `installment_steps` (
  `id` int(10) UNSIGNED NOT NULL,
  `installment_id` int(10) UNSIGNED NOT NULL,
  `deadline` int(10) UNSIGNED DEFAULT NULL,
  `amount` double(15,2) DEFAULT NULL,
  `amount_type` enum('fixed_amount','percent') DEFAULT NULL,
  `order` int(10) UNSIGNED DEFAULT NULL
) ENGINE=InnoDB DEFAULT CHARSET=utf8mb4 COLLATE=utf8mb4_unicode_ci;

--
-- Dumping data for table `installment_steps`
--

INSERT INTO `installment_steps` (`id`, `installment_id`, `deadline`, `amount`, `amount_type`, `order`) VALUES
(1, 1, 90, 20.00, 'percent', 0),
(2, 1, 180, 30.00, 'percent', 1),
(3, 1, 270, 30.00, 'percent', 2);

-- --------------------------------------------------------

--
-- Table structure for table `installment_step_translations`
--

CREATE TABLE `installment_step_translations` (
  `id` int(10) UNSIGNED NOT NULL,
  `installment_step_id` int(10) UNSIGNED NOT NULL,
  `locale` varchar(255) NOT NULL,
  `title` varchar(255) NOT NULL
) ENGINE=InnoDB DEFAULT CHARSET=utf8mb4 COLLATE=utf8mb4_unicode_ci;

--
-- Dumping data for table `installment_step_translations`
--

INSERT INTO `installment_step_translations` (`id`, `installment_step_id`, `locale`, `title`) VALUES
(1, 1, 'en', 'First Installment'),
(2, 2, 'en', 'Second Installment'),
(3, 3, 'en', 'Third Installment');

-- --------------------------------------------------------

--
-- Table structure for table `installment_translations`
--

CREATE TABLE `installment_translations` (
  `id` int(10) UNSIGNED NOT NULL,
  `installment_id` int(10) UNSIGNED NOT NULL,
  `locale` varchar(255) NOT NULL,
  `title` varchar(255) NOT NULL,
  `main_title` varchar(255) NOT NULL,
  `description` text NOT NULL,
  `banner` varchar(255) DEFAULT NULL,
  `options` text DEFAULT NULL,
  `verification_description` text DEFAULT NULL,
  `verification_banner` varchar(255) DEFAULT NULL,
  `verification_video` varchar(255) DEFAULT NULL
) ENGINE=InnoDB DEFAULT CHARSET=utf8mb4 COLLATE=utf8mb4_unicode_ci;

--
-- Dumping data for table `installment_translations`
--

INSERT INTO `installment_translations` (`id`, `installment_id`, `locale`, `title`, `main_title`, `description`, `banner`, `options`, `verification_description`, `verification_banner`, `verification_video`) VALUES
(1, 1, 'en', 'Christmas installment plan', 'Installment payment On Christmas', 'Buy your courses in installments.', '/store/1/default_images/Installments/installment_banner.png', 'Instant access to course files88889 months payment duration8888No price difference with cash payments8888Get points after finalizing installments', '<p>To use this installment plan, you should attach a picture of your ID card and your 3-month bank account statement.</p><p>We will try to review your request as soon as possible.</p>', '/store/1/default_images/Installments/verification_image.png', NULL);

-- --------------------------------------------------------

--
-- Table structure for table `installment_user_groups`
--

CREATE TABLE `installment_user_groups` (
  `id` int(10) UNSIGNED NOT NULL,
  `installment_id` int(10) UNSIGNED NOT NULL,
  `group_id` int(10) UNSIGNED DEFAULT NULL
) ENGINE=InnoDB DEFAULT CHARSET=utf8mb4 COLLATE=utf8mb4_unicode_ci;

-- --------------------------------------------------------

--
-- Table structure for table `jazzcash_transactions`
--

CREATE TABLE `jazzcash_transactions` (
  `id` bigint(20) UNSIGNED NOT NULL,
  `txn_ref_no` varchar(255) NOT NULL,
  `order` longtext CHARACTER SET utf8mb4 COLLATE utf8mb4_bin NOT NULL COMMENT 'Order data fields and values',
  `request` longtext CHARACTER SET utf8mb4 COLLATE utf8mb4_bin NOT NULL COMMENT 'Jazzcash request data fields and values',
  `response` longtext CHARACTER SET utf8mb4 COLLATE utf8mb4_bin DEFAULT NULL COMMENT 'Jazzcash response data fields and values',
  `status` enum('pending','error','completed') NOT NULL DEFAULT 'pending',
  `created_at` timestamp NULL DEFAULT NULL,
  `updated_at` timestamp NULL DEFAULT NULL
) ENGINE=InnoDB DEFAULT CHARSET=utf8mb4 COLLATE=utf8mb4_unicode_ci;

-- --------------------------------------------------------

--
-- Table structure for table `meetings`
--

CREATE TABLE `meetings` (
  `id` int(10) UNSIGNED NOT NULL,
  `creator_id` int(10) UNSIGNED NOT NULL,
  `amount` double(15,2) UNSIGNED DEFAULT NULL,
  `discount` int(11) DEFAULT NULL,
  `in_person` tinyint(1) NOT NULL DEFAULT 0,
  `in_person_amount` double(15,2) DEFAULT NULL,
  `group_meeting` tinyint(1) NOT NULL DEFAULT 0,
  `online_group_min_student` int(11) DEFAULT NULL,
  `online_group_max_student` int(11) DEFAULT NULL,
  `online_group_amount` double(15,2) DEFAULT NULL,
  `in_person_group_min_student` int(11) DEFAULT NULL,
  `in_person_group_max_student` int(11) DEFAULT NULL,
  `in_person_group_amount` double(15,2) DEFAULT NULL,
  `disabled` tinyint(1) DEFAULT 0,
  `created_at` int(11) NOT NULL
) ENGINE=InnoDB DEFAULT CHARSET=utf8mb4 COLLATE=utf8mb4_unicode_ci ROW_FORMAT=DYNAMIC;

--
-- Dumping data for table `meetings`
--

INSERT INTO `meetings` (`id`, `creator_id`, `amount`, `discount`, `in_person`, `in_person_amount`, `group_meeting`, `online_group_min_student`, `online_group_max_student`, `online_group_amount`, `in_person_group_min_student`, `in_person_group_max_student`, `in_person_group_amount`, `disabled`, `created_at`) VALUES
(29, 923, 100.00, 10, 1, 200.00, 0, NULL, NULL, NULL, NULL, NULL, NULL, 0, 1625916131),
(30, 1015, 100.00, NULL, 1, 250.00, 1, 20, 200, 50.00, 5, 30, 150.00, 0, 1625938321),
(31, 934, 100.00, NULL, 0, NULL, 0, NULL, NULL, NULL, NULL, NULL, NULL, 0, 1625939199),
(32, 929, 200.00, NULL, 1, 500.00, 0, NULL, NULL, NULL, NULL, NULL, NULL, 0, 1625939298),
(33, 870, 100.00, NULL, 1, 200.00, 1, 20, 100, 80.00, 5, 30, 150.00, 0, 1625939436),
(34, 3, 50.00, NULL, 0, NULL, 0, NULL, NULL, NULL, NULL, NULL, NULL, 1, 1625939607),
(35, 1016, 60.00, NULL, 0, NULL, 0, NULL, NULL, NULL, NULL, NULL, NULL, 0, 1625941278),
(36, 859, NULL, NULL, 0, NULL, 0, NULL, NULL, NULL, NULL, NULL, NULL, 0, 1683879785);

-- --------------------------------------------------------

--
-- Table structure for table `meeting_times`
--

CREATE TABLE `meeting_times` (
  `id` int(10) UNSIGNED NOT NULL,
  `meeting_id` int(10) UNSIGNED NOT NULL,
  `meeting_type` enum('all','in_person','online') NOT NULL DEFAULT 'all',
  `day_label` enum('saturday','sunday','monday','tuesday','wednesday','thursday','friday') NOT NULL,
  `time` varchar(64) NOT NULL,
  `description` text DEFAULT NULL,
  `created_at` int(11) NOT NULL
) ENGINE=InnoDB DEFAULT CHARSET=utf8mb4 COLLATE=utf8mb4_unicode_ci ROW_FORMAT=DYNAMIC;

--
-- Dumping data for table `meeting_times`
--

INSERT INTO `meeting_times` (`id`, `meeting_id`, `meeting_type`, `day_label`, `time`, `description`, `created_at`) VALUES
(84, 29, 'all', 'monday', '09:00AM-10:00AM', NULL, 1625916149),
(85, 29, 'all', 'wednesday', '08:30AM-10:00AM', NULL, 1625916235),
(86, 29, 'all', 'thursday', '06:30PM-07:30PM', NULL, 1625916372),
(87, 29, 'all', 'monday', '07:00PM-09:00PM', NULL, 1625916397),
(88, 29, 'all', 'thursday', '09:30PM-10:30PM', NULL, 1625916437),
(89, 29, 'all', 'wednesday', '10:15AM-11:45AM', NULL, 1625916467),
(90, 29, 'all', 'wednesday', '07:30PM-09:00PM', NULL, 1625916508),
(91, 29, 'all', 'tuesday', '09:00PM-10:00PM', NULL, 1625916577),
(92, 29, 'all', 'friday', '08:30PM-10:00PM', NULL, 1625916611),
(93, 30, 'all', 'saturday', '10:00AM-11:30AM', NULL, 1625938350),
(94, 30, 'all', 'sunday', '05:00PM-06:00PM', NULL, 1625938383),
(95, 30, 'all', 'sunday', '06:30PM-07:30PM', NULL, 1625938416),
(96, 30, 'all', 'monday', '09:45AM-10:15AM', NULL, 1625938436),
(97, 30, 'all', 'monday', '11:00AM-11:45AM', NULL, 1625938462),
(98, 30, 'all', 'monday', '06:00PM-07:30PM', NULL, 1625938497),
(99, 30, 'all', 'tuesday', '08:30AM-09:30AM', NULL, 1625938517),
(100, 30, 'all', 'wednesday', '10:30AM-11:30AM', NULL, 1625938585),
(101, 30, 'all', 'thursday', '04:50PM-05:50PM', NULL, 1625938619),
(102, 30, 'all', 'wednesday', '06:00PM-07:30PM', NULL, 1625938647),
(103, 30, 'all', 'wednesday', '08:30PM-09:45PM', NULL, 1625938681),
(104, 30, 'all', 'wednesday', '10:00PM-10:30PM', NULL, 1625938700),
(105, 30, 'all', 'thursday', '06:00PM-08:00PM', NULL, 1625938755),
(106, 30, 'all', 'friday', '10:15AM-11:45AM', NULL, 1625938776),
(107, 32, 'all', 'wednesday', '09:00AM-11:30AM', NULL, 1625939319),
(108, 32, 'all', 'monday', '09:00AM-10:30AM', NULL, 1625939339),
(109, 32, 'all', 'monday', '10:45AM-11:45AM', NULL, 1625939358),
(110, 32, 'all', 'tuesday', '06:00PM-07:30PM', NULL, 1625939384),
(111, 33, 'all', 'monday', '08:00AM-09:30AM', NULL, 1625939462),
(112, 33, 'all', 'thursday', '08:30AM-09:30AM', NULL, 1625939477),
(113, 33, 'all', 'tuesday', '10:30AM-11:30AM', NULL, 1625939493),
(114, 33, 'all', 'wednesday', '08:00AM-09:00AM', NULL, 1625939508),
(115, 33, 'all', 'thursday', '09:30AM-10:30AM', NULL, 1625939527),
(116, 33, 'all', 'monday', '10:30AM-11:30AM', NULL, 1625939551),
(117, 34, 'all', 'monday', '09:30AM-10:30AM', NULL, 1625939631),
(118, 34, 'all', 'tuesday', '09:30AM-10:30AM', NULL, 1625939646),
(119, 34, 'all', 'monday', '10:45AM-11:45AM', NULL, 1625939660),
(120, 34, 'all', 'wednesday', '08:00AM-10:00AM', NULL, 1625939678),
(121, 34, 'all', 'wednesday', '10:30AM-11:30AM', NULL, 1625939700),
(122, 34, 'all', 'wednesday', '05:00PM-06:30PM', NULL, 1625939744),
(123, 34, 'all', 'thursday', '08:00PM-09:30PM', NULL, 1625939763),
(124, 35, 'all', 'monday', '09:30AM-10:30AM', NULL, 1625941315),
(125, 35, 'all', 'monday', '11:00AM-11:45AM', NULL, 1625941331),
(126, 35, 'all', 'tuesday', '08:00AM-09:30AM', NULL, 1625941347),
(127, 35, 'all', 'wednesday', '08:00AM-09:30AM', NULL, 1625941388),
(128, 35, 'all', 'wednesday', '10:00AM-11:30AM', NULL, 1625941418),
(129, 35, 'all', 'monday', '05:00PM-06:30PM', NULL, 1625941460),
(130, 35, 'all', 'wednesday', '08:00PM-09:30PM', NULL, 1625941475),
(131, 35, 'all', 'thursday', '08:00AM-09:00AM', NULL, 1625941557),
(132, 35, 'all', 'thursday', '09:30AM-10:30AM', NULL, 1625941580),
(133, 35, 'all', 'thursday', '10:45AM-11:45AM', NULL, 1625941611),
(134, 35, 'all', 'monday', '07:30PM-08:30PM', NULL, 1625941640),
(135, 35, 'all', 'thursday', '10:00PM-11:00PM', NULL, 1625941668),
(136, 35, 'all', 'monday', '09:00PM-10:00PM', NULL, 1625941731),
(137, 35, 'all', 'monday', '10:15PM-11:00PM', NULL, 1625941832),
(138, 35, 'all', 'friday', '09:00AM-10:00AM', NULL, 1625941864),
(139, 35, 'all', 'friday', '10:30AM-11:30AM', NULL, 1625941879),
(140, 31, 'all', 'monday', '08:40AM-09:40AM', NULL, 1625942014),
(141, 31, 'all', 'monday', '10:00AM-11:30AM', NULL, 1625942028),
(142, 31, 'all', 'monday', '05:00PM-06:30PM', NULL, 1625942048),
(143, 31, 'all', 'monday', '06:45PM-07:45PM', NULL, 1625942079),
(144, 31, 'all', 'monday', '08:00PM-09:30PM', NULL, 1625942101),
(145, 31, 'all', 'monday', '10:00PM-10:30PM', NULL, 1625942137),
(146, 31, 'all', 'tuesday', '08:30AM-09:30AM', NULL, 1625942159),
(147, 31, 'all', 'tuesday', '10:00AM-11:00AM', NULL, 1625942173),
(148, 31, 'all', 'tuesday', '06:00PM-07:00PM', NULL, 1625942191),
(149, 31, 'all', 'saturday', '09:30AM-10:30AM', NULL, 1625942210),
(150, 31, 'all', 'sunday', '08:30AM-09:30AM', NULL, 1625942229),
(151, 31, 'all', 'sunday', '09:45AM-10:00AM', NULL, 1625942247),
(152, 31, 'all', 'sunday', '10:30AM-11:45AM', NULL, 1625942266),
(153, 31, 'all', 'saturday', '10:45AM-11:45AM', NULL, 1625942311),
(154, 31, 'all', 'sunday', '05:00PM-06:30PM', NULL, 1625942351),
(155, 31, 'all', 'wednesday', '08:15AM-09:15AM', NULL, 1625942379),
(156, 31, 'all', 'wednesday', '09:30AM-10:30AM', NULL, 1625942395),
(157, 31, 'all', 'wednesday', '10:45AM-11:45AM', NULL, 1625942414),
(158, 31, 'all', 'thursday', '07:30AM-08:30AM', NULL, 1625942446),
(159, 31, 'all', 'thursday', '08:45AM-09:45AM', NULL, 1625942461),
(160, 31, 'all', 'thursday', '10:00AM-11:00AM', NULL, 1625942474),
(161, 31, 'all', 'thursday', '05:30PM-07:00PM', NULL, 1625942499),
(162, 31, 'all', 'friday', '09:00AM-10:00AM', NULL, 1625942521),
(163, 31, 'all', 'friday', '10:30AM-11:30AM', NULL, 1625942564),
(164, 31, 'all', 'tuesday', '08:00PM-09:00PM', NULL, 1625942840),
(165, 31, 'all', 'saturday', '06:00PM-07:00PM', NULL, 1625943005),
(166, 29, 'in_person', 'saturday', '09:30AM-10:30AM', 'Business Management Workshop.', 1646352042),
(167, 32, 'in_person', 'saturday', '06:30PM-08:30PM', 'School Management Workshop', 1646352258),
(168, 30, 'in_person', 'sunday', '10:00AM-11:30AM', 'School Management Workshop.', 1646352499),
(169, 30, 'in_person', 'tuesday', '10:30AM-11:30AM', 'Risk Management Workshop.', 1646352560),
(170, 30, 'online', 'friday', '04:30PM-05:30PM', NULL, 1646352585),
(171, 30, 'online', 'friday', '06:00PM-07:30PM', 'Risk Management Workshop.', 1646352619),
(172, 30, 'in_person', 'friday', '08:00PM-09:30PM', 'Risk Management Workshop.', 1646352638),
(173, 30, 'in_person', 'saturday', '12:15PM-01:45PM', 'Risk Management Workshop.', 1646352676);

-- --------------------------------------------------------

--
-- Table structure for table `migrations`
--

CREATE TABLE `migrations` (
  `id` int(10) UNSIGNED NOT NULL,
  `migration` varchar(255) NOT NULL,
  `batch` int(11) NOT NULL
) ENGINE=InnoDB DEFAULT CHARSET=utf8mb4 COLLATE=utf8mb4_unicode_ci;

--
-- Dumping data for table `migrations`
--

INSERT INTO `migrations` (`id`, `migration`, `batch`) VALUES
(1, '2014_10_12_000000_create_users_table', 1),
(2, '2014_10_12_100000_create_password_resets_table', 1),
(3, '2020_08_09_145553_create_roles_table', 1),
(4, '2020_08_09_145834_create_sections_table', 1),
(5, '2020_08_09_145926_create_permissions_table', 1),
(6, '2020_08_24_163003_create_webinars_table', 1),
(7, '2020_08_24_164823_create_webinar_partner_teacher_table', 1),
(8, '2020_08_24_165658_create_tags_table', 1),
(9, '2020_08_24_165835_create_webinar_tag_table', 1),
(10, '2020_08_24_171611_create_categories_table', 1),
(11, '2020_08_29_052437_create_filters_table', 1),
(12, '2020_08_29_052900_create_filter_options_table', 1),
(13, '2020_08_29_054455_add_category_id_in_webinar_table', 1),
(14, '2020_09_01_174741_add_seo_description_and_start_end_time_in_webinar_table', 1),
(15, '2020_09_02_180508_create_webinar_filter_option_table', 1),
(16, '2020_09_02_193923_create_tickets_table', 1),
(17, '2020_09_02_210447_create_sessions_table', 1),
(18, '2020_09_02_212642_create_files_table', 1),
(19, '2020_09_03_175543_create_faqs_table', 1),
(20, '2020_09_08_175539_delete_webinar_tag_and_update_tag_table', 1),
(21, '2020_09_09_154522_create_quizzes_table', 1),
(22, '2020_09_09_174646_create_quizzes_questions_table', 1),
(23, '2020_09_09_182726_create_quizzes_questions_answers_table', 1),
(24, '2020_09_14_160028_create_prerequisites_table', 1),
(25, '2020_09_14_183235_nullable_item_id_in_quizzes_table', 1),
(26, '2020_09_14_190110_create_webinar_quizzes_table', 1),
(27, '2020_09_16_163835_create_quizzes_results_table', 1),
(28, '2020_09_24_102115_add_total_mark_in_quize_table', 1),
(29, '2020_09_24_132242_create_comment_table', 1),
(30, '2020_09_24_132639_create_favorites_table', 1),
(31, '2020_09_26_181200_create_certificate_table', 1),
(32, '2020_09_26_181444_create_certificates_templates_table', 1),
(33, '2020_09_30_170451_add_slug_in_webinars_table', 1),
(34, '2020_09_30_191202_create_purchases_table', 1),
(35, '2020_10_02_063828_create_rating_table', 1),
(36, '2020_10_02_094723_edit_table_and_add_foreign_key', 1),
(37, '2020_10_08_055408_add_reviwes_table', 1),
(38, '2020_10_08_084100_edit_status_comments_table', 1),
(39, '2020_10_08_121041_create_meetings_table', 2),
(40, '2020_10_08_121621_create_meeting_times_table', 2),
(41, '2020_10_08_121848_create_meeting_requests_table', 2),
(42, '2020_10_15_172913_add_about_and_head_line_in_users_table', 2),
(43, '2020_10_15_173645_create_follow_table', 2),
(46, '2020_10_17_100606_create_badges_table', 3),
(47, '2020_10_08_121848_create_reserve_meetings_table', 4),
(48, '2020_10_20_193013_update_users_table', 5),
(50, '2020_10_18_220323_convert_creatore_user_id_to_creator_id', 7),
(51, '2020_10_22_153502_create_cart_table', 7),
(52, '2020_10_22_154636_create_orders_table', 7),
(53, '2020_10_22_155930_create_order_items_table', 7),
(54, '2020_10_23_204203_create_sales_table', 7),
(55, '2020_10_23_211459_create_accounting_table', 7),
(56, '2020_10_23_213515_create_discounts_table', 7),
(57, '2020_10_23_213934_create_discount_users_table', 7),
(58, '2020_10_23_235444_create_ticket_users_table', 7),
(59, '2020_10_25_172331_create_groups_table', 7),
(60, '2020_10_25_172523_create_group_users_table', 7),
(62, '2020_11_02_202754_edit_email_in_users_table', 8),
(63, '2020_11_03_200314_edit_some_tables', 9),
(64, '2020_11_06_193300_create_settings_table', 10),
(67, '2020_11_09_202533_create_feature_webinars_table', 11),
(68, '2020_11_10_193459_edit_webinars_table', 12),
(69, '2020_11_11_203344_create_trend_categories_table', 13),
(72, '2020_11_11_222833_create_blog_categories_table', 14),
(75, '2020_11_11_231204_create_blog_table', 15),
(76, '2020_10_25_223247_add_sub_title_tickets_table', 16),
(77, '2020_10_28_001340_add_count_in_discount_users_table', 16),
(78, '2020_10_28_221509_create_payment_channels_table', 16),
(79, '2020_11_01_120909_change_class_name_enum_payment_channels_table', 16),
(80, '2020_11_07_233948_add_some_raw_in_order_items__table', 16),
(81, '2020_11_10_061350_add_discount_id_in_order_items_table', 16),
(82, '2020_11_10_071651_decimal_orders_order_items_sales_table', 16),
(83, '2020_11_11_193138_change_reference_id_type_in_orders_tabel', 16),
(84, '2020_11_11_222413_change_meeting_id_to_meeting_time_id_in_order_items_table', 16),
(85, '2020_11_11_225421_add_locked_at_and_reserved_at_and_change_request_time_to_day_in_reserve_meetings_table', 17),
(86, '2020_11_12_000116_add_type_in_orders_table', 17),
(87, '2020_11_12_001912_change_meeting_id_to_meeting_time_id_in_accounting_table', 17),
(88, '2020_11_12_133009_decimal_paid_amount_in_reserve_meetings_table', 17),
(91, '2020_11_12_170109_add_blog_id_to_comments_table', 18),
(98, '2020_11_14_201228_add_bio_and_ban_to_users_table', 20),
(99, '2020_11_14_224447_create_users_badges_table', 21),
(100, '2020_11_14_233319_create_payout_request_table', 22),
(101, '2020_11_15_010622_change_byer_id_and_add_seller_id_in_sales_table', 22),
(102, '2020_11_16_195009_create_supports_table', 22),
(103, '2020_11_16_201814_create_support_departments_table', 22),
(107, '2020_11_16_202254_create_supports_table', 23),
(109, '2020_11_17_192744_create_support_conversations_table', 24),
(110, '2020_11_17_072348_create_offline_payments_table', 25),
(111, '2020_11_19_191943_add_replied_status_to_comments_table', 25),
(114, '2020_11_20_215748_create_subscribes_table', 26),
(115, '2020_11_21_185519_create_notification_templates_table', 27),
(116, '2020_11_22_210832_create_promotions_table', 28),
(118, '2020_11_23_194153_add_status_column_to_discounts_table', 29),
(119, '2020_11_23_213532_create_users_occupations_table', 30),
(120, '2020_11_30_220855_change_amount_in_payouts_table', 31),
(121, '2020_11_30_231334_add_pay_date_in_offline_payments_table', 31),
(122, '2020_11_30_233018_add_charge_enum_in_type_in_orders_table', 31),
(123, '2020_12_01_193948_create_testimonials_table', 32),
(124, '2020_12_02_202043_edit_and_add_types_to_webinars_table', 33),
(128, '2020_12_04_204048_add_column_creator_id_to_some_tables', 34),
(129, '2020_12_05_205320_create_text_lessons_table', 35),
(130, '2020_12_05_210052_create_text_lessons_attachments_table', 36),
(131, '2020_12_06_215701_add_order_column_to_webinar_items_tables', 37),
(132, '2020_12_11_114844_add_column_storage_to_files_table', 38),
(133, '2020_12_07_211009_add_subscribe_id_in_order_items_table', 39),
(134, '2020_12_07_211657_nullable_payment_method_in_orders_table', 39),
(135, '2020_12_07_212306_add_subscribe_enum__type_in_orders_table', 39),
(136, '2020_12_07_223237_changes_in_sales_table', 39),
(137, '2020_12_07_224925_add_subscribe_id_in_accounting_table', 39),
(138, '2020_12_07_230200_create_subscribe_uses_table', 39),
(139, '2020_12_11_123209_add_subscribe_type_account_in_accounting_table', 39),
(140, '2020_12_11_132819_add_sale_id_in_subscribe_use_in_subscribe_uses_table', 39),
(141, '2020_12_11_135824_add_subscribe_payment_method_in_sales_table', 39),
(143, '2020_12_13_205751_create_advertising_banners_table', 41),
(145, '2020_12_14_204251_create_become_instructors_table', 42),
(146, '2020_11_12_232207_create_reports_table', 43),
(147, '2020_11_12_232207_create_comments_reports_table', 44),
(148, '2020_12_17_210822_create_webinar_reports_table', 45),
(150, '2020_12_18_181551_create_notifications_table', 46),
(151, '2020_12_18_195833_create_notifications_status_table', 47),
(152, '2020_12_19_195152_add_status_column_to_payment_channels_table', 48),
(154, '2020_12_20_231434_create_contacts_table', 49),
(155, '2020_12_21_210345_edit_quizzes_table', 50),
(156, '2020_12_24_221715_add_column_to_users_table', 50),
(157, '2020_12_24_084728_create_special_offers_table', 51),
(158, '2020_12_25_204545_add_promotion_enum_type_in_orders_table', 51),
(159, '2020_12_25_205139_add_promotion_id_in_order_items_table', 51),
(160, '2020_12_25_205811_add_promotion_id_in_accounting_table', 51),
(161, '2020_12_25_210341_add_promotion_id_in_sales_table', 51),
(162, '2020_12_25_212453_add_promotion_type_account_enum_in_accounting_table', 51),
(163, '2020_12_25_231005_add_promotion_type_enum_in_sales_table', 51),
(166, '2020_12_29_192943_add_column_reply_to_contacts_table', 53),
(167, '2020_12_30_225001_create_payu_transactions_table', 54),
(168, '2021_01_06_202649_edit_column_password_from_users_table', 55),
(169, '2021_01_08_134022_add_api_column_to_sessions_table', 56),
(170, '2021_01_10_215540_add_column_store_type_to_accounting', 57),
(173, '2021_01_13_214145_edit_carts_table', 58),
(174, '2021_01_13_230725_delete_column_type_from_orders_table', 59),
(175, '2021_01_20_214653_add_discount_column_to_reserve_meetings_table', 60),
(177, '2021_01_27_193915_add_foreign_key_to_support_conversations_table', 61),
(178, '2021_02_02_203821_add_viewed_at_column_to_comments_table', 62),
(180, '2021_02_12_134504_add_financial_approval_column_to_users_table', 64),
(181, '2021_02_12_131916_create_verifications_table', 65),
(182, '2021_02_15_221518_add_certificate_to_users_table', 66),
(183, '2021_02_16_194103_add_cloumn_private_to_webinars_table', 66),
(184, '2021_02_18_213601_edit_rates_column_webinar_reviews_table', 67),
(188, '2021_02_27_212131_create_noticeboards_table', 68),
(189, '2021_02_27_213940_create_noticeboards_status_table', 68),
(191, '2021_02_28_195025_edit_groups_table', 69),
(192, '2021_03_06_205221_create_newsletters_table', 70),
(193, '2021_03_12_105526_add_is_main_column_to_roles_table', 71),
(194, '2021_03_12_202441_add_description_column_to_feature_webinars_table', 72),
(195, '2021_03_18_130248_edit_status_column_from_supports_table', 73),
(196, '2021_03_19_113306_add_column_order_to_categories_table', 74),
(197, '2021_03_19_115939_add_column_order_to_filter_options_table', 75),
(199, '2021_03_24_100005_edit_discounts_table', 76),
(200, '2021_03_27_204551_create_sales_status_table', 77),
(202, '2021_03_28_182558_add_column_page_to_settings_table', 78),
(206, '2021_03_31_195835_add_new_status_in_reserve_meetings_table', 79),
(207, '2020_12_12_204705_create_course_learning_table', 80),
(208, '2021_04_19_195452_add_meta_description_column_to_blog_table', 81),
(209, '2021_04_21_200131_add_icon_column_to_categories_table', 82),
(210, '2021_04_21_203746_add_is_popular_column_to_subscribes_table', 83),
(211, '2021_04_25_203955_add_is_charge_account_column_to_order_items', 84),
(212, '2021_04_25_203955_add_is_charge_account_column_to_orders', 85),
(213, '2021_05_13_111720_add_moderator_secret_column_to_sessions_table', 86),
(214, '2021_05_13_123920_add_zoom_id_column_to_sessions_table', 87),
(215, '2021_05_14_182848_create_session_reminds_table', 88),
(217, '2021_05_25_193743_create_users_zoom_api_table', 89),
(218, '2021_05_25_205716_add_new_column_to_sessions_table', 90),
(219, '2021_05_27_095128_add_user_id_to_newsletters_table', 91),
(220, '2020_12_27_192459_create_pages_table', 92),
(221, '2021_07_03_222439_add_special_offer_id_to_cart_table', 93),
(222, '2021_09_02_101422_add_payment_data_to_orders_table', 94),
(223, '2021_09_02_110519_add_sender_id_to_notifications_table', 95),
(224, '2021_09_06_113524_create_webinar_chapters_table', 96),
(228, '2021_09_06_114459_add_chapter_id_to_files_table', 97),
(229, '2021_09_06_114532_add_chapter_id_to_text_lessons_table', 97),
(230, '2021_09_06_114547_add_chapter_id_to_sessions_table', 97),
(231, '2021_09_13_134659_add_chapter_id_to_quizzes_table', 98),
(234, '2021_09_14_122505_create_affiliates_table', 100),
(235, '2021_09_14_122117_create_affiliates_codes_table', 101),
(239, '2021_09_14_142927_add_affiliate_column_to_users_table', 105),
(241, '2021_09_14_142302_add_affiliate_column_to_accounting_table', 106),
(244, '2021_09_18_155914_create_blog_translations_table', 107),
(246, '2021_09_19_190400_create_page_translations_table', 108),
(248, '2021_09_19_203526_create_setting_translations_table', 109),
(250, '2021_09_20_140241_create_advertising_banners_translations_table', 110),
(252, '2021_09_20_175518_create_category_translations_table', 111),
(255, '2021_09_20_184724_create_filter_translations_table', 112),
(256, '2021_09_20_185132_create_filter_option_translations_table', 112),
(258, '2021_09_21_160650_create_subscribe_translations_table', 113),
(260, '2021_09_21_162922_create_promotion_translations_table', 114),
(262, '2021_09_21_164954_create_testimonial_translations_table', 115),
(264, '2021_09_21_182251_create_feature_webinar_translations_table', 116),
(266, '2021_09_21_184239_create_certificate_template_translations_table', 117),
(268, '2021_09_21_195731_create_support_department_translations_table', 118),
(270, '2021_09_21_201512_create_badge_translations_table', 119),
(272, '2021_09_22_120723_create_webinar_translations_table', 120),
(274, '2021_09_22_135518_create_ticket_translations_table', 121),
(276, '2021_09_22_144342_create_webinar_chapter_translations_table', 122),
(278, '2021_09_22_162502_create_session_translations_table', 123),
(280, '2021_09_22_172309_create_file_translations_table', 124),
(282, '2021_09_22_173500_create_faq_translations_table', 125),
(284, '2021_09_23_094903_create_text_lesson_translations_table', 126),
(286, '2021_09_27_194537_create_quiz_translations_table', 127),
(288, '2021_09_28_112529_create_quiz_question_translations_table', 128),
(290, '2021_09_28_122513_create_quizzes_questions_answer_translations_table', 129),
(291, '2021_12_03_103010_add_agora_session_api_to_sessions_table', 130),
(292, '2021_12_03_103558_add_agora_to_sessions_table', 131),
(293, '2021_12_03_114009_create_agora_history_table', 132),
(295, '2021_12_04_183524_create_regions_table', 133),
(298, '2021_12_25_151304_add_new_column_to_meetings_table', 135),
(299, '2021_12_26_142304_add_new_column_to_meeting_times_table', 136),
(302, '2022_01_01_162247_add_new_column_to_reserve_meetings_table', 137),
(305, '2022_01_02_142927_create_rewards_table', 138),
(307, '2022_01_03_153517_create_rewards_accounting_table', 139),
(308, '2022_01_04_161756_add_score_column_to_badges_table', 140),
(309, '2022_01_04_165147_add_points_column_to_webinars_table', 141),
(312, '2022_01_08_154504_edit_storage_column_and_add_new_value_to_files_table', 142),
(313, '2022_01_11_162839_add_timezone_column_to_users_table', 143),
(314, '2022_01_12_142238_add_timezone_column_to_webinars_table', 144),
(315, '2022_01_15_131828_create_registration_packages_table', 145),
(319, '2022_01_15_203133_edit_columns_in_accounting_table', 146),
(320, '2022_01_16_102825_edit_columns_in_order_items_table', 147),
(321, '2022_01_17_152605_add_registration_package_id_to_sales_table', 148),
(322, '2022_01_18_103414_create_users_registration_packages_table', 149),
(323, '2022_01_18_113331_create_groups_registration_packages_table', 150),
(325, '2022_01_20_110119_add_become_instructor_id_column_to_order_items_table', 152),
(326, '2022_01_18_160228_add_column_role_to_become_instructors_table', 153),
(327, '2022_01_26_080434_add_reserve_date_columns_to_reserve_meetings_table', 154),
(328, '2022_01_28_094259_edit_column_in_discounts_table', 155),
(329, '2022_01_28_094515_create_discount_courses_table', 155),
(330, '2022_01_28_094527_create_discount_groups_table', 155),
(331, '2022_01_31_093231_add_column_description_to_meeting_times_table', 156),
(332, '2022_01_31_093306_add_column_description_to_reserve_meetings_table', 156),
(334, '2022_02_01_092922_create_newsletters_history_table', 157),
(335, '2022_02_01_104529_create_discount_categories_table', 158),
(337, '2022_02_02_092820_add_attachment_column_to_offline_payments_table', 159),
(339, '2022_02_02_184235_add_column_video_demo_source_to_webinars_table', 160),
(340, '2021_12_05_193333_add_new_column_to_users_table', 161),
(341, '2022_02_27_072819_add_forign_key_for_region_to_users_table', 162),
(347, '2022_03_05_123830_create_product_categories_table', 163),
(348, '2022_03_05_125138_create_product_filters_table', 163),
(350, '2022_03_06_091528_create_product_filter_options_table', 163),
(351, '2022_03_07_081257_create_product_specifications_table', 164),
(353, '2022_03_07_081808_create_product_specification_categories_table', 165),
(357, '2022_03_05_125434_create_products_table', 166),
(358, '2022_03_07_093128_create_product_discounts_table', 166),
(362, '2022_03_08_101832_create_product_media_table', 167),
(363, '2022_03_09_054031_create_product_selected_filter_options_table', 168),
(364, '2022_03_09_083337_create_product_specification_meta_table', 169),
(369, '2022_03_09_084108_create_product_selected_specifications_table', 170),
(370, '2022_03_09_140558_create_product_faqs_table', 171),
(374, '2022_03_11_180436_create_product_reviews_table', 174),
(375, '2022_03_11_182715_add_product_id_to_comments_reports_table', 175),
(376, '2022_03_08_094452_create_product_files_table', 176),
(377, '2022_03_11_180746_add_product_id_to_comments_table', 177),
(378, '2022_03_12_102233_add_new_position_to_advertising_banners_table', 178),
(383, '2022_03_13_072108_add_product_id_to_sales_table', 179),
(385, '2022_03_13_081212_create_product_orders_table', 180),
(386, '2022_03_19_171559_create_product_selected_specification_translations_table', 181),
(387, '2022_03_21_161055_add_create_store_column_to_users_table', 182),
(388, '2022_03_26_065509_add_new_type_to_rewards_table', 183),
(389, '2022_03_28_051949_add_product_count_column_to_registration_packages_table', 184),
(391, '2022_03_28_054322_add_product_type_column_to_discounts_table', 185),
(392, '2022_03_28_062248_edit_type_column_of_rewards_accounting_table', 186),
(393, '2022_03_28_083906_edit_type_column_to_badges_table', 187),
(394, '2022_04_02_051515_create_webinar_chapter_items_table', 188),
(395, '2022_04_02_085059_remove_type_column_from_webinar_chapters_table', 189),
(396, '2022_04_02_131352_add_check_sequence_content_fields_to_contents_tables', 190),
(399, '2022_04_04_075541_add_assignment_type_to_webinar_chapter_items_table', 192),
(400, '2022_04_04_071203_create_webinar_assignments_table', 193),
(401, '2022_04_04_071303_create_webinar_assignment_attachments_table', 193),
(405, '2022_04_05_053308_create_webinar_assignment_history_table', 194),
(406, '2022_04_05_060030_create_webinar_assignment_history_messages_table', 194),
(407, '2022_04_06_121240_add_new_type_passed_assignment_to_rewards_table', 195),
(408, '2022_04_09_064609_add_access_content_column_to_users_table', 196),
(409, '2022_04_10_073822_create_bundles_table', 197),
(410, '2022_04_10_092348_create_bundle_filter_option_table', 198),
(413, '2022_04_10_130733_create_bundle_webinars_table', 200),
(421, '2022_04_10_093457_add_bundle_id_to_needle_tables', 201),
(422, '2022_04_12_153052_add_access_time_to_webinars_table', 202),
(423, '2022_04_13_053947_create_course_noticeboards_table', 203),
(424, '2022_04_13_054536_create_course_noticeboard_status_table', 203),
(425, '2022_04_13_130155_add_column_forum_to_webinars_table', 204),
(427, '2022_04_14_060606_create_course_forums_table', 205),
(428, '2022_04_14_063316_create_course_forum_answers_table', 206),
(447, '2022_04_21_133513_add_new_type_in_rewards_table', 216),
(448, '2022_04_21_135212_add_new_type_in_badges_table', 217),
(449, '2022_04_24_081637_add_new_type_instructor_blog_in_rewards_table', 218),
(450, '2022_04_24_082515_add_new_type_instructor_blog_in_badges_table', 219),
(452, '2022_04_25_043945_create_users_cookie_security_table', 220),
(453, '2022_04_25_143142_add_organization_price__column_to_webinars_table', 221),
(454, '2022_04_25_165256_add_image_and_video_to_quizzes_questions_table', 222),
(456, '2022_04_26_060018_edit_certificates_templates_table', 223),
(458, '2022_04_26_082017_edit_certificates_table', 224),
(459, '2022_04_26_155421_create_subscribe_reminds_table', 225),
(460, '2022_04_26_163428_add_instructor_id_to_noticeboards_table', 226),
(461, '2022_04_27_133655_add_unlimited_download_to_subscribes_table', 227),
(462, '2022_04_27_133655_add_infinite_use_to_subscribes_table', 228),
(463, '2022_04_27_140844_add_extra_time_to_join_to_sessions_table', 229),
(464, '2022_04_28_052318_create_webinar_extra_description_table', 230),
(466, '2022_05_09_125820_create_navbar_buttons_table', 232),
(467, '2021_06_07_000000_create_payku_transactions_table', 233),
(468, '2021_06_07_000001_create_payku_payments_table', 233),
(469, '2021_11_30_122831_create_jazzcash_transactions_table', 233),
(470, '2021_12_15_000000_add_new_columns_to_tables', 233),
(471, '2022_05_23_081324_create_product_specification_multi_values_table', 234),
(472, '2022_05_23_091527_create_product_selected_specification_multi_values_table', 235),
(475, '2022_05_23_151601_add_product_delivery_fee_column_to_sales_table', 236),
(476, '2022_04_18_103856_create_forums_table', 237),
(477, '2022_04_18_152201_create_forum_topics_table', 237),
(478, '2022_04_18_152845_create_forum_topic_attachments_table', 237),
(479, '2022_04_19_071911_create_forum_topic_posts_table', 237),
(480, '2022_04_19_123745_create_forum_topic_reports_table', 237),
(481, '2022_04_19_135314_create_forum_topic_bookmarks_table', 237),
(482, '2022_04_19_152929_create_forum_topic_likes_table', 237),
(483, '2022_04_20_152756_create_forum_featured_topics_table', 237),
(484, '2022_04_21_054043_create_forum_recommended_topics_table', 237),
(485, '2022_04_21_054815_create_forum_recommended_topic_items_table', 237),
(486, '2022_05_26_085212_change_some_column_varchar_to_text', 238),
(487, '2022_05_27_142612_add_avarat_settings_to_users_table', 239),
(489, '2022_05_01_151107_add_manual_added_column_to_sales_table', 240),
(490, '2022_05_29_162315_create_delete_account_requests_table', 241),
(491, '2020_10_20_211927_create_users_metas_table', 242),
(492, '2022_05_31_133347_add_certificate_column_to_webinars_table', 243),
(494, '2022_05_31_165839_add_online_viewer_column_to_files_table', 244),
(495, '2022_06_08_071712_create_home_sections_table', 245),
(496, '2022_10_14_074434_add_reserve_meeting_id_to_sessions_table', 246),
(497, '2022_12_25_082946_add_logged_count_column_to_users_table', 247),
(498, '2022_12_26_064214_add_new_column_to_quizzes_table', 247),
(499, '2022_12_27_064800_add_column_url_to_categories_table', 247),
(500, '2023_01_02_085731_create_upcoming_courses_table', 248),
(501, '2023_01_09_065436_create_installments_table', 249),
(502, '2023_01_14_144421_create_installment_orders_table', 250),
(503, '2023_01_18_064141_create_floating_bars_table', 251),
(504, '2023_01_18_145605_create_cashback_rules_table', 252),
(505, '2023_01_21_075422_add_column_to_accounting_table', 253),
(506, '2023_01_24_141128_create_currencies_table', 254),
(507, '2023_01_25_090622_add_currency_column_to_users', 254),
(508, '2023_01_25_104531_edit_price_column_tables', 254),
(509, '2023_01_25_145647_add_column_to_payment_channels_table', 254),
(510, '2023_01_29_074044_create_installment_reminders_table', 255),
(511, '2023_02_06_135446_add_new_columns_to_special_offers_table', 256),
(512, '2023_02_07_141617_create_discount_bundles_table', 257),
(513, '2023_02_07_152101_add_new_columns_to_users_zoom_api_table', 258),
(514, '2023_02_08_140023_create_home_page_statistics_table', 259),
(515, '2023_02_11_135759_add_enable_waitlist_column_to_webinars_table', 260),
(516, '2023_02_11_144743_create_waitlists_table', 261),
(518, '2023_02_13_134648_create_offline_banks_table', 262),
(520, '2023_02_14_144003_create_user_banks_table', 263),
(523, '2023_02_15_140227_create_test_table', 264),
(524, '2023_02_15_151458_add_new_storage_to_files_table', 265),
(528, '2023_02_20_141047_create_gifts_table', 266),
(529, '2023_02_27_065823_add_enable_registration_bonus_to_users_table', 267),
(530, '2023_03_05_075231_add_installment_order_id_to_accounting_table', 267),
(531, '2023_03_08_095345_edit_payouts_table', 268),
(532, '2023_03_10_143238_edit_column_in_quizzes_table', 269),
(533, '2023_03_12_110714_edit_column_in_order_items_table', 270),
(534, '2023_03_13_120634_edit_price_column_in_promotions_table', 271),
(535, '2023_03_13_135747_add_price_column_to_installment_orders_table', 271);

-- --------------------------------------------------------

--
-- Table structure for table `navbar_buttons`
--

CREATE TABLE `navbar_buttons` (
  `id` int(10) UNSIGNED NOT NULL,
  `role_id` int(10) UNSIGNED DEFAULT NULL,
  `for_guest` tinyint(1) NOT NULL DEFAULT 0
) ENGINE=InnoDB DEFAULT CHARSET=utf8mb4 COLLATE=utf8mb4_unicode_ci;

--
-- Dumping data for table `navbar_buttons`
--

INSERT INTO `navbar_buttons` (`id`, `role_id`, `for_guest`) VALUES
(1, 1, 0),
(2, 2, 0),
(3, 4, 0),
(4, 3, 0),
(6, NULL, 1);

-- --------------------------------------------------------

--
-- Table structure for table `navbar_button_translations`
--

CREATE TABLE `navbar_button_translations` (
  `id` int(10) UNSIGNED NOT NULL,
  `navbar_button_id` int(10) UNSIGNED NOT NULL,
  `locale` varchar(255) NOT NULL,
  `title` varchar(255) NOT NULL,
  `url` varchar(255) NOT NULL
) ENGINE=InnoDB DEFAULT CHARSET=utf8mb4 COLLATE=utf8mb4_unicode_ci;

--
-- Dumping data for table `navbar_button_translations`
--

INSERT INTO `navbar_button_translations` (`id`, `navbar_button_id`, `locale`, `title`, `url`) VALUES
(1, 1, 'en', 'Become instructor', '/become-instructor'),
(2, 1, 'ar', 'أصبح مدربا', '/become-instructor'),
(3, 1, 'es', 'Convertirse en instructora', '/become-instructor'),
(4, 2, 'en', 'Admin panel', '/admin'),
(5, 3, 'en', 'Create a new course', '/panel/webinars/new'),
(6, 3, 'es', 'Crear un nuevo curso', '/panel/webinars/new'),
(7, 3, 'ar', 'أنشئ دورة جديدة', '/panel/webinars/new'),
(8, 4, 'en', 'Create a new course', '/panel/webinars/new'),
(9, 4, 'es', 'Crear un nuevo curso', '/panel/webinars/new'),
(10, 4, 'ar', 'أنشئ دورة جديدة', '/panel/webinars/new'),
(11, 6, 'en', 'Start learning', '/login'),
(12, 1, 'id', 'Daftar jadi guru', '/become-instructor'),
(13, 3, 'id', 'Buat media belajar baru', '/panel/webinars/new'),
(14, 6, 'id', 'Mulai belajar', '/login'),
(15, 4, 'id', 'Buat media belajar baru', '/panel/webinars/new');

-- --------------------------------------------------------

--
-- Table structure for table `newsletters`
--

CREATE TABLE `newsletters` (
  `id` int(10) UNSIGNED NOT NULL,
  `user_id` int(10) UNSIGNED DEFAULT NULL,
  `email` varchar(255) NOT NULL,
  `created_at` int(10) UNSIGNED NOT NULL
) ENGINE=InnoDB DEFAULT CHARSET=utf8mb4 COLLATE=utf8mb4_unicode_ci;

--
-- Dumping data for table `newsletters`
--

INSERT INTO `newsletters` (`id`, `user_id`, `email`, `created_at`) VALUES
(8, 995, 'cameronschofield@gmail.com', 1625090411),
(9, 1017, 'a.pmelaa@gmail.com', 1646389129),
(10, 996, 'robert2002@gmail.com', 1646414262),
(11, 995, 'student@demo.com', 1681100139),
(12, 1054, 'zstudyid@gmail.com', 1683702911),
(13, 1055, 'alvinrr91@gmail.com', 1683705617);

-- --------------------------------------------------------

--
-- Table structure for table `newsletters_history`
--

CREATE TABLE `newsletters_history` (
  `id` int(10) UNSIGNED NOT NULL,
  `title` varchar(255) NOT NULL,
  `description` longtext NOT NULL,
  `send_method` enum('send_to_all','send_to_bcc','send_to_excel') NOT NULL,
  `bcc_email` varchar(255) DEFAULT NULL,
  `email_count` int(11) DEFAULT NULL,
  `created_at` bigint(20) NOT NULL
) ENGINE=InnoDB DEFAULT CHARSET=utf8mb4 COLLATE=utf8mb4_unicode_ci;

--
-- Dumping data for table `newsletters_history`
--

INSERT INTO `newsletters_history` (`id`, `title`, `description`, `send_method`, `bcc_email`, `email_count`, `created_at`) VALUES
(1, 'Black Friday OFF', '<p>Hello,</p><p>Be sure to check our Black Friday discounts.</p><p>Regards.</p>', 'send_to_all', NULL, 2, 1646389249);

-- --------------------------------------------------------

--
-- Table structure for table `noticeboards`
--

CREATE TABLE `noticeboards` (
  `id` int(10) UNSIGNED NOT NULL,
  `organ_id` int(10) UNSIGNED DEFAULT NULL,
  `instructor_id` int(10) UNSIGNED DEFAULT NULL,
  `webinar_id` int(10) UNSIGNED DEFAULT NULL,
  `user_id` int(10) UNSIGNED DEFAULT NULL,
  `type` enum('all','organizations','students','instructors','students_and_instructors') NOT NULL,
  `sender` varchar(255) DEFAULT NULL,
  `title` varchar(255) NOT NULL,
  `message` text NOT NULL,
  `created_at` int(10) UNSIGNED NOT NULL
) ENGINE=InnoDB DEFAULT CHARSET=utf8mb4 COLLATE=utf8mb4_unicode_ci;

--
-- Dumping data for table `noticeboards`
--

INSERT INTO `noticeboards` (`id`, `organ_id`, `instructor_id`, `webinar_id`, `user_id`, `type`, `sender`, `title`, `message`, `created_at`) VALUES
(10, NULL, NULL, NULL, NULL, 'all', 'Staff', 'Top summer classes', '<p>You can find top summer courses on the platform homepage and get all of them with 50% discount by using \"mysummer\" discount coupon.</p>', 1625921717),
(11, NULL, NULL, NULL, NULL, 'instructors', 'Staff', 'Instructor terms of services changed', '<p>Instructors terms of services changed on July 17. You can read terms on the terms page.</p>', 1625921872),
(12, NULL, NULL, NULL, NULL, 'all', 'Staff', 'New Year Sales Festival', '<p>Due to the New Year Festival, users who buy more than $ 200 will be given a 20% discount code.</p>', 1626132374),
(13, NULL, NULL, NULL, NULL, 'students_and_instructors', 'Staff', 'Kelas baru telah diterbitkan', 'Kelas baru \"Manajemen Waktu Efektif\" sudah terbit, untuk mendapatkan sertifikat akhir, Anda harus Mendaftar di kelas ini.', 1680583910),
(14, NULL, NULL, NULL, NULL, 'students_and_instructors', 'Staff', 'Kelas kursus privat baru telah diterbitkan', '<p>Siswa dan guru yang terhormat. Kursus baru diterbitkan secara pribadi untuk Anda. silahkan mendaftar di kursus ini</p>', 1680583874);

-- --------------------------------------------------------

--
-- Table structure for table `noticeboards_status`
--

CREATE TABLE `noticeboards_status` (
  `id` int(10) UNSIGNED NOT NULL,
  `user_id` int(10) UNSIGNED NOT NULL,
  `noticeboard_id` int(10) UNSIGNED NOT NULL,
  `seen_at` int(10) UNSIGNED NOT NULL
) ENGINE=InnoDB DEFAULT CHARSET=utf8mb4 COLLATE=utf8mb4_unicode_ci;

--
-- Dumping data for table `noticeboards_status`
--

INSERT INTO `noticeboards_status` (`id`, `user_id`, `noticeboard_id`, `seen_at`) VALUES
(5, 995, 13, 1626165137),
(6, 1015, 13, 1626165555),
(7, 1015, 11, 1626204347);

-- --------------------------------------------------------

--
-- Table structure for table `notifications`
--

CREATE TABLE `notifications` (
  `id` int(10) UNSIGNED NOT NULL,
  `user_id` int(10) UNSIGNED DEFAULT NULL,
  `sender_id` int(10) UNSIGNED DEFAULT NULL,
  `group_id` int(10) UNSIGNED DEFAULT NULL,
  `webinar_id` int(10) UNSIGNED DEFAULT NULL,
  `title` varchar(255) NOT NULL,
  `message` text NOT NULL,
  `sender` enum('system','admin') DEFAULT 'system',
  `type` enum('single','all_users','students','instructors','organizations','group','course_students') NOT NULL,
  `created_at` int(10) UNSIGNED NOT NULL
) ENGINE=InnoDB DEFAULT CHARSET=utf8mb4 COLLATE=utf8mb4_unicode_ci ROW_FORMAT=DYNAMIC;

--
-- Dumping data for table `notifications`
--

INSERT INTO `notifications` (`id`, `user_id`, `sender_id`, `group_id`, `webinar_id`, `title`, `message`, `sender`, `type`, `created_at`) VALUES
(1, 870, NULL, NULL, NULL, 'new badge', '<p>You received Faithful User&nbsp;badge</p>', 'system', 'single', 1690266758),
(2, 870, NULL, NULL, NULL, 'new badge', '<p>You received Forums Top User&nbsp;badge</p>', 'system', 'single', 1690266759),
(3, 867, NULL, NULL, NULL, 'Course approve', '<p>your course with title Cerita Anak - Beautiful Book approved</p>', 'system', 'single', 1690268191),
(4, 867, NULL, NULL, NULL, 'New reward point', '<p>You get 50&nbsp;for Menerbitkan Kursus&nbsp;on 25 Jul 2023 13:56</p>', 'system', 'single', 1690268193),
(5, 867, NULL, NULL, NULL, 'new badge', '<p>You received Faithful User&nbsp;badge</p>', 'system', 'single', 1690268199),
(6, 867, NULL, NULL, NULL, 'new badge', '<p>You received Junior Vendor&nbsp;badge</p>', 'system', 'single', 1690268200),
(7, 867, NULL, NULL, NULL, 'new badge', '<p>You received Top Seller&nbsp;badge</p>', 'system', 'single', 1690268202),
(8, 867, NULL, NULL, NULL, 'Course approve', '<p>your course with title Cerita Anak - Beautiful Book approved</p>', 'system', 'single', 1690268688),
(9, 867, NULL, NULL, NULL, 'Course approve', '<p>your course with title Aku Bangga Menjadi Muslim approved</p>', 'system', 'single', 1690269214),
(10, 867, NULL, NULL, NULL, 'New reward point', '<p>You get 50&nbsp;for Menerbitkan Kursus&nbsp;on 25 Jul 2023 14:13</p>', 'system', 'single', 1690269215),
(11, 867, NULL, NULL, NULL, 'Course approve', '<p>your course with title Aku Bangga Menjadi Muslim approved</p>', 'system', 'single', 1690269714),
(12, 867, NULL, NULL, NULL, 'new badge', '<p>You received Senior Vendor&nbsp;badge</p>', 'system', 'single', 1690269731),
(13, 867, NULL, NULL, NULL, 'Course approve', '<p>your course with title Belajar Dasar-Dasar Microsoft Word || Panduan Lengkap untuk Pemula approved</p>', 'system', 'single', 1690270140),
(14, 867, NULL, NULL, NULL, 'New reward point', '<p>You get 50&nbsp;for Menerbitkan Kursus&nbsp;on 25 Jul 2023 14:29</p>', 'system', 'single', 1690270141),
(15, 867, NULL, NULL, NULL, 'Course approve', '<p>your course with title The Game of Life and How to Play It approved</p>', 'system', 'single', 1690270957),
(16, 867, NULL, NULL, NULL, 'New reward point', '<p>You get 50&nbsp;for Menerbitkan Kursus&nbsp;on 25 Jul 2023 14:42</p>', 'system', 'single', 1690270958),
(17, 867, NULL, NULL, NULL, 'new badge', '<p>You received Expert Vendor&nbsp;badge</p>', 'system', 'single', 1690270963),
(18, 867, NULL, NULL, NULL, 'Course approve', '<p>your course with title The Game of Life and How to Play It approved</p>', 'system', 'single', 1690271524),
(19, 1052, NULL, NULL, NULL, 'new badge', '<p>You received Loyal User&nbsp;badge</p>', 'system', 'single', 1690342038),
(20, 1, NULL, NULL, NULL, 'New course enrollment', '<p>zain ihsan enrolled in The Game of Life and How to Play It&nbsp;on 26 Jul 2023 10:27&nbsp;at Gratis</p>', 'system', 'single', 1690342062),
(21, 1, NULL, NULL, NULL, 'New course enrollment', '<p>zain ihsan enrolled in Belajar Dasar-Dasar Microsoft Word || Panduan Lengkap untuk Pemula&nbsp;on 26 Jul 2023 10:29&nbsp;at Gratis</p>', 'system', 'single', 1690342172),
(22, 867, NULL, NULL, NULL, 'New reward point', '<p>You get 50&nbsp;for Lencana Baru&nbsp;on 26 Jul 2023 10:29</p>', 'system', 'single', 1690342173),
(23, 867, NULL, NULL, NULL, 'new badge', '<p>You received King Seller&nbsp;badge</p>', 'system', 'single', 1690342174),
(24, 867, NULL, NULL, NULL, 'Course approve', '<p>your course with title The Game of Life and How to Play It approved</p>', 'system', 'single', 1690342471),
(25, 1, NULL, NULL, NULL, 'New course enrollment', '<p>zain ihsan enrolled in Cerita Anak - Beautiful Book&nbsp;on 26 Jul 2023 11:28&nbsp;at Gratis</p>', 'system', 'single', 1690345684),
(26, 3, NULL, NULL, NULL, 'new badge', '<p>You received Faithful User&nbsp;badge</p>', 'system', 'single', 1690345754),
(27, 3, NULL, NULL, NULL, 'new badge', '<p>You received Forums Top User&nbsp;badge</p>', 'system', 'single', 1690345756),
(28, 1, NULL, NULL, NULL, 'New item created', '<p>Bayu Candra Gumelar created a new item with title Al-Qur\'an Al-Fatihah</p>', 'system', 'single', 1690345977),
(29, 3, NULL, NULL, NULL, 'new badge', '<p>You received Junior Vendor&nbsp;badge</p>', 'system', 'single', 1690346089),
(30, 3, NULL, NULL, NULL, 'new badge', '<p>You received Top Seller&nbsp;badge</p>', 'system', 'single', 1690346091),
(31, 867, NULL, NULL, NULL, 'Course approve', '<p>your course with title The Game of Life and How to Play It approved</p>', 'system', 'single', 1690447972),
(32, 923, NULL, NULL, NULL, 'new badge', '<p>You received Faithful User&nbsp;badge</p>', 'system', 'single', 1690496067),
(33, 923, NULL, NULL, NULL, 'new badge', '<p>You received Forums Top User&nbsp;badge</p>', 'system', 'single', 1690496068),
(34, 1015, NULL, NULL, NULL, 'new badge', '<p>You received Faithful User&nbsp;badge</p>', 'system', 'single', 1690496070),
(35, 1015, NULL, NULL, NULL, 'new badge', '<p>You received Forums Top User&nbsp;badge</p>', 'system', 'single', 1690496071),
(36, 929, NULL, NULL, NULL, 'new badge', '<p>You received Faithful User&nbsp;badge</p>', 'system', 'single', 1690500754),
(37, 934, NULL, NULL, NULL, 'new badge', '<p>You received Faithful User&nbsp;badge</p>', 'system', 'single', 1690500755),
(38, 1016, NULL, NULL, NULL, 'new badge', '<p>You received Faithful User&nbsp;badge</p>', 'system', 'single', 1690500757),
(39, 1054, NULL, NULL, NULL, 'new badge', '<p>You received Loyal User&nbsp;badge</p>', 'system', 'single', 1690500759),
(40, 1, NULL, NULL, NULL, 'New item created', '<p>Bayu Candra Gumelar created a new item with title ewrqwerqew</p>', 'system', 'single', 1690617326),
(41, 995, NULL, NULL, NULL, 'new badge', '<p>You received Faithful User&nbsp;badge</p>', 'system', 'single', 1690618700),
(42, 995, NULL, NULL, NULL, 'new badge', '<p>You received Forums Top User&nbsp;badge</p>', 'system', 'single', 1690618704),
(43, 1, NULL, NULL, NULL, 'New course enrollment', '<p>Budi Ananta enrolled in Belajar Dasar-Dasar Microsoft Word || Panduan Lengkap untuk Pemula&nbsp;on 29 Jul 2023 15:29&nbsp;at Gratis</p>', 'system', 'single', 1690619375),
(44, 1, NULL, NULL, NULL, 'New course enrollment', '<p>Budi Ananta enrolled in Cerita Anak - Beautiful Book&nbsp;on 29 Jul 2023 15:30&nbsp;at Gratis</p>', 'system', 'single', 1690619422),
(45, 1, NULL, NULL, NULL, 'New user registered', '<p>Indah Suryaningsih registered on the platform on 2 Agt 2023 11:37&nbsp;as Masyarakat</p>', 'system', 'single', 1690951062),
(46, 1059, NULL, NULL, NULL, 'New reward point', '<p>You get 5&nbsp;for Pendaftaran&nbsp;on 2 Agt 2023 11:43</p>', 'system', 'single', 1690951380),
(47, 1, NULL, NULL, NULL, 'New course enrollment', '<p>Indah Suryaningsih enrolled in Belajar Dasar-Dasar Microsoft Word || Panduan Lengkap untuk Pemula&nbsp;on 2 Agt 2023 11:43&nbsp;at Gratis</p>', 'system', 'single', 1690951435),
(48, 1059, NULL, NULL, NULL, 'New reward point', '<p>You get 5&nbsp;for Lencana Baru&nbsp;on 3 Agt 2023 10:39</p>', 'system', 'single', 1691033961),
(49, 1059, NULL, NULL, NULL, 'new badge', '<p>You received New User&nbsp;badge</p>', 'system', 'single', 1691033962),
(50, 1, NULL, NULL, NULL, 'New course enrollment', '<p>Indah Suryaningsih enrolled in Cerita Anak - Beautiful Book&nbsp;on 3 Agt 2023 13:53&nbsp;at Gratis</p>', 'system', 'single', 1691045613),
(51, 867, NULL, NULL, NULL, 'Course approve', '<p>your course with title Belajar Dasar-Dasar Microsoft Word || Panduan Lengkap untuk Pemula approved</p>', 'system', 'single', 1691133705),
(52, 867, NULL, NULL, NULL, 'Course approve', '<p>your course with title Belajar Dasar-Dasar Microsoft Word || Panduan Lengkap untuk Pemula approved</p>', 'system', 'single', 1691133706),
(53, 1, NULL, NULL, NULL, 'New course enrollment', '<p>Budi Ananta enrolled in Al-Qur\'an Al-Fatihah&nbsp;on 22 Agt 2023 11:07&nbsp;at Gratis</p>', 'system', 'single', 1692677226),
(54, 995, NULL, NULL, NULL, 'New reward point', '<p>You get 20&nbsp;for Penyelesaian Kursus&nbsp;on 22 Agt 2023 11:07</p>', 'system', 'single', 1692677240),
(55, 1, NULL, NULL, NULL, 'New reward point', '<p>You get 20&nbsp;for Penyelesaian Kursus&nbsp;on 22 Agt 2023 14:05</p>', 'system', 'single', 1692687919),
(56, 1052, NULL, NULL, NULL, 'New quiz added to course', '<p>New quiz with the title Cara Membuat Dokumen Word&nbsp;added to the course Belajar Dasar-Dasar Microsoft Word || Panduan Lengkap untuk Pemula.</p>', 'system', 'single', 1692688330),
(57, 995, NULL, NULL, NULL, 'New quiz added to course', '<p>New quiz with the title Cara Membuat Dokumen Word&nbsp;added to the course Belajar Dasar-Dasar Microsoft Word || Panduan Lengkap untuk Pemula.</p>', 'system', 'single', 1692688332),
(58, 1059, NULL, NULL, NULL, 'New quiz added to course', '<p>New quiz with the title Cara Membuat Dokumen Word&nbsp;added to the course Belajar Dasar-Dasar Microsoft Word || Panduan Lengkap untuk Pemula.</p>', 'system', 'single', 1692688334),
(59, 3, NULL, NULL, NULL, 'New quiz added to course', '<p>New quiz with the title Cara Membuat Dokumen Word&nbsp;added to the course Belajar Dasar-Dasar Microsoft Word || Panduan Lengkap untuk Pemula.</p>', 'system', 'single', 1692688335),
(60, 863, NULL, NULL, NULL, 'new badge', '<p>You received Faithful User&nbsp;badge</p>', 'system', 'single', 1692690272),
(61, 4, NULL, NULL, NULL, 'new badge', '<p>You received Faithful User&nbsp;badge</p>', 'system', 'single', 1692697257),
(62, 859, NULL, NULL, NULL, 'new badge', '<p>You received Faithful User&nbsp;badge</p>', 'system', 'single', 1692849186),
(63, 859, NULL, NULL, NULL, 'new badge', '<p>You received Senior Vendor&nbsp;badge</p>', 'system', 'single', 1692849188),
(64, 1055, NULL, NULL, NULL, 'new badge', '<p>You received Loyal User&nbsp;badge</p>', 'system', 'single', 1692849190),
(65, 864, NULL, NULL, NULL, 'new badge', '<p>You received Faithful User&nbsp;badge</p>', 'system', 'single', 1693119657),
(66, 1059, NULL, NULL, NULL, 'New reward point', '<p>You get 10&nbsp;for Lencana Baru&nbsp;on 16 Sep 2023 10:47</p>', 'system', 'single', 1694836037),
(67, 1059, NULL, NULL, NULL, 'new badge', '<p>You received Loyal User&nbsp;badge</p>', 'system', 'single', 1694836038),
(68, 1060, NULL, NULL, NULL, 'New reward point', '<p>You get 5&nbsp;for Lencana Baru&nbsp;on 19 Sep 2023 22:16</p>', 'system', 'single', 1695136595),
(69, 1060, NULL, NULL, NULL, 'new badge', '<p>You received New User&nbsp;badge</p>', 'system', 'single', 1695136597),
(70, 1053, NULL, NULL, NULL, 'new badge', '<p>You received Loyal User&nbsp;badge</p>', 'system', 'single', 1696646556),
(71, 1053, NULL, NULL, NULL, 'new badge', '<p>You received Junior Vendor&nbsp;badge</p>', 'system', 'single', 1696646557),
(72, 996, NULL, NULL, NULL, 'new badge', '<p>You received Faithful User&nbsp;badge</p>', 'system', 'single', 1701093984),
(73, 996, NULL, NULL, NULL, 'new badge', '<p>You received Forums Top User&nbsp;badge</p>', 'system', 'single', 1701093984);

-- --------------------------------------------------------

--
-- Table structure for table `notifications_status`
--

CREATE TABLE `notifications_status` (
  `id` int(10) UNSIGNED NOT NULL,
  `user_id` int(10) UNSIGNED NOT NULL,
  `notification_id` int(10) UNSIGNED NOT NULL,
  `seen_at` int(10) UNSIGNED NOT NULL
) ENGINE=InnoDB DEFAULT CHARSET=utf8mb4 COLLATE=utf8mb4_unicode_ci ROW_FORMAT=DYNAMIC;

-- --------------------------------------------------------

--
-- Table structure for table `notification_templates`
--

CREATE TABLE `notification_templates` (
  `id` int(10) UNSIGNED NOT NULL,
  `title` varchar(255) NOT NULL,
  `template` text NOT NULL
) ENGINE=InnoDB DEFAULT CHARSET=utf8mb4 COLLATE=utf8mb4_unicode_ci ROW_FORMAT=DYNAMIC;

--
-- Dumping data for table `notification_templates`
--

INSERT INTO `notification_templates` (`id`, `title`, `template`) VALUES
(2, 'new badge', '<p>You received [u.b.title]&nbsp;badge</p>'),
(3, 'Change user group', '<p>your group change to [u.g.title]</p>'),
(4, 'Course created', '<p>you create new course&nbsp;with Title [c.title]</p>'),
(5, 'Course approve', '<p>your course with title [c.title] approved</p>'),
(6, 'Course rejection', '<p>Your course with title [c.title] rejected</p>'),
(7, 'New comment', '<p>user [u.name] add new comment fro course with title [c.title]</p>'),
(8, 'New support message', '<p>user [u.name] send new support message for course with title [c.title]</p>'),
(9, 'support message replied', '<p>support message replied fro course [c.title]</p>'),
(10, 'New support for admin', '<p>send new support&nbsp; ticket with title&nbsp;[s.t.title]</p>'),
(11, 'support ticket replied for admin', '<p>replied support&nbsp; ticket with title&nbsp;[s.t.title]</p>'),
(12, 'New financial document', '<p>&nbsp;New financial document for course [c.title] with type [f.d.type] with price [amount]</p>'),
(13, 'Payout request', '<p>payout request with amount&nbsp; [payout.amount]</p>'),
(14, 'Payout proceed', 'Payout with amount [payout.amount]&nbsp;&nbsp;proceed by account [payout.account]'),
(15, 'New sales', '<p>new sale for course with title [c.title]</p>'),
(16, 'New purchase', '<p>new purchase for course with title [c.title]</p>'),
(17, 'Rating (Feedback)', '<p>new feedback submitted for course with title [c.title] bu student [student.name] and rate [rate.count]</p>'),
(18, 'Offline payment request', '<p>Offline payment request with amount [amount]</p>'),
(19, 'Offline payment approved', '<p>Offline payment request with amount [amount]&nbsp;approved</p>'),
(20, 'Offline payment rejected', '<p>Offline payment request with amount [amount]&nbsp;rejected</p>'),
(21, 'New subscribe plan', '<p>New subscribe plan activated by user [u.name] for plan [s.p.name]</p>'),
(22, 'New appointment', '<p>New appointment booked by user [u.name] in time [time.date] with price&nbsp;[amount]</p>'),
(23, 'New appointment link', '<p>appointment&nbsp; link defined by the [instructor.name]. time [time.date] and link is [link]</p>'),
(24, 'Appointment reminder', '<p>You have an appointment on [time.date]</p>'),
(25, 'Meeting finished', '<p>meeting finished instructor : [instructor.name] and student :&nbsp; [student.name] and time : [time.date]</p>'),
(26, 'New contact message', '<p>New contact message with title [c.u.title] and user name [u.name] recived</p>'),
(27, 'Webinar reminder', '<p>Webinar reminder time [time.date] webinar title [c.title]</p>'),
(28, 'Promotion plan', '<p>plan [p.p.name]&nbsp;&nbsp;activated for course [c.title]</p>'),
(29, 'Promotion plan for admin', '<p>new request promotion plan [p.p.name] for course [c.title]</p>'),
(30, 'Certificate', '<p>certificate recived for course [c.title]</p>'),
(31, 'Waiting quiz', '<p>student [student.name]&nbsp; waiting for quiz [q.title] for course [c.title]</p>'),
(32, 'Waiting quiz result', '<p>course [c.title]&nbsp;calculated quiz [q.title] result [q.result] by instructor</p>'),
(33, 'product new sale', '<p>new sale for product with title [p.title]</p>'),
(34, 'Product New purchase', '<p>new purchase for product with title [p.title]</p>'),
(35, 'Product New comment', '<p>user [u.name] add new comment fro product with title [p.title]</p>'),
(36, 'Product tracking code', '<p>user [u.name] add tracking code for product with title [p.title]</p>'),
(37, 'Product Rating (Feedback)', '<p>new feedback submitted for product with title [p.title] by user [u.name] and rate [rate.count]</p>'),
(38, 'Product receive shipment', '<p>user [u.name] received product with title [p.title]</p>'),
(39, 'Product out of stock', '<p>The product inventory ended with the title [p.title]</p>'),
(40, 'Send assignment by the student to the instructor', '<p>[student.name] send assignment for course by title [c.title]</p>'),
(41, 'when the instructor sends a message for assignment', '<p>[instructor.name] send message for course by title [c.title]</p>'),
(42, 'assignment grade', '<p>The [instructor.name]&nbsp;gave you a grade of [assignment_grade]&nbsp;for course by title [c.title]</p>'),
(43, 'user access to content', '<p>Your access to content is enabled.</p>'),
(44, 'Send post in topic', '<p>[u.name] send post in your topic with title [topic_title]&nbsp;</p>'),
(45, 'publish instructor blog post', '<p>your post with title [blog_title] published.</p>'),
(46, 'new comment for instructor blog', '<p>user [u.name] add new comment for your blog with title [blog_title]</p>'),
(47, 'Meeting reminder', '<p>Meeting reminder time [time.date] with instructor by name [instructor.name]</p>'),
(48, 'subscribe expire reminder', '<p>Your subscribe has been expired in&nbsp;[time.date]</p>'),
(49, 'Course Forum new Question', '<p>[u.name] registered a question in the [c.title]&nbsp;course forum.</p>'),
(50, 'New answer in course forum', '<p>[u.name] registered a answer in the [c.title]&nbsp;course forum.</p>'),
(52, 'You received a gift', '<p>[u.name]&nbsp;sent you [gift_title] which is a [gift_type]&nbsp;as a gift with the following message: [gift_message]</p>'),
(53, 'Gift submitted successfully', '<p>Your gift request for [u.name]&nbsp;submitted successfully on [time.date]&nbsp;and the [gift_title] which is a [gift_type]&nbsp;at [amount]&nbsp;will be sent to the recipient on [time.date.2]&nbsp;with the following message: [gift_message]</p>'),
(54, 'Gift sent to recipient', '<p>We sent the gift request that you submitted on [time.date]&nbsp;for [u.name]. We sent [gift_title]&nbsp;which is a [gift_type]&nbsp;to the recipient with the following message on [time.date] . [gift_message]</p>'),
(55, 'Gift request submitted (Admin)', '<p>[u.name.2] submitted a gift request for [gift_title]&nbsp;which is a [gift_type]&nbsp;for [u.name]&nbsp;on [time.date]&nbsp;at [amount]&nbsp;and it will be sent to the recipient on [time.date.2]</p>'),
(56, 'Gift sent to recipient (Admin)', '<p>The system sent a [gift_title]&nbsp;which is a [gift_type]&nbsp;to [u.name]&nbsp;on [time.date.2]&nbsp;successfully. [u.name.2]&nbsp;submitted this request on [time.date]&nbsp;at [amount].</p>'),
(57, 'You have an upcoming installment', '<p>You have an installment for [installment_title] at [amount]&nbsp;on due date [time.date]</p>'),
(58, 'You have an unpaid installment', '<p>You have an installment for [installment_title]&nbsp;at [amount]&nbsp;for today. Please pay it as soon as possible.</p>'),
(59, 'You have an overdue installment', '<p>You have an overdue installment for [installment_title]&nbsp;at [amount]&nbsp;on due date [time.date].</p>'),
(60, 'Installment verification request approved', '<p>Your verification request for [installment_title]&nbsp;approved.</p>'),
(61, 'Installment verification request rejected', '<p>Your verification request for [installment_title]&nbsp;rejected.</p>'),
(62, 'Installment paid successfully', '<p>You paid [amount]&nbsp;for [installment_title]&nbsp;with due date [time.date]&nbsp;successfully.</p>'),
(63, 'Installment paid successfully (Admin)', '<p>[u.name] paid [amount]&nbsp;for [installment_title]&nbsp;with the due date [time.date]&nbsp;successfully.</p>'),
(64, 'Installment upfront amount paid', '<p>You paid [amount] as upfront for&nbsp;[installment_title].</p>'),
(65, 'Installment verification request submitted', '<p>We received your verification request for [installment_title]&nbsp;on [time.date]&nbsp;and the result will be informed to you soon.</p>'),
(66, 'Installment verification request submitted (Admin)', '<p>[u.name] submitted a verification request for [installment_title]&nbsp;on [time.date].</p>'),
(67, 'Installment request submitted', '<p>Your installment for [installment_title]&nbsp;at [amount]&nbsp;submitted successfully.</p>'),
(68, 'Installment request submitted (Admin)', '<p>[u.name] submitted an installment request for [installment_title]&nbsp;at [amount].</p>'),
(69, 'New upcoming course submitted', '<p>Your upcoming course [item_title]&nbsp;submitted successfully.</p>'),
(70, 'New upcoming course submitted (Admin)', '<p>[u.name] submitted an upcoming course with title [item_title].</p>'),
(71, 'Upcoming course approved', '<p>Your upcoming course [item_title]&nbsp;approved.</p>'),
(72, 'Upcoming course rejected', '<p>Your upcoming course [item_title] rejected.</p>'),
(73, 'Your upcoming course published', '<p>Your upcoming course [item_title]&nbsp;published.</p>'),
(74, 'Your upcoming course followed', '<p>[u.name] followed your upcoming course [item_title]</p>'),
(75, 'Upcoming course published and is accessible', '<p>The upcoming course [item_title] published now and you can check it.</p>'),
(76, 'You got cashback!', '<p>You got [amount]&nbsp;as cashback and this amount added to your account.</p>'),
(77, 'User got cashback (Admin)', '<p>[u.name] got [amount] as cashback and this amount charged to their account.</p>'),
(78, 'Bundle submitted successfully', '<p>Your bundle with the title [item_title]&nbsp;submitted successfully.</p>'),
(79, 'Bundle submitted (Admin)', '<p>[u.name] submitted a bundle with the title [item_title].</p>'),
(80, 'Bundle published successfully', '<p>Your bundle with title [item_title]&nbsp;published successfully.</p>'),
(81, 'Bundle rejected', '<p>Your bundle with title [item_title]&nbsp;rejected.</p>'),
(82, 'New review for your bundle', '<p>[u.name] submitted a [rate.count] star rating for your bundle [item_title].</p>'),
(83, 'You got registration bonus', '<p>You got [amount]&nbsp;as registration bonus.</p>'),
(84, 'Registration bonus unlocked', '<p>Your registration bonus [amount]&nbsp;unlocked.</p>'),
(85, 'Registration bonus unlocked (Admin)', '<p>The registration bonus [amount] is unlocked for [u.name].</p>'),
(86, 'SaaS package activated successfully', '<p>[item_title] activated for you until [time.date].</p>'),
(87, 'SaaS package activated (Admin)', '<p>[u.name] activated [item_title]&nbsp;registration plan until [time.date].</p>'),
(88, 'Your contact message submitted', '<p>We received your contact message with the subject [c.u.title]&nbsp;on time.date].</p>'),
(89, 'New contact message received', '<p>New contact message received from [u.name] with subject [c.u.title] with message [c.u.message]</p>'),
(90, 'You submitted to waitlist', '<p>You submitted to [c.title]&nbsp;waitlist.</p>'),
(91, 'User submitted in waitlist', '<p>[u.name] submitted to [c.title]&nbsp;waitlist.</p>'),
(92, 'New user registered with your affiliate code', '<p>[u.name] registered with your affiliate code on [time.date].</p>'),
(93, 'New quiz added to course', '<p>New quiz with the title [q.title]&nbsp;added to the course [c.title].</p>'),
(94, 'New reward point', '<p>You get [points]&nbsp;for [item_title]&nbsp;on [time.date]</p>'),
(95, 'New notice', '<p>You got a new notice with title [c.title]&nbsp;on [time.date]</p>'),
(96, 'New course notice', '<p>You got a new course notice for [c.title]&nbsp;with title [item_title]</p>'),
(97, 'Your user role changed', '<p>Your user role changed to [u.role]</p>'),
(98, 'New user group', '<p>You added to [u.g.title] user group.</p>'),
(99, 'Become instructor/organization request approved', '<p>Your become instructor/organization request is approved.</p>'),
(100, 'Become instructor/organization request rejected', '<p>Your instructor/organization request rejected</p>'),
(101, 'New question in course forum', '<p>[u.name] posted a new question in [c.title] forum.</p>'),
(102, 'New answer in course forum', '<p>[u.name] posted a new answer in [c.title] forum.</p>'),
(103, 'Live meeting created', '<p>[instructor.name] started a new live meeting. Please login to your account and join it now...</p>'),
(104, 'New user registered', '<p>[u.name] registered on the platform on [time.date]&nbsp;as [u.role]</p>'),
(105, 'New instructor/organization request', '<p>[u.name] submit a user role change request on [time.date]</p>'),
(106, 'New course enrollment', '<p>[u.name] enrolled in [c.title]&nbsp;on [time.date]&nbsp;at [amount]</p>'),
(107, 'New forum topic', '<p>[u.name] created a new topic with title [topic_title]&nbsp;in [forum_title]&nbsp;forum.</p>'),
(108, 'New report', '<p>[u.name] sent a content review for revising.</p>'),
(109, 'New item created', '<p>[u.name] created a new item with title [item_title]</p>'),
(110, 'New store order', '<p>New store order received from [u.name]&nbsp;at [amount]</p>'),
(111, 'Subscription plan activated', '<p>[u.name] purchased [s.p.name]&nbsp;at [amount]</p>'),
(112, 'Content review request', '<p>[u.name] sent a review request for [item_title]</p>'),
(113, 'New user blog post', '<p>[u.name] submitted a blog article with title [blog_title]</p>'),
(114, 'New item review (Rating)', '<p>[u.name] submitted a new rate for [item_title]</p>'),
(115, 'New organization user', '<p>[organization.name] submitted [u.name]&nbsp;as new [u.role]</p>'),
(116, 'User wallet charge', '<p>[u.name] charged their wallet for [amount]</p>'),
(117, 'New payout request', '<p>[u.name] submitted a new payout request for [amount]</p>'),
(118, 'New offline payment request', '<p>[u.name] submitted a new offline payment request at [amount]</p>'),
(119, 'Content access approval', '<p>Your content access request approved. You can access all courses now...</p>');

-- --------------------------------------------------------

--
-- Table structure for table `offline_banks`
--

CREATE TABLE `offline_banks` (
  `id` int(10) UNSIGNED NOT NULL,
  `logo` varchar(255) NOT NULL,
  `created_at` bigint(20) UNSIGNED NOT NULL
) ENGINE=InnoDB DEFAULT CHARSET=utf8mb4 COLLATE=utf8mb4_unicode_ci;

--
-- Dumping data for table `offline_banks`
--

INSERT INTO `offline_banks` (`id`, `logo`, `created_at`) VALUES
(6, '/store/1/default_images/offline_payments/Qatar National Bank.png', 1678951755),
(7, '/store/1/default_images/offline_payments/jpmorgan.png', 1679089716),
(8, '/store/1/default_images/offline_payments/State Bank of India.png', 1679090036);

-- --------------------------------------------------------

--
-- Table structure for table `offline_bank_specifications`
--

CREATE TABLE `offline_bank_specifications` (
  `id` int(10) UNSIGNED NOT NULL,
  `offline_bank_id` int(10) UNSIGNED NOT NULL,
  `value` varchar(255) NOT NULL
) ENGINE=InnoDB DEFAULT CHARSET=utf8mb4 COLLATE=utf8mb4_unicode_ci;

--
-- Dumping data for table `offline_bank_specifications`
--

INSERT INTO `offline_bank_specifications` (`id`, `offline_bank_id`, `value`) VALUES
(26, 8, '123123123'),
(27, 7, '123123123'),
(28, 6, '123123123'),
(29, 8, '6282-4518-1237-7641'),
(30, 8, 'Tes Nama Lengkap'),
(31, 7, 'Tes nama'),
(32, 7, '5012-4518-1772-8911'),
(33, 6, 'Nama lengkap'),
(34, 6, '2578-4910-3682-6288');

-- --------------------------------------------------------

--
-- Table structure for table `offline_bank_specification_translations`
--

CREATE TABLE `offline_bank_specification_translations` (
  `id` int(10) UNSIGNED NOT NULL,
  `offline_bank_specification_id` int(10) UNSIGNED NOT NULL,
  `locale` varchar(255) NOT NULL,
  `name` varchar(255) NOT NULL
) ENGINE=InnoDB DEFAULT CHARSET=utf8mb4 COLLATE=utf8mb4_unicode_ci;

--
-- Dumping data for table `offline_bank_specification_translations`
--

INSERT INTO `offline_bank_specification_translations` (`id`, `offline_bank_specification_id`, `locale`, `name`) VALUES
(29, 26, 'id', 'No. Rek'),
(30, 27, 'id', 'No. Rek'),
(31, 28, 'id', 'No. Rek'),
(32, 29, 'id', 'Nomor Kartu'),
(33, 30, 'id', 'Nama Lengkap'),
(34, 31, 'id', 'Nama Lengkap'),
(35, 32, 'id', 'Nomor Kartu'),
(36, 33, 'id', 'Nama Lengkap'),
(37, 34, 'id', 'Nomor Kartu'),
(38, 26, 'en', 'No. Rek'),
(39, 27, 'en', 'No. Rek'),
(40, 28, 'en', 'No. Rek'),
(41, 29, 'en', 'Nomor Kartu'),
(42, 30, 'en', 'Nama Lengkap'),
(43, 31, 'en', 'Nama Lengkap'),
(44, 32, 'en', 'Nomor Kartu'),
(45, 33, 'en', 'Nama Lengkap'),
(46, 34, 'en', 'Nomor Kartu');

-- --------------------------------------------------------

--
-- Table structure for table `offline_bank_translations`
--

CREATE TABLE `offline_bank_translations` (
  `id` int(10) UNSIGNED NOT NULL,
  `offline_bank_id` int(10) UNSIGNED NOT NULL,
  `locale` varchar(255) NOT NULL,
  `title` varchar(255) NOT NULL
) ENGINE=InnoDB DEFAULT CHARSET=utf8mb4 COLLATE=utf8mb4_unicode_ci;

--
-- Dumping data for table `offline_bank_translations`
--

INSERT INTO `offline_bank_translations` (`id`, `offline_bank_id`, `locale`, `title`) VALUES
(7, 6, 'en', 'BCA'),
(8, 7, 'en', 'BRI'),
(9, 8, 'en', 'BNI'),
(10, 8, 'id', 'BCA'),
(11, 7, 'id', 'BRI'),
(12, 6, 'id', 'BNI');

-- --------------------------------------------------------

--
-- Table structure for table `offline_payments`
--

CREATE TABLE `offline_payments` (
  `id` int(10) UNSIGNED NOT NULL,
  `user_id` int(10) UNSIGNED NOT NULL,
  `amount` int(11) NOT NULL,
  `offline_bank_id` int(10) UNSIGNED DEFAULT NULL,
  `reference_number` varchar(64) NOT NULL,
  `attachment` varchar(255) DEFAULT NULL,
  `status` enum('waiting','approved','reject') NOT NULL,
  `pay_date` varchar(64) NOT NULL,
  `created_at` int(11) NOT NULL
) ENGINE=InnoDB DEFAULT CHARSET=utf8mb4 COLLATE=utf8mb4_unicode_ci ROW_FORMAT=DYNAMIC;

--
-- Dumping data for table `offline_payments`
--

INSERT INTO `offline_payments` (`id`, `user_id`, `amount`, `offline_bank_id`, `reference_number`, `attachment`, `status`, `pay_date`, `created_at`) VALUES
(15, 996, 500, 6, '493214678', NULL, 'approved', '1625906880', 1625944192),
(16, 995, 1000, 6, '5492247188', NULL, 'approved', '1625888700', 1625950563),
(17, 979, 400, 6, '4637249712', NULL, 'approved', '1626160980', 1625992349),
(18, 1016, 100, 6, '56647132456', NULL, 'reject', '1626065100', 1625992606),
(20, 923, 300, 6, '8314667560', NULL, 'approved', '1626321000', 1625993428),
(21, 930, 250, 6, '5325469580', NULL, 'approved', '1626070800', 1625993489),
(22, 1015, 500, 6, '583359268', NULL, 'approved', '1626183840', 1626132546),
(23, 929, 300, 6, '56476312144', NULL, 'approved', '1626252480', 1626241046),
(24, 996, 200, 6, '261513513513', NULL, 'approved', '1627950600', 1628704322),
(25, 995, 100, 6, '546465654', NULL, 'approved', '1629204540', 1628704347),
(26, 995, 200, 6, '2123135131', NULL, 'approved', '1628610420', 1628704369),
(27, 979, 100, 6, '3416354544', NULL, 'reject', '1628606880', 1628704436),
(28, 930, 100, 6, '5161616', NULL, 'waiting', '1630413000', 1628785223),
(34, 930, 500, NULL, '3215415665', NULL, 'waiting', '1629469800', 1628785293),
(41, 995, 100, 6, '1647726485', '1646413097.png', 'waiting', '1646322780', 1646413097);

-- --------------------------------------------------------

--
-- Table structure for table `orders`
--

CREATE TABLE `orders` (
  `id` int(10) UNSIGNED NOT NULL,
  `user_id` int(10) UNSIGNED NOT NULL,
  `status` enum('pending','paying','paid','fail') NOT NULL,
  `payment_method` enum('credit','payment_channel') DEFAULT NULL,
  `is_charge_account` tinyint(1) NOT NULL DEFAULT 0,
  `amount` double(15,2) UNSIGNED NOT NULL,
  `tax` decimal(13,2) DEFAULT NULL,
  `total_discount` decimal(13,2) DEFAULT NULL,
  `total_amount` decimal(13,2) DEFAULT NULL,
  `product_delivery_fee` decimal(13,2) DEFAULT NULL,
  `reference_id` text DEFAULT NULL,
  `payment_data` text DEFAULT NULL,
  `created_at` int(10) UNSIGNED NOT NULL
) ENGINE=InnoDB DEFAULT CHARSET=utf8mb4 COLLATE=utf8mb4_unicode_ci ROW_FORMAT=DYNAMIC;

--
-- Dumping data for table `orders`
--

INSERT INTO `orders` (`id`, `user_id`, `status`, `payment_method`, `is_charge_account`, `amount`, `tax`, `total_discount`, `total_amount`, `product_delivery_fee`, `reference_id`, `payment_data`, `created_at`) VALUES
(306, 1015, 'pending', NULL, 0, 63.00, '6.30', NULL, '69.30', NULL, NULL, NULL, 1625145687),
(307, 996, 'paid', 'credit', 0, 150.00, '15.00', '0.00', '165.00', NULL, NULL, NULL, 1625944333),
(308, 995, 'paid', 'credit', 0, 100.00, '10.00', '0.00', '110.00', NULL, NULL, NULL, 1625952623),
(309, 995, 'paid', 'credit', 0, 10.00, '1.00', '0.00', '11.00', NULL, NULL, NULL, 1625953190),
(310, 995, 'paid', 'credit', 0, 125.00, '12.50', '0.00', '137.50', NULL, NULL, NULL, 1625996807),
(311, 995, 'paid', 'credit', 0, 50.00, '5.00', '0.00', '55.00', NULL, NULL, NULL, 1625996936),
(312, 995, 'paid', 'credit', 0, 100.00, '5.00', '50.00', '55.00', NULL, NULL, NULL, 1625996974),
(313, 995, 'paid', 'credit', 0, 16.00, '1.20', '4.00', '13.20', NULL, NULL, NULL, 1625997096),
(314, 996, 'paid', 'credit', 0, 25.00, '2.25', '2.50', '24.75', NULL, NULL, NULL, 1626060481),
(315, 996, 'paid', 'credit', 0, 100.00, '4.00', '60.00', '44.00', NULL, NULL, NULL, 1626060547),
(316, 930, 'paid', 'credit', 0, 100.00, '5.00', '50.00', '55.00', NULL, NULL, NULL, 1626060832),
(317, 979, 'paid', 'credit', 0, 60.00, '6.00', '0.00', '66.00', NULL, NULL, NULL, 1626061329),
(318, 979, 'paid', 'credit', 0, 50.00, '5.00', '0.00', '55.00', NULL, NULL, NULL, 1626061366),
(319, 995, 'paid', 'credit', 0, 20.00, '2.00', NULL, '22.00', NULL, NULL, NULL, 1626061431),
(320, 1015, 'pending', NULL, 0, 20.00, '2.00', '0.00', '22.00', NULL, NULL, NULL, 1626132487),
(321, 1015, 'paid', 'credit', 0, 20.00, '1.60', '4.00', '17.60', NULL, NULL, NULL, 1626132840),
(322, 929, 'pending', NULL, 0, 40.00, '3.00', '10.00', '33.00', NULL, NULL, NULL, 1626240993),
(323, 929, 'paid', 'credit', 0, 50.00, '5.00', NULL, '55.00', NULL, NULL, NULL, 1626241146),
(324, 929, 'paid', 'credit', 0, 40.00, '3.00', '10.00', '33.00', NULL, NULL, NULL, 1626241207),
(325, 995, 'paid', 'credit', 0, 100.00, '10.00', '0.00', '110.00', NULL, NULL, NULL, 1626247189),
(326, 1015, 'pending', NULL, 0, 20.00, '1.60', '4.00', '17.60', NULL, NULL, NULL, 1626284818),
(327, 996, 'paid', 'credit', 0, 30.00, '2.70', '3.00', '29.70', NULL, NULL, NULL, 1626508952),
(328, 929, 'paid', 'credit', 0, 30.00, '3.00', '0.00', '33.00', NULL, NULL, NULL, 1635412190),
(329, 979, 'pending', NULL, 0, 100.00, '10.00', NULL, '110.00', NULL, NULL, NULL, 1635448382),
(330, 1017, 'paid', 'credit', 0, 30.00, '3.00', '0.00', '33.00', NULL, NULL, NULL, 1639379271),
(331, 1017, 'paid', 'credit', 0, 100.00, '10.00', '0.00', '110.00', NULL, NULL, NULL, 1639379347),
(332, 1017, 'paid', 'credit', 0, 40.00, '3.00', '10.00', '33.00', NULL, NULL, NULL, 1639379382),
(333, 995, 'paid', 'credit', 0, 10.00, '1.00', '0.00', '11.00', NULL, NULL, NULL, 1646172083),
(334, 996, 'paid', 'credit', 0, 10.00, '0.90', '1.00', '9.90', NULL, NULL, NULL, 1646172119),
(335, 979, 'paid', 'credit', 0, 10.00, '1.00', '0.00', '11.00', NULL, NULL, NULL, 1646172156),
(336, 929, 'paid', 'credit', 0, 10.00, '1.00', '0.00', '11.00', NULL, NULL, NULL, 1646172292),
(337, 995, 'paid', 'credit', 0, 750.00, '75.00', '0.00', '825.00', NULL, NULL, NULL, 1646379279),
(338, 1017, 'pending', NULL, 0, 300.00, '30.00', '0.00', '330.00', NULL, NULL, NULL, 1646380150),
(339, 930, 'paid', 'credit', 0, 199.00, '19.90', NULL, '218.90', NULL, NULL, NULL, 1646386782),
(340, 859, 'paid', 'credit', 0, 200.00, '20.00', NULL, '220.00', NULL, NULL, NULL, 1646387650),
(341, 930, 'paid', 'credit', 0, 50.00, '5.00', '0.00', '55.00', '0.00', NULL, NULL, 1656083106),
(342, 995, 'paid', 'credit', 0, 5.00, '0.25', '0.00', '5.25', '0.00', NULL, NULL, 1656103838),
(343, 923, 'paid', 'credit', 0, 25.00, '1.25', '0.00', '31.25', '5.00', NULL, NULL, 1656104126),
(344, 996, 'paid', 'credit', 0, 40.00, '3.60', '4.00', '39.60', '0.00', NULL, NULL, 1656130476),
(345, 930, 'paid', 'credit', 0, 290.00, '14.50', '0.00', '314.50', '10.00', NULL, NULL, 1656130702),
(346, 996, 'paid', 'credit', 0, 75.00, '3.75', '0.00', '78.75', '0.00', NULL, NULL, 1656130959),
(347, 979, 'paid', 'credit', 0, 33.00, '3.30', '0.00', '36.30', '0.00', NULL, NULL, 1656139699),
(348, 1017, 'paid', 'credit', 0, 25.00, '1.00', '5.00', '26.00', '5.00', NULL, NULL, 1656148569),
(349, 995, 'pending', NULL, 0, 50.00, '2.25', '5.00', '52.25', '5.00', NULL, NULL, 1656148735),
(350, 995, 'paid', 'credit', 0, 50.00, '2.25', '5.00', '52.25', '5.00', NULL, NULL, 1656148833),
(351, 995, 'paid', 'credit', 0, 20.00, '1.00', '4.00', '17.00', '0.00', NULL, NULL, 1656322652),
(694, 995, 'paid', 'credit', 0, 30.00, '3.00', '0.00', '33.00', '0.00', NULL, NULL, 1678915479),
(695, 979, 'paid', 'credit', 0, 30.00, '3.00', '0.00', '33.00', '0.00', NULL, NULL, 1678917758),
(696, 979, 'paid', 'credit', 0, 60.00, '3.60', '24.00', '39.60', '0.00', NULL, NULL, 1678919425),
(697, 930, 'paid', 'credit', 0, 30.00, '3.00', '0.00', '33.00', '0.00', NULL, NULL, 1678922505),
(698, 995, 'paid', 'credit', 0, 20.00, '2.00', '0.00', '22.00', '0.00', NULL, NULL, 1678922687),
(699, 1017, 'paid', 'credit', 0, 30.00, '3.00', '0.00', '33.00', '0.00', NULL, NULL, 1678923549),
(700, 979, 'paid', 'credit', 0, 30.00, '3.00', '0.00', '33.00', '0.00', NULL, NULL, 1678925784),
(701, 995, 'paid', 'credit', 0, 30.00, '3.00', '0.00', '33.00', '0.00', NULL, NULL, 1678925910),
(702, 995, 'paid', 'credit', 0, 20.00, '2.00', '0.00', '22.00', '0.00', NULL, NULL, 1678926034),
(703, 1045, 'paid', 'credit', 0, 100.00, '10.00', '0.00', '110.00', '0.00', NULL, NULL, 1678959216),
(704, 995, 'paid', 'credit', 0, 30.00, '3.00', '0.00', '33.00', '0.00', NULL, NULL, 1678960998),
(705, 930, 'paid', 'credit', 0, 60.00, '3.60', '24.00', '39.60', '0.00', NULL, NULL, 1678961213),
(706, 979, 'paid', 'credit', 0, 30.00, '3.00', '0.00', '33.00', '0.00', NULL, NULL, 1678961648),
(707, 1045, 'paid', 'credit', 0, 30.00, '3.00', '0.00', '33.00', '0.00', NULL, NULL, 1679088424),
(708, 1046, 'pending', NULL, 0, 25.00, '2.50', '0.00', '27.50', '0.00', NULL, NULL, 1679093084),
(709, 995, 'pending', NULL, 0, 30000.00, '3000.00', '0.00', '33000.00', '0.00', NULL, NULL, 1683604344),
(710, 995, 'pending', NULL, 0, 30000.00, '3000.00', '0.00', '33000.00', '0.00', NULL, NULL, 1683604453),
(711, 995, 'pending', NULL, 0, 30000.00, '3000.00', '0.00', '33000.00', '0.00', NULL, NULL, 1683604459),
(712, 1059, 'pending', 'payment_channel', 0, 20.00, '2.20', NULL, '22.20', NULL, NULL, NULL, 1691131711),
(713, 996, 'pending', 'payment_channel', 0, 10000.00, '990.00', '1000.00', '9990.00', '0.00', NULL, NULL, 1701094061),
(714, 996, 'pending', 'payment_channel', 0, 10000.00, '990.00', '1000.00', '9990.00', '0.00', NULL, NULL, 1701094161);

-- --------------------------------------------------------

--
-- Table structure for table `order_items`
--

CREATE TABLE `order_items` (
  `id` int(10) UNSIGNED NOT NULL,
  `user_id` int(10) UNSIGNED NOT NULL,
  `order_id` int(10) UNSIGNED NOT NULL,
  `webinar_id` int(10) UNSIGNED DEFAULT NULL,
  `bundle_id` int(10) UNSIGNED DEFAULT NULL,
  `subscribe_id` int(10) UNSIGNED DEFAULT NULL,
  `promotion_id` int(10) UNSIGNED DEFAULT NULL,
  `gift_id` int(10) UNSIGNED DEFAULT NULL,
  `registration_package_id` int(10) UNSIGNED DEFAULT NULL,
  `product_id` int(10) UNSIGNED DEFAULT NULL,
  `product_order_id` int(10) UNSIGNED DEFAULT NULL,
  `installment_payment_id` int(10) UNSIGNED DEFAULT NULL,
  `reserve_meeting_id` int(10) UNSIGNED DEFAULT NULL,
  `ticket_id` int(10) UNSIGNED DEFAULT NULL,
  `discount_id` int(11) DEFAULT NULL,
  `become_instructor_id` int(10) UNSIGNED DEFAULT NULL,
  `amount` double(15,2) UNSIGNED DEFAULT NULL,
  `tax` int(10) UNSIGNED DEFAULT NULL,
  `tax_price` double(15,2) DEFAULT NULL,
  `commission` int(10) UNSIGNED DEFAULT NULL,
  `commission_price` double(15,2) DEFAULT NULL,
  `discount` double(15,2) DEFAULT NULL,
  `total_amount` double(15,2) DEFAULT NULL,
  `product_delivery_fee` double(15,2) DEFAULT NULL,
  `created_at` int(10) UNSIGNED DEFAULT NULL
) ENGINE=InnoDB DEFAULT CHARSET=utf8mb4 COLLATE=utf8mb4_unicode_ci ROW_FORMAT=DYNAMIC;

--
-- Dumping data for table `order_items`
--

INSERT INTO `order_items` (`id`, `user_id`, `order_id`, `webinar_id`, `bundle_id`, `subscribe_id`, `promotion_id`, `gift_id`, `registration_package_id`, `product_id`, `product_order_id`, `installment_payment_id`, `reserve_meeting_id`, `ticket_id`, `discount_id`, `become_instructor_id`, `amount`, `tax`, `tax_price`, `commission`, `commission_price`, `discount`, `total_amount`, `product_delivery_fee`, `created_at`) VALUES
(310, 1015, 306, 1996, NULL, NULL, 3, NULL, NULL, NULL, NULL, NULL, NULL, NULL, NULL, NULL, 63.00, 10, 6.30, 0, 0.00, NULL, 69.30, NULL, 1625145687),
(311, 996, 307, NULL, NULL, NULL, NULL, NULL, NULL, NULL, NULL, NULL, 48, NULL, NULL, NULL, 150.00, 10, 15.00, 20, 30.00, 0.00, 165.00, NULL, 1625944333),
(312, 995, 308, NULL, NULL, NULL, NULL, NULL, NULL, NULL, NULL, NULL, 49, NULL, NULL, NULL, 100.00, 10, 10.00, 20, 20.00, 0.00, 110.00, NULL, 1625952623),
(313, 995, 309, 2005, NULL, NULL, NULL, NULL, NULL, NULL, NULL, NULL, NULL, NULL, NULL, NULL, 10.00, 10, 1.00, 20, 2.00, 0.00, 11.00, NULL, 1625953190),
(314, 995, 310, NULL, NULL, NULL, NULL, NULL, NULL, NULL, NULL, NULL, 50, NULL, NULL, NULL, 125.00, 10, 12.50, 20, 25.00, 0.00, 137.50, NULL, 1625996807),
(315, 995, 311, 1999, NULL, NULL, NULL, NULL, NULL, NULL, NULL, NULL, NULL, NULL, NULL, NULL, 50.00, 10, 5.00, 10, 5.00, 0.00, 55.00, NULL, 1625996936),
(316, 995, 312, 1998, NULL, NULL, NULL, NULL, NULL, NULL, NULL, NULL, NULL, 28, NULL, NULL, 100.00, 10, 5.00, 20, 10.00, 50.00, 55.00, NULL, 1625996974),
(317, 995, 313, 2001, NULL, NULL, NULL, NULL, NULL, NULL, NULL, NULL, NULL, NULL, NULL, NULL, 20.00, 10, 1.60, 10, 1.60, 4.00, 17.60, NULL, 1625997096),
(318, 996, 314, 2006, NULL, NULL, NULL, NULL, NULL, NULL, NULL, NULL, NULL, NULL, NULL, NULL, 25.00, 10, 2.25, 20, 4.50, 2.50, 24.75, NULL, 1626060481),
(319, 996, 315, 1998, NULL, NULL, NULL, NULL, NULL, NULL, NULL, NULL, NULL, 28, NULL, NULL, 100.00, 10, 4.00, 20, 8.00, 60.00, 44.00, NULL, 1626060548),
(320, 930, 316, 1998, NULL, NULL, NULL, NULL, NULL, NULL, NULL, NULL, NULL, 28, NULL, NULL, 100.00, 10, 5.00, 20, 10.00, 50.00, 55.00, NULL, 1626060832),
(321, 979, 317, 2004, NULL, NULL, NULL, NULL, NULL, NULL, NULL, NULL, NULL, NULL, NULL, NULL, 60.00, 10, 6.00, 10, 6.00, 0.00, 66.00, NULL, 1626061329),
(322, 979, 318, 2002, NULL, NULL, NULL, NULL, NULL, NULL, NULL, NULL, NULL, NULL, NULL, NULL, 20.00, 10, 2.00, 20, 4.00, 0.00, 22.00, NULL, 1626061366),
(323, 979, 318, 2000, NULL, NULL, NULL, NULL, NULL, NULL, NULL, NULL, NULL, NULL, NULL, NULL, 30.00, 10, 3.00, 20, 6.00, 0.00, 33.00, NULL, 1626061366),
(324, 995, 319, NULL, NULL, 3, NULL, NULL, NULL, NULL, NULL, NULL, NULL, NULL, NULL, NULL, 20.00, 10, 2.00, 0, 0.00, NULL, 22.00, NULL, 1626061431),
(325, 1015, 320, 2002, NULL, NULL, NULL, NULL, NULL, NULL, NULL, NULL, NULL, NULL, NULL, NULL, 20.00, 10, 2.00, 20, 4.00, 0.00, 22.00, NULL, 1626132487),
(326, 1015, 321, 2002, NULL, NULL, NULL, NULL, NULL, NULL, NULL, NULL, NULL, NULL, 7, NULL, 20.00, 10, 1.60, 20, 3.20, 4.00, 17.60, NULL, 1626132840),
(327, 929, 322, 2003, NULL, NULL, NULL, NULL, NULL, NULL, NULL, NULL, NULL, 31, NULL, NULL, 40.00, 10, 3.00, 20, 6.00, 10.00, 33.00, NULL, 1626240993),
(328, 929, 323, 2004, NULL, NULL, 3, NULL, NULL, NULL, NULL, NULL, NULL, NULL, NULL, NULL, 50.00, 10, 5.00, 0, 0.00, NULL, 55.00, NULL, 1626241146),
(329, 929, 324, 2003, NULL, NULL, NULL, NULL, NULL, NULL, NULL, NULL, NULL, 31, NULL, NULL, 40.00, 10, 3.00, 20, 6.00, 10.00, 33.00, NULL, 1626241207),
(330, 995, 325, NULL, NULL, NULL, NULL, NULL, NULL, NULL, NULL, NULL, 51, NULL, NULL, NULL, 100.00, 10, 10.00, 20, 20.00, 0.00, 110.00, NULL, 1626247189),
(331, 1015, 326, 2001, NULL, NULL, NULL, NULL, NULL, NULL, NULL, NULL, NULL, NULL, NULL, NULL, 20.00, 10, 1.60, 10, 1.60, 4.00, 17.60, NULL, 1626284818),
(332, 996, 327, 2000, NULL, NULL, NULL, NULL, NULL, NULL, NULL, NULL, NULL, NULL, NULL, NULL, 30.00, 10, 2.70, 20, 5.40, 3.00, 29.70, NULL, 1626508952),
(333, 929, 328, 2000, NULL, NULL, NULL, NULL, NULL, NULL, NULL, NULL, NULL, NULL, NULL, NULL, 30.00, 10, 3.00, 20, 6.00, 0.00, 33.00, NULL, 1635412190),
(334, 979, 329, NULL, NULL, 4, NULL, NULL, NULL, NULL, NULL, NULL, NULL, NULL, NULL, NULL, 100.00, 10, 10.00, 0, 0.00, NULL, 110.00, NULL, 1635448382),
(335, 1017, 330, 2000, NULL, NULL, NULL, NULL, NULL, NULL, NULL, NULL, NULL, NULL, NULL, NULL, 30.00, 10, 3.00, 20, 6.00, 0.00, 33.00, NULL, 1639379271),
(336, 1017, 331, 1998, NULL, NULL, NULL, NULL, NULL, NULL, NULL, NULL, NULL, NULL, NULL, NULL, 100.00, 10, 10.00, 20, 20.00, 0.00, 110.00, NULL, 1639379347),
(337, 1017, 332, 2003, NULL, NULL, NULL, NULL, NULL, NULL, NULL, NULL, NULL, 31, NULL, NULL, 40.00, 10, 3.00, 20, 6.00, 10.00, 33.00, NULL, 1639379382),
(338, 995, 333, 2009, NULL, NULL, NULL, NULL, NULL, NULL, NULL, NULL, NULL, NULL, NULL, NULL, 10.00, 10, 1.00, 20, 2.00, 0.00, 11.00, NULL, 1646172083),
(339, 996, 334, 2009, NULL, NULL, NULL, NULL, NULL, NULL, NULL, NULL, NULL, NULL, NULL, NULL, 10.00, 10, 0.90, 20, 1.80, 1.00, 9.90, NULL, 1646172119),
(340, 979, 335, 2009, NULL, NULL, NULL, NULL, NULL, NULL, NULL, NULL, NULL, NULL, NULL, NULL, 10.00, 10, 1.00, 20, 2.00, 0.00, 11.00, NULL, 1646172156),
(341, 929, 336, 2009, NULL, NULL, NULL, NULL, NULL, NULL, NULL, NULL, NULL, NULL, NULL, NULL, 10.00, 10, 1.00, 20, 2.00, 0.00, 11.00, NULL, 1646172292),
(342, 995, 337, NULL, NULL, NULL, NULL, NULL, NULL, NULL, NULL, NULL, 1, NULL, NULL, NULL, 750.00, 10, 75.00, 20, 150.00, 0.00, 825.00, NULL, 1646379279),
(343, 1017, 338, NULL, NULL, NULL, NULL, NULL, NULL, NULL, NULL, NULL, 5, NULL, NULL, NULL, 300.00, 10, 30.00, 20, 60.00, 0.00, 330.00, NULL, 1646380150),
(344, 930, 339, NULL, NULL, NULL, NULL, NULL, 2, NULL, NULL, NULL, NULL, NULL, NULL, 5, 199.00, 10, 19.90, 0, 0.00, NULL, 218.90, NULL, 1646386782),
(345, 859, 340, NULL, NULL, NULL, NULL, NULL, 4, NULL, NULL, NULL, NULL, NULL, NULL, 6, 200.00, 10, 20.00, 0, 0.00, NULL, 220.00, NULL, 1646387650),
(346, 930, 341, NULL, 1, NULL, NULL, NULL, NULL, NULL, NULL, NULL, NULL, NULL, NULL, NULL, 50.00, 10, 5.00, 20, 10.00, 0.00, 55.00, 0.00, 1656083106),
(347, 995, 342, NULL, NULL, NULL, NULL, NULL, NULL, 4, 1, NULL, NULL, NULL, NULL, NULL, 5.00, 5, 0.25, 20, 1.00, 0.00, 5.25, 0.00, 1656103838),
(348, 923, 343, NULL, NULL, NULL, NULL, NULL, NULL, 1, 2, NULL, NULL, NULL, NULL, NULL, 25.00, 5, 1.25, 10, 2.50, 0.00, 31.25, 5.00, 1656104126),
(349, 996, 344, 2003, NULL, NULL, NULL, NULL, NULL, NULL, NULL, NULL, NULL, NULL, NULL, NULL, 40.00, 10, 3.60, 20, 7.20, 4.00, 39.60, 0.00, 1656130476),
(350, 930, 345, NULL, NULL, NULL, NULL, NULL, NULL, 2, 3, NULL, NULL, NULL, NULL, NULL, 290.00, 5, 14.50, 10, 29.00, 0.00, 314.50, 10.00, 1656130702),
(351, 996, 346, NULL, NULL, NULL, NULL, NULL, NULL, 5, 4, NULL, NULL, NULL, NULL, NULL, 75.00, 5, 3.75, 20, 15.00, 0.00, 78.75, 0.00, 1656130959),
(352, 979, 347, NULL, 2, NULL, NULL, NULL, NULL, NULL, NULL, NULL, NULL, NULL, NULL, NULL, 8.00, 10, 0.80, 20, 1.60, 0.00, 8.80, 0.00, 1656139699),
(353, 979, 347, NULL, 3, NULL, NULL, NULL, NULL, NULL, NULL, NULL, NULL, NULL, NULL, NULL, 25.00, 10, 2.50, 20, 5.00, 0.00, 27.50, 0.00, 1656139699),
(354, 1017, 348, NULL, NULL, NULL, NULL, NULL, NULL, 1, 5, NULL, NULL, NULL, NULL, NULL, 25.00, 5, 1.00, 10, 2.00, 5.00, 26.00, 5.00, 1656148569),
(355, 995, 349, NULL, NULL, NULL, NULL, NULL, NULL, 1, 6, NULL, NULL, NULL, NULL, NULL, 50.00, 5, 2.25, 10, 4.50, 5.00, 52.25, 5.00, 1656148735),
(356, 995, 350, NULL, NULL, NULL, NULL, NULL, NULL, 1, 6, NULL, NULL, NULL, NULL, NULL, 50.00, 5, 2.25, 10, 4.50, 5.00, 52.25, 5.00, 1656148833),
(357, 995, 351, NULL, NULL, NULL, NULL, NULL, NULL, 6, 7, NULL, NULL, NULL, 9, NULL, 20.00, 5, 1.00, 20, 4.00, 4.00, 17.00, 0.00, 1656322652),
(692, 995, 694, NULL, NULL, NULL, NULL, NULL, NULL, NULL, NULL, 1, NULL, NULL, NULL, NULL, 30.00, 10, 3.00, 20, 6.00, 0.00, 33.00, 0.00, 1678915479),
(693, 979, 695, NULL, NULL, NULL, NULL, NULL, NULL, NULL, NULL, 2, NULL, NULL, NULL, NULL, 30.00, 10, 3.00, 20, 6.00, 0.00, 33.00, 0.00, 1678917758),
(695, 930, 697, NULL, NULL, NULL, NULL, NULL, NULL, NULL, NULL, 3, NULL, NULL, NULL, NULL, 30.00, 10, 3.00, 20, 6.00, 0.00, 33.00, 0.00, 1678922505),
(696, 995, 698, NULL, NULL, NULL, NULL, NULL, NULL, NULL, NULL, 4, NULL, NULL, NULL, NULL, 20.00, 10, 2.00, 20, 4.00, 0.00, 22.00, 0.00, 1678922687),
(697, 1017, 699, NULL, NULL, NULL, NULL, NULL, NULL, NULL, NULL, 5, NULL, NULL, NULL, NULL, 30.00, 10, 3.00, 20, 6.00, 0.00, 33.00, 0.00, 1678923549),
(698, 979, 700, NULL, NULL, NULL, NULL, NULL, NULL, NULL, NULL, 6, NULL, NULL, NULL, NULL, 30.00, 10, 3.00, 20, 6.00, 0.00, 33.00, 0.00, 1678925784),
(699, 995, 701, NULL, NULL, NULL, NULL, NULL, NULL, NULL, NULL, 7, NULL, NULL, NULL, NULL, 30.00, 10, 3.00, 20, 6.00, 0.00, 33.00, 0.00, 1678925910),
(700, 995, 702, NULL, NULL, NULL, NULL, NULL, NULL, NULL, NULL, 9, NULL, NULL, NULL, NULL, 20.00, 10, 2.00, 20, 4.00, 0.00, 22.00, 0.00, 1678926034),
(701, 1045, 703, 2022, NULL, NULL, NULL, NULL, NULL, NULL, NULL, NULL, NULL, NULL, NULL, NULL, 100.00, 10, 10.00, 20, 20.00, 0.00, 110.00, 0.00, 1678959216),
(702, 995, 704, NULL, NULL, NULL, NULL, NULL, NULL, NULL, NULL, 10, NULL, NULL, NULL, NULL, 30.00, 10, 3.00, 20, 6.00, 0.00, 33.00, 0.00, 1678960998),
(703, 930, 705, 2004, NULL, NULL, NULL, NULL, NULL, NULL, NULL, NULL, NULL, NULL, NULL, NULL, 60.00, 10, 3.60, 10, 3.60, 24.00, 39.60, 0.00, 1678961213),
(704, 979, 706, NULL, NULL, NULL, NULL, NULL, NULL, NULL, NULL, 11, NULL, NULL, NULL, NULL, 30.00, 10, 3.00, 20, 6.00, 0.00, 33.00, 0.00, 1678961648),
(705, 1045, 707, 2000, NULL, NULL, NULL, NULL, NULL, NULL, NULL, NULL, NULL, NULL, NULL, NULL, 30.00, 10, 3.00, 20, 6.00, 0.00, 33.00, 0.00, 1679088424),
(706, 1046, 708, NULL, 3, NULL, NULL, NULL, NULL, NULL, NULL, NULL, NULL, NULL, NULL, NULL, 25.00, 10, 2.50, 10, 2.50, 0.00, 27.50, 0.00, 1679093084),
(707, 995, 709, 2000, NULL, NULL, NULL, NULL, NULL, NULL, NULL, NULL, NULL, NULL, NULL, NULL, 30000.00, 10, 3000.00, 20, 6000.00, 0.00, 33000.00, 0.00, 1683604344),
(708, 995, 710, 2000, NULL, NULL, NULL, NULL, NULL, NULL, NULL, NULL, NULL, NULL, NULL, NULL, 30000.00, 10, 3000.00, 20, 6000.00, 0.00, 33000.00, 0.00, 1683604453),
(709, 995, 711, 2000, NULL, NULL, NULL, NULL, NULL, NULL, NULL, NULL, NULL, NULL, NULL, NULL, 30000.00, 10, 3000.00, 20, 6000.00, 0.00, 33000.00, 0.00, 1683604459),
(710, 1059, 712, NULL, NULL, 3, NULL, NULL, NULL, NULL, NULL, NULL, NULL, NULL, NULL, NULL, 20.00, 11, 2.20, 0, 0.00, NULL, 22.20, NULL, 1691131711),
(711, 996, 713, 2040, NULL, NULL, NULL, NULL, NULL, NULL, NULL, NULL, NULL, NULL, NULL, NULL, 10000.00, 11, 990.00, 20, 1800.00, 1000.00, 9990.00, 0.00, 1701094061),
(712, 996, 714, 2040, NULL, NULL, NULL, NULL, NULL, NULL, NULL, NULL, NULL, NULL, NULL, NULL, 10000.00, 11, 990.00, 20, 1800.00, 1000.00, 9990.00, 0.00, 1701094161);

-- --------------------------------------------------------

--
-- Table structure for table `pages`
--

CREATE TABLE `pages` (
  `id` int(10) UNSIGNED NOT NULL,
  `link` varchar(255) NOT NULL,
  `name` varchar(255) NOT NULL,
  `robot` tinyint(1) NOT NULL DEFAULT 0,
  `status` enum('publish','draft') NOT NULL DEFAULT 'draft',
  `created_at` int(10) UNSIGNED NOT NULL
) ENGINE=InnoDB DEFAULT CHARSET=utf8mb4 COLLATE=utf8mb4_unicode_ci;

--
-- Dumping data for table `pages`
--

INSERT INTO `pages` (`id`, `link`, `name`, `robot`, `status`, `created_at`) VALUES
(3, '/about', 'Tentang', 1, 'publish', 1680583693),
(5, '/terms', 'Syarat & aturan', 1, 'publish', 1688981118),
(6, '/reward_points_system', 'Sistem Hadiah Poin', 1, 'publish', 1680583423);

-- --------------------------------------------------------

--
-- Table structure for table `page_translations`
--

CREATE TABLE `page_translations` (
  `id` bigint(20) UNSIGNED NOT NULL,
  `page_id` int(10) UNSIGNED NOT NULL,
  `locale` varchar(255) NOT NULL,
  `title` varchar(255) NOT NULL,
  `seo_description` varchar(255) DEFAULT NULL,
  `content` longtext NOT NULL
) ENGINE=InnoDB DEFAULT CHARSET=utf8mb4 COLLATE=utf8mb4_unicode_ci;

--
-- Dumping data for table `page_translations`
--

INSERT INTO `page_translations` (`id`, `page_id`, `locale`, `title`, `seo_description`, `content`) VALUES
(1, 3, 'en', 'About Rocket LMS', 'Rocket LMS is an online course marketplace with a pile of features that helps you to run your online education business easily.', '<div><b>Rocket LMS</b> is an online course marketplace with a pile of features that helps you to run your online education business easily. This platform helps instructors and students get in touch together and share knowledge.</div><div><br></div><div>Teachers will be able to create unlimited video courses, live classes, text courses, projects, quizzes, files, etc and students will be able to use the educational material and increase their skill level.</div><div><br></div><div>Rocket LMS is based on real business needs, cultural differences, advanced user researches so it covers your business requirements efficiently.</div><div style=\"text-align: center; \"><img src=\"/store/1/default_images/about.png\" style=\"width: 1110px;\"><br></div><div><br></div><div><b>WHY CHOOSE Rocket LMS?</b></div><div><br></div><div>- Comprehensive solution for online education businesses</div><div>- Based on real business needs</div><div>- Multiple content types (Video courses, Live classes, text courses)</div><div>- Youtube, Vimeo, and AWS integration</div><div>- Google calendar integration</div><div>- Online 1 to 1 meetings support</div><div>- Single &amp; multiple instructors</div><div>- Organizational education system</div><div>- Subscribe system</div><div>- Various payment gateways for worldwide</div><div>- Offline payment</div><div>- Multilanguage</div><div>- Fully responsive</div><div>- Fully customizable</div><div>- RTL support</div>'),
(2, 5, 'en', 'Terms of Service', 'Terima kasih telah menggunakan layanan website \"Bacapustaka.com\" kami yang memungkinkan guru-guru mengunggah eBook, audiobook, dan videobook, serta memberikan akses kepada siswa-siswi untuk membaca dan belajar', '<div>Terms of Service for \"Bacapustaka.com\"</div><div><br></div><div>Thank you for using our Library \"Bacapustaka.com\", which allows teachers to upload eBooks, audiobooks, and videobooks, and provides students with the ability to read and learn on the website. The following are the terms of service that you must adhere to:</div><div><br></div><div>1. Access and Usage</div><div>&nbsp; &nbsp;a. This \"Bacapustaka.com\"&nbsp;website can only be accessed by registered users with valid accounts.</div><div>&nbsp; &nbsp;b. Personal information provided during registration must be accurate and up-to-date.</div><div><br></div><div>2. Uploaded Content</div><div>&nbsp; &nbsp;a. Teachers are fully responsible for the content they upload, including eBooks, audiobooks, and videobooks.</div><div>&nbsp; &nbsp;b. Uploaded content must comply with copyright laws and not violate any library policies.</div><div>&nbsp; &nbsp;c. We reserve the right to remove or suspend any content that violates these terms.</div><div><br></div><div>3. Use of Content</div><div>&nbsp; &nbsp;a. Students are permitted to read, listen to, and watch the available content on the website for educational purposes.</div><div>&nbsp; &nbsp;b. Content on the \"Bacapustaka.com\"&nbsp;website may not be distributed, copied, or used for commercial purposes without written permission from the content owners.</div><div><br></div><div>4. Confidentiality and Security</div><div>&nbsp; &nbsp;a. We will maintain the confidentiality of the personal information provided during registration and use of the service.</div><div>&nbsp; &nbsp;b. We are not responsible for any loss or damage resulting from the unauthorized use of information or accounts.</div><div><br></div><div>5. Code of Ethics</div><div>&nbsp; &nbsp;a. Users are expected to respect intellectual property rights, avoid disseminating infringing content, and maintain proper etiquette and behavior while interacting on the website.</div><div><br></div><div>6. Changes and Termination of Service</div><div>&nbsp; &nbsp;a. We reserve the right to modify or terminate the service without prior notice.</div><div>&nbsp; &nbsp;b. We are not liable for any losses resulting from changes or termination of the service.</div><div><br></div><div>By using the Library \"Bacapustaka.com\", you are deemed to have read, understood, and agreed to these terms of service. If you do not agree with these terms, please refrain from using our service.</div>'),
(3, 6, 'en', 'Reward Points System', 'Rocket LMS Reward Points System is a Complete Loyalty Reward Points System and the most comprehensive Points and Rewards Plugin.', '<p><img src=\"/store/1/default_images/Reward Points System.jpg\" style=\"width: 800px;\"><br></p><p><b>Rocket LMS&nbsp;Reward Points System is a Complete Loyalty Reward Points System and the most comprehensive Points and Rewards Plugin. Reward your Customers using Reward Points for Product Purchase, Writing Reviews, Sign up, Referrals, etc. The earned Reward Points can be redeemed for future purchases.&nbsp;</b></p>'),
(4, 5, 'es', 'Términos de servicio', 'Nuestra misión es mejorar vidas a través del aprendizaje. Permitimos que cualquier persona en cualquier lugar pueda crear y compartir contenido educativo (instructores) y acceder a ese contenido educativo para aprender.', '<p>Nota: Estos son solo datos de demostración.</p><p><br></p><p>Nuestra misión es mejorar vidas a través del aprendizaje. Permitimos que cualquier persona en cualquier lugar pueda crear y compartir contenido educativo (instructores) y acceder a ese contenido educativo para aprender (estudiantes). Consideramos nuestro modelo de mercado la mejor manera de ofrecer contenido educativo valioso a nuestros usuarios. Necesitamos reglas para mantener nuestra plataforma y servicios seguros para usted, nosotros y nuestra comunidad de estudiantes e instructores. Estos Términos se aplican a todas sus actividades en el sitio web de Udemy, las aplicaciones móviles de Udemy, nuestras aplicaciones de TV, nuestras API y otros servicios relacionados (\"Servicios\").</p><p><br></p><p>Si publica contenido en nuestra plataforma, también debe aceptar los Términos del instructor. También proporcionamos detalles sobre nuestro procesamiento de los datos personales de nuestros estudiantes e instructores en nuestra Política de privacidad. Si utiliza nuestra plataforma para empresas como parte de la suscripción a Udemy for Business de su organización, debe consultar nuestra Declaración de privacidad de Udemy for Business.</p><p><br></p><p><br></p><p><br></p><p>Necesita una cuenta para la mayoría de las actividades en nuestra plataforma, incluso para comprar y acceder a contenido o para enviar contenido para su publicación. Al configurar y mantener su cuenta, debe proporcionar y continuar proporcionando información precisa y completa, incluida una dirección de correo electrónico válida. Usted es completamente responsable de su cuenta y de todo lo que sucede en ella, incluido cualquier daño o perjuicio (a nosotros o a cualquier otra persona) causado por alguien que usa su cuenta sin su permiso. Esto significa que debe tener cuidado con su contraseña. No puede transferir su cuenta a otra persona ni usar la cuenta de otra persona. Si se comunica con nosotros para solicitar acceso a una cuenta, no le otorgaremos dicho acceso a menos que pueda proporcionarnos la información que necesitamos para demostrar que es el propietario de esa cuenta. En caso de fallecimiento de un usuario, la cuenta de ese usuario se cerrará.</p>'),
(5, 5, 'ar', 'شروط الخدمة', 'مهمتنا هي تحسين الحياة من خلال التعلم. نحن نمكن أي شخص في أي مكان من إنشاء ومشاركة المحتوى التعليمي (المدربين) والوصول إلى هذا المحتوى التعليمي للتعلم.', '<p style=\"direction: rtl; text-align: right;\">ملاحظة: هذه مجرد بيانات تجريبية.</p><p style=\"direction: rtl; text-align: right;\">مهمتنا هي تحسين الحياة من خلال التعلم. نحن نمكن أي شخص في أي مكان من إنشاء ومشاركة المحتوى التعليمي (المدربين) والوصول إلى هذا المحتوى التعليمي للتعلم (الطلاب). نحن نعتبر نموذج السوق الخاص بنا هو أفضل طريقة لتقديم محتوى تعليمي قيم لمستخدمينا. نحن بحاجة إلى قواعد للحفاظ على نظامنا الأساسي وخدماتنا آمنة لك ولنا ومجتمع الطلاب والمدرسين لدينا. تنطبق هذه الشروط على جميع أنشطتك على موقع Udemy على الويب ، وتطبيقات Udemy للهاتف المحمول ، وتطبيقات التلفزيون لدينا ، وواجهات برمجة التطبيقات الخاصة بنا ، والخدمات الأخرى ذات الصلة (\"الخدمات\").</p><p style=\"direction: rtl; text-align: right;\">إذا قمت بنشر محتوى على نظامنا الأساسي ، فيجب عليك أيضًا الموافقة على شروط المدرب. نقدم أيضًا تفاصيل تتعلق بمعالجتنا للبيانات الشخصية لطلابنا ومعلمينا في سياسة الخصوصية الخاصة بنا. إذا كنت تستخدم منصتنا للأعمال كجزء من اشتراك Udemy for Business الخاص بمؤسستك ، فيجب عليك الرجوع إلى بيان خصوصية Udemy for Business.</p><p style=\"direction: rtl; text-align: right;\">أنت بحاجة إلى حساب لمعظم الأنشطة على نظامنا الأساسي ، بما في ذلك شراء المحتوى والوصول إليه أو إرسال المحتوى للنشر. عند إعداد حسابك وصيانته ، يجب عليك تقديم معلومات دقيقة وكاملة والاستمرار في تقديمها ، بما في ذلك عنوان بريد إلكتروني صالح. أنت تتحمل المسؤولية الكاملة عن حسابك وكل ما يحدث على حسابك ، بما في ذلك أي ضرر أو ضرر (لنا أو لأي شخص آخر) ناجم عن شخص يستخدم حسابك دون إذنك. هذا يعني أنك بحاجة إلى توخي الحذر بشأن كلمة المرور الخاصة بك. لا يجوز لك نقل حسابك إلى شخص آخر أو استخدام حساب شخص آخر. إذا اتصلت بنا لطلب الوصول إلى حساب ، فلن نمنحك هذا الوصول ما لم تتمكن من تزويدنا بالمعلومات التي نحتاجها لإثبات أنك مالك هذا الحساب. في حالة وفاة المستخدم ، سيتم إغلاق حساب هذا المستخدم.</p>'),
(6, 5, 'id', 'Ketentuan Layanan', 'Terima kasih telah menggunakan layanan website \"Bacapustaka.com\" kami yang memungkinkan guru-guru mengunggah eBook, audiobook, dan videobook, serta memberikan akses kepada siswa-siswi untuk membaca dan belajar', '<div>Ketentuan Layanan Website \"Bacapustaka.com\"</div><div><br></div><div>Terima kasih telah menggunakan layanan website \"Bacapustaka.com\" kami yang memungkinkan guru-guru mengunggah eBook, audiobook, dan videobook, serta memberikan akses kepada siswa-siswi untuk membaca dan belajar. Berikut adalah ketentuan penggunaan layanan yang harus Anda patuhi:</div><div><br></div><div>1. Akses dan Penggunaan</div><div>   a. Website \"Bacapustaka.com\" ini dapat diakses oleh guru-guru yang telah terdaftar dan memiliki akun yang valid untuk mengunggah materi pembelajaran.</div><div>   b. Siswa-siswi dapat mengakses website ini dengan menggunakan akun yang telah disediakan oleh guru atau pihak sekolah.</div><div>   c. Setiap pengguna bertanggung jawab untuk menjaga kerahasiaan informasi akun masing-masing.</div><div><br></div><div>2. Konten yang Diunggah</div><div>   a. Guru-guru memiliki tanggung jawab penuh atas konten yang mereka unggah, termasuk eBook, audiobook, dan videobook.</div><div>   b. Konten yang diunggah harus mematuhi hak cipta dan tidak melanggar hukum atau melanggar kebijakan perpustakaan.</div><div>   c. Kami berhak untuk menghapus atau menangguhkan konten yang melanggar ketentuan ini.</div><div><br></div><div>3. Penggunaan Konten</div><div>   a. Siswa-siswi diizinkan untuk membaca, mendengarkan, dan menonton konten yang tersedia di website sesuai dengan tujuan pendidikan.</div><div>   b. Konten yang ada di website \"Bacapustaka.com\" tidak boleh didistribusikan, disalin, atau digunakan untuk kepentingan komersial tanpa izin tertulis dari pemilik konten.</div><div><br></div><div>4. Kerahasiaan dan Keamanan</div><div>   a. Kami akan menjaga kerahasiaan informasi pribadi yang Anda berikan saat mendaftar dan menggunakan layanan ini.</div><div>   b. Kami tidak bertanggung jawab atas kerugian atau kerusakan yang mungkin timbul akibat penggunaan informasi atau akun yang diperoleh secara tidak sah.</div><div><br></div><div>5. Kode Etik</div><div>   a. Pengguna diharapkan untuk menghormati hak kekayaan intelektual, menghindari tindakan menyebarkan konten yang melanggar, serta menjaga etika dan tata krama dalam berinteraksi di website ini.</div><div><br></div><div>6. Perubahan dan Penghentian Layanan</div><div>   a. Kami berhak untuk mengubah atau menghentikan layanan ini tanpa pemberitahuan terlebih dahulu.</div><div>   b. Kami tidak bertanggung jawab atas kerugian yang mungkin timbul akibat perubahan atau penghentian layanan.</div><div><br></div><div>Dengan menggunakan layanan website \"Bacapustaka.com\" ini, Anda dianggap telah membaca, memahami, dan menyetujui ketentuan layanan ini. Jika Anda tidak setuju dengan ketentuan ini, diharapkan untuk tidak menggunakan layanan kami.</div>'),
(7, 6, 'id', 'Sistem Hadiah Poin', 'Reward Points System adalah Sistem Hadiah Poin untuk pelanggan LMS.', '<p><img src=\"/store/1/default_images/Reward Points System.jpg\" style=\"width: 800px;\"><br></p><p><b>Poin dan Hadiah terlengkap. Hadiahi Pelanggan/Siswa Anda menggunakan Poin Hadiah untuk Pembelian Produk, Menulis Ulasan, Mendaftar, Referensi, dll. Poin Hadiah yang diperoleh dapat ditukarkan untuk pembelian di masa mendatang.</b></p>'),
(8, 3, 'id', 'Tentang Kami', 'Elearning LMS adalah pasar kursus online dengan setumpuk fitur yang membantu Anda menjalankan bisnis pendidikan online dengan mudah.', '<div><b>Elearning LMS adalah</b> pasar kursus online dengan setumpuk fitur yang membantu Anda menjalankan bisnis pendidikan online dengan mudah. Platform ini membantu instruktur dan siswa saling berhubungan dan berbagi pengetahuan.</div><div><br></div><div>Guru akan dapat membuat kursus video tanpa batas, kelas langsung, kursus teks, proyek, kuis, file, dll. Dan siswa akan dapat menggunakan materi pendidikan dan meningkatkan tingkat keterampilan mereka.</div><div><br></div><div>Elearning LMS didasarkan pada kebutuhan bisnis nyata, perbedaan budaya, penelitian pengguna tingkat lanjut sehingga mencakup kebutuhan bisnis Anda secara efisien.</div><div style=\"text-align: center; \"><img src=\"/store/1/default_images/about.png\" style=\"width: 1110px;\"><br></div><div><br></div><div><b>Ini dia, fitur elearning kami :</b></div><div><br></div><div><div>- Solusi komprehensif untuk bisnis pendidikan online</div><div>- Berdasarkan kebutuhan pasar kursus</div><div>- Berbagai jenis konten (Kursus video, Kelas livestream, kursus teks)</div><div>- Integrasi Youtube, Vimeo, dan AWS</div><div>- Integrasi kalender Google</div><div>- Dukungan pertemuan online, sendiri atau berkelompok</div><div>- Tunggal &amp; beberapa instruktur</div><div>- Sistem pendidikan organisasi</div><div>- Berlangganan sistem</div><div>- Berbagai gateway pembayaran agar pembayaran mudah</div><div>- Bayar CoD</div><div>- Banyak bahasa</div><div>- Sepenuhnya responsif</div><div>- Sepenuhnya dapat disesuaikan</div><div>- Dukungan RTL, atau bahasa Arab</div></div>');

-- --------------------------------------------------------

--
-- Table structure for table `password_resets`
--

CREATE TABLE `password_resets` (
  `email` varchar(255) NOT NULL,
  `token` varchar(255) NOT NULL,
  `created_at` timestamp NULL DEFAULT NULL
) ENGINE=InnoDB DEFAULT CHARSET=utf8mb4 COLLATE=utf8mb4_unicode_ci ROW_FORMAT=DYNAMIC;

--
-- Dumping data for table `password_resets`
--

INSERT INTO `password_resets` (`email`, `token`, `created_at`) VALUES
('av18981848@gmail.com', 'cYTtJLR86NoxZ0whf465XoQa98hhxAxx2Q7t3zeaeTJRYoUMQwqqzb4rgqP2', '2021-02-20 16:05:13'),
('indahsuryaningsih538@gmail.com', 'SyAafRjTqdRKMRtqvd3hbmSXq3Qk8CUrAXw4qwOtX0EPSSWxmGm5qYT5U1d2', '2023-05-22 03:09:35'),
('indahsuryaningsih538@gmail.com', 'fIPAb6E6JkDHKYikl0poDrDnN7BtPgZbEauusZFSRDQmpf0c6KjmLAsTAerv', '2023-05-22 03:09:36'),
('indahsuryaningsih538@gmail.com', 'GlUusn9JS9k65EDefL5xz0IbmnU4VRZj6qAnyQ2moAk5LfmcF4P7UZoAQSSK', '2023-05-22 03:09:37'),
('indahsuryaningsih538@gmail.com', '3kYfBJzGglA9iGYO9a6o8mtcMsl18kAa8FvLHr5HZHuexZ2kdFLW1xSicFAl', '2023-05-22 03:09:37'),
('indahsuryaningsih538@gmail.com', 'kZrSlK5L3TUtym5E4rTlJioQWlrUphgiJ9qK635ofUJXwlKLDGutlhZSnQXU', '2023-05-22 03:09:37'),
('indahsuryaningsih538@gmail.com', 'rAfs3gOg78sAx4lc7ibGjXcg6HBxGKtEqOA6traerQHYf2AuIB1WONmP73sl', '2023-05-22 03:09:37');

-- --------------------------------------------------------

--
-- Table structure for table `payku_payments`
--

CREATE TABLE `payku_payments` (
  `transaction_id` varchar(255) NOT NULL,
  `start` date NOT NULL,
  `end` date NOT NULL,
  `media` varchar(255) NOT NULL,
  `verification_key` varchar(255) NOT NULL,
  `authorization_code` varchar(255) NOT NULL,
  `last_4_digits` int(10) UNSIGNED DEFAULT NULL,
  `installments` varchar(255) DEFAULT NULL,
  `card_type` varchar(255) DEFAULT NULL,
  `additional_parameters` varchar(255) DEFAULT NULL,
  `currency` varchar(255) NOT NULL,
  `created_at` timestamp NULL DEFAULT NULL,
  `updated_at` timestamp NULL DEFAULT NULL,
  `payment_key` varchar(255) DEFAULT NULL,
  `transaction_key` varchar(255) DEFAULT NULL,
  `deposit_date` datetime DEFAULT NULL
) ENGINE=InnoDB DEFAULT CHARSET=utf8mb4 COLLATE=utf8mb4_unicode_ci;

-- --------------------------------------------------------

--
-- Table structure for table `payku_transactions`
--

CREATE TABLE `payku_transactions` (
  `id` varchar(255) NOT NULL,
  `status` varchar(255) DEFAULT NULL,
  `order` varchar(255) DEFAULT NULL,
  `email` varchar(255) DEFAULT NULL,
  `subject` varchar(255) DEFAULT NULL,
  `url` text DEFAULT NULL,
  `amount` int(10) UNSIGNED DEFAULT NULL,
  `notified_at` datetime DEFAULT NULL,
  `created_at` timestamp NULL DEFAULT NULL,
  `updated_at` timestamp NULL DEFAULT NULL,
  `full_name` varchar(255) DEFAULT NULL
) ENGINE=InnoDB DEFAULT CHARSET=utf8mb4 COLLATE=utf8mb4_unicode_ci;

-- --------------------------------------------------------

--
-- Table structure for table `payment_channels`
--

CREATE TABLE `payment_channels` (
  `id` int(10) UNSIGNED NOT NULL,
  `title` varchar(255) NOT NULL,
  `class_name` varchar(255) NOT NULL,
  `status` enum('active','inactive') NOT NULL,
  `image` varchar(255) DEFAULT NULL,
  `settings` text DEFAULT NULL,
  `currencies` text DEFAULT NULL,
  `created_at` varchar(255) NOT NULL
) ENGINE=InnoDB DEFAULT CHARSET=utf8mb4 COLLATE=utf8mb4_unicode_ci ROW_FORMAT=DYNAMIC;

--
-- Dumping data for table `payment_channels`
--

INSERT INTO `payment_channels` (`id`, `title`, `class_name`, `status`, `image`, `settings`, `currencies`, `created_at`) VALUES
(1, 'Alipay', 'Alipay', 'inactive', '/store/1/default_images/payment gateways/alipay.png', '', '[\"USD\",\"EUR\",\"INR\"]', '1654755044'),
(2, 'Authorize.net', 'Authorizenet', 'inactive', '/store/1/default_images/payment gateways/authirizenet.png', '', '[\"USD\",\"EUR\"]', '1654755044'),
(3, 'Bitpay', 'Bitpay', 'inactive', '/store/1/default_images/payment gateways/bitpay.png', '', '[\"USD\",\"EUR\",\"INR\"]', '1654755044'),
(4, 'Braintree', 'Braintree', 'inactive', '/store/1/default_images/payment gateways/braintree.png', '', '[\"USD\",\"EUR\",\"INR\"]', '1654755044'),
(5, 'Cashu', 'Cashu', 'inactive', '/store/1/default_images/payment gateways/cashu.png', '', '[\"USD\",\"EUR\",\"INR\"]', '1654755044'),
(6, 'Flutterwave', 'Flutterwave', 'inactive', '/store/1/default_images/payment gateways/flutterwave.png', '', '[\"USD\",\"EUR\"]', '1654755044'),
(7, 'Instamojo', 'Instamojo', 'inactive', '/store/1/default_images/payment gateways/instamojo.png', '', '[\"INR\"]', '1654755044'),
(8, 'Iyzipay', 'Iyzipay', 'inactive', '/store/1/default_images/payment gateways/iyzico.png', '', '[\"USD\"]', '1654755044'),
(9, 'Izipay', 'Izipay', 'inactive', '/store/1/default_images/payment gateways/izipay.png', '', '[\"USD\",\"EUR\",\"INR\"]', '1654755044'),
(10, 'KlarnaCheckout', 'KlarnaCheckout', 'inactive', '/store/1/default_images/payment gateways/klarna.png', '', '[\"USD\",\"EUR\"]', '1654755044'),
(11, 'MercadoPago', 'MercadoPago', 'inactive', '/store/1/default_images/payment gateways/mercadopago.png', '', '[\"USD\",\"EUR\",\"INR\"]', '1654755044'),
(12, 'Midtrans', 'Midtrans', 'inactive', '/store/1/default_images/payment gateways/midtrans.png', '', '[\"USD\",\"EUR\",\"INR\"]', '1654755044'),
(13, 'Mollie', 'Mollie', 'inactive', '/store/1/default_images/payment gateways/mollie.png', '', '[\"USD\",\"EUR\",\"INR\"]', '1654755044'),
(14, 'N-genius', 'Ngenius', 'inactive', '/store/1/default_images/payment gateways/ngenius.png', '', '[\"USD\",\"EUR\",\"INR\"]', '1654755044'),
(15, 'Payfort', 'Payfort', 'inactive', '/store/1/default_images/payment gateways/payfort.png', '', '[\"USD\",\"EUR\",\"INR\"]', '1654755044'),
(16, 'Payhere', 'Payhere', 'inactive', '/store/1/default_images/payment gateways/payhere.png', '', '[\"USD\",\"EUR\",\"INR\"]', '1654755044'),
(17, 'Payku', 'Payku', 'inactive', '/store/1/default_images/payment gateways/payku.png', '', '[\"USD\",\"EUR\",\"INR\"]', '1654755044'),
(18, 'Paylink', 'Paylink', 'inactive', '/store/1/default_images/payment gateways/paylink.png', '', '[\"USD\",\"EUR\",\"INR\"]', '1654755044'),
(19, 'Paypal Online', 'Paypal', 'active', '/store/1/default_images/payment gateways/paypal.png', '', '[\"IDR\"]', '1654755044'),
(20, 'Paysera', 'Paysera', 'inactive', '/store/1/default_images/payment gateways/paysera.png', '', '[\"INR\"]', '1654755044'),
(21, 'Paystack', 'Paystack', 'inactive', '/store/1/default_images/payment gateways/paystack.png', '', '[\"USD\",\"EUR\",\"INR\"]', '1654755044'),
(22, 'Paytm', 'Paytm', 'inactive', '/store/1/default_images/payment gateways/paytm.png', '', '[\"INR\"]', '1654755044'),
(23, 'Payu', 'Payu', 'active', '/store/1/default_images/payment gateways/payu.png', '', '[\"IDR\"]', '1654755044'),
(24, 'Razorpay', 'Razorpay', 'active', '/store/1/default_images/payment gateways/razorpay.png', '', '[\"USD\",\"EUR\"]', '1654755044'),
(25, 'Robokassa', 'Robokassa', 'inactive', '/store/1/default_images/payment gateways/robokassa.png', '', '[\"USD\"]', '1654755044'),
(26, 'Sslcommerz', 'Sslcommerz', 'inactive', '/store/1/default_images/payment gateways/sslcommerz.png', '', '[\"USD\"]', '1654755044'),
(27, 'Stripe', 'Stripe', 'inactive', '/store/1/default_images/payment gateways/stripe.png', '', '[\"USD\"]', '1654755044'),
(28, 'Toyyibpay', 'Toyyibpay', 'inactive', '/store/1/default_images/payment gateways/toyyibpay.png', '', '[\"USD\"]', '1654755044'),
(29, 'Voguepay', 'Voguepay', 'inactive', '/store/1/default_images/payment gateways/voguepay.png', '', '[\"USD\"]', '1654755044'),
(31, 'Zarinpal', 'Zarinpal', 'inactive', '/store/1/default_images/payment gateways/zarinpal.png', '', '[\"USD\"]', '1654755044'),
(32, 'JazzCash', 'JazzCash', 'inactive', '/store/1/default_images/payment gateways/jazzcash.png', '', '[\"USD\"]', '1654755044');

-- --------------------------------------------------------

--
-- Table structure for table `payouts`
--

CREATE TABLE `payouts` (
  `id` int(10) UNSIGNED NOT NULL,
  `user_id` int(10) UNSIGNED NOT NULL,
  `user_selected_bank_id` int(10) UNSIGNED NOT NULL,
  `amount` decimal(13,2) NOT NULL,
  `status` enum('waiting','done','reject') NOT NULL,
  `created_at` int(11) NOT NULL
) ENGINE=InnoDB DEFAULT CHARSET=utf8mb4 COLLATE=utf8mb4_unicode_ci ROW_FORMAT=DYNAMIC;

-- --------------------------------------------------------

--
-- Table structure for table `payu_transactions`
--

CREATE TABLE `payu_transactions` (
  `id` bigint(20) UNSIGNED NOT NULL,
  `paid_for_id` bigint(20) UNSIGNED DEFAULT NULL,
  `paid_for_type` varchar(255) DEFAULT NULL,
  `transaction_id` varchar(255) NOT NULL,
  `gateway` text NOT NULL,
  `body` text NOT NULL,
  `destination` varchar(255) NOT NULL,
  `hash` text NOT NULL,
  `response` text DEFAULT NULL,
  `status` enum('pending','failed','successful','invalid') NOT NULL DEFAULT 'pending',
  `verified_at` timestamp NULL DEFAULT NULL,
  `deleted_at` timestamp NULL DEFAULT NULL,
  `created_at` timestamp NULL DEFAULT NULL,
  `updated_at` timestamp NULL DEFAULT NULL
) ENGINE=InnoDB DEFAULT CHARSET=utf8mb4 COLLATE=utf8mb4_unicode_ci ROW_FORMAT=DYNAMIC;

-- --------------------------------------------------------

--
-- Table structure for table `permissions`
--

CREATE TABLE `permissions` (
  `id` int(10) UNSIGNED NOT NULL,
  `role_id` int(10) UNSIGNED DEFAULT NULL,
  `section_id` int(10) UNSIGNED DEFAULT NULL,
  `allow` tinyint(1) NOT NULL DEFAULT 0
) ENGINE=InnoDB DEFAULT CHARSET=utf8mb4 COLLATE=utf8mb4_unicode_ci;

--
-- Dumping data for table `permissions`
--

INSERT INTO `permissions` (`id`, `role_id`, `section_id`, `allow`) VALUES
(15627, 2, 1, 1),
(15628, 2, 2, 1),
(15629, 2, 3, 1),
(15630, 2, 4, 1),
(15631, 2, 5, 1),
(15632, 2, 6, 1),
(15633, 2, 7, 1),
(15634, 2, 8, 1),
(15635, 2, 9, 1),
(15636, 2, 10, 1),
(15637, 2, 11, 1),
(15638, 2, 12, 1),
(15639, 2, 13, 1),
(15640, 2, 14, 1),
(15641, 2, 15, 1),
(15642, 2, 16, 1),
(15643, 2, 17, 1),
(15644, 2, 25, 1),
(15645, 2, 26, 1),
(15646, 2, 50, 1),
(15647, 2, 51, 1),
(15648, 2, 52, 1),
(15649, 2, 53, 1),
(15650, 2, 54, 1),
(15651, 2, 100, 1),
(15652, 2, 101, 1),
(15653, 2, 102, 1),
(15654, 2, 103, 1),
(15655, 2, 104, 1),
(15656, 2, 105, 1),
(15657, 2, 106, 1),
(15658, 2, 107, 1),
(15659, 2, 108, 1),
(15660, 2, 109, 1),
(15661, 2, 110, 1),
(15662, 2, 111, 1),
(15663, 2, 112, 1),
(15664, 2, 113, 1),
(15665, 2, 114, 1),
(15666, 2, 115, 1),
(15667, 2, 116, 1),
(15668, 2, 117, 1),
(15669, 2, 150, 1),
(15670, 2, 151, 1),
(15671, 2, 152, 1),
(15672, 2, 153, 1),
(15673, 2, 154, 1),
(15674, 2, 155, 1),
(15675, 2, 156, 1),
(15676, 2, 157, 1),
(15677, 2, 158, 1),
(15678, 2, 159, 1),
(15679, 2, 160, 1),
(15680, 2, 161, 1),
(15681, 2, 162, 1),
(15682, 2, 163, 1),
(15683, 2, 164, 1),
(15684, 2, 165, 1),
(15685, 2, 166, 1),
(15686, 2, 200, 1),
(15687, 2, 201, 1),
(15688, 2, 202, 1),
(15689, 2, 203, 1),
(15690, 2, 204, 1),
(15691, 2, 205, 1),
(15692, 2, 206, 1),
(15693, 2, 207, 1),
(15694, 2, 208, 1),
(15695, 2, 250, 1),
(15696, 2, 251, 1),
(15697, 2, 252, 1),
(15698, 2, 253, 1),
(15699, 2, 254, 1),
(15700, 2, 300, 1),
(15701, 2, 301, 1),
(15702, 2, 302, 1),
(15703, 2, 303, 1),
(15704, 2, 304, 1),
(15705, 2, 350, 1),
(15706, 2, 351, 1),
(15707, 2, 352, 1),
(15708, 2, 353, 1),
(15709, 2, 354, 1),
(15710, 2, 355, 1),
(15711, 2, 356, 1),
(15712, 2, 357, 1),
(15713, 2, 400, 1),
(15714, 2, 401, 1),
(15715, 2, 402, 1),
(15716, 2, 403, 1),
(15717, 2, 404, 1),
(15718, 2, 405, 1),
(15719, 2, 450, 1),
(15720, 2, 451, 1),
(15721, 2, 452, 1),
(15722, 2, 453, 1),
(15723, 2, 454, 1),
(15724, 2, 455, 1),
(15725, 2, 456, 1),
(15726, 2, 457, 1),
(15727, 2, 458, 1),
(15728, 2, 459, 1),
(15729, 2, 460, 1),
(15730, 2, 500, 1),
(15731, 2, 501, 1),
(15732, 2, 502, 1),
(15733, 2, 503, 1),
(15734, 2, 504, 1),
(15735, 2, 505, 1),
(15736, 2, 550, 1),
(15737, 2, 551, 1),
(15738, 2, 552, 1),
(15739, 2, 553, 1),
(15740, 2, 554, 1),
(15741, 2, 555, 1),
(15742, 2, 600, 1),
(15743, 2, 601, 1),
(15744, 2, 602, 1),
(15745, 2, 603, 1),
(15746, 2, 650, 1),
(15747, 2, 651, 1),
(15748, 2, 652, 1),
(15749, 2, 653, 1),
(15750, 2, 654, 1),
(15751, 2, 655, 1),
(15752, 2, 656, 1),
(15753, 2, 657, 1),
(15754, 2, 658, 1),
(15755, 2, 700, 1),
(15756, 2, 701, 1),
(15757, 2, 702, 1),
(15758, 2, 703, 1),
(15759, 2, 704, 1),
(15760, 2, 705, 1),
(15761, 2, 706, 1),
(15762, 2, 707, 1),
(15763, 2, 708, 1),
(15764, 2, 750, 1),
(15765, 2, 751, 1),
(15766, 2, 752, 1),
(15767, 2, 753, 1),
(15768, 2, 754, 1),
(15769, 2, 800, 1),
(15770, 2, 801, 1),
(15771, 2, 802, 1),
(15772, 2, 803, 1),
(15773, 2, 850, 1),
(15774, 2, 851, 1),
(15775, 2, 852, 1),
(15776, 2, 853, 1),
(15777, 2, 854, 1),
(15778, 2, 900, 1),
(15779, 2, 901, 1),
(15780, 2, 902, 1),
(15781, 2, 903, 1),
(15782, 2, 904, 1),
(15783, 2, 950, 1),
(15784, 2, 951, 1),
(15785, 2, 952, 1),
(15786, 2, 953, 1),
(15787, 2, 954, 1),
(15788, 2, 955, 1),
(15789, 2, 956, 1),
(15790, 2, 957, 1),
(15791, 2, 958, 1),
(15792, 2, 959, 1),
(15793, 2, 1000, 1),
(15794, 2, 1001, 1),
(15795, 2, 1002, 1),
(15796, 2, 1003, 1),
(15797, 2, 1004, 1),
(15798, 2, 1050, 1),
(15799, 2, 1051, 1),
(15800, 2, 1052, 1),
(15801, 2, 1053, 1),
(15802, 2, 1054, 1),
(15803, 2, 1055, 1),
(15804, 2, 1056, 1),
(15805, 2, 1057, 1),
(15806, 2, 1058, 1),
(15807, 2, 1059, 1),
(15808, 2, 1060, 1),
(15809, 2, 1075, 1),
(15810, 2, 1076, 1),
(15811, 2, 1077, 1),
(15812, 2, 1078, 1),
(15813, 2, 1079, 1),
(15814, 2, 1080, 1),
(15815, 2, 1081, 1),
(15816, 2, 1082, 1),
(15817, 2, 1083, 1),
(15818, 2, 1100, 1),
(15819, 2, 1101, 1),
(15820, 2, 1102, 1),
(15821, 2, 1103, 1),
(15822, 2, 1104, 1),
(15823, 2, 1150, 1),
(15824, 2, 1151, 1),
(15825, 2, 1152, 1),
(15826, 2, 1153, 1),
(15827, 2, 1154, 1),
(15828, 2, 1200, 1),
(15829, 2, 1201, 1),
(15830, 2, 1202, 1),
(15831, 2, 1203, 1),
(15832, 2, 1204, 1),
(15833, 2, 1230, 1),
(15834, 2, 1231, 1),
(15835, 2, 1232, 1),
(15836, 2, 1233, 1),
(15837, 2, 1234, 1),
(15838, 2, 1235, 1),
(15839, 2, 1250, 1),
(15840, 2, 1251, 1),
(15841, 2, 1252, 1),
(15842, 2, 1253, 1),
(15843, 2, 1300, 1),
(15844, 2, 1301, 1),
(15845, 2, 1302, 1),
(15846, 2, 1303, 1),
(15847, 2, 1304, 1),
(15848, 2, 1305, 1),
(15849, 2, 1350, 1),
(15850, 2, 1351, 1),
(15851, 2, 1352, 1),
(15852, 2, 1353, 1),
(15853, 2, 1354, 1),
(15854, 2, 1355, 1),
(15855, 2, 1400, 1),
(15856, 2, 1401, 1),
(15857, 2, 1402, 1),
(15858, 2, 1403, 1),
(15859, 2, 1404, 1),
(15860, 2, 1405, 1),
(15861, 2, 1406, 1),
(15862, 2, 1407, 1),
(15863, 2, 1408, 1),
(15864, 2, 1409, 1),
(15865, 2, 1450, 1),
(15866, 2, 1451, 1),
(15867, 2, 1452, 1),
(15868, 2, 1453, 1),
(15869, 2, 1454, 1),
(15870, 2, 1455, 1),
(15871, 2, 1456, 1),
(15872, 2, 1457, 1),
(15873, 2, 1500, 1),
(15874, 2, 1501, 1),
(15875, 2, 1502, 1),
(15876, 2, 1503, 1),
(15877, 2, 1504, 1),
(15878, 2, 1550, 1),
(15879, 2, 1551, 1),
(15880, 2, 1552, 1),
(15881, 2, 1553, 1),
(15882, 2, 1554, 1),
(15883, 2, 1600, 1),
(15884, 2, 1601, 1),
(15885, 2, 1602, 1),
(15886, 2, 1603, 1),
(15887, 2, 1604, 1),
(15888, 2, 1605, 1),
(15889, 2, 1650, 1),
(15890, 2, 1651, 1),
(15891, 2, 1652, 1),
(15892, 2, 1675, 1),
(15893, 2, 1676, 1),
(15894, 2, 1677, 1),
(15895, 2, 1678, 1),
(15896, 2, 1725, 1),
(15897, 2, 1726, 1),
(15898, 2, 1727, 1),
(15899, 2, 1728, 1),
(15900, 2, 1729, 1),
(15901, 2, 1730, 1),
(15902, 2, 1731, 1),
(15903, 2, 1732, 1),
(15904, 2, 1750, 1),
(15905, 2, 1751, 1),
(15906, 2, 1752, 1),
(15907, 2, 1753, 1),
(15908, 2, 1754, 1),
(15909, 2, 1775, 1),
(15910, 2, 1776, 1),
(15911, 2, 1777, 1),
(15912, 2, 1778, 1),
(15913, 2, 1779, 1),
(15914, 2, 1780, 1),
(15915, 2, 1781, 1),
(15916, 2, 1800, 1),
(15917, 2, 1801, 1),
(15918, 2, 1802, 1),
(15919, 2, 1803, 1),
(15920, 2, 1804, 1),
(15921, 2, 1805, 1),
(15922, 2, 1806, 1),
(15923, 2, 1807, 1),
(15924, 2, 1808, 1),
(15925, 2, 1809, 1),
(15926, 2, 1810, 1),
(15927, 2, 1811, 1),
(15928, 2, 1812, 1),
(15929, 2, 1813, 1),
(15930, 2, 1814, 1),
(15931, 2, 1815, 1),
(15932, 2, 1816, 1),
(15933, 2, 1817, 1),
(15934, 2, 1818, 1),
(15935, 2, 1819, 1),
(15936, 2, 1820, 1),
(15937, 2, 1821, 1),
(15938, 2, 1822, 1),
(15939, 2, 1823, 1),
(15940, 2, 1824, 1),
(15941, 2, 1825, 1),
(15942, 2, 1826, 1),
(15943, 2, 1827, 1),
(15944, 2, 1828, 1),
(15945, 2, 1829, 1),
(15946, 2, 1830, 1),
(15947, 2, 1831, 1),
(15948, 2, 1832, 1),
(15949, 2, 1833, 1),
(15950, 2, 1834, 1),
(15951, 2, 1835, 1),
(15952, 2, 1836, 1),
(15953, 2, 1837, 1),
(15954, 2, 1838, 1),
(15955, 2, 1850, 1),
(15956, 2, 1851, 1),
(15957, 2, 1852, 1),
(15958, 2, 1853, 1),
(15959, 2, 1875, 1),
(15960, 2, 1876, 1),
(15961, 2, 1877, 1),
(15962, 2, 1900, 1),
(15963, 2, 1901, 1),
(15964, 2, 1902, 1),
(15965, 2, 1903, 1),
(15966, 2, 1904, 1),
(15967, 2, 1905, 1),
(15968, 2, 1925, 1),
(15969, 2, 1926, 1),
(15970, 2, 1927, 1),
(15971, 2, 1928, 1),
(15972, 2, 1929, 1),
(15973, 2, 1930, 1),
(15974, 2, 1931, 1),
(15975, 2, 1932, 1),
(15976, 2, 1933, 1),
(15977, 2, 1934, 1),
(15978, 2, 1950, 1),
(15979, 2, 1951, 1),
(15980, 2, 1952, 1),
(15981, 2, 1953, 1),
(15982, 2, 1954, 1),
(15983, 2, 1975, 1),
(15984, 2, 1976, 1),
(15985, 2, 1977, 1),
(15986, 2, 1978, 1),
(15987, 2, 1979, 1),
(15988, 2, 2000, 1),
(15989, 2, 2001, 1),
(15990, 2, 2015, 1),
(15991, 2, 2016, 1),
(15992, 2, 2017, 1),
(15993, 2, 2018, 1),
(15994, 2, 2019, 1),
(15995, 2, 2020, 1),
(15996, 2, 2021, 1),
(15997, 2, 2030, 1),
(15998, 2, 2031, 1),
(15999, 2, 2032, 1),
(16000, 2, 2050, 1),
(16001, 2, 2051, 1),
(16002, 2, 2052, 1),
(16003, 2, 2053, 1),
(16004, 2, 2054, 1),
(16005, 2, 2055, 1),
(16006, 2, 2070, 1),
(16007, 2, 2071, 1),
(16008, 2, 2072, 1),
(16009, 2, 2073, 1),
(16010, 2, 2074, 1),
(16011, 2, 2075, 1),
(16012, 2, 2076, 1),
(16013, 2, 2077, 1),
(16014, 2, 2078, 1),
(16015, 2, 2079, 1),
(16016, 2, 2080, 1),
(16017, 2, 2081, 1),
(16018, 2, 2090, 1),
(16019, 2, 2091, 1),
(16020, 2, 2092, 1),
(16021, 2, 2093, 1),
(16022, 2, 3000, 1),
(16023, 2, 3001, 1),
(16024, 2, 3010, 1),
(16025, 2, 3011, 1),
(16026, 2, 3012, 1),
(16027, 2, 3013, 1),
(16028, 2, 3020, 1),
(16029, 2, 3021, 1),
(16030, 2, 3022, 1),
(16031, 2, 3023, 1),
(16032, 2, 3024, 1),
(16033, 2, 3025, 1),
(16034, 2, 3030, 1),
(16035, 2, 3031, 1),
(16036, 2, 3032, 1),
(16037, 2, 3033, 1),
(16038, 2, 3034, 1),
(16039, 2, 3035, 1),
(16351, 9, 1, 1),
(16352, 9, 2, 1),
(16353, 9, 3, 1),
(16354, 9, 4, 1),
(16355, 9, 5, 1),
(16356, 9, 6, 1),
(16357, 9, 7, 1),
(16358, 9, 8, 1),
(16359, 9, 9, 1),
(16360, 9, 10, 1),
(16361, 9, 11, 1),
(16362, 9, 12, 1),
(16363, 9, 13, 1),
(16364, 9, 14, 1),
(16365, 9, 15, 1),
(16366, 9, 16, 1),
(16367, 9, 17, 1),
(16368, 9, 25, 1),
(16369, 9, 26, 1),
(16370, 9, 100, 1),
(16371, 9, 101, 1),
(16372, 9, 102, 1),
(16373, 9, 103, 1),
(16374, 9, 104, 1),
(16375, 9, 105, 1),
(16376, 9, 106, 1),
(16377, 9, 107, 1),
(16378, 9, 108, 1),
(16379, 9, 109, 1),
(16380, 9, 110, 1),
(16381, 9, 111, 1),
(16382, 9, 112, 1),
(16383, 9, 113, 1),
(16384, 9, 114, 1),
(16385, 9, 115, 1),
(16386, 9, 116, 1),
(16387, 9, 117, 1),
(16388, 9, 150, 1),
(16389, 9, 151, 1),
(16390, 9, 152, 1),
(16391, 9, 153, 1),
(16392, 9, 154, 1),
(16393, 9, 155, 1),
(16394, 9, 156, 1),
(16395, 9, 157, 1),
(16396, 9, 158, 1),
(16397, 9, 159, 1),
(16398, 9, 160, 1),
(16399, 9, 161, 1),
(16400, 9, 162, 1),
(16401, 9, 163, 1),
(16402, 9, 164, 1),
(16403, 9, 165, 1),
(16404, 9, 166, 1),
(16405, 9, 200, 1),
(16406, 9, 201, 1),
(16407, 9, 202, 1),
(16408, 9, 203, 1),
(16409, 9, 204, 1),
(16410, 9, 205, 1),
(16411, 9, 206, 1),
(16412, 9, 207, 1),
(16413, 9, 208, 1),
(16414, 9, 250, 1),
(16415, 9, 251, 1),
(16416, 9, 252, 1),
(16417, 9, 253, 1),
(16418, 9, 254, 1),
(16419, 9, 300, 1),
(16420, 9, 301, 1),
(16421, 9, 302, 1),
(16422, 9, 303, 1),
(16423, 9, 304, 1),
(16424, 9, 350, 1),
(16425, 9, 351, 1),
(16426, 9, 352, 1),
(16427, 9, 353, 1),
(16428, 9, 354, 1),
(16429, 9, 355, 1),
(16430, 9, 356, 1),
(16431, 9, 357, 1),
(16432, 9, 400, 1),
(16433, 9, 401, 1),
(16434, 9, 402, 1),
(16435, 9, 403, 1),
(16436, 9, 404, 1),
(16437, 9, 405, 1),
(16438, 9, 450, 1),
(16439, 9, 451, 1),
(16440, 9, 452, 1),
(16441, 9, 453, 1),
(16442, 9, 454, 1),
(16443, 9, 455, 1),
(16444, 9, 456, 1),
(16445, 9, 457, 1),
(16446, 9, 458, 1),
(16447, 9, 459, 1),
(16448, 9, 460, 1),
(16449, 9, 500, 1),
(16450, 9, 501, 1),
(16451, 9, 502, 1),
(16452, 9, 503, 1),
(16453, 9, 504, 1),
(16454, 9, 505, 1),
(16455, 9, 550, 1),
(16456, 9, 551, 1),
(16457, 9, 552, 1),
(16458, 9, 553, 1),
(16459, 9, 554, 1),
(16460, 9, 555, 1),
(16461, 9, 650, 1),
(16462, 9, 651, 1),
(16463, 9, 652, 1),
(16464, 9, 653, 1),
(16465, 9, 654, 1),
(16466, 9, 655, 1),
(16467, 9, 656, 1),
(16468, 9, 658, 1),
(16469, 9, 700, 1),
(16470, 9, 701, 1),
(16471, 9, 702, 1),
(16472, 9, 703, 1),
(16473, 9, 704, 1),
(16474, 9, 705, 1),
(16475, 9, 706, 1),
(16476, 9, 707, 1),
(16477, 9, 708, 1),
(16478, 9, 750, 1),
(16479, 9, 751, 1),
(16480, 9, 752, 1),
(16481, 9, 753, 1),
(16482, 9, 754, 1),
(16483, 9, 800, 1),
(16484, 9, 801, 1),
(16485, 9, 802, 1),
(16486, 9, 803, 1),
(16487, 9, 850, 1),
(16488, 9, 851, 1),
(16489, 9, 852, 1),
(16490, 9, 853, 1),
(16491, 9, 854, 1),
(16492, 9, 900, 1),
(16493, 9, 901, 1),
(16494, 9, 902, 1),
(16495, 9, 903, 1),
(16496, 9, 904, 1),
(16497, 9, 950, 1),
(16498, 9, 951, 1),
(16499, 9, 952, 1),
(16500, 9, 953, 1),
(16501, 9, 954, 1),
(16502, 9, 955, 1),
(16503, 9, 956, 1),
(16504, 9, 957, 1),
(16505, 9, 958, 1),
(16506, 9, 959, 1),
(16507, 9, 1000, 1),
(16508, 9, 1001, 1),
(16509, 9, 1002, 1),
(16510, 9, 1003, 1),
(16511, 9, 1004, 1),
(16512, 9, 1050, 1),
(16513, 9, 1051, 1),
(16514, 9, 1052, 1),
(16515, 9, 1053, 1),
(16516, 9, 1054, 1),
(16517, 9, 1055, 1),
(16518, 9, 1056, 1),
(16519, 9, 1057, 1),
(16520, 9, 1058, 1),
(16521, 9, 1059, 1),
(16522, 9, 1060, 1),
(16523, 9, 1075, 1),
(16524, 9, 1076, 1),
(16525, 9, 1077, 1),
(16526, 9, 1078, 1),
(16527, 9, 1079, 1),
(16528, 9, 1080, 1),
(16529, 9, 1081, 1),
(16530, 9, 1082, 1),
(16531, 9, 1083, 1),
(16532, 9, 1100, 1),
(16533, 9, 1101, 1),
(16534, 9, 1102, 1),
(16535, 9, 1103, 1),
(16536, 9, 1104, 1),
(16537, 9, 1150, 1),
(16538, 9, 1151, 1),
(16539, 9, 1152, 1),
(16540, 9, 1153, 1),
(16541, 9, 1154, 1),
(16542, 9, 1200, 1),
(16543, 9, 1201, 1),
(16544, 9, 1202, 1),
(16545, 9, 1203, 1),
(16546, 9, 1204, 1),
(16547, 9, 1250, 1),
(16548, 9, 1251, 1),
(16549, 9, 1252, 1),
(16550, 9, 1253, 1),
(16551, 9, 1300, 1),
(16552, 9, 1301, 1),
(16553, 9, 1302, 1),
(16554, 9, 1303, 1),
(16555, 9, 1304, 1),
(16556, 9, 1305, 1),
(16557, 9, 1350, 1),
(16558, 9, 1351, 1),
(16559, 9, 1352, 1),
(16560, 9, 1353, 1),
(16561, 9, 1354, 1),
(16562, 9, 1355, 1),
(16563, 9, 1400, 1),
(16564, 9, 1401, 1),
(16565, 9, 1402, 1),
(16566, 9, 1403, 1),
(16567, 9, 1404, 1),
(16568, 9, 1405, 1),
(16569, 9, 1406, 1),
(16570, 9, 1407, 1),
(16571, 9, 1408, 1),
(16572, 9, 1409, 1),
(16573, 9, 1450, 1),
(16574, 9, 1451, 1),
(16575, 9, 1452, 1),
(16576, 9, 1453, 1),
(16577, 9, 1454, 1),
(16578, 9, 1455, 1),
(16579, 9, 1456, 1),
(16580, 9, 1457, 1),
(16581, 9, 1500, 1),
(16582, 9, 1501, 1),
(16583, 9, 1502, 1),
(16584, 9, 1503, 1),
(16585, 9, 1504, 1),
(16586, 9, 1550, 1),
(16587, 9, 1551, 1),
(16588, 9, 1552, 1),
(16589, 9, 1553, 1),
(16590, 9, 1554, 1),
(16591, 9, 1600, 1),
(16592, 9, 1601, 1),
(16593, 9, 1602, 1),
(16594, 9, 1603, 1),
(16595, 9, 1604, 1),
(16596, 9, 1605, 1),
(16597, 9, 1750, 1),
(16598, 9, 1751, 1),
(16599, 9, 1752, 1),
(16600, 9, 1753, 1),
(16601, 9, 1754, 1),
(16602, 9, 1775, 1),
(16603, 9, 1776, 1),
(16604, 9, 1777, 1),
(16605, 9, 1778, 1),
(16606, 9, 1779, 1),
(16607, 9, 1780, 1),
(16608, 9, 1781, 1),
(16609, 9, 1900, 1),
(16610, 9, 1901, 1),
(16611, 9, 1902, 1),
(16612, 9, 1903, 1),
(16613, 9, 1904, 1),
(16614, 9, 1905, 1),
(16615, 9, 1925, 1),
(16616, 9, 1926, 1),
(16617, 9, 1927, 1),
(16618, 9, 1928, 1),
(16619, 9, 1929, 1),
(16620, 9, 1930, 1),
(16621, 9, 1931, 1),
(16622, 9, 1932, 1),
(16623, 9, 1933, 1),
(16624, 9, 1934, 1),
(16625, 9, 1950, 1),
(16626, 9, 1951, 1),
(16627, 9, 1952, 1),
(16628, 9, 1953, 1),
(16629, 9, 1954, 1),
(16630, 9, 1975, 1),
(16631, 9, 1976, 1),
(16632, 9, 1977, 1),
(16633, 9, 1978, 1),
(16634, 9, 1979, 1),
(16635, 9, 2000, 1),
(16636, 9, 2001, 1),
(16637, 9, 2030, 1),
(16638, 9, 2031, 1),
(16639, 9, 2032, 1),
(16640, 9, 2070, 1),
(16641, 9, 2071, 1),
(16642, 9, 2072, 1),
(16643, 9, 2073, 1),
(16644, 9, 2074, 1),
(16645, 9, 2075, 1),
(16646, 9, 2076, 1),
(16647, 9, 2077, 1),
(16648, 9, 2078, 1),
(16649, 9, 2079, 1),
(16650, 9, 2080, 1),
(16651, 9, 2081, 1),
(16652, 9, 3010, 1),
(16653, 9, 3011, 1),
(16654, 9, 3012, 1),
(16655, 9, 3013, 1),
(16656, 9, 3030, 1),
(16657, 9, 3031, 1),
(16658, 9, 3032, 1),
(16659, 9, 3033, 1),
(16660, 9, 3034, 1),
(16661, 9, 3035, 1);

-- --------------------------------------------------------

--
-- Table structure for table `prerequisites`
--

CREATE TABLE `prerequisites` (
  `id` int(10) UNSIGNED NOT NULL,
  `webinar_id` int(10) UNSIGNED NOT NULL,
  `prerequisite_id` int(10) UNSIGNED NOT NULL,
  `required` tinyint(1) NOT NULL DEFAULT 0,
  `order` int(10) UNSIGNED DEFAULT NULL,
  `created_at` int(11) NOT NULL,
  `updated_at` int(11) DEFAULT NULL
) ENGINE=InnoDB DEFAULT CHARSET=utf8mb4 COLLATE=utf8mb4_unicode_ci ROW_FORMAT=DYNAMIC;

-- --------------------------------------------------------

--
-- Table structure for table `products`
--

CREATE TABLE `products` (
  `id` int(10) UNSIGNED NOT NULL,
  `creator_id` int(10) UNSIGNED NOT NULL,
  `type` enum('virtual','physical') NOT NULL,
  `slug` varchar(255) NOT NULL,
  `category_id` int(10) UNSIGNED DEFAULT NULL,
  `price` double(15,2) UNSIGNED DEFAULT NULL,
  `point` bigint(20) UNSIGNED DEFAULT NULL,
  `unlimited_inventory` tinyint(1) NOT NULL DEFAULT 0,
  `ordering` tinyint(1) NOT NULL DEFAULT 0,
  `inventory` int(10) UNSIGNED DEFAULT NULL,
  `inventory_warning` int(10) UNSIGNED DEFAULT NULL,
  `inventory_updated_at` bigint(20) UNSIGNED DEFAULT NULL,
  `delivery_fee` double(15,2) UNSIGNED DEFAULT NULL,
  `delivery_estimated_time` int(10) UNSIGNED DEFAULT NULL,
  `message_for_reviewer` text DEFAULT NULL,
  `tax` int(10) UNSIGNED DEFAULT NULL,
  `commission` int(10) UNSIGNED DEFAULT NULL,
  `status` enum('active','pending','draft','inactive') NOT NULL,
  `updated_at` bigint(20) UNSIGNED NOT NULL,
  `created_at` bigint(20) UNSIGNED NOT NULL
) ENGINE=InnoDB DEFAULT CHARSET=utf8mb4 COLLATE=utf8mb4_unicode_ci;

--
-- Dumping data for table `products`
--

INSERT INTO `products` (`id`, `creator_id`, `type`, `slug`, `category_id`, `price`, `point`, `unlimited_inventory`, `ordering`, `inventory`, `inventory_warning`, `inventory_updated_at`, `delivery_fee`, `delivery_estimated_time`, `message_for_reviewer`, `tax`, `commission`, `status`, `updated_at`, `created_at`) VALUES
(1, 1015, 'physical', 'Painting-tools', 1, 250000.00, NULL, 0, 1, 24, 5, NULL, 5.00, 4, 'Thank you.', NULL, NULL, 'active', 1680593023, 1655622663),
(2, 934, 'physical', 'Advanced-microscope', 1, 2900000.00, NULL, 0, 1, 10, 3, NULL, 10.00, 7, 'Please review ASAP.\r\nRegards.', NULL, NULL, 'active', 1680593132, 1655626642),
(4, 1016, 'virtual', 'Sherlock-Holmes-e-book', 3, 50000.00, NULL, 1, 1, NULL, NULL, 1680593192, NULL, NULL, 'Thank you for your review.', NULL, NULL, 'active', 1680593192, 1655669205),
(5, 1015, 'virtual', 'Business-Software', 3, 75000.00, NULL, 0, 1, 99, 10, NULL, NULL, NULL, 'Thank you.', NULL, NULL, 'active', 1680592913, 1655671880),
(6, 1, 'virtual', 'Where-the-Crawdads-Sing-e-book', 3, 20000.00, NULL, 1, 1, NULL, NULL, 1680592837, NULL, NULL, NULL, NULL, NULL, 'active', 1680592837, 1656321480);

-- --------------------------------------------------------

--
-- Table structure for table `product_categories`
--

CREATE TABLE `product_categories` (
  `id` int(10) UNSIGNED NOT NULL,
  `parent_id` int(11) DEFAULT NULL,
  `icon` varchar(255) DEFAULT NULL,
  `order` int(10) UNSIGNED DEFAULT NULL
) ENGINE=InnoDB DEFAULT CHARSET=utf8mb4 COLLATE=utf8mb4_unicode_ci;

--
-- Dumping data for table `product_categories`
--

INSERT INTO `product_categories` (`id`, `parent_id`, `icon`, `order`) VALUES
(1, NULL, '/store/1/default_images/categories_icons/feather.png', NULL),
(2, NULL, '/store/1/default_images/categories_icons/pie-chart.png', NULL),
(3, NULL, '/store/1/default_images/categories_icons/umbrella.png', NULL);

-- --------------------------------------------------------

--
-- Table structure for table `product_category_translations`
--

CREATE TABLE `product_category_translations` (
  `id` bigint(20) UNSIGNED NOT NULL,
  `product_category_id` int(10) UNSIGNED NOT NULL,
  `locale` varchar(255) NOT NULL,
  `title` varchar(255) NOT NULL
) ENGINE=InnoDB DEFAULT CHARSET=utf8mb4 COLLATE=utf8mb4_unicode_ci;

--
-- Dumping data for table `product_category_translations`
--

INSERT INTO `product_category_translations` (`id`, `product_category_id`, `locale`, `title`) VALUES
(1, 1, 'en', 'Design Tools'),
(2, 2, 'en', 'Science Tools'),
(3, 3, 'en', 'e-book'),
(23, 2, 'id', 'Alat Sains & Kimia'),
(24, 1, 'id', 'Peralatan Desain'),
(25, 3, 'id', 'E-book');

-- --------------------------------------------------------

--
-- Table structure for table `product_discounts`
--

CREATE TABLE `product_discounts` (
  `id` int(10) UNSIGNED NOT NULL,
  `creator_id` int(10) UNSIGNED NOT NULL,
  `product_id` int(10) UNSIGNED NOT NULL,
  `name` varchar(255) DEFAULT NULL,
  `percent` int(10) UNSIGNED NOT NULL,
  `count` int(10) UNSIGNED DEFAULT NULL,
  `status` enum('active','inactive') NOT NULL,
  `start_date` int(10) UNSIGNED NOT NULL,
  `end_date` int(10) UNSIGNED NOT NULL,
  `created_at` int(10) UNSIGNED NOT NULL
) ENGINE=InnoDB DEFAULT CHARSET=utf8mb4 COLLATE=utf8mb4_unicode_ci;

--
-- Dumping data for table `product_discounts`
--

INSERT INTO `product_discounts` (`id`, `creator_id`, `product_id`, `name`, `percent`, `count`, `status`, `start_date`, `end_date`, `created_at`) VALUES
(1, 1, 1, 'Special Offer', 20, 5, 'active', 1656043200, 1702659600, 1656131175);

-- --------------------------------------------------------

--
-- Table structure for table `product_faqs`
--

CREATE TABLE `product_faqs` (
  `id` int(10) UNSIGNED NOT NULL,
  `creator_id` int(10) UNSIGNED NOT NULL,
  `product_id` int(10) UNSIGNED NOT NULL,
  `order` int(10) UNSIGNED DEFAULT NULL,
  `created_at` int(10) UNSIGNED NOT NULL
) ENGINE=InnoDB DEFAULT CHARSET=utf8mb4 COLLATE=utf8mb4_unicode_ci;

-- --------------------------------------------------------

--
-- Table structure for table `product_faq_translations`
--

CREATE TABLE `product_faq_translations` (
  `id` bigint(20) UNSIGNED NOT NULL,
  `product_faq_id` int(10) UNSIGNED NOT NULL,
  `locale` varchar(255) NOT NULL,
  `title` varchar(255) NOT NULL,
  `answer` text NOT NULL
) ENGINE=InnoDB DEFAULT CHARSET=utf8mb4 COLLATE=utf8mb4_unicode_ci;

-- --------------------------------------------------------

--
-- Table structure for table `product_files`
--

CREATE TABLE `product_files` (
  `id` int(10) UNSIGNED NOT NULL,
  `creator_id` int(10) UNSIGNED NOT NULL,
  `product_id` int(10) UNSIGNED NOT NULL,
  `path` varchar(255) NOT NULL,
  `file_type` varchar(255) DEFAULT NULL,
  `volume` varchar(255) DEFAULT NULL,
  `online_viewer` tinyint(1) NOT NULL DEFAULT 0,
  `order` int(10) UNSIGNED DEFAULT NULL,
  `status` enum('active','inactive') NOT NULL DEFAULT 'active',
  `created_at` int(10) UNSIGNED NOT NULL
) ENGINE=InnoDB DEFAULT CHARSET=utf8mb4 COLLATE=utf8mb4_unicode_ci;

--
-- Dumping data for table `product_files`
--

INSERT INTO `product_files` (`id`, `creator_id`, `product_id`, `path`, `file_type`, `volume`, `online_viewer`, `order`, `status`, `created_at`) VALUES
(2, 1016, 4, '/store/1016/store_product/sherlock_holmes_ebook.pdf', 'pdf', '1', 0, NULL, 'active', 1655670253),
(4, 1015, 5, '/store/1015/Documentation.pdf', 'pdf', '2', 0, NULL, 'active', 1655672886),
(5, 1, 6, '/store/1/Where-the-Crawdads-Sing.pdf', 'pdf', '3', 1, NULL, 'active', 1656322274);

-- --------------------------------------------------------

--
-- Table structure for table `product_file_translations`
--

CREATE TABLE `product_file_translations` (
  `id` bigint(20) UNSIGNED NOT NULL,
  `product_file_id` int(10) UNSIGNED NOT NULL,
  `locale` varchar(255) NOT NULL,
  `title` varchar(255) NOT NULL,
  `description` text NOT NULL
) ENGINE=InnoDB DEFAULT CHARSET=utf8mb4 COLLATE=utf8mb4_unicode_ci;

--
-- Dumping data for table `product_file_translations`
--

INSERT INTO `product_file_translations` (`id`, `product_file_id`, `locale`, `title`, `description`) VALUES
(2, 2, 'en', 'Sherlock Holmes eBook', 'Sherlock Holmes is a fictional detective created by British author Sir Arthur Conan Doyle. Referring to himself as a \"consulting detective\" in the stories, Holmes is known for his proficiency with observation, deduction, forensic science and logical reasoning that borders on the fantastic, which he employs when investigating cases for a wide variety of clients, including Scotland Yard.'),
(4, 4, 'en', 'Documentation', 'Documentation for business software.'),
(5, 5, 'en', 'Where the Crawdads Sing e-book', 'Where the Crawdads Sing is at once an exquisite ode to the natural world, a heartbreaking coming-of-age story, and a surprising tale of possible murder. Owens reminds us that we are forever shaped by the children we once were, and that we are all subject to the beautiful and violent secrets that nature keeps.');

-- --------------------------------------------------------

--
-- Table structure for table `product_filters`
--

CREATE TABLE `product_filters` (
  `id` int(10) UNSIGNED NOT NULL,
  `category_id` int(10) UNSIGNED NOT NULL
) ENGINE=InnoDB DEFAULT CHARSET=utf8mb4 COLLATE=utf8mb4_unicode_ci;

--
-- Dumping data for table `product_filters`
--

INSERT INTO `product_filters` (`id`, `category_id`) VALUES
(1, 1),
(2, 3);

-- --------------------------------------------------------

--
-- Table structure for table `product_filter_options`
--

CREATE TABLE `product_filter_options` (
  `id` int(10) UNSIGNED NOT NULL,
  `filter_id` int(10) UNSIGNED NOT NULL,
  `order` int(10) UNSIGNED DEFAULT NULL
) ENGINE=InnoDB DEFAULT CHARSET=utf8mb4 COLLATE=utf8mb4_unicode_ci;

--
-- Dumping data for table `product_filter_options`
--

INSERT INTO `product_filter_options` (`id`, `filter_id`, `order`) VALUES
(1, 1, 1),
(2, 2, 1),
(3, 2, 2),
(4, 2, 3);

-- --------------------------------------------------------

--
-- Table structure for table `product_filter_option_translations`
--

CREATE TABLE `product_filter_option_translations` (
  `id` bigint(20) UNSIGNED NOT NULL,
  `product_filter_option_id` int(10) UNSIGNED NOT NULL,
  `locale` varchar(255) NOT NULL,
  `title` varchar(255) NOT NULL
) ENGINE=InnoDB DEFAULT CHARSET=utf8mb4 COLLATE=utf8mb4_unicode_ci;

--
-- Dumping data for table `product_filter_option_translations`
--

INSERT INTO `product_filter_option_translations` (`id`, `product_filter_option_id`, `locale`, `title`) VALUES
(1, 1, 'en', 'Brushes'),
(2, 2, 'en', 'Novel'),
(3, 3, 'en', 'Laguage learning'),
(4, 4, 'en', 'Scientific');

-- --------------------------------------------------------

--
-- Table structure for table `product_filter_translations`
--

CREATE TABLE `product_filter_translations` (
  `id` bigint(20) UNSIGNED NOT NULL,
  `product_filter_id` int(10) UNSIGNED NOT NULL,
  `locale` varchar(255) NOT NULL,
  `title` varchar(255) NOT NULL
) ENGINE=InnoDB DEFAULT CHARSET=utf8mb4 COLLATE=utf8mb4_unicode_ci;

--
-- Dumping data for table `product_filter_translations`
--

INSERT INTO `product_filter_translations` (`id`, `product_filter_id`, `locale`, `title`) VALUES
(1, 1, 'en', 'Paint Tools'),
(2, 2, 'en', 'Type');

-- --------------------------------------------------------

--
-- Table structure for table `product_media`
--

CREATE TABLE `product_media` (
  `id` int(10) UNSIGNED NOT NULL,
  `creator_id` int(10) UNSIGNED NOT NULL,
  `product_id` int(10) UNSIGNED NOT NULL,
  `type` enum('thumbnail','image','video') NOT NULL,
  `path` varchar(255) NOT NULL,
  `order` int(10) UNSIGNED DEFAULT NULL,
  `created_at` int(10) UNSIGNED NOT NULL
) ENGINE=InnoDB DEFAULT CHARSET=utf8mb4 COLLATE=utf8mb4_unicode_ci;

--
-- Dumping data for table `product_media`
--

INSERT INTO `product_media` (`id`, `creator_id`, `product_id`, `type`, `path`, `order`, `created_at`) VALUES
(1, 1015, 1, 'thumbnail', '/store/1015/store product/paint_brushes.jpg', NULL, 1680593023),
(4, 1015, 1, 'video', '/store/1015/store product/paint_brushes_video.mp4', NULL, 1680593023),
(7, 934, 2, 'thumbnail', '/store/934/store_product/microscope_4.jpg', NULL, 1680593132),
(20, 934, 2, 'video', '/store/934/store_product/microscope_video.mp4', NULL, 1680593132),
(31, 1016, 4, 'thumbnail', '/store/1016/store_product/sherlock_holmes_ebook.jpg', NULL, 1680593192),
(34, 1015, 5, 'thumbnail', '/store/1015/store product/business_software_1.jpg', NULL, 1680592913),
(77, 1, 6, 'thumbnail', '/store/1/default_images/Where the Crawdads Sing e-book.jpg', NULL, 1680592837),
(80, 1, 6, 'image', '/store/1/default_images/Where the Crawdads Sing e-book_1.jpg', NULL, 1680592837),
(81, 1, 6, 'image', '/store/1/default_images/Where the Crawdads Sing e-book_2.jpg', NULL, 1680592837),
(82, 1015, 5, 'image', '/store/1015/store product/business_software_2.jpg', NULL, 1680592913),
(83, 1015, 5, 'image', '/store/1015/store product/business_software.jpg', NULL, 1680592913),
(84, 1015, 1, 'image', '/store/1015/store product/paint_brushes_1.jpg', NULL, 1680593023),
(85, 1015, 1, 'image', '/store/1015/store product/paint_brushes_2.jpg', NULL, 1680593023),
(86, 1015, 1, 'image', '/store/1015/store product/paint_brushes_3.jpg', NULL, 1680593023),
(87, 934, 2, 'image', '/store/934/store_product/microscope_1.jpg', NULL, 1680593132),
(88, 934, 2, 'image', '/store/934/store_product/microscope_2.jpg', NULL, 1680593132),
(89, 934, 2, 'image', '/store/934/store_product/microscope.jpg', NULL, 1680593132),
(90, 1016, 4, 'image', '/store/1016/store_product/sherlock_holmes_ebook_1.jpg', NULL, 1680593192);

-- --------------------------------------------------------

--
-- Table structure for table `product_orders`
--

CREATE TABLE `product_orders` (
  `id` int(10) UNSIGNED NOT NULL,
  `product_id` int(10) UNSIGNED NOT NULL,
  `seller_id` int(10) UNSIGNED NOT NULL,
  `buyer_id` int(10) UNSIGNED DEFAULT NULL,
  `sale_id` int(10) UNSIGNED DEFAULT NULL,
  `installment_order_id` int(10) UNSIGNED DEFAULT NULL,
  `gift_id` int(10) UNSIGNED DEFAULT NULL,
  `specifications` text DEFAULT NULL,
  `quantity` int(10) UNSIGNED NOT NULL,
  `discount_id` int(10) UNSIGNED DEFAULT NULL,
  `message_to_seller` text DEFAULT NULL,
  `tracking_code` varchar(255) DEFAULT NULL,
  `status` enum('pending','waiting_delivery','shipped','success','canceled') NOT NULL,
  `created_at` bigint(20) UNSIGNED NOT NULL
) ENGINE=InnoDB DEFAULT CHARSET=utf8mb4 COLLATE=utf8mb4_unicode_ci;

--
-- Dumping data for table `product_orders`
--

INSERT INTO `product_orders` (`id`, `product_id`, `seller_id`, `buyer_id`, `sale_id`, `installment_order_id`, `gift_id`, `specifications`, `quantity`, `discount_id`, `message_to_seller`, `tracking_code`, `status`, `created_at`) VALUES
(1, 4, 1016, 995, 193, NULL, NULL, NULL, 1, NULL, NULL, NULL, 'success', 1656103830),
(2, 1, 1015, 923, 194, NULL, NULL, '{\"Size\":\"Small\"}', 1, NULL, 'Please deliver faster.\r\nRegards.', NULL, 'waiting_delivery', 1656104034),
(3, 2, 934, 930, 196, NULL, NULL, NULL, 1, NULL, NULL, NULL, 'waiting_delivery', 1656130623),
(4, 5, 1015, 996, 197, NULL, NULL, NULL, 1, NULL, NULL, NULL, 'success', 1656130950),
(5, 1, 1015, 1017, 200, NULL, NULL, '{\"Size\":\"Medium\"}', 1, 1, NULL, '43956044000324128', 'success', 1656148501),
(6, 1, 1015, 995, 201, NULL, NULL, '{\"Size\":\"Small\"}', 2, 1, 'Please deliver fast.\r\nRegards.', '596324000328246', 'shipped', 1656148667),
(7, 6, 1, 995, 202, NULL, NULL, NULL, 1, NULL, NULL, NULL, 'success', 1656322618);

-- --------------------------------------------------------

--
-- Table structure for table `product_reviews`
--

CREATE TABLE `product_reviews` (
  `id` int(10) UNSIGNED NOT NULL,
  `product_id` int(10) UNSIGNED NOT NULL,
  `creator_id` int(10) UNSIGNED NOT NULL,
  `product_quality` int(10) UNSIGNED NOT NULL,
  `purchase_worth` int(10) UNSIGNED NOT NULL,
  `delivery_quality` int(10) UNSIGNED NOT NULL,
  `seller_quality` int(10) UNSIGNED NOT NULL,
  `rates` char(10) NOT NULL,
  `description` text DEFAULT NULL,
  `created_at` int(10) UNSIGNED NOT NULL,
  `status` enum('pending','active') NOT NULL
) ENGINE=InnoDB DEFAULT CHARSET=utf8mb4 COLLATE=utf8mb4_unicode_ci;

--
-- Dumping data for table `product_reviews`
--

INSERT INTO `product_reviews` (`id`, `product_id`, `creator_id`, `product_quality`, `purchase_worth`, `delivery_quality`, `seller_quality`, `rates`, `description`, `created_at`, `status`) VALUES
(1, 4, 995, 5, 5, 5, 5, '5', 'It was a perfect book.\r\nThank you.', 1656103893, 'active'),
(2, 1, 923, 4, 4, 4, 5, '4.25', 'The brushes were soft.\r\nI like them.\r\nThank you', 1656104234, 'active'),
(3, 2, 930, 5, 5, 5, 5, '5', 'I am pleasantly surprised for the wholesomeness and great quality of this microscope. Images are sharp and clean. I am happy I got it. It is fun and unpretentious, unlike my lab microscopes.', 1656130849, 'active'),
(4, 5, 996, 2, 3, 3, 2, '2.5', 'I don\'t like anything about this product.', 1656131043, 'active'),
(5, 6, 995, 5, 5, 5, 5, '5', 'Wow! I just finished reading Where the Crawdads Sing. And I will say it again, Wow! This books is so filled with emotion. Kya, the main character, is trying to survive by herself from a young age. She has been abandoned by those who should teach her, guide her, protect her. She has to fend for herself. Two men come into her life and teach her about the good and bad in life.\r\nI only keep few book\'s that I know I will read again. This is staying in my library.', 1656322965, 'active');

-- --------------------------------------------------------

--
-- Table structure for table `product_selected_filter_options`
--

CREATE TABLE `product_selected_filter_options` (
  `id` int(10) UNSIGNED NOT NULL,
  `product_id` int(10) UNSIGNED NOT NULL,
  `filter_option_id` int(10) UNSIGNED NOT NULL
) ENGINE=InnoDB DEFAULT CHARSET=utf8mb4 COLLATE=utf8mb4_unicode_ci;

--
-- Dumping data for table `product_selected_filter_options`
--

INSERT INTO `product_selected_filter_options` (`id`, `product_id`, `filter_option_id`) VALUES
(95, 6, 2),
(96, 1, 1),
(97, 2, 1),
(98, 4, 2);

-- --------------------------------------------------------

--
-- Table structure for table `product_selected_specifications`
--

CREATE TABLE `product_selected_specifications` (
  `id` int(10) UNSIGNED NOT NULL,
  `creator_id` int(10) UNSIGNED NOT NULL,
  `product_id` int(10) UNSIGNED NOT NULL,
  `product_specification_id` int(10) UNSIGNED NOT NULL,
  `type` enum('textarea','multi_value') NOT NULL,
  `allow_selection` tinyint(1) NOT NULL DEFAULT 0,
  `order` int(10) UNSIGNED DEFAULT NULL,
  `status` enum('active','inactive') NOT NULL DEFAULT 'active',
  `created_at` int(10) UNSIGNED NOT NULL
) ENGINE=InnoDB DEFAULT CHARSET=utf8mb4 COLLATE=utf8mb4_unicode_ci;

--
-- Dumping data for table `product_selected_specifications`
--

INSERT INTO `product_selected_specifications` (`id`, `creator_id`, `product_id`, `product_specification_id`, `type`, `allow_selection`, `order`, `status`, `created_at`) VALUES
(1, 1015, 1, 1, 'multi_value', 1, NULL, 'active', 1655623901),
(2, 1015, 1, 2, 'multi_value', 0, NULL, 'active', 1655623917),
(3, 1015, 1, 3, 'multi_value', 0, NULL, 'active', 1655623943),
(4, 934, 2, 4, 'textarea', 0, NULL, 'active', 1655626896),
(5, 1016, 4, 5, 'multi_value', 0, NULL, 'active', 1655670877),
(6, 1, 6, 5, 'multi_value', 0, NULL, 'active', 1656322503),
(7, 1, 6, 4, 'textarea', 0, NULL, 'active', 1656322546);

-- --------------------------------------------------------

--
-- Table structure for table `product_selected_specification_multi_values`
--

CREATE TABLE `product_selected_specification_multi_values` (
  `id` int(10) UNSIGNED NOT NULL,
  `selected_specification_id` int(10) UNSIGNED NOT NULL,
  `specification_multi_value_id` int(10) UNSIGNED NOT NULL
) ENGINE=InnoDB DEFAULT CHARSET=utf8mb4 COLLATE=utf8mb4_unicode_ci;

--
-- Dumping data for table `product_selected_specification_multi_values`
--

INSERT INTO `product_selected_specification_multi_values` (`id`, `selected_specification_id`, `specification_multi_value_id`) VALUES
(2, 1, 1),
(3, 1, 2),
(4, 1, 3),
(5, 2, 4),
(6, 3, 6),
(7, 3, 7),
(8, 3, 8),
(9, 5, 11),
(10, 6, 11);

-- --------------------------------------------------------

--
-- Table structure for table `product_selected_specification_translations`
--

CREATE TABLE `product_selected_specification_translations` (
  `id` bigint(20) UNSIGNED NOT NULL,
  `product_selected_specification_id` int(10) UNSIGNED NOT NULL,
  `locale` varchar(255) NOT NULL,
  `value` text NOT NULL
) ENGINE=InnoDB DEFAULT CHARSET=utf8mb4 COLLATE=utf8mb4_unicode_ci;

--
-- Dumping data for table `product_selected_specification_translations`
--

INSERT INTO `product_selected_specification_translations` (`id`, `product_selected_specification_id`, `locale`, `value`) VALUES
(1, 4, 'en', 'Model: M82EZ\r\nTotal magnification: 40X-100X-250X-400X-1000X-2500X\r\nEyepieces: widefield WF10X and WF25X\r\nObjectives: achromatic DIN 4X, 10X, 40X(S), 100X(S, Oil)\r\nViewing head: 45° Inclined 360° swiveling binocular\r\nSliding adjustable interpupillary distance: 2-3/16\" ~ 2-15/16\"(55~75mm)\r\nOcular diopter adjustable on both eyetubes\r\nNosepiece: revolving quadruple\r\nStage: mechanical double layer size: 4-1/2\"x 4-15/16\" (115mm x 125mm)\r\nCondenser and diaphragm: NA1.25 Abbe condenser with iris diaphragm\r\nTransmitted (lower) illuminator: LED light, intensity adjustable\r\nFocus adjustment: Coaxial coarse and fine knobs on both sides\r\nAll metal mechanical components\r\nPower supply: AC/DC adapter, 100V-240V (UL approved)\r\nDimension: 9-1/16\" x 7-1/8\" x 13\" (23cm x 18cm x 33cm)\r\nNet weight: 7lbs 2 oz (3.25 kg)\r\nPackage weight: 4kg'),
(2, 7, 'en', 'Publisher ‏ : ‎ Penguin Publishing Group (March 30, 2021)\r\nLanguage ‏ : ‎ English\r\nPaperback ‏ : ‎ 400 pages\r\nISBN-10 ‏ : ‎ 0735219109\r\nISBN-13 ‏ : ‎ 978-0735219106\r\nItem Weight ‏ : ‎ 11.2 ounces\r\nDimensions ‏ : ‎ 5.5 x 0.79 x 8.22 inches');

-- --------------------------------------------------------

--
-- Table structure for table `product_specifications`
--

CREATE TABLE `product_specifications` (
  `id` int(10) UNSIGNED NOT NULL,
  `input_type` enum('textarea','multi_value') NOT NULL
) ENGINE=InnoDB DEFAULT CHARSET=utf8mb4 COLLATE=utf8mb4_unicode_ci;

--
-- Dumping data for table `product_specifications`
--

INSERT INTO `product_specifications` (`id`, `input_type`) VALUES
(1, 'multi_value'),
(2, 'multi_value'),
(3, 'multi_value'),
(4, 'textarea'),
(5, 'multi_value');

-- --------------------------------------------------------

--
-- Table structure for table `product_specification_categories`
--

CREATE TABLE `product_specification_categories` (
  `id` int(10) UNSIGNED NOT NULL,
  `specification_id` int(10) UNSIGNED NOT NULL,
  `category_id` int(10) UNSIGNED NOT NULL
) ENGINE=InnoDB DEFAULT CHARSET=utf8mb4 COLLATE=utf8mb4_unicode_ci;

--
-- Dumping data for table `product_specification_categories`
--

INSERT INTO `product_specification_categories` (`id`, `specification_id`, `category_id`) VALUES
(1, 1, 1),
(2, 2, 1),
(3, 3, 1),
(5, 5, 3),
(6, 4, 1),
(7, 4, 3);

-- --------------------------------------------------------

--
-- Table structure for table `product_specification_multi_values`
--

CREATE TABLE `product_specification_multi_values` (
  `id` int(10) UNSIGNED NOT NULL,
  `specification_id` int(10) UNSIGNED NOT NULL
) ENGINE=InnoDB DEFAULT CHARSET=utf8mb4 COLLATE=utf8mb4_unicode_ci;

--
-- Dumping data for table `product_specification_multi_values`
--

INSERT INTO `product_specification_multi_values` (`id`, `specification_id`) VALUES
(1, 1),
(2, 1),
(3, 1),
(4, 2),
(5, 2),
(6, 3),
(7, 3),
(8, 3),
(9, 3),
(10, 3),
(11, 5),
(12, 5),
(13, 5),
(14, 5);

-- --------------------------------------------------------

--
-- Table structure for table `product_specification_multi_value_translations`
--

CREATE TABLE `product_specification_multi_value_translations` (
  `id` bigint(20) UNSIGNED NOT NULL,
  `product_specification_multi_value_id` int(10) UNSIGNED NOT NULL,
  `locale` varchar(255) NOT NULL,
  `title` varchar(255) NOT NULL
) ENGINE=InnoDB DEFAULT CHARSET=utf8mb4 COLLATE=utf8mb4_unicode_ci;

--
-- Dumping data for table `product_specification_multi_value_translations`
--

INSERT INTO `product_specification_multi_value_translations` (`id`, `product_specification_multi_value_id`, `locale`, `title`) VALUES
(1, 1, 'en', 'Small'),
(2, 2, 'en', 'Medium'),
(3, 3, 'en', 'Large'),
(4, 4, 'en', 'Basic'),
(5, 5, 'en', 'Advanced'),
(6, 6, 'en', '3-5'),
(7, 7, 'en', '5-8'),
(8, 8, 'en', '8-13'),
(9, 9, 'en', '13-18'),
(10, 10, 'en', '+18'),
(11, 11, 'en', 'Novel'),
(12, 12, 'en', 'Language learning'),
(13, 13, 'en', 'Scientific'),
(14, 14, 'en', 'literature');

-- --------------------------------------------------------

--
-- Table structure for table `product_specification_translations`
--

CREATE TABLE `product_specification_translations` (
  `id` bigint(20) UNSIGNED NOT NULL,
  `product_specification_id` int(10) UNSIGNED NOT NULL,
  `locale` varchar(255) NOT NULL,
  `title` varchar(255) NOT NULL
) ENGINE=InnoDB DEFAULT CHARSET=utf8mb4 COLLATE=utf8mb4_unicode_ci;

--
-- Dumping data for table `product_specification_translations`
--

INSERT INTO `product_specification_translations` (`id`, `product_specification_id`, `locale`, `title`) VALUES
(1, 1, 'en', 'Size'),
(2, 2, 'en', 'Skill Level'),
(3, 3, 'en', 'Age Range'),
(4, 4, 'en', 'Main Features'),
(5, 5, 'en', 'E-book type');

-- --------------------------------------------------------

--
-- Table structure for table `product_translations`
--

CREATE TABLE `product_translations` (
  `id` bigint(20) UNSIGNED NOT NULL,
  `product_id` int(10) UNSIGNED NOT NULL,
  `locale` varchar(255) NOT NULL,
  `title` varchar(255) NOT NULL,
  `seo_description` text DEFAULT NULL,
  `summary` text DEFAULT NULL,
  `description` longtext DEFAULT NULL
) ENGINE=InnoDB DEFAULT CHARSET=utf8mb4 COLLATE=utf8mb4_unicode_ci;

--
-- Dumping data for table `product_translations`
--

INSERT INTO `product_translations` (`id`, `product_id`, `locale`, `title`, `seo_description`, `summary`, `description`) VALUES
(1, 1, 'en', 'Painting tools', 'Here are some of Manfredini\'s favorite must-have paint products for a flawless finish and a handful of appealing painter accessories that you can skip altogether', 'When it comes to painting supplies, if it sounds too good to be true, then it usually is. There\'s really no substitute for quality painting tools, adequate preparation, and careful work. \"One of the easiest things to remember about paint tools is that you get what you pay for,\" says Lou Manfredini, home expert for Ace Hardware. \"The biggest mistake I see homeowners make is that they buy cheap tools that don\'t give them good results, or they buy cheap paint—then they end up with a poor finished product.\"', '<p>Here are some of Manfredini\'s favorite must-have paint products for a flawless finish and a handful of appealing painter accessories that you can skip altogether. Keep in mind that you may not need some of these products if your walls are in good shape and don\'t need a lot of repairs. (Just make sure you purchase some highly-rated paint first because a quality tool won\'t work miracles on low-quality paint).</p><p><br></p><h3 style=\"color: rgba(0, 0, 0, 0.95); font-variant-numeric: normal; font-variant-east-asian: normal; font-stretch: normal; font-size: 24px; line-height: 32px; font-family: Sophia, \"Helvetica Neue\", sans-serif; letter-spacing: 0.5px; margin-top: 32px; margin-bottom: 16px;\">Paint Key</h3><div class=\"paragraph\" style=\"color: rgba(0, 0, 0, 0.95); font-family: Lora, serif; font-size: medium;\"><p style=\"font-variant-numeric: normal; font-variant-east-asian: normal; font-stretch: normal; font-size: 18px; line-height: 28px; letter-spacing: 0px; margin-bottom: 16px; max-width: 712px; overflow-wrap: anywhere;\">You don\'t need a special tool to open your paint cans; a standard flat-head screwdriver works just fine.</p></div><h3 style=\"color: rgba(0, 0, 0, 0.95); font-variant-numeric: normal; font-variant-east-asian: normal; font-stretch: normal; font-size: 24px; line-height: 32px; font-family: Sophia, \"Helvetica Neue\", sans-serif; letter-spacing: 0.5px; margin-top: 32px; margin-bottom: 16px;\">Plastic Tube for Paint Roller</h3><div class=\"paragraph\" style=\"color: rgba(0, 0, 0, 0.95); font-family: Lora, serif; font-size: medium;\"><p style=\"font-variant-numeric: normal; font-variant-east-asian: normal; font-stretch: normal; font-size: 18px; line-height: 28px; letter-spacing: 0px; margin-bottom: 16px; max-width: 712px; overflow-wrap: anywhere;\">If you\'re done painting for the day but want to pick it back up tomorrow, cover the roller in plastic wrap, then throw it into a plastic bag with an air-tight seal.</p></div><h3 style=\"color: rgba(0, 0, 0, 0.95); font-variant-numeric: normal; font-variant-east-asian: normal; font-stretch: normal; font-size: 24px; line-height: 32px; font-family: Sophia, \"Helvetica Neue\", sans-serif; letter-spacing: 0.5px; margin-top: 32px; margin-bottom: 16px;\">Paint Tray Liners</h3><div class=\"paragraph\" style=\"color: rgba(0, 0, 0, 0.95); font-family: Lora, serif; font-size: medium;\"><p style=\"font-variant-numeric: normal; font-variant-east-asian: normal; font-stretch: normal; font-size: 18px; line-height: 28px; letter-spacing: 0px; margin-bottom: 16px; max-width: 712px; overflow-wrap: anywhere;\">These aren\'t necessary if you get a quality hard plastic paint tray. Plus, it\'s less wasteful if you don\'t throw away a plastic liner each time you paint.</p></div><div class=\"div-sm-inContent\" style=\"color: rgba(0, 0, 0, 0.95); font-family: Lora, serif; font-size: medium;\"><div id=\"div-gpt-native\" class=\"tablet-ad desktop-ad ads-in-content\" data-tier=\"1\" data-google-query-id=\"CL7-utP6uPgCFWLFuwgdOBYNvQ\"><div id=\"google_ads_iframe_3865/ddm.realsimple.com/ntv1_0__container__\" style=\"border: 0pt none;\"></div></div></div><h3 style=\"color: rgba(0, 0, 0, 0.95); font-variant-numeric: normal; font-variant-east-asian: normal; font-stretch: normal; font-size: 24px; line-height: 32px; font-family: Sophia, \"Helvetica Neue\", sans-serif; letter-spacing: 0.5px; margin-top: 32px; margin-bottom: 16px;\">Paint Pads</h3><div class=\"paragraph\" style=\"color: rgba(0, 0, 0, 0.95); font-family: Lora, serif; font-size: medium;\"><p style=\"font-variant-numeric: normal; font-variant-east-asian: normal; font-stretch: normal; font-size: 18px; line-height: 28px; letter-spacing: 0px; margin-bottom: 16px; max-width: 712px; overflow-wrap: anywhere;\">Skip these, unless you\'re using them to paint behind hard-to-reach areas like a toilet tank or radiator.</p></div><h3 style=\"color: rgba(0, 0, 0, 0.95); font-variant-numeric: normal; font-variant-east-asian: normal; font-stretch: normal; font-size: 24px; line-height: 32px; font-family: Sophia, \"Helvetica Neue\", sans-serif; letter-spacing: 0.5px; margin-top: 32px; margin-bottom: 16px;\">Fillable Paint Products</h3><div class=\"paragraph\" style=\"color: rgba(0, 0, 0, 0.95); font-family: Lora, serif; font-size: medium;\"><p style=\"font-variant-numeric: normal; font-variant-east-asian: normal; font-stretch: normal; font-size: 18px; line-height: 28px; letter-spacing: 0px; margin-bottom: 16px; max-width: 712px; overflow-wrap: anywhere;\">\"Any gadget that sucks paint up into its handle is a nightmare to use and to clean. In the time it takes to refill it, you could already be painting,\" says Manfredini. The exception here is the touch-up tool that Manfredini recommended specifically.</p></div>'),
(2, 2, 'en', 'Advanced microscope', 'A microscope is a laboratory instrument used to examine objects that are too small to be seen by the naked eye.', 'There are many types of microscopes, and they may be grouped in different ways. One way is to describe the method an instrument uses to interact with a sample and produce images, either by sending a beam of light or electrons through a sample in its optical path, by detecting photon emissions from a sample, or by scanning across and a short distance from the surface of a sample using a probe.', '<p>This OMAX binocular biological compound microscope offers six magnifications between 40X and 2500X.  The lab microscope comes with a 45 inclined 360 swiveling binocular sliding viewing head, two pairs of widefield eyepieces with an adjustable diopter on oculars, four achromatic objectives, stain-resistant double layer mechanical stage with scales, coarse and fine focusing on both sides, NA 1.25 Abbe condenser with iris diaphragm and variable intensity LED transmitted illumination system.  This type of microscope is perfect for home school, teaching, demonstration, clinical examination, laboratories, and advanced applications. It is easy to mount an electronic eyepiece (digital microscope camera) for capturing images and live video on a computer.  It can also be added a darkfield condenser to switch a brightfield microscope to a darkfield microscope.</p><p><br></p>'),
(4, 4, 'en', 'Sherlock Holmes e-book', 'Sherlock Holmes is a fictional detective created by British author Sir Arthur Conan Doyle.', 'Sherlock Holmes is a fictional detective created by British author Sir Arthur Conan Doyle. Referring to himself as a \"consulting detective\" in the stories, Holmes is known for his proficiency with observation, deduction, forensic science and logical reasoning that borders on the fantastic, which he employs when investigating cases for a wide variety of clients, including Scotland Yard.', '<p><font color=\"#202122\" face=\"sans-serif\"><span style=\"font-size: 14px;\">Though not the first fictional detective, Sherlock Holmes is arguably the best known.[1] By the 1990s there were already over 25,000 stage adaptations, films, television productions and publications featuring the detective,[2] and Guinness World Records lists him as the most portrayed literary human character in film and television history.[3] Holmes\'s popularity and fame are such that many have believed him to be not a fictional character but a real individual;[4][5][6] numerous literary and fan societies have been founded on this pretence. Avid readers of the Holmes stories helped create the modern practice of fandom.[7] The character and stories have had a profound and lasting effect on mystery writing and popular culture as a whole, with the original tales as well as thousands written by authors other than Conan Doyle being adapted into stage and radio plays, television, films, video games, and other media for over one hundred years.</span></font><br></p>'),
(5, 5, 'en', 'Business Software', 'Business software is any software or set of computer programs used by business users to perform various business functions.', 'Business software is any software or set of computer programs used by business users to perform various business functions.', '<p>Business software (or a business application) is any software or set of computer programs used by business users to perform various business functions. These business applications are used to increase productivity, measure productivity, and perform other business functions accurately.</p><p>Much business software is developed to meet the needs of a specific business, and therefore is not easily transferable to a different business environment, unless its nature and operation are identical. Due to the unique requirements of each business, off-the-shelf software is unlikely to completely address a company\'s needs. However, where an on-the-shelf solution is necessary, due to time or monetary considerations, some level of customization is likely to be required. Exceptions do exist, depending on the business in question, and thorough research is always required before committing to bespoke or off-the-shelf solutions.</p><p><br></p><p>Some business applications are interactive, i.e., they have a graphical user interface or user interface and users can query/modify/input data and view results instantaneously. They can also run reports instantaneously. Some business applications run in batch mode: they are set up to run based on a predetermined event/time and a business user does not need to initiate them or monitor them.</p><p><br></p><p>Some business applications are built in-house and some are bought from vendors (off-the-shelf software products). These business applications are installed on either desktops or big servers. Prior to the introduction of COBOL (a universal compiler) in 1965, businesses developed their own unique machine language. RCA\'s language consisted of a 12-position instruction. For example, to read a record into memory, the first two digits would be the instruction (action) code. The next four positions of the instruction (an \'A\' address) would be the exact leftmost memory location where you want the readable character to be placed. Four positions (a \'B\' address) of the instruction would note the very rightmost memory location where you want the last character of the record to be located. A two-digit \'B\' address also allows a modification of any instruction. Instruction codes and memory designations excluded the use of 8\'s or 9\'s. The first RCA business application was implemented in 1962 on a 4k RCA 301. The RCA 301, mid-frame 501, and large frame 601 began their marketing in early 1960.</p><p><br></p><p>Many kinds of users are found within the business environment, and can be categorized by using a small, medium, and large matrix:</p><p><br></p><p>The small business market generally consists of home accounting software, and office suites such as LibreOffice, Microsoft Office or Google Workspace (formerly G Suite and Google Apps for Work).</p><p>The medium size, or small and medium-sized enterprise (SME), has a broader range of software applications, ranging from accounting, groupware, customer relationship management, human resource management systems, outsourcing relationship management, loan origination software, shopping cart software, field service software, and other productivity-enhancing applications.</p><p>The last segment covers enterprise level software applications, such as those in the fields of enterprise resource planning, enterprise content management (ECM), business process management (BPM) and product lifecycle management. These applications are extensive in scope and often come with modules that either add native functions or incorporate the functionality of third-party computer programs.</p><p>Technologies that previously only existed in peer-to-peer software applications, like Kazaa and Napster, are starting to appear within business applications.</p>'),
(6, 6, 'en', 'Where the Crawdads Sing e-book', 'The #1 New York Times bestselling worldwide sensation with more than 12 million copies sold', 'SOON TO BE A MAJOR MOTION PICTURE—The #1 New York Times bestselling worldwide sensation with more than 12 million copies sold, hailed by The New York Times Book Review as “a painfully beautiful first novel that is at once a murder mystery, a coming-of-age narrative and a celebration of nature.”\r\n\r\nFor years, rumors of the “Marsh Girl” have haunted Barkley Cove, a quiet town on the North Carolina coast. So in late 1969, when handsome Chase Andrews is found dead, the locals immediately suspect Kya Clark, the so-called Marsh Girl. But Kya is not what they say. Sensitive and intelligent, she has survived for years alone in the marsh that she calls home, finding friends in the gulls and lessons in the sand. Then the time comes when she yearns to be touched and loved. When two young men from town become intrigued by her wild beauty, Kya opens herself to a new life—until the unthinkable happens.\r\n\r\nWhere the Crawdads Sing is at once an exquisite ode to the natural world, a heartbreaking coming-of-age story, and a surprising tale of possible murder. Owens reminds us that we are forever shaped by the children we once were and that we are all subject to the beautiful and violent secrets that nature keeps.', '<div>“A painfully beautiful first novel that is at once a murder mystery, a coming-of-age narrative and a celebration of nature....Owens here surveys the desolate marshlands of the North Carolina coast through the eyes of an abandoned child. And in her isolation that child makes us open our own eyes to the secret wonders—and dangers—of her private world.”—The New York Times Book Review</div><div><br></div><div>“Steeped in the rhythms and shadows of the coastal marshes of North Carolina’s Outer Banks, this fierce and hauntingly beautiful novel centers on...Kya’s heartbreaking story of learning to trust human connections, intertwine[d] with a gripping murder mystery, revealing savage truths. An astonishing debut.”—People</div><div><br></div><div>“This lush mystery is perfect for fans of Barbara Kingsolver.”—Bustle</div><div><br></div><div>“A lush debut novel, Owens delivers her mystery wrapped in gorgeous, lyrical prose. It’s clear she’s from this place—the land of the southern coasts, but also the emotional terrain—you can feel it in the pages.  A magnificent achievement, ambitious, credible and very timely.”—Alexandra Fuller, New York Times bestselling author of Don’t Let’s Go to the Dogs Tonight</div><div><br></div><div>“Heart-wrenching...A fresh exploration of isolation and nature from a female perspective along with a compelling love story.”—Entertainment Weekly</div><div><br></div><div>“This wonderful novel has a bit of everything—mystery, romance, and fascinating characters, all told in a story that takes place in North Carolina.”—Nicholas Sparks, New York Times bestselling author of Every Breath</div><div><br></div><div>“Delia Owen’s gorgeous novel is both a coming-of-age tale and an engrossing whodunit.”—Real Simple</div><div><br></div><div>“Evocative...Kya makes for an unforgettable heroine.”—Publishers Weekly</div><div><br></div><div>“The New Southern novel...A lyrical debut.”—Southern Living</div><div><br></div><div>“A nature-infused romance with a killer twist.”—Refinery29</div><div><br></div><div>“Anyone who liked The Great Alone will want to read Where the Crawdads Sing....This astonishing debut is a beautiful and haunting novel that packs a powerful punch. It’s the first novel in a long time that made me cry.”—Kristin Hannah, author ofThe Great AloneandThe Nightingale</div><div><br></div><div>“Both a coming-of-age story and a mysterious account of a murder investigation told from the perspective of a young girl...Through Kya’s story, Owens explores how isolation affects human behavior, and the deep effect that rejection can have on our lives.”—Vanity Fair</div><div><br></div><div>“Lyrical...Its appeal ris[es] from Kya’s deep connection to the place where makes her home, and to all of its creatures.”—Booklist</div><div><br></div><div>“This beautiful, evocative novel is likely to stay with you for many days afterward....absorbing.”—AARP </div><div><br></div><div>“This haunting tale captivates every bit as much for its crime drama elements as for the humanity at its core.” —Mystery & Suspense Magazine</div><div><br></div><div>“Compelling, original...A mystery, a courtroom drama, a romance and a coming-of-age story, Where the Crawdads Sing is a moving, beautiful tale. Readers will remember Kya for a long, long time.”—ShelfAwareness</div><div><br></div><div>“With prose luminous as a low-country moon, Owens weaves a compelling tale of a forgotten girl in the unforgiving coastal marshes of North Carolina. It is a murder mystery/love story/courtroom drama that readers will love, but the novel delves so much deeper into the bone and sinew of our very nature, asking often unanswerable questions, old and intractable as the marsh itself. A stunning debut!”—Christopher Scotton, author of The Secret Wisdom of the Earth</div><div><br></div><div>“A compelling mystery with prose so luminous it can cut through the murkiest of pluff mud.”—Augusta Chronicle</div><div><br></div><div>“Carries the rhythm of an old time ballad. It is clear Owens knows this land intimately, from the black mud sucking at footsteps to the taste of saltwater and the cry of seagulls.”—David Joy, author of The Line That Held Us</div>'),
(9, 6, 'id', 'Where the Crawdads Sing e-book', 'The #1 New York Times bestselling worldwide sensation with more than 12 million copies sold', 'The #1 New York Times bestselling worldwide sensation with more than 12 million copies sold', '<p>“Novel pertama yang sangat indah sekaligus merupakan misteri pembunuhan, narasi masa depan, dan perayaan alam....Owens di sini mengamati tanah rawa terpencil di pantai Carolina Utara dari sudut pandang seorang anak terlantar. Dan dalam keterasingannya, anak itu membuat kita membuka mata kita sendiri terhadap keajaiban rahasia—dan bahaya—dari dunia pribadinya.”—The New York Times Book Review</p><p><br></p><p>Tenggelam dalam ritme dan bayang-bayang rawa-rawa pesisir di Outer Banks Carolina Utara, novel yang garang dan sangat indah ini berpusat pada... kisah Kya yang memilukan tentang belajar untuk memercayai hubungan antarmanusia, terjalin[d] dengan misteri pembunuhan yang mencekam, mengungkapkan kebiadaban kebenaran. Debut yang mencengangkan.”—Orang</p><p><br></p><p>“Misteri subur ini sangat cocok untuk penggemar Barbara Kingsolver.”—Bustle</p><p><br></p><p>“Novel debut yang subur, Owens menyampaikan misterinya yang dibungkus dengan prosa liris yang indah. Jelas dia berasal dari tempat ini — tanah di pantai selatan, tetapi juga medan emosional — Anda bisa merasakannya di halaman. Pencapaian yang luar biasa, ambisius, kredibel, dan sangat tepat waktu.”—Alexandra Fuller, penulis laris New York Times dari Don\'t Let\'s Go to the Dogs Tonight</p>'),
(10, 5, 'id', 'Business Software', 'Perangkat lunak bisnis adalah setiap perangkat lunak atau rangkaian program komputer yang digunakan oleh pengguna bisnis untuk menjalankan berbagai fungsi bisnis', 'Perangkat lunak bisnis adalah setiap perangkat lunak atau rangkaian program komputer yang digunakan oleh pengguna bisnis untuk menjalankan berbagai fungsi bisnis', '<p>Perangkat lunak bisnis (atau aplikasi bisnis) adalah setiap perangkat lunak atau rangkaian program komputer yang digunakan oleh pengguna bisnis untuk melakukan berbagai fungsi bisnis. Aplikasi bisnis ini digunakan untuk meningkatkan produktivitas, mengukur produktivitas, dan menjalankan fungsi bisnis lainnya secara akurat.</p><p><br></p><p>Banyak perangkat lunak bisnis dikembangkan untuk memenuhi kebutuhan bisnis tertentu, dan karena itu tidak mudah dialihkan ke lingkungan bisnis yang berbeda, kecuali jika sifat dan operasinya identik. Karena persyaratan unik dari setiap bisnis, perangkat lunak siap pakai tidak mungkin sepenuhnya memenuhi kebutuhan perusahaan. Namun, jika solusi di rak diperlukan, karena pertimbangan waktu atau uang, beberapa tingkat penyesuaian mungkin diperlukan. Pengecualian memang ada, tergantung pada bisnis yang bersangkutan, dan penelitian menyeluruh selalu diperlukan sebelum melakukan solusi yang dipesan lebih dahulu atau siap pakai.</p>'),
(11, 1, 'id', 'Alat lukis', 'Berikut adalah beberapa produk cat favorit Manfredini yang harus dimiliki untuk hasil akhir yang sempurna dan beberapa aksesori pelukis menarik yang dapat Anda lewatkan sama sekali.', 'Berikut adalah beberapa produk cat favorit Manfredini yang harus dimiliki untuk hasil akhir yang sempurna dan beberapa aksesori pelukis menarik yang dapat Anda lewatkan sama sekali.', '<p>Kunci Cat</p><p>Anda tidak memerlukan alat khusus untuk membuka kaleng cat Anda; obeng pipih standar berfungsi dengan baik.</p><p><br></p><p>Tabung Plastik untuk Rol Cat</p><p>Jika Anda selesai mengecat untuk hari itu tetapi ingin mengambilnya kembali besok, tutupi rol dengan bungkus plastik, lalu masukkan ke dalam kantong plastik dengan segel kedap udara.</p><p><br></p><p>Pelapis Baki Cat</p><p>Ini tidak diperlukan jika Anda mendapatkan baki cat plastik keras berkualitas. Selain itu, tidak boros jika Anda tidak membuang pelapis plastik setiap kali mengecat.</p><p><br></p><p>Bantalan Cat</p><p>Lewati ini, kecuali jika Anda menggunakannya untuk mengecat di belakang area yang sulit dijangkau seperti tangki toilet atau radiator.</p><p><br></p><p>Produk Cat yang Dapat Diisi</p><p>\"Gadget apa pun yang menyedot cat ke pegangannya adalah mimpi buruk untuk digunakan dan dibersihkan. Dalam waktu yang diperlukan untuk mengisi ulang, Anda sudah bisa mengecat,\" kata Manfredini. Pengecualian di sini adalah alat perbaikan yang direkomendasikan secara khusus oleh Manfredini.</p>'),
(12, 2, 'id', 'Mikroskop canggih', 'Mikroskop canggih', 'Mikroskop senyawa biologis teropong OMAX menawarkan enam perbesaran antara 40X dan 2500X', '<p>Mikroskop senyawa biologis teropong OMAX ini menawarkan enam perbesaran antara 40X dan 2500X. Mikroskop lab dilengkapi dengan kepala penglihatan geser teropong putar 45 miring 360, dua pasang eyepieces bidang lebar dengan diopter yang dapat disesuaikan pada okular, empat tujuan akromatik, tahap mekanis lapisan ganda tahan noda dengan sisik, pemfokusan kasar dan halus di kedua sisi, NA 1.25 Kondensor Abbe dengan diafragma iris dan sistem penerangan transmisi LED intensitas variabel. Mikroskop jenis ini sangat cocok untuk sekolah rumah, pengajaran, demonstrasi, pemeriksaan klinis, laboratorium, dan aplikasi lanjutan. Sangat mudah untuk memasang lensa mata elektronik (kamera mikroskop digital) untuk mengambil gambar dan video langsung di komputer. Itu juga dapat ditambahkan kondensor medan gelap untuk mengalihkan mikroskop medan terang ke mikroskop medan gelap.</p>'),
(13, 4, 'id', 'Sherlock Holmes [E-book]', 'Sherlock Holmes', 'Sherlock Holmes is arguably the best known. By the 1990s there were already over 25,000 stage adaptations, films, television productions and publications featuring the detective', '<p><span style=\"color: rgb(32, 33, 34); font-family: sans-serif;\">Though not the first fictional detective, Sherlock Holmes is arguably the best known.[1] By the 1990s there were already over 25,000 stage adaptations, films, television productions and publications featuring the detective,[2] and Guinness World Records lists him as the most portrayed literary human character in film and television history.[3] Holmes\'s popularity and fame are such that many have believed him to be not a fictional character but a real individual;[4][5][6] numerous literary and fan societies have been founded on this pretence. Avid readers of the Holmes stories helped create the modern practice of fandom.[7] The character and stories have had a profound and lasting effect on mystery writing and popular culture as a whole, with the original tales as well as thousands written by authors other than Conan Doyle being adapted into stage and radio plays, television, films, video games, and other media for over one hundred years.</span></p>');

-- --------------------------------------------------------

--
-- Table structure for table `promotions`
--

CREATE TABLE `promotions` (
  `id` int(10) UNSIGNED NOT NULL,
  `days` int(10) UNSIGNED NOT NULL,
  `price` double(15,2) UNSIGNED NOT NULL,
  `icon` varchar(255) NOT NULL,
  `is_popular` tinyint(1) NOT NULL DEFAULT 0,
  `created_at` int(10) UNSIGNED NOT NULL
) ENGINE=InnoDB DEFAULT CHARSET=utf8mb4 COLLATE=utf8mb4_unicode_ci ROW_FORMAT=DYNAMIC;

--
-- Dumping data for table `promotions`
--

INSERT INTO `promotions` (`id`, `days`, `price`, `icon`, `is_popular`, `created_at`) VALUES
(2, 15, 150.00, '/store/1/default_images/subscribe_packages/gold.png', 1, 1635446032),
(3, 15, 50.00, '/store/1/default_images/subscribe_packages/bronze.png', 0, 1646415095),
(4, 15, 90.00, '/store/1/default_images/subscribe_packages/silver.png', 0, 1635446095);

-- --------------------------------------------------------

--
-- Table structure for table `promotion_translations`
--

CREATE TABLE `promotion_translations` (
  `id` bigint(20) UNSIGNED NOT NULL,
  `promotion_id` int(10) UNSIGNED NOT NULL,
  `locale` varchar(255) NOT NULL,
  `title` varchar(255) NOT NULL,
  `description` text NOT NULL
) ENGINE=InnoDB DEFAULT CHARSET=utf8mb4 COLLATE=utf8mb4_unicode_ci;

--
-- Dumping data for table `promotion_translations`
--

INSERT INTO `promotion_translations` (`id`, `promotion_id`, `locale`, `title`, `description`) VALUES
(1, 2, 'en', 'Gold', 'One of your classes will be displayed at the top of the category list and homepage slider'),
(2, 3, 'en', 'Bronze', 'One of your classes will be displayed at the top of the category list'),
(3, 4, 'en', 'Silver', 'One of your classes will be displayed at the homepage slider'),
(4, 2, 'es', 'Oro', 'Una de sus clases se mostrará en la parte superior de la lista de categorías y el control deslizante de la página de inicio.'),
(5, 2, 'ar', 'ذهب', 'سيتم عرض أحد فصولك الدراسية في أعلى قائمة الفئات وشريط تمرير الصفحة الرئيسية'),
(6, 4, 'ar', 'فضة', 'سيتم عرض إحدى فصولك الدراسية في شريط تمرير الصفحة الرئيسية'),
(7, 4, 'es', 'Plata', 'Una de sus clases se mostrará en el control deslizante de la página de inicio.'),
(8, 3, 'ar', 'برونزية', 'سيتم عرض أحد فصولك في أعلى قائمة الفئات'),
(9, 3, 'es', 'Bronce', 'Una de sus clases se mostrará en la parte superior de la lista de categorías.');

-- --------------------------------------------------------

--
-- Table structure for table `purchases`
--

CREATE TABLE `purchases` (
  `id` int(10) UNSIGNED NOT NULL,
  `webinar_id` int(10) UNSIGNED NOT NULL,
  `user_id` int(10) UNSIGNED NOT NULL,
  `created_at` int(11) NOT NULL
) ENGINE=InnoDB DEFAULT CHARSET=utf8mb4 COLLATE=utf8mb4_unicode_ci ROW_FORMAT=DYNAMIC;

-- --------------------------------------------------------

--
-- Table structure for table `quizzes`
--

CREATE TABLE `quizzes` (
  `id` int(10) UNSIGNED NOT NULL,
  `webinar_id` int(10) UNSIGNED DEFAULT NULL,
  `creator_id` int(10) UNSIGNED NOT NULL,
  `chapter_id` int(10) UNSIGNED DEFAULT NULL,
  `time` int(11) DEFAULT 0,
  `attempt` int(11) DEFAULT NULL,
  `pass_mark` int(11) NOT NULL,
  `certificate` tinyint(1) NOT NULL,
  `status` enum('active','inactive') NOT NULL,
  `total_mark` int(10) UNSIGNED DEFAULT NULL,
  `display_limited_questions` tinyint(1) NOT NULL DEFAULT 0,
  `display_number_of_questions` int(10) UNSIGNED DEFAULT NULL,
  `display_questions_randomly` tinyint(1) NOT NULL DEFAULT 0,
  `expiry_days` int(10) UNSIGNED DEFAULT NULL,
  `created_at` int(11) NOT NULL,
  `updated_at` int(11) DEFAULT NULL
) ENGINE=InnoDB DEFAULT CHARSET=utf8mb4 COLLATE=utf8mb4_unicode_ci ROW_FORMAT=DYNAMIC;

--
-- Dumping data for table `quizzes`
--

INSERT INTO `quizzes` (`id`, `webinar_id`, `creator_id`, `chapter_id`, `time`, `attempt`, `pass_mark`, `certificate`, `status`, `total_mark`, `display_limited_questions`, `display_number_of_questions`, `display_questions_randomly`, `expiry_days`, `created_at`, `updated_at`) VALUES
(43, 2040, 867, NULL, 120, 3, 1, 1, 'active', 1, 0, NULL, 1, NULL, 1692688330, NULL);

-- --------------------------------------------------------

--
-- Table structure for table `quizzes_questions`
--

CREATE TABLE `quizzes_questions` (
  `id` int(10) UNSIGNED NOT NULL,
  `quiz_id` int(10) UNSIGNED NOT NULL,
  `creator_id` int(10) UNSIGNED NOT NULL,
  `grade` varchar(255) NOT NULL,
  `type` enum('multiple','descriptive') NOT NULL,
  `image` text DEFAULT NULL,
  `video` text DEFAULT NULL,
  `order` int(10) UNSIGNED DEFAULT NULL,
  `created_at` int(11) NOT NULL,
  `updated_at` int(11) DEFAULT NULL
) ENGINE=InnoDB DEFAULT CHARSET=utf8mb4 COLLATE=utf8mb4_unicode_ci ROW_FORMAT=DYNAMIC;

--
-- Dumping data for table `quizzes_questions`
--

INSERT INTO `quizzes_questions` (`id`, `quiz_id`, `creator_id`, `grade`, `type`, `image`, `video`, `order`, `created_at`, `updated_at`) VALUES
(79, 43, 867, '1', 'multiple', NULL, NULL, 1, 1692688699, NULL);

-- --------------------------------------------------------

--
-- Table structure for table `quizzes_questions_answers`
--

CREATE TABLE `quizzes_questions_answers` (
  `id` int(10) UNSIGNED NOT NULL,
  `creator_id` int(10) UNSIGNED NOT NULL,
  `question_id` int(10) UNSIGNED NOT NULL,
  `image` text DEFAULT NULL,
  `correct` tinyint(1) NOT NULL DEFAULT 0,
  `created_at` int(11) NOT NULL,
  `updated_at` int(11) DEFAULT NULL
) ENGINE=InnoDB DEFAULT CHARSET=utf8mb4 COLLATE=utf8mb4_unicode_ci ROW_FORMAT=DYNAMIC;

--
-- Dumping data for table `quizzes_questions_answers`
--

INSERT INTO `quizzes_questions_answers` (`id`, `creator_id`, `question_id`, `image`, `correct`, `created_at`, `updated_at`) VALUES
(215, 867, 79, NULL, 0, 1692688699, NULL),
(216, 867, 79, NULL, 1, 1692688699, NULL),
(217, 867, 79, NULL, 0, 1692688699, NULL),
(218, 867, 79, NULL, 0, 1692688699, NULL);

-- --------------------------------------------------------

--
-- Table structure for table `quizzes_questions_answer_translations`
--

CREATE TABLE `quizzes_questions_answer_translations` (
  `id` bigint(20) UNSIGNED NOT NULL,
  `quizzes_questions_answer_id` int(10) UNSIGNED NOT NULL,
  `locale` varchar(255) NOT NULL,
  `title` text DEFAULT NULL
) ENGINE=InnoDB DEFAULT CHARSET=utf8mb4 COLLATE=utf8mb4_unicode_ci;

--
-- Dumping data for table `quizzes_questions_answer_translations`
--

INSERT INTO `quizzes_questions_answer_translations` (`id`, `quizzes_questions_answer_id`, `locale`, `title`) VALUES
(145, 215, 'id', 'Ctrl+I'),
(146, 216, 'id', 'Ctrl+B'),
(147, 217, 'id', 'Ctrl+U'),
(148, 218, 'id', 'Ctrl+S');

-- --------------------------------------------------------

--
-- Table structure for table `quizzes_results`
--

CREATE TABLE `quizzes_results` (
  `id` int(10) UNSIGNED NOT NULL,
  `quiz_id` int(10) UNSIGNED NOT NULL,
  `user_id` int(10) UNSIGNED NOT NULL,
  `results` text DEFAULT NULL,
  `user_grade` int(11) DEFAULT NULL,
  `status` enum('passed','failed','waiting') NOT NULL,
  `created_at` int(11) NOT NULL
) ENGINE=InnoDB DEFAULT CHARSET=utf8mb4 COLLATE=utf8mb4_unicode_ci ROW_FORMAT=DYNAMIC;

--
-- Dumping data for table `quizzes_results`
--

INSERT INTO `quizzes_results` (`id`, `quiz_id`, `user_id`, `results`, `user_grade`, `status`, `created_at`) VALUES
(56, 43, 3, '', 0, 'waiting', 1692688359),
(57, 43, 3, '', 0, 'waiting', 1692688711);

-- --------------------------------------------------------

--
-- Table structure for table `quiz_question_translations`
--

CREATE TABLE `quiz_question_translations` (
  `id` bigint(20) UNSIGNED NOT NULL,
  `quizzes_question_id` int(10) UNSIGNED NOT NULL,
  `locale` varchar(255) NOT NULL,
  `title` text NOT NULL,
  `correct` text DEFAULT NULL
) ENGINE=InnoDB DEFAULT CHARSET=utf8mb4 COLLATE=utf8mb4_unicode_ci;

--
-- Dumping data for table `quiz_question_translations`
--

INSERT INTO `quiz_question_translations` (`id`, `quizzes_question_id`, `locale`, `title`, `correct`) VALUES
(58, 79, 'id', 'Bagaimana Anda mengubah teks menjadi cetakan tebal (bold) di Microsoft Word?', NULL);

-- --------------------------------------------------------

--
-- Table structure for table `quiz_translations`
--

CREATE TABLE `quiz_translations` (
  `id` bigint(20) UNSIGNED NOT NULL,
  `quiz_id` int(10) UNSIGNED NOT NULL,
  `locale` varchar(255) NOT NULL,
  `title` text NOT NULL
) ENGINE=InnoDB DEFAULT CHARSET=utf8mb4 COLLATE=utf8mb4_unicode_ci;

--
-- Dumping data for table `quiz_translations`
--

INSERT INTO `quiz_translations` (`id`, `quiz_id`, `locale`, `title`) VALUES
(20, 43, 'id', 'Cara Membuat Dokumen Word');

-- --------------------------------------------------------

--
-- Table structure for table `rating`
--

CREATE TABLE `rating` (
  `id` int(10) UNSIGNED NOT NULL,
  `webinar_id` int(10) UNSIGNED NOT NULL,
  `user_id` int(10) UNSIGNED NOT NULL,
  `creator_id` int(10) UNSIGNED NOT NULL,
  `rate` int(10) UNSIGNED NOT NULL
) ENGINE=InnoDB DEFAULT CHARSET=utf8mb4 COLLATE=utf8mb4_unicode_ci ROW_FORMAT=DYNAMIC;

-- --------------------------------------------------------

--
-- Table structure for table `regions`
--

CREATE TABLE `regions` (
  `id` int(10) UNSIGNED NOT NULL,
  `country_id` int(10) UNSIGNED DEFAULT NULL,
  `province_id` int(10) UNSIGNED DEFAULT NULL,
  `city_id` int(10) UNSIGNED DEFAULT NULL,
  `geo_center` point DEFAULT NULL,
  `type` enum('country','province','city','district') NOT NULL,
  `title` varchar(255) NOT NULL,
  `created_at` int(10) UNSIGNED NOT NULL
) ENGINE=InnoDB DEFAULT CHARSET=utf8mb4 COLLATE=utf8mb4_unicode_ci;

--
-- Dumping data for table `regions`
--

INSERT INTO `regions` (`id`, `country_id`, `province_id`, `city_id`, `geo_center`, `type`, `title`, `created_at`) VALUES
(16, NULL, NULL, NULL, 0x000000000101000000502c37a3fd2748400000000000910440, 'country', 'France', 1646175250),
(17, NULL, NULL, NULL, 0x000000000101000000cc4c51ad1a29374000000000509c5340, 'country', 'India', 1646045215),
(18, NULL, NULL, NULL, 0x000000000101000000fc87794512fd434000000000787e58c0, 'country', 'United States', 1646208799),
(19, NULL, NULL, NULL, 0x000000000101000000c399e9d9582130400000000040da3240, 'country', 'Chad', 1646045318),
(20, NULL, NULL, NULL, 0x000000000101000000c914e2b7f634384000000000e0634640, 'country', 'Saudi Arabia', 1646045651),
(21, 16, NULL, NULL, 0x000000000101000000b7417d8d9700484000000000c01709c0, 'province', 'Brittany', 1646175600),
(22, 16, NULL, NULL, 0x000000000101000000c28d5422c26d484000000000e0b20240, 'province', 'Île-de-France', 1646176998),
(23, 16, 22, NULL, 0x00000000010100000043242b8d136e4840f6ffffff3dcd0240, 'city', 'Paris', 1646177038),
(24, 16, 22, 23, 0x000000000101000000f4056521416f4840f7ffff7f315a0240, 'district', 'Chaillot', 1646177131),
(25, 16, 22, 23, 0x000000000101000000fecb2c1406684840f9ffff7f26fc0140, 'district', 'Le val', 1646177195),
(26, 16, 22, 23, 0x000000000101000000da05b69e8a6d484008000000cd2e0340, 'district', 'Charonne', 1646177249),
(27, 17, NULL, NULL, 0x00000000010100000032073e5acab03c4004000000934a5340, 'province', 'Delhi', 1646177430),
(28, 17, NULL, NULL, 0x000000000101000000e7331bb0e31333400200008025395240, 'province', 'Maharashtra', 1646177529),
(29, 17, 27, NULL, 0x0000000001010000004ea45133209e3c4002000050f54c5340, 'city', 'New Delhi', 1646177585),
(30, 17, 28, NULL, 0x0000000001010000000fd66a9d27f13240040000305b355240, 'city', 'Mumbai', 1646177660),
(31, 20, NULL, NULL, 0x0000000001010000005aa3dd6a75923840070000004acf4340, 'province', 'Medina', 1646207588),
(32, 20, 31, NULL, 0x0000000001010000007522ebce077938400500005028ce4340, 'city', 'Medina', 1646207641),
(33, 20, NULL, NULL, 0x000000000101000000f87d72b19dd33840000000007c5d4740, 'province', 'Riyadh', 1646207846),
(34, 20, 33, NULL, 0x0000000001010000003352eaadc2a23840050000207c5b4740, 'city', 'Riyadh', 1646207899),
(35, 17, 27, 29, 0x000000000101000000677eaddc83933c40000000f4e44f5340, 'district', 'Jal vihar', 1646208038),
(36, 17, 27, 29, 0x0000000001010000000c564b253b8f3c40030000f4f54d5340, 'district', 'Anand lok', 1646208100),
(37, 17, 28, 30, 0x000000000101000000744a1102cef732400000003c9b345240, 'district', 'Tardeo', 1646208151),
(38, 17, 28, 30, 0x000000000101000000e1347d6ea4ed32400000009235355240, 'district', 'Kala ghoda', 1646208227),
(39, 17, 28, 30, 0x0000000001010000007f59b3f397003340feffffa36f345240, 'district', 'Nehru nagar', 1646208287),
(40, 20, 31, 32, 0x0000000001010000009f9a107be67a3840fcfffff32bcc4340, 'district', 'Al fath', 1646208357),
(41, 20, 31, 32, 0x0000000001010000004a9335c11e7c384001000084fbd54340, 'district', 'Al mabuth', 1646208449),
(42, 20, 33, 34, 0x000000000101000000ecdbbe5e4ca438400400001821554740, 'district', 'Al rafiah', 1646208501),
(43, 20, 33, 34, 0x00000000010100000047a393f74fa83840fdffff8f195d4740, 'district', 'Al malaz', 1646208541),
(44, 20, 33, 34, 0x000000000101000000b3cc5d99029b384004000090d3574740, 'district', 'Sultanah', 1646208741),
(45, 18, NULL, NULL, 0x0000000001010000008a421c62479242402300000002ef5dc0, 'province', 'California', 1646208923),
(46, 18, NULL, NULL, 0x00000000010100000073bb0212f86a4540000000006add52c0, 'province', 'New York', 1646209125),
(47, 18, 45, NULL, 0x000000000101000000c0eb475b13e44240e2ffffafd29a5ec0, 'city', 'San Francisco', 1646209213),
(48, 18, 45, NULL, 0x000000000101000000996d3806e37c4240f8fffff7ee815ec0, 'city', 'Santa Cruz', 1646209310),
(49, 18, 46, NULL, 0x0000000001010000002ff3954dd15d4440020000504b7f52c0, 'city', 'New York', 1646209459),
(50, 18, 46, NULL, 0x00000000010100000035c4cc6279534540000000b85b7052c0, 'city', 'Albany', 1646209552),
(51, 18, 45, 47, 0x0000000001010000003aeafdd6abe04240faffffd7b49f5ec0, 'district', 'Sunset district', 1646209607),
(52, 18, 45, 47, 0x0000000001010000001d646d8c1bdf4240f1ffff57859a5ec0, 'district', 'Bernal heights', 1646209668),
(53, 18, 45, 48, 0x000000000101000000798fe4b88f7b4240220000d4f3825ec0, 'district', 'Westside', 1646209704),
(54, 18, 45, 48, 0x0000000001010000000ea4fdcb187c4240e4ffffdb84805ec0, 'district', 'Seabright', 1646209756),
(55, 18, 46, 49, 0x000000000101000000502d3717765b444003000064278052c0, 'district', 'Civic center', 1646209822),
(56, 18, 46, 49, 0x000000000101000000895ffa4836624440fffffff7687d52c0, 'district', 'Lenox hill', 1646209902),
(57, 18, 46, 50, 0x0000000001010000002a11fd866f5445400400000c7e7252c0, 'district', 'Pine hills', 1646209945),
(58, 18, 46, 50, 0x000000000101000000132a6a90cb5445400400000a557052c0, 'district', 'Arbor hill', 1646209990),
(59, 19, NULL, NULL, 0x000000000101000000e02f3b6e02472840f2ffffff83122e40, 'province', 'N\'Djaména', 1646210607),
(60, 19, 59, NULL, 0x0000000001010000000b5659aeba3d284018000040c4192e40, 'city', 'N\'Djaména', 1646210643),
(61, 19, NULL, NULL, 0x000000000101000000776860c6695021400e00000094103040, 'province', 'Logone Occidental', 1646210813),
(62, 19, 61, NULL, 0x000000000101000000d1cf427b71222140030000a0e2123040, 'city', 'Moundou', 1646210881),
(63, 19, 59, 60, 0x0000000001010000002e2f2cc30d312840e6ffffdf71262e40, 'district', 'Moursal', 1646210978),
(64, 19, 59, 60, 0x0000000001010000009f93ddbcdc392840f1ffff9feb192e40, 'district', 'Blabline', 1646211027),
(65, 19, 61, 62, 0x0000000001010000000b91007923232140f7ffff9732163040, 'district', 'Bornou', 1646211077),
(66, 19, 61, 62, 0x0000000001010000006b07cb49aa192140f6ffffa7650f3040, 'district', 'Dokapti', 1646211168),
(67, 16, 21, NULL, 0x00000000010100000018e23f51690e4840fffffffff1e3fabf, 'city', 'Rennes', 1646295560),
(68, 16, 21, 67, 0x0000000001010000001d2d3bd0140e4840060000009f54fbbf, 'district', 'Moulin du comte', 1646295696);

-- --------------------------------------------------------

--
-- Table structure for table `registration_packages`
--

CREATE TABLE `registration_packages` (
  `id` int(10) UNSIGNED NOT NULL,
  `days` int(10) UNSIGNED NOT NULL,
  `price` double(15,2) UNSIGNED NOT NULL,
  `icon` varchar(255) NOT NULL,
  `role` enum('instructors','organizations') NOT NULL,
  `instructors_count` int(11) DEFAULT NULL,
  `students_count` int(11) DEFAULT NULL,
  `courses_capacity` int(11) DEFAULT NULL,
  `courses_count` int(11) DEFAULT NULL,
  `meeting_count` int(11) DEFAULT NULL,
  `product_count` int(10) UNSIGNED DEFAULT NULL,
  `status` enum('disabled','active') NOT NULL,
  `created_at` int(10) UNSIGNED NOT NULL
) ENGINE=InnoDB DEFAULT CHARSET=utf8mb4 COLLATE=utf8mb4_unicode_ci;

--
-- Dumping data for table `registration_packages`
--

INSERT INTO `registration_packages` (`id`, `days`, `price`, `icon`, `role`, `instructors_count`, `students_count`, `courses_capacity`, `courses_count`, `meeting_count`, `product_count`, `status`, `created_at`) VALUES
(1, 30, 99.00, '/store/1/default_images/registertion_packages/bronze_instructor.png', 'instructors', NULL, NULL, 40, 10, 30, NULL, 'active', 1646040584),
(2, 90, 199.00, '/store/1/default_images/registertion_packages/silver_instructor.png', 'instructors', NULL, NULL, 60, 20, 50, NULL, 'active', 1646041075),
(3, 180, 400.00, '/store/1/default_images/registertion_packages/gold_instructor.png', 'instructors', NULL, NULL, 100, 40, 75, NULL, 'active', 1646041329),
(4, 30, 200.00, '/store/1/default_images/registertion_packages/bronze_organization.png', 'organizations', 5, 50, 40, 10, 30, NULL, 'active', 1646041807),
(5, 90, 400.00, '/store/1/default_images/registertion_packages/silver_organization.png', 'organizations', 10, 100, 70, 20, 50, NULL, 'active', 1646041992),
(6, 180, 600.00, '/store/1/default_images/registertion_packages/gold_organization.png', 'organizations', 30, 300, 150, 50, 100, NULL, 'active', 1646042364);

-- --------------------------------------------------------

--
-- Table structure for table `registration_packages_translations`
--

CREATE TABLE `registration_packages_translations` (
  `id` bigint(20) UNSIGNED NOT NULL,
  `registration_package_id` int(10) UNSIGNED NOT NULL,
  `locale` varchar(255) NOT NULL,
  `title` varchar(255) NOT NULL,
  `description` varchar(255) DEFAULT NULL
) ENGINE=InnoDB DEFAULT CHARSET=utf8mb4 COLLATE=utf8mb4_unicode_ci;

--
-- Dumping data for table `registration_packages_translations`
--

INSERT INTO `registration_packages_translations` (`id`, `registration_package_id`, `locale`, `title`, `description`) VALUES
(1, 1, 'en', 'Basic', 'Suggested for starter instructors.'),
(2, 2, 'en', 'Pro', 'Suggested for professional instructors.'),
(3, 3, 'en', 'Premium', 'Suggested for expert instructors.'),
(4, 4, 'en', 'Basic', 'Suggested for small organizations'),
(5, 5, 'en', 'Pro', 'Suggested for medium organizations'),
(6, 6, 'en', 'Premium', 'Suggested for big organizations');

-- --------------------------------------------------------

--
-- Table structure for table `reserve_meetings`
--

CREATE TABLE `reserve_meetings` (
  `id` int(10) UNSIGNED NOT NULL,
  `meeting_id` int(11) DEFAULT NULL,
  `sale_id` int(10) UNSIGNED DEFAULT NULL,
  `meeting_time_id` int(10) UNSIGNED NOT NULL,
  `day` varchar(10) NOT NULL,
  `date` int(10) UNSIGNED NOT NULL,
  `start_at` bigint(20) UNSIGNED NOT NULL,
  `end_at` bigint(20) UNSIGNED NOT NULL,
  `user_id` int(10) UNSIGNED NOT NULL,
  `paid_amount` decimal(13,2) NOT NULL,
  `meeting_type` enum('in_person','online') NOT NULL DEFAULT 'online',
  `student_count` int(11) DEFAULT NULL,
  `discount` int(11) DEFAULT NULL,
  `link` varchar(255) DEFAULT NULL,
  `password` varchar(64) DEFAULT NULL,
  `description` text DEFAULT NULL,
  `status` enum('pending','open','finished','canceled') NOT NULL,
  `created_at` int(11) NOT NULL,
  `locked_at` int(11) DEFAULT NULL,
  `reserved_at` int(11) DEFAULT NULL
) ENGINE=InnoDB DEFAULT CHARSET=utf8mb4 COLLATE=utf8mb4_unicode_ci ROW_FORMAT=DYNAMIC;

--
-- Dumping data for table `reserve_meetings`
--

INSERT INTO `reserve_meetings` (`id`, `meeting_id`, `sale_id`, `meeting_time_id`, `day`, `date`, `start_at`, `end_at`, `user_id`, `paid_amount`, `meeting_type`, `student_count`, `discount`, `link`, `password`, `description`, `status`, `created_at`, `locked_at`, `reserved_at`) VALUES
(1, 30, 186, 169, '2022-03-15', 1647302400, 1647354600, 1647358200, 995, '750.00', 'in_person', 5, NULL, NULL, NULL, 'We are the managers of a company and we want to get acquainted with the concepts of risk in resource management.', 'pending', 1646379271, NULL, 1646379290);

-- --------------------------------------------------------

--
-- Table structure for table `rewards`
--

CREATE TABLE `rewards` (
  `id` int(10) UNSIGNED NOT NULL,
  `type` enum('account_charge','create_classes','buy','pass_the_quiz','certificate','comment','register','review_courses','instructor_meeting_reserve','student_meeting_reserve','newsletters','badge','referral','learning_progress_100','charge_wallet','buy_store_product','pass_assignment','send_post_in_topic','make_topic','create_blog_by_instructor','comment_for_instructor_blog') NOT NULL,
  `score` int(10) UNSIGNED DEFAULT NULL,
  `condition` varchar(255) DEFAULT NULL,
  `status` enum('active','disabled') NOT NULL,
  `created_at` bigint(20) UNSIGNED NOT NULL
) ENGINE=InnoDB DEFAULT CHARSET=utf8mb4 COLLATE=utf8mb4_unicode_ci;

--
-- Dumping data for table `rewards`
--

INSERT INTO `rewards` (`id`, `type`, `score`, `condition`, `status`, `created_at`) VALUES
(3, 'charge_wallet', 50, '150', 'active', 1641205067),
(4, 'account_charge', 50, '100', 'active', 1641369989),
(5, 'badge', NULL, NULL, 'active', 1641300755),
(6, 'create_classes', 50, NULL, 'active', 1641369921),
(7, 'buy', 50, '10', 'active', 1641369938),
(8, 'pass_the_quiz', 50, NULL, 'active', 1641369947),
(9, 'certificate', 30, NULL, 'active', 1641369955),
(10, 'comment', 5, NULL, 'active', 1641369968),
(11, 'register', 5, NULL, 'active', 1641370008),
(12, 'review_courses', 15, NULL, 'active', 1641370016),
(13, 'instructor_meeting_reserve', 30, NULL, 'active', 1641370026),
(14, 'student_meeting_reserve', 30, NULL, 'active', 1641370036),
(15, 'newsletters', 10, NULL, 'active', 1641370050),
(16, 'referral', 5, NULL, 'active', 1641370059),
(18, 'learning_progress_100', 20, NULL, 'active', 1641372957),
(19, 'buy_store_product', 50, '26', 'active', 1648277874),
(20, 'pass_assignment', 50, NULL, 'active', 1649247227),
(21, 'make_topic', 1, NULL, 'active', 1650548269),
(22, 'send_post_in_topic', 1, NULL, 'active', 1650548278),
(23, 'create_blog_by_instructor', 5, NULL, 'active', 1650788324),
(24, 'comment_for_instructor_blog', 3, NULL, 'active', 1650788336);

-- --------------------------------------------------------

--
-- Table structure for table `rewards_accounting`
--

CREATE TABLE `rewards_accounting` (
  `id` int(10) UNSIGNED NOT NULL,
  `user_id` int(10) UNSIGNED NOT NULL,
  `item_id` int(10) UNSIGNED DEFAULT NULL,
  `type` enum('account_charge','create_classes','buy','pass_the_quiz','certificate','comment','register','review_courses','instructor_meeting_reserve','student_meeting_reserve','newsletters','badge','referral','learning_progress_100','charge_wallet','withdraw','buy_store_product','pass_assignment','send_post_in_topic','make_topic','create_blog_by_instructor','comment_for_instructor_blog') NOT NULL,
  `score` int(10) UNSIGNED NOT NULL,
  `status` enum('addiction','deduction') NOT NULL,
  `created_at` bigint(20) UNSIGNED NOT NULL
) ENGINE=InnoDB DEFAULT CHARSET=utf8mb4 COLLATE=utf8mb4_unicode_ci;

--
-- Dumping data for table `rewards_accounting`
--

INSERT INTO `rewards_accounting` (`id`, `user_id`, `item_id`, `type`, `score`, `status`, `created_at`) VALUES
(1, 867, 2006, 'create_classes', 50, 'addiction', 1645726175),
(2, 929, 1999, 'create_classes', 50, 'addiction', 1645726209),
(3, 1015, 2008, 'create_classes', 50, 'addiction', 1646127156),
(4, 995, 2005, 'learning_progress_100', 20, 'addiction', 1646127296),
(5, 1015, 2009, 'create_classes', 50, 'addiction', 1646172007),
(6, 995, NULL, 'buy', 55, 'addiction', 1646172086),
(7, 996, NULL, 'buy', 50, 'addiction', 1646172123),
(8, 979, NULL, 'buy', 55, 'addiction', 1646172159),
(9, 929, NULL, 'buy', 55, 'addiction', 1646172296),
(10, 867, 2000, 'create_classes', 50, 'addiction', 1646172395),
(11, 979, 23, 'badge', 15, 'addiction', 1646245104),
(12, 1015, 23, 'badge', 15, 'addiction', 1646254479),
(13, 1015, 26, 'badge', 30, 'addiction', 1646254480),
(14, 1015, 29, 'badge', 50, 'addiction', 1646254480),
(15, 1015, 32, 'badge', 50, 'addiction', 1646254481),
(16, 1015, 35, 'badge', 20, 'addiction', 1646254481),
(17, 979, 33, 'review_courses', 15, 'addiction', 1646254639),
(18, 864, 23, 'badge', 15, 'addiction', 1646256513),
(19, 864, 24, 'badge', 10, 'addiction', 1646256514),
(20, 870, 23, 'badge', 15, 'addiction', 1646257010),
(21, 870, 24, 'badge', 10, 'addiction', 1646257010),
(22, 870, 29, 'badge', 50, 'addiction', 1646257011),
(23, 870, 31, 'badge', 20, 'addiction', 1646257011),
(24, 870, 35, 'badge', 20, 'addiction', 1646257011),
(25, 867, 23, 'badge', 15, 'addiction', 1646260042),
(26, 867, 26, 'badge', 30, 'addiction', 1646260043),
(27, 867, 29, 'badge', 50, 'addiction', 1646260043),
(28, 867, 31, 'badge', 20, 'addiction', 1646260043),
(29, 867, 35, 'badge', 20, 'addiction', 1646260044),
(30, 1016, 23, 'badge', 15, 'addiction', 1646263056),
(31, 1016, 24, 'badge', 10, 'addiction', 1646263057),
(32, 1016, 29, 'badge', 50, 'addiction', 1646263057),
(33, 1016, 31, 'badge', 20, 'addiction', 1646263057),
(34, 1016, 35, 'badge', 20, 'addiction', 1646263058),
(35, 934, 23, 'badge', 15, 'addiction', 1646263177),
(36, 934, 25, 'badge', 20, 'addiction', 1646263177),
(37, 934, 29, 'badge', 50, 'addiction', 1646263177),
(38, 934, 35, 'badge', 20, 'addiction', 1646263178),
(39, 929, 23, 'badge', 15, 'addiction', 1646263303),
(40, 929, 25, 'badge', 20, 'addiction', 1646263304),
(41, 929, 29, 'badge', 50, 'addiction', 1646263304),
(42, 929, 31, 'badge', 20, 'addiction', 1646263304),
(43, 3, 23, 'badge', 15, 'addiction', 1646263503),
(44, 3, 25, 'badge', 20, 'addiction', 1646263504),
(45, 3, 31, 'badge', 20, 'addiction', 1646263504),
(46, 4, 23, 'badge', 15, 'addiction', 1646263571),
(47, 4, 24, 'badge', 10, 'addiction', 1646263571),
(48, 4, 29, 'badge', 50, 'addiction', 1646263572),
(49, 4, 35, 'badge', 20, 'addiction', 1646263572),
(50, 859, 23, 'badge', 15, 'addiction', 1646263573),
(51, 863, 23, 'badge', 15, 'addiction', 1646263573),
(52, 863, 24, 'badge', 10, 'addiction', 1646263573),
(53, 863, 29, 'badge', 50, 'addiction', 1646263574),
(54, 863, 31, 'badge', 20, 'addiction', 1646263574),
(55, 863, 35, 'badge', 20, 'addiction', 1646263574),
(56, 868, 23, 'badge', 15, 'addiction', 1646287364),
(57, 996, 23, 'badge', 15, 'addiction', 1646290203),
(58, 995, 23, 'badge', 15, 'addiction', 1646302693),
(59, 923, 23, 'badge', 15, 'addiction', 1646326059),
(60, 923, 25, 'badge', 20, 'addiction', 1646326060),
(61, 923, 29, 'badge', 50, 'addiction', 1646326060),
(62, 923, 31, 'badge', 20, 'addiction', 1646326060),
(63, 923, 35, 'badge', 20, 'addiction', 1646326061),
(64, 995, 34, 'review_courses', 15, 'addiction', 1646352844),
(65, 995, NULL, 'buy', 4125, 'addiction', 1646379288),
(66, 995, NULL, 'student_meeting_reserve', 30, 'addiction', 1646379290),
(67, 1017, 22, 'badge', 10, 'addiction', 1646379365),
(68, 930, 23, 'badge', 15, 'addiction', 1646386699),
(69, 930, NULL, 'buy', 1095, 'addiction', 1646386787),
(70, 859, NULL, 'buy', 1100, 'addiction', 1646387655),
(71, 1017, 1017, 'newsletters', 10, 'addiction', 1646389129),
(72, 4, 2005, 'create_classes', 50, 'addiction', 1646396841),
(73, 929, 2004, 'create_classes', 50, 'addiction', 1646396863),
(74, 1015, 35, 'review_courses', 15, 'addiction', 1646413457),
(75, 1015, 66, 'comment', 5, 'addiction', 1646413662),
(76, 996, 996, 'newsletters', 10, 'addiction', 1646414262),
(77, 1, 23, 'badge', 15, 'addiction', 1655618081),
(78, 1017, 23, 'badge', 15, 'addiction', 1655697087),
(79, 1015, 1, 'make_topic', 1, 'addiction', 1655716308),
(80, 1015, 2, 'make_topic', 1, 'addiction', 1655716703),
(81, 929, 1, 'send_post_in_topic', 1, 'addiction', 1655718839),
(82, 979, 2, 'send_post_in_topic', 1, 'addiction', 1655786658),
(83, 930, 3, 'send_post_in_topic', 1, 'addiction', 1655786705),
(84, 1017, 3, 'make_topic', 1, 'addiction', 1655787049),
(85, 923, 4, 'send_post_in_topic', 1, 'addiction', 1655787619),
(86, 1017, 5, 'send_post_in_topic', 1, 'addiction', 1655787999),
(87, 870, 4, 'make_topic', 1, 'addiction', 1655788542),
(88, 3, 6, 'send_post_in_topic', 1, 'addiction', 1655788607),
(89, 996, 5, 'make_topic', 1, 'addiction', 1655789512),
(90, 930, 7, 'send_post_in_topic', 1, 'addiction', 1655789536),
(91, 859, 8, 'send_post_in_topic', 1, 'addiction', 1655789585),
(92, 923, 6, 'make_topic', 1, 'addiction', 1655790004),
(93, 3, 9, 'send_post_in_topic', 1, 'addiction', 1655790272),
(94, 3, 7, 'make_topic', 1, 'addiction', 1655790607),
(95, 934, 10, 'send_post_in_topic', 1, 'addiction', 1655790650),
(96, 930, 8, 'make_topic', 1, 'addiction', 1655790834),
(97, 929, 11, 'send_post_in_topic', 1, 'addiction', 1655790902),
(98, 870, 12, 'send_post_in_topic', 1, 'addiction', 1655790940),
(99, 995, 9, 'make_topic', 1, 'addiction', 1655791192),
(100, 996, 13, 'send_post_in_topic', 1, 'addiction', 1655791222),
(101, 1015, 14, 'send_post_in_topic', 1, 'addiction', 1655791289),
(102, 3, 15, 'send_post_in_topic', 1, 'addiction', 1655791331),
(103, 929, 26, 'badge', 30, 'addiction', 1655799442),
(104, 929, 2010, 'create_classes', 50, 'addiction', 1655804611),
(105, 996, 36, 'review_courses', 15, 'addiction', 1655877051),
(106, 930, 1, 'pass_assignment', 50, 'addiction', 1655877895),
(107, 995, 1, 'pass_assignment', 50, 'addiction', 1655878435),
(108, 1015, 22, 'badge', 10, 'addiction', 1655907547),
(109, 1019, 21, 'badge', 5, 'addiction', 1655970555),
(110, 930, NULL, 'buy', 275, 'addiction', 1656083262),
(111, 930, 37, 'review_courses', 15, 'addiction', 1656083388),
(112, 1016, 22, 'badge', 10, 'addiction', 1656083787),
(113, 995, 10, 'make_topic', 1, 'addiction', 1656101498),
(114, 995, 16, 'send_post_in_topic', 1, 'addiction', 1656101542),
(115, 1016, 17, 'send_post_in_topic', 1, 'addiction', 1656101670),
(116, 870, 18, 'send_post_in_topic', 1, 'addiction', 1656101717),
(117, 929, 19, 'send_post_in_topic', 1, 'addiction', 1656101751),
(118, 995, 4, 'buy_store_product', 10, 'addiction', 1656103844),
(119, 995, NULL, 'buy', 26, 'addiction', 1656103844),
(120, 995, 38, 'review_courses', 15, 'addiction', 1656103909),
(121, 923, 1, 'buy_store_product', 60, 'addiction', 1656104131),
(122, 923, NULL, 'buy', 156, 'addiction', 1656104131),
(123, 996, NULL, 'buy', 198, 'addiction', 1656130481),
(124, 864, 31, 'badge', 20, 'addiction', 1656130495),
(125, 996, 39, 'review_courses', 15, 'addiction', 1656130578),
(126, 930, 2, 'buy_store_product', 605, 'addiction', 1656130707),
(127, 930, NULL, 'buy', 1573, 'addiction', 1656130707),
(128, 996, 5, 'buy_store_product', 151, 'addiction', 1656130963),
(129, 996, NULL, 'buy', 394, 'addiction', 1656130963),
(130, 979, NULL, 'buy', 44, 'addiction', 1656139703),
(131, 979, NULL, 'buy', 138, 'addiction', 1656139705),
(132, 979, 41, 'review_courses', 15, 'addiction', 1656139797),
(133, 979, 40, 'review_courses', 15, 'addiction', 1656139799),
(134, 1015, 36, 'badge', 5, 'addiction', 1656148218),
(135, 1015, 38, 'badge', 10, 'addiction', 1656148220),
(136, 1017, 38, 'badge', 10, 'addiction', 1656148474),
(137, 1017, 1, 'buy_store_product', 50, 'addiction', 1656148574),
(138, 1017, NULL, 'buy', 130, 'addiction', 1656148574),
(139, 995, 38, 'badge', 10, 'addiction', 1656148637),
(140, 995, 1, 'buy_store_product', 100, 'addiction', 1656148838),
(141, 995, NULL, 'buy', 261, 'addiction', 1656148838),
(142, 1016, 36, 'badge', 5, 'addiction', 1656194232),
(143, 864, 29, 'badge', 50, 'addiction', 1656194599),
(144, 864, 35, 'badge', 20, 'addiction', 1656194599),
(145, 870, 38, 'badge', 10, 'addiction', 1656219366),
(146, 996, 38, 'badge', 10, 'addiction', 1656219590),
(147, 995, 6, 'buy_store_product', 33, 'addiction', 1656322658),
(148, 995, NULL, 'buy', 85, 'addiction', 1656322658),
(149, 923, 38, 'badge', 10, 'addiction', 1656530749),
(150, 995, 2007, 'learning_progress_100', 20, 'addiction', 1656664848),
(151, 995, 6, 'certificate', 30, 'addiction', 1656664855),
(188, 1019, 22, 'badge', 10, 'addiction', 1678904160),
(189, 930, 38, 'badge', 10, 'addiction', 1678908532),
(190, 870, 25, 'badge', 20, 'addiction', 1678911991),
(191, 3, 29, 'badge', 50, 'addiction', 1678912055),
(192, 3, 35, 'badge', 20, 'addiction', 1678912055),
(193, 3, 38, 'badge', 10, 'addiction', 1678912055),
(194, 870, 2022, 'create_classes', 50, 'addiction', 1678912167),
(195, 995, NULL, 'buy', 165, 'addiction', 1678915490),
(196, 979, NULL, 'buy', 165, 'addiction', 1678917767),
(197, 979, NULL, 'buy', 198, 'addiction', 1678919437),
(198, 995, 2004, 'learning_progress_100', 20, 'addiction', 1678919451),
(199, 930, NULL, 'buy', 165, 'addiction', 1678922511),
(200, 995, NULL, 'buy', 110, 'addiction', 1678922691),
(201, 1017, NULL, 'buy', 165, 'addiction', 1678923556),
(202, 979, NULL, 'buy', 165, 'addiction', 1678925790),
(203, 995, NULL, 'buy', 165, 'addiction', 1678925916),
(204, 995, NULL, 'buy', 110, 'addiction', 1678926039),
(205, 995, 1045, 'referral', 5, 'addiction', 1678958778),
(206, 1045, 1045, 'register', 5, 'addiction', 1678958778),
(207, 1045, NULL, 'buy', 550, 'addiction', 1678959222),
(208, 995, 1046, 'referral', 5, 'addiction', 1678959533),
(209, 1046, 1046, 'register', 5, 'addiction', 1678959533),
(210, 995, NULL, 'buy', 165, 'addiction', 1678961006),
(211, 930, NULL, 'buy', 198, 'addiction', 1678961218),
(212, 979, NULL, 'buy', 165, 'addiction', 1678961652),
(213, 1045, 21, 'badge', 5, 'addiction', 1679088389),
(214, 1045, NULL, 'buy', 165, 'addiction', 1679088431),
(215, 1046, 21, 'badge', 5, 'addiction', 1679093055),
(216, 995, 42, 'review_courses', 15, 'addiction', 1679093248),
(217, 995, 995, 'newsletters', 10, 'addiction', 1681100139),
(218, 3, 26, 'badge', 30, 'addiction', 1683357219),
(219, 3, 2023, 'create_classes', 50, 'addiction', 1683359128),
(220, 1050, 1050, 'register', 5, 'addiction', 1683527441),
(221, 1052, 1052, 'register', 5, 'addiction', 1683611778),
(222, 934, 31, 'badge', 20, 'addiction', 1683684762),
(223, 1052, 21, 'badge', 5, 'addiction', 1683686133),
(224, 1050, 21, 'badge', 5, 'addiction', 1683688780),
(225, 1047, 21, 'badge', 5, 'addiction', 1683699358),
(226, 1053, 1053, 'register', 5, 'addiction', 1683700310),
(227, 1054, 1054, 'newsletters', 10, 'addiction', 1683702911),
(228, 1055, 1055, 'newsletters', 10, 'addiction', 1683705617),
(229, 1053, 21, 'badge', 5, 'addiction', 1683769549),
(230, 1054, 21, 'badge', 5, 'addiction', 1683769939),
(231, 1016, 2024, 'create_classes', 50, 'addiction', 1683789160),
(232, 1016, 25, 'badge', 20, 'addiction', 1683790348),
(233, 1054, 2025, 'create_classes', 50, 'addiction', 1683792012),
(234, 1054, 24, 'badge', 10, 'addiction', 1683792114),
(235, 1055, 21, 'badge', 5, 'addiction', 1683793821),
(236, 1053, 24, 'badge', 10, 'addiction', 1683857406),
(237, 1055, 2030, 'create_classes', 50, 'addiction', 1683861293),
(238, 1053, 25, 'badge', 20, 'addiction', 1683866433),
(239, 859, 25, 'badge', 20, 'addiction', 1683874855),
(240, 859, 26, 'badge', 30, 'addiction', 1683875646),
(241, 1054, 26, 'badge', 30, 'addiction', 1683922058),
(242, 1055, 24, 'badge', 10, 'addiction', 1683942711),
(243, 995, 1999, 'learning_progress_100', 20, 'addiction', 1683944540),
(244, 1053, 26, 'badge', 30, 'addiction', 1684382144),
(245, 1054, 25, 'badge', 20, 'addiction', 1685194312),
(246, 1055, 22, 'badge', 10, 'addiction', 1686476725),
(247, 1054, 22, 'badge', 10, 'addiction', 1686476729),
(248, 1052, 22, 'badge', 10, 'addiction', 1686706604),
(249, 1058, 1058, 'register', 5, 'addiction', 1686707680),
(250, 1016, 1995, 'create_classes', 50, 'addiction', 1686991344),
(251, 934, 24, 'badge', 10, 'addiction', 1686991572),
(252, 1054, 2028, 'create_classes', 50, 'addiction', 1687587771),
(253, 863, 2002, 'create_classes', 50, 'addiction', 1687588223),
(254, 3, 2001, 'create_classes', 50, 'addiction', 1687589670),
(255, 867, 2007, 'create_classes', 50, 'addiction', 1687590794),
(256, 1053, 22, 'badge', 10, 'addiction', 1687591660),
(257, 1053, 1998, 'create_classes', 50, 'addiction', 1687592158),
(258, 1054, 2024, 'create_classes', 50, 'addiction', 1687592231),
(259, 1053, 29, 'badge', 50, 'addiction', 1687592288),
(260, 1053, 35, 'badge', 20, 'addiction', 1687592291),
(261, 870, 2004, 'create_classes', 50, 'addiction', 1687592399),
(262, 1054, 1995, 'create_classes', 50, 'addiction', 1687592424),
(263, 1053, 1995, 'create_classes', 50, 'addiction', 1687592445),
(264, 1054, 1999, 'create_classes', 50, 'addiction', 1687592586),
(265, 870, 2008, 'create_classes', 50, 'addiction', 1687592757),
(266, 1054, 28, 'badge', 10, 'addiction', 1687593522),
(267, 870, 26, 'badge', 30, 'addiction', 1687593704),
(268, 867, 25, 'badge', 20, 'addiction', 1687644351),
(269, 3, 24, 'badge', 10, 'addiction', 1688377403),
(270, 867, 24, 'badge', 10, 'addiction', 1688853494),
(271, 867, 2038, 'create_classes', 50, 'addiction', 1690268193),
(272, 867, 2039, 'create_classes', 50, 'addiction', 1690269215),
(273, 867, 2040, 'create_classes', 50, 'addiction', 1690270141),
(274, 867, 2041, 'create_classes', 50, 'addiction', 1690270958),
(275, 867, 32, 'badge', 50, 'addiction', 1690342173),
(276, 1059, 1059, 'register', 5, 'addiction', 1690951380),
(277, 1059, 21, 'badge', 5, 'addiction', 1691033961),
(278, 995, 2042, 'learning_progress_100', 20, 'addiction', 1692677240),
(279, 1, 2038, 'learning_progress_100', 20, 'addiction', 1692687919),
(280, 1059, 22, 'badge', 10, 'addiction', 1694836037),
(281, 1060, 21, 'badge', 5, 'addiction', 1695136595);

-- --------------------------------------------------------

--
-- Table structure for table `roles`
--

CREATE TABLE `roles` (
  `id` int(10) UNSIGNED NOT NULL,
  `name` varchar(64) NOT NULL,
  `caption` varchar(64) NOT NULL,
  `users_count` int(10) UNSIGNED NOT NULL DEFAULT 0,
  `is_admin` tinyint(1) NOT NULL DEFAULT 0,
  `created_at` int(10) UNSIGNED NOT NULL
) ENGINE=InnoDB DEFAULT CHARSET=utf8mb4 COLLATE=utf8mb4_unicode_ci ROW_FORMAT=DYNAMIC;

--
-- Dumping data for table `roles`
--

INSERT INTO `roles` (`id`, `name`, `caption`, `users_count`, `is_admin`, `created_at`) VALUES
(1, 'user', 'Student role', 0, 0, 1604418504),
(2, 'admin', 'Admin role', 0, 1, 1604418504),
(3, 'organization', 'Organization role', 0, 0, 1604418504),
(4, 'teacher', 'Instructor role', 0, 0, 1604418504),
(6, 'education', 'Author', 0, 1, 1613370817),
(9, 'Administrator', 'Administrator', 0, 1, 1681101056);

-- --------------------------------------------------------

--
-- Table structure for table `sales`
--

CREATE TABLE `sales` (
  `id` int(10) UNSIGNED NOT NULL,
  `seller_id` int(10) UNSIGNED DEFAULT NULL,
  `buyer_id` int(10) UNSIGNED NOT NULL,
  `order_id` int(10) UNSIGNED DEFAULT NULL,
  `webinar_id` int(10) UNSIGNED DEFAULT NULL,
  `bundle_id` int(10) UNSIGNED DEFAULT NULL,
  `meeting_id` int(10) UNSIGNED DEFAULT NULL,
  `meeting_time_id` int(10) UNSIGNED DEFAULT NULL,
  `subscribe_id` int(10) UNSIGNED DEFAULT NULL,
  `ticket_id` int(10) UNSIGNED DEFAULT NULL,
  `promotion_id` int(10) UNSIGNED DEFAULT NULL,
  `product_order_id` int(10) UNSIGNED DEFAULT NULL,
  `registration_package_id` int(10) UNSIGNED DEFAULT NULL,
  `installment_payment_id` int(10) UNSIGNED DEFAULT NULL,
  `gift_id` int(10) UNSIGNED DEFAULT NULL,
  `payment_method` enum('credit','payment_channel','subscribe') DEFAULT NULL,
  `type` enum('webinar','meeting','subscribe','promotion','registration_package','product','bundle','installment_payment','gift') NOT NULL,
  `amount` decimal(13,2) UNSIGNED NOT NULL,
  `tax` decimal(13,2) DEFAULT NULL,
  `commission` decimal(13,2) DEFAULT NULL,
  `discount` decimal(13,2) DEFAULT NULL,
  `total_amount` decimal(13,2) DEFAULT NULL,
  `product_delivery_fee` decimal(13,2) DEFAULT NULL,
  `manual_added` tinyint(1) NOT NULL DEFAULT 0,
  `access_to_purchased_item` tinyint(1) NOT NULL DEFAULT 1,
  `created_at` int(10) UNSIGNED NOT NULL,
  `refund_at` int(10) UNSIGNED DEFAULT NULL
) ENGINE=InnoDB DEFAULT CHARSET=utf8mb4 COLLATE=utf8mb4_unicode_ci ROW_FORMAT=DYNAMIC;

--
-- Dumping data for table `sales`
--

INSERT INTO `sales` (`id`, `seller_id`, `buyer_id`, `order_id`, `webinar_id`, `bundle_id`, `meeting_id`, `meeting_time_id`, `subscribe_id`, `ticket_id`, `promotion_id`, `product_order_id`, `registration_package_id`, `installment_payment_id`, `gift_id`, `payment_method`, `type`, `amount`, `tax`, `commission`, `discount`, `total_amount`, `product_delivery_fee`, `manual_added`, `access_to_purchased_item`, `created_at`, `refund_at`) VALUES
(141, 1015, 996, 307, NULL, NULL, 30, NULL, NULL, NULL, NULL, NULL, NULL, NULL, NULL, 'credit', 'meeting', '150.00', '15.00', '30.00', '0.00', '165.00', NULL, 0, 1, 1625944345, NULL),
(142, 934, 995, 308, NULL, NULL, 31, NULL, NULL, NULL, NULL, NULL, NULL, NULL, NULL, 'credit', 'meeting', '100.00', '10.00', '20.00', '0.00', '110.00', NULL, 0, 1, 1625952627, NULL),
(143, 4, 995, 309, 2005, NULL, NULL, NULL, NULL, NULL, NULL, NULL, NULL, NULL, NULL, 'credit', 'webinar', '10.00', '1.00', '2.00', '0.00', '11.00', NULL, 0, 1, 1625953196, NULL),
(144, 1015, 995, 310, NULL, NULL, 30, NULL, NULL, NULL, NULL, NULL, NULL, NULL, NULL, 'credit', 'meeting', '125.00', '12.50', '25.00', '0.00', '137.50', NULL, 0, 1, 1625996812, NULL),
(145, 1016, 995, NULL, 1995, NULL, NULL, NULL, NULL, NULL, NULL, NULL, NULL, NULL, NULL, 'credit', 'webinar', '0.00', NULL, NULL, NULL, NULL, NULL, 0, 1, 1625996905, NULL),
(146, 929, 995, 311, 1999, NULL, NULL, NULL, NULL, NULL, NULL, NULL, NULL, NULL, NULL, 'credit', 'webinar', '50.00', '5.00', '5.00', '0.00', '55.00', NULL, 0, 1, 1625996941, NULL),
(147, 1015, 995, 312, 1998, NULL, NULL, NULL, NULL, NULL, NULL, NULL, NULL, NULL, NULL, 'credit', 'webinar', '100.00', '5.00', '10.00', '50.00', '55.00', NULL, 0, 1, 1625996978, NULL),
(148, 3, 995, 313, 2001, NULL, NULL, NULL, NULL, NULL, NULL, NULL, NULL, NULL, NULL, 'credit', 'webinar', '20.00', '1.60', '1.60', '4.00', '17.60', NULL, 0, 1, 1625997104, NULL),
(149, 1015, 996, NULL, 1996, NULL, NULL, NULL, NULL, NULL, NULL, NULL, NULL, NULL, NULL, 'credit', 'webinar', '0.00', NULL, NULL, NULL, NULL, NULL, 0, 1, 1626060382, NULL),
(150, 934, 996, NULL, 1997, NULL, NULL, NULL, NULL, NULL, NULL, NULL, NULL, NULL, NULL, 'credit', 'webinar', '0.00', NULL, NULL, NULL, NULL, NULL, 0, 1, 1626060412, NULL),
(151, 867, 996, 314, 2006, NULL, NULL, NULL, NULL, NULL, NULL, NULL, NULL, NULL, NULL, 'credit', 'webinar', '25.00', '2.25', '4.50', '2.50', '24.75', NULL, 0, 1, 1626060487, NULL),
(152, 1015, 996, 315, 1998, NULL, NULL, NULL, NULL, NULL, NULL, NULL, NULL, NULL, NULL, 'credit', 'webinar', '100.00', '4.00', '8.00', '60.00', '44.00', NULL, 0, 1, 1626060552, NULL),
(153, 1015, 979, NULL, 1996, NULL, NULL, NULL, NULL, NULL, NULL, NULL, NULL, NULL, NULL, 'credit', 'webinar', '0.00', NULL, NULL, NULL, NULL, NULL, 0, 1, 1626060740, NULL),
(154, 1015, 930, NULL, 1996, NULL, NULL, NULL, NULL, NULL, NULL, NULL, NULL, NULL, NULL, 'credit', 'webinar', '0.00', NULL, NULL, NULL, NULL, NULL, 0, 1, 1626060773, NULL),
(155, 1015, 930, 316, 1998, NULL, NULL, NULL, NULL, NULL, NULL, NULL, NULL, NULL, NULL, 'credit', 'webinar', '100.00', '5.00', '10.00', '50.00', '55.00', NULL, 0, 1, 1626060835, NULL),
(156, 929, 979, 317, 2004, NULL, NULL, NULL, NULL, NULL, NULL, NULL, NULL, NULL, NULL, 'credit', 'webinar', '60.00', '6.00', '6.00', '0.00', '66.00', NULL, 0, 1, 1626061332, NULL),
(157, 863, 979, 318, 2002, NULL, NULL, NULL, NULL, NULL, NULL, NULL, NULL, NULL, NULL, 'credit', 'webinar', '20.00', '2.00', '4.00', '0.00', '22.00', NULL, 0, 1, 1626061373, NULL),
(158, 867, 979, 318, 2000, NULL, NULL, NULL, NULL, NULL, NULL, NULL, NULL, NULL, NULL, 'credit', 'webinar', '30.00', '3.00', '6.00', '0.00', '33.00', NULL, 0, 1, 1626061374, NULL),
(159, NULL, 995, 319, NULL, NULL, NULL, NULL, 3, NULL, NULL, NULL, NULL, NULL, NULL, 'credit', 'subscribe', '20.00', '2.00', '0.00', NULL, '22.00', NULL, 0, 1, 1626061450, NULL),
(160, 867, 995, NULL, 2006, NULL, NULL, NULL, NULL, NULL, NULL, NULL, NULL, NULL, NULL, 'subscribe', 'webinar', '0.00', NULL, NULL, NULL, '0.00', NULL, 0, 1, 1626061483, NULL),
(161, 929, 995, NULL, 2004, NULL, NULL, NULL, NULL, NULL, NULL, NULL, NULL, NULL, NULL, 'subscribe', 'webinar', '0.00', NULL, NULL, NULL, '0.00', NULL, 0, 0, 1626061490, NULL),
(162, 863, 995, NULL, 2002, NULL, NULL, NULL, NULL, NULL, NULL, NULL, NULL, NULL, NULL, 'subscribe', 'webinar', '0.00', NULL, NULL, NULL, '0.00', NULL, 0, 1, 1626061494, NULL),
(163, 1015, 995, NULL, 1996, NULL, NULL, NULL, NULL, NULL, NULL, NULL, NULL, NULL, NULL, 'credit', 'webinar', '0.00', NULL, NULL, NULL, NULL, NULL, 0, 1, 1626062834, NULL),
(164, 1016, 996, NULL, 1995, NULL, NULL, NULL, NULL, NULL, NULL, NULL, NULL, NULL, NULL, 'credit', 'webinar', '0.00', NULL, NULL, NULL, NULL, NULL, 0, 1, 1626129811, NULL),
(165, 1016, 1015, NULL, 1995, NULL, NULL, NULL, NULL, NULL, NULL, NULL, NULL, NULL, NULL, 'credit', 'webinar', '0.00', NULL, NULL, NULL, NULL, NULL, 0, 1, 1626132407, NULL),
(166, 863, 1015, 321, 2002, NULL, NULL, NULL, NULL, NULL, NULL, NULL, NULL, NULL, NULL, 'credit', 'webinar', '20.00', '1.60', '3.20', '4.00', '17.60', NULL, 0, 1, 1626132844, NULL),
(167, NULL, 929, 323, 2004, NULL, NULL, NULL, NULL, NULL, 3, NULL, NULL, NULL, NULL, 'credit', 'promotion', '50.00', '5.00', '0.00', NULL, '55.00', NULL, 0, 1, 1626241152, NULL),
(168, 864, 929, 324, 2003, NULL, NULL, NULL, NULL, NULL, NULL, NULL, NULL, NULL, NULL, 'credit', 'webinar', '40.00', '3.00', '6.00', '10.00', '33.00', NULL, 0, 1, 1626241212, NULL),
(169, 1015, 929, NULL, 1996, NULL, NULL, NULL, NULL, NULL, NULL, NULL, NULL, NULL, NULL, 'credit', 'webinar', '0.00', NULL, NULL, NULL, NULL, NULL, 0, 1, 1626243340, NULL),
(170, 870, 995, 325, NULL, NULL, 33, NULL, NULL, NULL, NULL, NULL, NULL, NULL, NULL, 'credit', 'meeting', '100.00', '10.00', '20.00', '0.00', '110.00', NULL, 0, 1, 1626247195, 1626247245),
(171, 867, 996, 327, 2000, NULL, NULL, NULL, NULL, NULL, NULL, NULL, NULL, NULL, NULL, 'credit', 'webinar', '30.00', '2.70', '5.40', '3.00', '29.70', NULL, 0, 1, 1626508956, NULL),
(172, 867, 995, NULL, 2007, NULL, NULL, NULL, NULL, NULL, NULL, NULL, NULL, NULL, NULL, 'credit', 'webinar', '0.00', NULL, NULL, NULL, '0.00', NULL, 0, 1, 1635408189, NULL),
(173, 867, 929, 328, 2000, NULL, NULL, NULL, NULL, NULL, NULL, NULL, NULL, NULL, NULL, 'credit', 'webinar', '30.00', '3.00', '6.00', '0.00', '33.00', NULL, 0, 1, 1635412196, NULL),
(174, 867, 1017, 330, 2000, NULL, NULL, NULL, NULL, NULL, NULL, NULL, NULL, NULL, NULL, 'credit', 'webinar', '30.00', '3.00', '6.00', '0.00', '33.00', NULL, 0, 1, 1639379284, NULL),
(175, 1016, 1017, NULL, 1995, NULL, NULL, NULL, NULL, NULL, NULL, NULL, NULL, NULL, NULL, 'credit', 'webinar', '0.00', NULL, NULL, NULL, '0.00', NULL, 0, 1, 1639379336, NULL),
(176, 1015, 1017, 331, 1998, NULL, NULL, NULL, NULL, NULL, NULL, NULL, NULL, NULL, NULL, 'credit', 'webinar', '100.00', '10.00', '20.00', '0.00', '110.00', NULL, 0, 1, 1639379350, NULL),
(177, 864, 1017, 332, 2003, NULL, NULL, NULL, NULL, NULL, NULL, NULL, NULL, NULL, NULL, 'credit', 'webinar', '40.00', '3.00', '6.00', '10.00', '33.00', NULL, 0, 1, 1639379388, NULL),
(178, 1015, 995, NULL, 2008, NULL, NULL, NULL, NULL, NULL, NULL, NULL, NULL, NULL, NULL, 'credit', 'webinar', '0.00', NULL, NULL, NULL, '0.00', NULL, 0, 1, 1646127212, NULL),
(179, 1015, 995, 333, 2009, NULL, NULL, NULL, NULL, NULL, NULL, NULL, NULL, NULL, NULL, 'credit', 'webinar', '10.00', '1.00', '2.00', '0.00', '11.00', NULL, 0, 1, 1646172086, NULL),
(180, 1015, 996, 334, 2009, NULL, NULL, NULL, NULL, NULL, NULL, NULL, NULL, NULL, NULL, 'credit', 'webinar', '10.00', '0.90', '1.80', '1.00', '9.90', NULL, 0, 1, 1646172123, NULL),
(181, 1015, 979, 335, 2009, NULL, NULL, NULL, NULL, NULL, NULL, NULL, NULL, NULL, NULL, 'credit', 'webinar', '10.00', '1.00', '2.00', '0.00', '11.00', NULL, 0, 1, 1646172159, NULL),
(182, 1015, 929, 336, 2009, NULL, NULL, NULL, NULL, NULL, NULL, NULL, NULL, NULL, NULL, 'credit', 'webinar', '10.00', '1.00', '2.00', '0.00', '11.00', NULL, 0, 1, 1646172296, NULL),
(183, 1015, 996, NULL, 2008, NULL, NULL, NULL, NULL, NULL, NULL, NULL, NULL, NULL, NULL, 'credit', 'webinar', '0.00', NULL, NULL, NULL, '0.00', NULL, 0, 1, 1646174000, NULL),
(184, 1015, 1017, NULL, 2008, NULL, NULL, NULL, NULL, NULL, NULL, NULL, NULL, NULL, NULL, 'credit', 'webinar', '0.00', NULL, NULL, NULL, '0.00', NULL, 0, 1, 1646174029, NULL),
(185, 1015, 1016, NULL, 2008, NULL, NULL, NULL, NULL, NULL, NULL, NULL, NULL, NULL, NULL, 'credit', 'webinar', '0.00', NULL, NULL, NULL, '0.00', NULL, 0, 1, 1646326504, NULL),
(186, 1015, 995, 337, NULL, NULL, 30, NULL, NULL, NULL, NULL, NULL, NULL, NULL, NULL, 'credit', 'meeting', '750.00', '75.00', '150.00', '0.00', '825.00', NULL, 0, 1, 1646379288, NULL),
(187, NULL, 930, 339, NULL, NULL, NULL, NULL, NULL, NULL, NULL, NULL, 2, NULL, NULL, 'credit', 'registration_package', '199.00', '19.90', '0.00', NULL, '218.90', NULL, 0, 1, 1646386787, NULL),
(188, NULL, 859, 340, NULL, NULL, NULL, NULL, NULL, NULL, NULL, NULL, 4, NULL, NULL, 'credit', 'registration_package', '200.00', '20.00', '0.00', NULL, '220.00', NULL, 0, 1, 1646387655, NULL),
(189, 929, 995, NULL, 2010, NULL, NULL, NULL, NULL, NULL, NULL, NULL, NULL, NULL, NULL, 'credit', 'webinar', '0.00', NULL, NULL, NULL, '0.00', NULL, 0, 1, 1655872666, NULL),
(190, 929, 996, NULL, 2010, NULL, NULL, NULL, NULL, NULL, NULL, NULL, NULL, NULL, NULL, 'credit', 'webinar', '0.00', NULL, NULL, NULL, '0.00', NULL, 0, 1, 1655875500, NULL),
(191, 929, 930, NULL, 2010, NULL, NULL, NULL, NULL, NULL, NULL, NULL, NULL, NULL, NULL, 'credit', 'webinar', '0.00', NULL, NULL, NULL, '0.00', NULL, 0, 1, 1655877104, NULL),
(192, 1015, 930, 341, NULL, 1, NULL, NULL, NULL, NULL, NULL, NULL, NULL, NULL, NULL, 'credit', 'bundle', '50.00', '5.00', '10.00', '0.00', '55.00', '0.00', 0, 1, 1656083262, NULL),
(193, 1016, 995, 342, NULL, NULL, NULL, NULL, NULL, NULL, NULL, 1, NULL, NULL, NULL, 'credit', 'product', '5.00', '0.25', '1.00', '0.00', '5.25', '0.00', 0, 1, 1656103844, NULL),
(194, 1015, 923, 343, NULL, NULL, NULL, NULL, NULL, NULL, NULL, 2, NULL, NULL, NULL, 'credit', 'product', '25.00', '1.25', '2.50', '0.00', '31.25', '5.00', 0, 1, 1656104131, NULL),
(195, 864, 996, 344, 2003, NULL, NULL, NULL, NULL, NULL, NULL, NULL, NULL, NULL, NULL, 'credit', 'webinar', '40.00', '3.60', '7.20', '4.00', '39.60', '0.00', 0, 1, 1656130481, NULL),
(196, 934, 930, 345, NULL, NULL, NULL, NULL, NULL, NULL, NULL, 3, NULL, NULL, NULL, 'credit', 'product', '290.00', '14.50', '29.00', '0.00', '314.50', '10.00', 0, 1, 1656130707, NULL),
(197, 1015, 996, 346, NULL, NULL, NULL, NULL, NULL, NULL, NULL, 4, NULL, NULL, NULL, 'credit', 'product', '75.00', '3.75', '15.00', '0.00', '78.75', '0.00', 0, 1, 1656130963, NULL),
(198, 934, 979, 347, NULL, 2, NULL, NULL, NULL, NULL, NULL, NULL, NULL, NULL, NULL, 'credit', 'bundle', '8.00', '0.80', '1.60', '0.00', '8.80', '0.00', 0, 1, 1656139703, NULL),
(199, 929, 979, 347, NULL, 3, NULL, NULL, NULL, NULL, NULL, NULL, NULL, NULL, NULL, 'credit', 'bundle', '25.00', '2.50', '5.00', '0.00', '27.50', '0.00', 0, 1, 1656139705, NULL),
(200, 1015, 1017, 348, NULL, NULL, NULL, NULL, NULL, NULL, NULL, 5, NULL, NULL, NULL, 'credit', 'product', '25.00', '1.00', '2.00', '5.00', '26.00', '5.00', 0, 1, 1656148574, NULL),
(201, 1015, 995, 350, NULL, NULL, NULL, NULL, NULL, NULL, NULL, 6, NULL, NULL, NULL, 'credit', 'product', '50.00', '2.25', '4.50', '5.00', '52.25', '5.00', 0, 1, 1656148838, NULL),
(202, 1, 995, 351, NULL, NULL, NULL, NULL, NULL, NULL, NULL, 7, NULL, NULL, NULL, 'credit', 'product', '20.00', '1.00', '4.00', '4.00', '17.00', '0.00', 0, 1, 1656322658, NULL),
(269, 929, 979, 696, NULL, NULL, NULL, NULL, NULL, NULL, NULL, NULL, NULL, NULL, 6, 'credit', 'gift', '60.00', '3.60', '3.60', '24.00', '39.60', '0.00', 0, 1, 1678919437, NULL),
(276, 870, 1045, 703, 2022, NULL, NULL, NULL, NULL, NULL, NULL, NULL, NULL, NULL, NULL, 'credit', 'webinar', '100.00', '10.00', '20.00', '0.00', '110.00', '0.00', 0, 1, 1678959222, NULL),
(278, 929, 930, 705, 2004, NULL, NULL, NULL, NULL, NULL, NULL, NULL, NULL, NULL, NULL, 'credit', 'webinar', '60.00', '3.60', '3.60', '24.00', '39.60', '0.00', 0, 1, 1678961218, NULL),
(280, 867, 1045, 707, 2000, NULL, NULL, NULL, NULL, NULL, NULL, NULL, NULL, NULL, NULL, 'credit', 'webinar', '30.00', '3.00', '6.00', '0.00', '33.00', '0.00', 0, 1, 1679088431, NULL),
(281, 934, 995, NULL, 1997, NULL, NULL, NULL, NULL, NULL, NULL, NULL, NULL, NULL, NULL, 'credit', 'webinar', '0.00', NULL, NULL, NULL, '0.00', NULL, 0, 1, 1681103950, NULL),
(282, 934, 1052, NULL, 1997, NULL, NULL, NULL, NULL, NULL, NULL, NULL, NULL, NULL, NULL, 'credit', 'webinar', '0.00', NULL, NULL, NULL, '0.00', NULL, 0, 1, 1683684759, NULL),
(283, 3, 1050, NULL, 2023, NULL, NULL, NULL, NULL, NULL, NULL, NULL, NULL, NULL, NULL, 'credit', 'webinar', '0.00', NULL, NULL, NULL, '0.00', NULL, 0, 1, 1683789158, NULL),
(284, 3, 1052, NULL, 2023, NULL, NULL, NULL, NULL, NULL, NULL, NULL, NULL, NULL, NULL, 'credit', 'webinar', '0.00', NULL, NULL, NULL, '0.00', NULL, 0, 1, 1686709698, NULL),
(285, 870, 3, NULL, 2008, NULL, NULL, NULL, NULL, NULL, NULL, NULL, NULL, NULL, NULL, 'credit', 'webinar', '0.00', NULL, NULL, NULL, '0.00', NULL, 0, 1, 1689227179, NULL),
(286, 1054, 3, NULL, 2028, NULL, NULL, NULL, NULL, NULL, NULL, NULL, NULL, NULL, NULL, 'credit', 'webinar', '0.00', NULL, NULL, NULL, '0.00', NULL, 0, 1, 1689227464, NULL),
(287, 867, 1052, NULL, 2041, NULL, NULL, NULL, NULL, NULL, NULL, NULL, NULL, NULL, NULL, 'credit', 'webinar', '0.00', NULL, NULL, NULL, '0.00', NULL, 0, 1, 1690342062, NULL),
(288, 867, 1052, NULL, 2040, NULL, NULL, NULL, NULL, NULL, NULL, NULL, NULL, NULL, NULL, 'credit', 'webinar', '0.00', NULL, NULL, NULL, '0.00', NULL, 0, 1, 1690342172, NULL),
(289, 867, 1052, NULL, 2038, NULL, NULL, NULL, NULL, NULL, NULL, NULL, NULL, NULL, NULL, 'credit', 'webinar', '0.00', NULL, NULL, NULL, '0.00', NULL, 0, 1, 1690345684, NULL),
(290, 867, 995, NULL, 2040, NULL, NULL, NULL, NULL, NULL, NULL, NULL, NULL, NULL, NULL, 'credit', 'webinar', '0.00', NULL, NULL, NULL, '0.00', NULL, 0, 1, 1690619375, NULL),
(291, 867, 995, NULL, 2038, NULL, NULL, NULL, NULL, NULL, NULL, NULL, NULL, NULL, NULL, 'credit', 'webinar', '0.00', NULL, NULL, NULL, '0.00', NULL, 0, 1, 1690619422, NULL),
(292, 867, 1059, NULL, 2040, NULL, NULL, NULL, NULL, NULL, NULL, NULL, NULL, NULL, NULL, 'credit', 'webinar', '0.00', NULL, NULL, NULL, '0.00', NULL, 0, 1, 1690951435, NULL),
(293, 867, 1059, NULL, 2038, NULL, NULL, NULL, NULL, NULL, NULL, NULL, NULL, NULL, NULL, 'credit', 'webinar', '0.00', NULL, NULL, NULL, '0.00', NULL, 0, 1, 1691045613, NULL),
(294, 867, 3, NULL, 2040, NULL, NULL, NULL, NULL, NULL, NULL, NULL, NULL, NULL, NULL, 'credit', 'webinar', '0.00', NULL, NULL, NULL, '0.00', NULL, 0, 1, 1691047035, NULL),
(295, 867, 3, NULL, 2038, NULL, NULL, NULL, NULL, NULL, NULL, NULL, NULL, NULL, NULL, 'credit', 'webinar', '0.00', NULL, NULL, NULL, '0.00', NULL, 0, 1, 1691115105, NULL),
(296, 3, 995, NULL, 2042, NULL, NULL, NULL, NULL, NULL, NULL, NULL, NULL, NULL, NULL, 'credit', 'webinar', '0.00', NULL, NULL, NULL, '0.00', NULL, 0, 1, 1692677226, NULL);

-- --------------------------------------------------------

--
-- Table structure for table `sales_log`
--

CREATE TABLE `sales_log` (
  `id` int(10) UNSIGNED NOT NULL,
  `sale_id` int(10) UNSIGNED NOT NULL,
  `viewed_at` int(10) UNSIGNED NOT NULL
) ENGINE=InnoDB DEFAULT CHARSET=utf8mb4 COLLATE=utf8mb4_unicode_ci;

--
-- Dumping data for table `sales_log`
--

INSERT INTO `sales_log` (`id`, `sale_id`, `viewed_at`) VALUES
(1, 173, 1635412221),
(2, 172, 1635412222),
(3, 171, 1635412222),
(4, 170, 1635412222),
(5, 169, 1635412222),
(6, 168, 1635412222),
(7, 167, 1635412222),
(8, 166, 1635412222),
(9, 165, 1635412222),
(10, 164, 1635412222),
(11, 163, 1635412231),
(12, 162, 1635412231),
(13, 161, 1635412231),
(14, 160, 1635412231),
(15, 159, 1635412231),
(16, 158, 1635412231),
(17, 157, 1635412231),
(18, 156, 1635412231),
(19, 155, 1635412231),
(20, 154, 1635412231),
(21, 153, 1635412234),
(22, 152, 1635412234),
(23, 151, 1635412234),
(24, 150, 1635412234),
(25, 149, 1635412234),
(26, 148, 1635412234),
(27, 147, 1635412234),
(28, 146, 1635412234),
(29, 145, 1635412234),
(30, 144, 1635412234),
(31, 143, 1635412235),
(32, 142, 1635412235),
(33, 141, 1635412235),
(34, 184, 1646260033),
(35, 183, 1646260033),
(36, 182, 1646260033),
(37, 181, 1646260033),
(38, 180, 1646260033),
(39, 179, 1646260033),
(40, 178, 1646260033),
(41, 177, 1646260033),
(42, 176, 1646260033),
(43, 175, 1646260033),
(44, 191, 1655970525),
(45, 190, 1655970525),
(46, 189, 1655970525),
(47, 185, 1655970525),
(48, 195, 1656233676),
(126, 199, 1678864379),
(127, 198, 1678864379),
(128, 192, 1678864379),
(129, 188, 1678864379),
(130, 187, 1678864379),
(131, 186, 1678864379),
(132, 174, 1678864399),
(133, 269, 1678925651),
(135, 278, 1679088169),
(137, 276, 1679088169),
(138, 280, 1679090268),
(139, 281, 1683617636),
(140, 296, 1692695022),
(141, 295, 1692695022),
(142, 294, 1692695022),
(143, 293, 1692695022),
(144, 292, 1692695022),
(145, 291, 1692695022),
(146, 290, 1692695022),
(147, 289, 1692695022),
(148, 288, 1692695022),
(149, 287, 1692695022);

-- --------------------------------------------------------

--
-- Table structure for table `sections`
--

CREATE TABLE `sections` (
  `id` int(10) UNSIGNED NOT NULL,
  `name` varchar(64) NOT NULL,
  `section_group_id` int(10) UNSIGNED DEFAULT NULL,
  `caption` varchar(128) NOT NULL
) ENGINE=InnoDB DEFAULT CHARSET=utf8mb4 COLLATE=utf8mb4_unicode_ci;

--
-- Dumping data for table `sections`
--

INSERT INTO `sections` (`id`, `name`, `section_group_id`, `caption`) VALUES
(1, 'admin_general_dashboard', NULL, 'General Dashboard'),
(2, 'admin_general_dashboard_show', 1, 'General Dashboard page'),
(3, 'admin_general_dashboard_quick_access_links', 1, 'Quick access links in General Dashboard'),
(4, 'admin_general_dashboard_daily_sales_statistics', 1, 'Daily Sales Type Statistics Section'),
(5, 'admin_general_dashboard_income_statistics', 1, 'Income Statistics Section'),
(6, 'admin_general_dashboard_total_sales_statistics', 1, 'Total Sales Statistics Section'),
(7, 'admin_general_dashboard_new_sales', 1, 'New Sales Section'),
(8, 'admin_general_dashboard_new_comments', 1, 'New Comments Section'),
(9, 'admin_general_dashboard_new_tickets', 1, 'New Tickets Section'),
(10, 'admin_general_dashboard_new_reviews', 1, 'New Reviews Section'),
(11, 'admin_general_dashboard_sales_statistics_chart', 1, 'Sales Statistics Chart'),
(12, 'admin_general_dashboard_recent_comments', 1, 'Recent comments Section'),
(13, 'admin_general_dashboard_recent_tickets', 1, 'Recent tickets Section'),
(14, 'admin_general_dashboard_recent_webinars', 1, 'Recent webinars Section'),
(15, 'admin_general_dashboard_recent_courses', 1, 'Recent courses Section'),
(16, 'admin_general_dashboard_users_statistics_chart', 1, 'Users Statistics Chart'),
(17, 'admin_clear_cache', 1, 'Clear cache'),
(25, 'admin_marketing_dashboard', NULL, 'Marketing Dashboard'),
(26, 'admin_marketing_dashboard_show', 25, 'Marketing Dashboard page'),
(50, 'admin_roles', NULL, 'Roles'),
(51, 'admin_roles_list', 50, 'Roles List'),
(52, 'admin_roles_create', 50, 'Roles Create'),
(53, 'admin_roles_edit', 50, 'Roles Edit'),
(54, 'admin_roles_delete', 50, 'Roles Delete'),
(100, 'admin_users', NULL, 'Users'),
(101, 'admin_staffs_list', 100, 'Staffs list'),
(102, 'admin_users_list', 100, 'Students list'),
(103, 'admin_instructors_list', 100, 'Instructors list'),
(104, 'admin_organizations_list', 100, 'Organizations list'),
(105, 'admin_users_create', 100, 'Users Create'),
(106, 'admin_users_edit', 100, 'Users Edit'),
(107, 'admin_users_delete', 100, 'Users Delete'),
(108, 'admin_users_export_excel', 100, 'List Export excel'),
(109, 'admin_users_badges', 100, 'Users Badges'),
(110, 'admin_users_badges_edit', 100, 'Badges edit'),
(111, 'admin_users_badges_delete', 100, 'Badges delete'),
(112, 'admin_users_impersonate', 100, 'users impersonate (login by users)'),
(113, 'admin_become_instructors_list', 100, 'Lists of requests for become instructors'),
(114, 'admin_become_instructors_reject', 100, 'Reject requests for become instructors'),
(115, 'admin_become_instructors_delete', 100, 'Delete requests for become instructors'),
(116, 'admin_update_user_registration_package', 100, 'Edit user registration package'),
(117, 'admin_update_user_meeting_settings', 100, 'Edit user meeting settings'),
(150, 'admin_webinars', NULL, 'Webinars'),
(151, 'admin_webinars_list', 150, 'Webinars List'),
(152, 'admin_webinars_create', 150, 'Webinars Create'),
(153, 'admin_webinars_edit', 150, 'Webinars Edit'),
(154, 'admin_webinars_delete', 150, 'Webinars Delete'),
(155, 'admin_webinars_export_excel', 150, 'Export excel webinars list'),
(156, 'admin_feature_webinars', 150, 'Feature webinars list'),
(157, 'admin_feature_webinars_create', 150, 'create feature webinar'),
(158, 'admin_feature_webinars_export_excel', 150, 'Feature webinar export excel'),
(159, 'admin_webinar_students_lists', 150, 'Webinar students Lists'),
(160, 'admin_webinar_students_delete', 150, 'Webinar students delete'),
(161, 'admin_webinar_notification_to_students', 150, 'Send notification to course students'),
(162, 'admin_webinar_statistics', 150, 'Course statistics'),
(163, 'admin_agora_history_list', 150, 'Agora history lists'),
(164, 'admin_agora_history_export', 150, 'Agora history export'),
(165, 'admin_course_question_forum_list', 150, 'Forum Question Lists'),
(166, 'admin_course_question_forum_answers', 150, 'Forum Answers Lists'),
(200, 'admin_categories', NULL, 'Categories'),
(201, 'admin_categories_list', 200, 'Categories List'),
(202, 'admin_categories_create', 200, 'Categories Create'),
(203, 'admin_categories_edit', 200, 'Categories Edit'),
(204, 'admin_categories_delete', 200, 'Categories Delete'),
(205, 'admin_trending_categories', 200, 'Trends Categories List'),
(206, 'admin_create_trending_categories', 200, 'Create Trend Categories'),
(207, 'admin_edit_trending_categories', 200, 'Edit Trend Categories'),
(208, 'admin_delete_trending_categories', 200, 'Delete Trend Categories'),
(250, 'admin_tags', NULL, 'Tags'),
(251, 'admin_tags_list', 250, 'Tags List'),
(252, 'admin_tags_create', 250, 'Tags Create'),
(253, 'admin_tags_edit', 250, 'Tags Edit'),
(254, 'admin_tags_delete', 250, 'Tags Delete'),
(300, 'admin_filters', NULL, 'Filters'),
(301, 'admin_filters_list', 300, 'Filters List'),
(302, 'admin_filters_create', 300, 'Filters Create'),
(303, 'admin_filters_edit', 300, 'Filters Edit'),
(304, 'admin_filters_delete', 300, 'Filters Delete'),
(350, 'admin_quizzes', NULL, 'Quizzes'),
(351, 'admin_quizzes_list', 350, 'Quizzes List'),
(352, 'admin_quizzes_create', 350, 'Create Quiz'),
(353, 'admin_quizzes_edit', 350, 'Edit Quiz'),
(354, 'admin_quizzes_delete', 350, 'Delete Quiz'),
(355, 'admin_quizzes_results', 350, 'Quizzes results'),
(356, 'admin_quizzes_results_delete', 350, 'Quizzes results delete'),
(357, 'admin_quizzes_lists_excel', 350, 'Quizzes export excel'),
(400, 'admin_quiz_result', NULL, 'Quiz Result'),
(401, 'admin_quiz_result_list', 400, 'Quiz Result List'),
(402, 'admin_quiz_result_create', 400, 'Quiz Result Create'),
(403, 'admin_quiz_result_edit', 400, 'Quiz Result Edit'),
(404, 'admin_quiz_result_delete', 400, 'Quiz Result Delete'),
(405, 'admin_quiz_result_export_excel', 400, 'quiz result export excel'),
(450, 'admin_certificate', NULL, 'Certificate'),
(451, 'admin_certificate_list', 450, 'Certificate List'),
(452, 'admin_certificate_create', 450, 'Certificate Create'),
(453, 'admin_certificate_edit', 450, 'Certificate Edit'),
(454, 'admin_certificate_delete', 450, 'Certificate Delete'),
(455, 'admin_certificate_template_list', 450, 'Certificate template lists'),
(456, 'admin_certificate_template_create', 450, 'Certificate template create'),
(457, 'admin_certificate_template_edit', 450, 'Certificate template edit'),
(458, 'admin_certificate_template_delete', 450, 'Certificate template delete'),
(459, 'admin_certificate_export_excel', 450, 'Certificates export excel'),
(460, 'admin_course_certificate_list', 450, 'Course Competition Certificates'),
(500, 'admin_discount_codes', NULL, 'Discount codes'),
(501, 'admin_discount_codes_list', 500, 'Discount codes list'),
(502, 'admin_discount_codes_create', 500, 'Discount codes create'),
(503, 'admin_discount_codes_edit', 500, 'Discount codes edit'),
(504, 'admin_discount_codes_delete', 500, 'Discount codes delete'),
(505, 'admin_discount_codes_export', 500, 'Discount codes export excel'),
(550, 'admin_group', NULL, 'Groups'),
(551, 'admin_group_list', 550, 'Groups List'),
(552, 'admin_group_create', 550, 'Groups Create'),
(553, 'admin_group_edit', 550, 'Groups Edit'),
(554, 'admin_group_delete', 550, 'Groups Delete'),
(555, 'admin_update_group_registration_package', 550, 'Update group registration package'),
(600, 'admin_payment_channel', NULL, 'Payment Channels'),
(601, 'admin_payment_channel_list', 600, 'Payment Channels List'),
(602, 'admin_payment_channel_toggle_status', 600, 'active or inactive channel'),
(603, 'admin_payment_channel_edit', 600, 'Payment Channels Edit'),
(650, 'admin_settings', NULL, 'settings'),
(651, 'admin_settings_general', 650, 'General settings'),
(652, 'admin_settings_financial', 650, 'Financial settings'),
(653, 'admin_settings_personalization', 650, 'Personalization settings'),
(654, 'admin_settings_notifications', 650, 'Notifications settings'),
(655, 'admin_settings_seo', 650, 'Seo settings'),
(656, 'admin_settings_customization', 650, 'Customization settings'),
(657, 'admin_settings_update_app', 650, 'Update App settings'),
(658, 'admin_settings_home_sections', 650, 'Home sections settings'),
(700, 'admin_blog', NULL, 'Blog'),
(701, 'admin_blog_lists', 700, 'Blog lists'),
(702, 'admin_blog_create', 700, 'Blog create'),
(703, 'admin_blog_edit', 700, 'Blog edit'),
(704, 'admin_blog_delete', 700, 'Blog delete'),
(705, 'admin_blog_categories', 700, 'Blog categories list'),
(706, 'admin_blog_categories_create', 700, 'Blog categories create'),
(707, 'admin_blog_categories_edit', 700, 'Blog categories edit'),
(708, 'admin_blog_categories_delete', 700, 'Blog categories delete'),
(750, 'admin_sales', NULL, 'Sales'),
(751, 'admin_sales_list', 750, 'Sales List'),
(752, 'admin_sales_refund', 750, 'Sales Refund'),
(753, 'admin_sales_invoice', 750, 'Sales invoice'),
(754, 'admin_sales_export', 750, 'Sales Export Excel'),
(800, 'admin_documents', NULL, 'Balances'),
(801, 'admin_documents_list', 800, 'Balances List'),
(802, 'admin_documents_create', 800, 'Balances Create'),
(803, 'admin_documents_print', 800, 'Balances print'),
(850, 'admin_payouts', NULL, 'Payout'),
(851, 'admin_payouts_list', 850, 'Payout List'),
(852, 'admin_payouts_reject', 850, 'Payout Reject'),
(853, 'admin_payouts_payout', 850, 'Payout accept'),
(854, 'admin_payouts_export_excel', 850, 'Payout export excel'),
(900, 'admin_offline_payments', NULL, 'Offline Payments'),
(901, 'admin_offline_payments_list', 900, 'Offline Payments List'),
(902, 'admin_offline_payments_reject', 900, 'Offline Payments Reject'),
(903, 'admin_offline_payments_approved', 900, 'Offline Payments Approved'),
(904, 'admin_offline_payments_export_excel', 900, 'Offline Payments export excel'),
(950, 'admin_supports', NULL, 'Supports'),
(951, 'admin_supports_list', 950, 'Supports List'),
(952, 'admin_support_send', 950, 'Send Support'),
(953, 'admin_supports_reply', 950, 'Supports reply'),
(954, 'admin_supports_delete', 950, 'Supports delete'),
(955, 'admin_support_departments', 950, 'Support departments lists'),
(956, 'admin_support_department_create', 950, 'Create support department'),
(957, 'admin_support_departments_edit', 950, 'Edit support departments'),
(958, 'admin_support_departments_delete', 950, 'Delete support department'),
(959, 'admin_support_course_conversations', 950, 'Course conversations'),
(1000, 'admin_subscribe', NULL, 'Subscribes'),
(1001, 'admin_subscribe_list', 1000, 'Subscribes list'),
(1002, 'admin_subscribe_create', 1000, 'Subscribes create'),
(1003, 'admin_subscribe_edit', 1000, 'Subscribes edit'),
(1004, 'admin_subscribe_delete', 1000, 'Subscribes delete'),
(1050, 'admin_notifications', NULL, 'Notifications'),
(1051, 'admin_notifications_list', 1050, 'Notifications list'),
(1052, 'admin_notifications_send', 1050, 'Send Notifications'),
(1053, 'admin_notifications_edit', 1050, 'Edit and details Notifications'),
(1054, 'admin_notifications_delete', 1050, 'Delete Notifications'),
(1055, 'admin_notifications_markAllRead', 1050, 'Mark All Read Notifications'),
(1056, 'admin_notifications_templates', 1050, 'Notifications templates'),
(1057, 'admin_notifications_template_create', 1050, 'Create notification template'),
(1058, 'admin_notifications_template_edit', 1050, 'Edit notification template'),
(1059, 'admin_notifications_template_delete', 1050, 'Delete notification template'),
(1060, 'admin_notifications_posted_list', 1050, 'Notifications Posted list'),
(1075, 'admin_noticeboards', NULL, 'Noticeboards'),
(1076, 'admin_noticeboards_list', 1075, 'Noticeboards list'),
(1077, 'admin_noticeboards_send', 1075, 'Send Noticeboards'),
(1078, 'admin_noticeboards_edit', 1075, 'Edit Noticeboards'),
(1079, 'admin_noticeboards_delete', 1075, 'Delete Noticeboards'),
(1080, 'admin_course_noticeboards_list', 1075, 'Course Noticeboards list'),
(1081, 'admin_course_noticeboards_send', 1075, 'Send Course Noticeboards'),
(1082, 'admin_course_noticeboards_edit', 1075, 'Edit Course Noticeboards'),
(1083, 'admin_course_noticeboards_delete', 1075, 'Delete Course Noticeboards'),
(1100, 'admin_promotion', NULL, 'Promotions'),
(1101, 'admin_promotion_list', 1100, 'Promotions list'),
(1102, 'admin_promotion_create', 1100, 'Promotion create'),
(1103, 'admin_promotion_edit', 1100, 'Promotion edit'),
(1104, 'admin_promotion_delete', 1100, 'Promotion delete'),
(1150, 'admin_testimonials', NULL, 'testimonials'),
(1151, 'admin_testimonials_list', 1150, 'testimonials list'),
(1152, 'admin_testimonials_create', 1150, 'testimonials create'),
(1153, 'admin_testimonials_edit', 1150, 'testimonials edit'),
(1154, 'admin_testimonials_delete', 1150, 'testimonials delete'),
(1200, 'admin_advertising', NULL, 'advertising'),
(1201, 'admin_advertising_banners', 1200, 'advertising banners list'),
(1202, 'admin_advertising_banners_create', 1200, 'create advertising banner'),
(1203, 'admin_advertising_banners_edit', 1200, 'edit advertising banner'),
(1204, 'admin_advertising_banners_delete', 1200, 'delete advertising banner'),
(1230, 'admin_newsletters', NULL, 'Newsletters'),
(1231, 'admin_newsletters_lists', 1230, 'Newsletters lists'),
(1232, 'admin_newsletters_send', 1230, 'Send Newsletters'),
(1233, 'admin_newsletters_history', 1230, 'Newsletters histories'),
(1234, 'admin_newsletters_delete', 1230, 'Delete newsletters item'),
(1235, 'admin_newsletters_export_excel', 1230, 'Export excel newsletters item'),
(1250, 'admin_contacts', NULL, 'Contacts'),
(1251, 'admin_contacts_lists', 1250, 'Contacts lists'),
(1252, 'admin_contacts_reply', 1250, 'Contacts reply'),
(1253, 'admin_contacts_delete', 1250, 'Contacts delete'),
(1300, 'admin_product_discount', NULL, 'product discount'),
(1301, 'admin_product_discount_list', 1300, 'product discount list'),
(1302, 'admin_product_discount_create', 1300, 'create product discount'),
(1303, 'admin_product_discount_edit', 1300, 'edit product discount'),
(1304, 'admin_product_discount_delete', 1300, 'delete product discount'),
(1305, 'admin_product_discount_export', 1300, 'delete product export excel'),
(1350, 'admin_pages', NULL, 'pages'),
(1351, 'admin_pages_list', 1350, 'pages list'),
(1352, 'admin_pages_create', 1350, 'pages create'),
(1353, 'admin_pages_edit', 1350, 'pages edit'),
(1354, 'admin_pages_toggle', 1350, 'pages toggle publish/draft'),
(1355, 'admin_pages_delete', 1350, 'pages delete'),
(1400, 'admin_comments', NULL, 'Comments'),
(1401, 'admin_comments_edit', 1400, 'Comments edit'),
(1402, 'admin_comments_reply', 1400, 'Comments reply'),
(1403, 'admin_comments_delete', 1400, 'Comments delete'),
(1404, 'admin_comments_status', 1400, 'Comments status (active or pending)'),
(1405, 'admin_comments_reports', 1400, 'Reports'),
(1406, 'admin_webinar_comments', 1400, 'Classes comments'),
(1407, 'admin_blog_comments', 1400, 'Blog comments'),
(1408, 'admin_product_comments', 1400, 'Product comments'),
(1409, 'admin_bundle_comments', 1400, 'Bundle comments'),
(1450, 'admin_reports', NULL, 'Reports'),
(1451, 'admin_webinar_reports', 1450, 'Classes reports'),
(1452, 'admin_webinar_comments_reports', 1450, 'Classes Comments reports'),
(1453, 'admin_webinar_reports_delete', 1450, 'Classes reports delete'),
(1454, 'admin_blog_comments_reports', 1450, 'Blog Comments reports'),
(1455, 'admin_report_reasons', 1450, 'Reports reasons'),
(1456, 'admin_product_comments_reports', 1450, 'Products Comments reports'),
(1457, 'admin_forum_topic_post_reports', 1450, 'Forum Topic Posts Reports'),
(1500, 'admin_additional_pages', NULL, 'Additional Pages'),
(1501, 'admin_additional_pages_404', 1500, '404 error page settings'),
(1502, 'admin_additional_pages_contact_us', 1500, 'Contact page settings'),
(1503, 'admin_additional_pages_footer', 1500, 'Footer settings'),
(1504, 'admin_additional_pages_navbar_links', 1500, 'Top Navbar links settings'),
(1550, 'admin_appointments', NULL, 'Appointments'),
(1551, 'admin_appointments_lists', 1550, 'Appointments lists'),
(1552, 'admin_appointments_join', 1550, 'Appointments join'),
(1553, 'admin_appointments_send_reminder', 1550, 'Appointments send reminder'),
(1554, 'admin_appointments_cancel', 1550, 'Appointments cancel'),
(1600, 'admin_reviews', NULL, 'Reviews'),
(1601, 'admin_reviews_lists', 1600, 'Reviews lists'),
(1602, 'admin_reviews_status_toggle', 1600, 'Reviews status toggle (publish or hidden)'),
(1603, 'admin_reviews_detail_show', 1600, 'Review details page'),
(1604, 'admin_reviews_reply', 1600, 'Review reply'),
(1605, 'admin_reviews_delete', 1600, 'Review delete'),
(1650, 'admin_consultants', NULL, 'Consultants'),
(1651, 'admin_consultants_lists', 1650, 'Consultants lists'),
(1652, 'admin_consultants_export_excel', 1650, 'Consultants export excel'),
(1675, 'admin_referrals', NULL, 'Referrals'),
(1676, 'admin_referrals_history', 1675, 'Referrals History'),
(1677, 'admin_referrals_users', 1675, 'Referrals users'),
(1678, 'admin_referrals_export', 1675, 'Export Referrals'),
(1725, 'admin_regions', NULL, 'Regions'),
(1726, 'admin_regions_countries', 1725, 'countries lists'),
(1727, 'admin_regions_provinces', 1725, 'provinces lists'),
(1728, 'admin_regions_cities', 1725, 'cities lists'),
(1729, 'admin_regions_districts', 1725, 'districts lists'),
(1730, 'admin_regions_create', 1725, 'create item'),
(1731, 'admin_regions_edit', 1725, 'edit item'),
(1732, 'admin_regions_delete', 1725, 'delete item'),
(1750, 'admin_rewards', NULL, 'Rewards'),
(1751, 'admin_rewards_history', 1750, 'Rewards history'),
(1752, 'admin_rewards_settings', 1750, 'Rewards settings'),
(1753, 'admin_rewards_items', 1750, 'Rewards items'),
(1754, 'admin_rewards_item_delete', 1750, 'Reward item delete'),
(1775, 'admin_registration_packages', NULL, 'Registration packages'),
(1776, 'admin_registration_packages_lists', 1775, 'packages lists'),
(1777, 'admin_registration_packages_new', 1775, 'New package'),
(1778, 'admin_registration_packages_edit', 1775, 'Edit package'),
(1779, 'admin_registration_packages_delete', 1775, 'Delete package'),
(1780, 'admin_registration_packages_reports', 1775, 'Reports'),
(1781, 'admin_registration_packages_settings', 1775, 'Settings'),
(1800, 'admin_store', NULL, 'Store'),
(1801, 'admin_store_products', 1800, 'Products lists'),
(1802, 'admin_store_new_product', 1800, 'Create New Product'),
(1803, 'admin_store_edit_product', 1800, 'Edit Product'),
(1804, 'admin_store_delete_product', 1800, 'Delete Product'),
(1805, 'admin_store_export_products', 1800, 'Export excel Products'),
(1806, 'admin_store_categories_list', 1800, 'Store Categories Lists'),
(1807, 'admin_store_categories_create', 1800, 'Create Store Category'),
(1808, 'admin_store_categories_edit', 1800, 'Edit Store Category'),
(1809, 'admin_store_categories_delete', 1800, 'Delete Store Category'),
(1810, 'admin_store_filters_list', 1800, 'Store Filters Lists'),
(1811, 'admin_store_filters_create', 1800, 'Create Store Filter'),
(1812, 'admin_store_filters_edit', 1800, 'Edit Store Filter'),
(1813, 'admin_store_filters_delete', 1800, 'Delete Store Filter'),
(1814, 'admin_store_specifications', 1800, 'Store Specifications'),
(1815, 'admin_store_specifications_create', 1800, 'Create New Store Specification'),
(1816, 'admin_store_specifications_edit', 1800, 'Edit Store Specification'),
(1817, 'admin_store_specifications_delete', 1800, 'Delete Store Specification'),
(1818, 'admin_store_discounts', 1800, 'Store Discounts Lists'),
(1819, 'admin_store_discounts_create', 1800, 'Create New Store discount'),
(1820, 'admin_store_discounts_edit', 1800, 'Edit Store discount'),
(1821, 'admin_store_discounts_delete', 1800, 'Delete Store discount'),
(1822, 'admin_store_products_orders', 1800, 'Products Orders'),
(1823, 'admin_store_products_orders_refund', 1800, 'Products Orders Refund'),
(1824, 'admin_store_products_orders_invoice', 1800, 'Products Orders View Invoice'),
(1825, 'admin_store_products_orders_export', 1800, 'Products Orders Export Excel'),
(1826, 'admin_store_products_orders_tracking_code', 1800, 'Products Orders Tracking code'),
(1827, 'admin_store_products_reviews', 1800, 'Reviews lists'),
(1828, 'admin_store_products_reviews_status_toggle', 1800, 'Reviews status toggle (publish or hidden)'),
(1829, 'admin_store_products_reviews_detail_show', 1800, 'Review details page'),
(1830, 'admin_store_products_reviews_delete', 1800, 'Review delete'),
(1831, 'admin_store_settings', 1800, 'Store settings'),
(1832, 'admin_store_in_house_products', 1800, 'In-house products'),
(1833, 'admin_store_in_house_orders', 1800, 'In-house Products Orders'),
(1834, 'admin_store_products_sellers', 1800, 'Products Sellers'),
(1835, 'admin_store_in_house_products_delete', 1800, 'In-house Products Delete'),
(1836, 'admin_store_in_house_products_export', 1800, 'In-house Products Export Excel'),
(1837, 'admin_store_in_house_orders', 1800, 'In-house Products Orders'),
(1838, 'admin_store_products_sellers', 1800, 'Products Sellers'),
(1850, 'admin_webinar_assignments', NULL, 'Webinar assignments'),
(1851, 'admin_webinar_assignments_lists', 1850, 'Assignments lists'),
(1852, 'admin_webinar_assignments_students', 1850, 'Assignment students'),
(1853, 'admin_webinar_assignments_conversations', 1850, 'Assignment students conversations'),
(1875, 'admin_users_not_access_content', NULL, 'Users do not have access to the content'),
(1876, 'admin_users_not_access_content_lists', 1875, 'Users lists'),
(1877, 'admin_users_not_access_content_toggle', 1875, 'Toggle active/inactive users to view content'),
(1900, 'admin_bundles', NULL, 'Bundles'),
(1901, 'admin_bundles_list', 1900, 'Bundles Lists'),
(1902, 'admin_bundles_create', 1900, 'Create new Bundle'),
(1903, 'admin_bundles_edit', 1900, 'Edit bundle'),
(1904, 'admin_bundles_delete', 1900, 'Delete bundle'),
(1905, 'admin_bundles_export_excel', 1900, 'Export excel'),
(1925, 'admin_forum', NULL, 'Forums'),
(1926, 'admin_forum_list', 1925, 'Forums Lists'),
(1927, 'admin_forum_create', 1925, 'Forums create'),
(1928, 'admin_forum_edit', 1925, 'Forums edit'),
(1929, 'admin_forum_delete', 1925, 'Forums delete'),
(1930, 'admin_forum_topics_lists', 1925, 'Forums topics lists'),
(1931, 'admin_forum_topics_create', 1925, 'Forums topics create'),
(1932, 'admin_forum_topics_delete', 1925, 'Forums topics delete'),
(1933, 'admin_forum_topics_posts', 1925, 'Forums topic posts'),
(1934, 'admin_forum_topics_create_posts', 1925, 'Forums topic store posts'),
(1950, 'admin_featured_topics', NULL, 'Featured topics'),
(1951, 'admin_featured_topics_list', 1950, 'Featured topics Lists'),
(1952, 'admin_featured_topics_create', 1950, 'Featured topics create'),
(1953, 'admin_featured_topics_edit', 1950, 'Featured topics edit'),
(1954, 'admin_featured_topics_delete', 1950, 'Featured topics delete'),
(1975, 'admin_recommended_topics', NULL, 'Recommended topics'),
(1976, 'admin_recommended_topics_list', 1975, 'Recommended topics Lists'),
(1977, 'admin_recommended_topics_create', 1975, 'Recommended topics create'),
(1978, 'admin_recommended_topics_edit', 1975, 'Recommended topics edit'),
(1979, 'admin_recommended_topics_delete', 1975, 'Recommended topics delete'),
(2000, 'admin_advertising_modal', NULL, 'Advertising modal'),
(2001, 'admin_advertising_modal_config', 2000, 'Set Advertising modal'),
(2015, 'admin_enrollment', NULL, 'Enrollment'),
(2016, 'admin_enrollment_history', 2015, 'Enrollment History'),
(2017, 'admin_enrollment_add_student_to_items', 2015, 'Enrollment Add Student To Items'),
(2018, 'admin_enrollment_block_access', 2015, 'Enrollment Block Access'),
(2019, 'admin_enrollment_enable_access', 2015, 'Enrollment Enable Access'),
(2020, 'admin_enrollment_export', 2015, 'Enrollment Export History'),
(2021, 'admin_enrollment_export', 2015, 'Enrollment Export History'),
(2030, 'admin_delete_account_requests', NULL, 'Delete Account Requests'),
(2031, 'admin_delete_account_requests_lists', 2030, 'Delete Account Requests Lists'),
(2032, 'admin_delete_account_requests_confirm', 2030, 'Delete Account Requests Confirm'),
(2050, 'admin_upcoming_courses', NULL, 'Upcoming Course'),
(2051, 'admin_upcoming_courses_list', 2050, 'Lists'),
(2052, 'admin_upcoming_courses_create', 2050, 'Create'),
(2053, 'admin_upcoming_courses_edit', 2050, 'Edit and Update'),
(2054, 'admin_upcoming_courses_delete', 2050, 'Delete'),
(2055, 'admin_upcoming_courses_followers', 2050, 'Followers'),
(2070, 'admin_installments', NULL, 'Installments'),
(2071, 'admin_installments_list', 2070, 'Lists'),
(2072, 'admin_installments_create', 2070, 'Create'),
(2073, 'admin_installments_edit', 2070, 'Edit and Update'),
(2074, 'admin_installments_delete', 2070, 'Delete'),
(2075, 'admin_installments_settings', 2070, 'Settings'),
(2076, 'admin_installments_purchases', 2070, 'Purchases'),
(2077, 'admin_installments_overdue_lists', 2070, 'Overdue Installments'),
(2078, 'admin_installments_overdue_history', 2070, 'Overdue History'),
(2079, 'admin_installments_verification_requests', 2070, 'Verification Requests'),
(2080, 'admin_installments_verified_users', 2070, 'Verified Users'),
(2081, 'admin_installments_orders', 2070, 'Approve/Reject/Refund Requests'),
(2090, 'admin_registration_bonus', NULL, 'Registration Bonus'),
(2091, 'admin_registration_bonus_history', 2090, 'History'),
(2092, 'admin_registration_bonus_settings', 2090, 'Settings'),
(2093, 'admin_registration_bonus_export_excel', 2090, 'Export Excel'),
(3000, 'admin_floating_bar', NULL, 'Top/Bottom Floating Bar'),
(3001, 'admin_floating_bar_create', 3000, 'Create/Edit'),
(3010, 'admin_cashback', NULL, 'Cashback'),
(3011, 'admin_cashback_rules', 3010, 'Rules'),
(3012, 'admin_cashback_transactions', 3010, 'Transactions'),
(3013, 'admin_cashback_history', 3010, 'History'),
(3020, 'admin_waitlists', NULL, 'Waitlists'),
(3021, 'admin_waitlists_lists', 3020, 'Lists'),
(3022, 'admin_waitlists_users', 3020, 'Joined Users'),
(3023, 'admin_waitlists_exports', 3020, 'Export excel lists'),
(3024, 'admin_waitlists_clear_list', 3020, 'Clear lists'),
(3025, 'admin_waitlists_disable', 3020, 'Disable'),
(3030, 'admin_gift', NULL, 'Gifts'),
(3031, 'admin_gift_history', 3030, 'History'),
(3032, 'admin_gift_send_reminder', 3030, 'Send Reminder'),
(3033, 'admin_gift_cancel', 3030, 'Cancel'),
(3034, 'admin_gift_settings', 3030, 'Settings'),
(3035, 'admin_gift_export', 3030, 'Export Excel');

-- --------------------------------------------------------

--
-- Table structure for table `sessions`
--

CREATE TABLE `sessions` (
  `id` int(10) UNSIGNED NOT NULL,
  `creator_id` int(10) UNSIGNED NOT NULL,
  `webinar_id` int(10) UNSIGNED DEFAULT NULL,
  `chapter_id` int(10) UNSIGNED DEFAULT NULL,
  `reserve_meeting_id` int(10) UNSIGNED DEFAULT NULL,
  `date` int(11) NOT NULL,
  `duration` int(11) NOT NULL,
  `link` varchar(255) DEFAULT NULL,
  `extra_time_to_join` int(10) UNSIGNED DEFAULT NULL COMMENT 'Specifies that the user can see the join button up to a few minutes after the start time of the webinar.',
  `zoom_start_link` text DEFAULT NULL,
  `zoom_id` varchar(255) DEFAULT NULL,
  `session_api` enum('local','big_blue_button','zoom','agora','jitsi','google_meet') NOT NULL DEFAULT 'local',
  `api_secret` varchar(255) DEFAULT NULL,
  `moderator_secret` varchar(255) DEFAULT NULL,
  `agora_settings` text DEFAULT NULL,
  `check_previous_parts` tinyint(1) NOT NULL DEFAULT 0,
  `access_after_day` int(10) UNSIGNED DEFAULT NULL,
  `order` int(10) UNSIGNED DEFAULT NULL,
  `status` enum('active','inactive') NOT NULL DEFAULT 'active',
  `created_at` int(11) NOT NULL,
  `updated_at` int(11) DEFAULT NULL,
  `deleted_at` int(11) DEFAULT NULL
) ENGINE=InnoDB DEFAULT CHARSET=utf8mb4 COLLATE=utf8mb4_unicode_ci ROW_FORMAT=DYNAMIC;

-- --------------------------------------------------------

--
-- Table structure for table `session_reminds`
--

CREATE TABLE `session_reminds` (
  `id` int(10) UNSIGNED NOT NULL,
  `session_id` int(10) UNSIGNED NOT NULL,
  `user_id` int(10) UNSIGNED NOT NULL,
  `created_at` int(11) NOT NULL
) ENGINE=InnoDB DEFAULT CHARSET=utf8mb4 COLLATE=utf8mb4_unicode_ci;

-- --------------------------------------------------------

--
-- Table structure for table `session_translations`
--

CREATE TABLE `session_translations` (
  `id` bigint(20) UNSIGNED NOT NULL,
  `session_id` int(10) UNSIGNED NOT NULL,
  `locale` varchar(255) NOT NULL,
  `title` varchar(255) NOT NULL,
  `description` text DEFAULT NULL
) ENGINE=InnoDB DEFAULT CHARSET=utf8mb4 COLLATE=utf8mb4_unicode_ci;

-- --------------------------------------------------------

--
-- Table structure for table `settings`
--

CREATE TABLE `settings` (
  `id` int(10) UNSIGNED NOT NULL,
  `page` enum('general','financial','personalization','notifications','seo','customization','other') NOT NULL DEFAULT 'other',
  `name` varchar(255) NOT NULL,
  `updated_at` int(11) DEFAULT NULL
) ENGINE=InnoDB DEFAULT CHARSET=utf8mb4 COLLATE=utf8mb4_unicode_ci;

--
-- Dumping data for table `settings`
--

INSERT INTO `settings` (`id`, `page`, `name`, `updated_at`) VALUES
(1, 'seo', 'seo_metas', 1684120413),
(2, 'general', 'socials', 1632121340),
(4, 'other', 'footer', 1632071275),
(5, 'general', 'general', 1690525292),
(6, 'financial', 'financial', 1683712037),
(8, 'personalization', 'home_hero', 1686117489),
(12, 'customization', 'custom_css_js', 1686119070),
(14, 'personalization', 'page_background', 1688372958),
(15, 'personalization', 'home_hero2', 1688981161),
(20, 'other', 'report_reasons', 1632235945),
(22, 'notifications', 'notifications', 1678908168),
(23, 'financial', 'site_bank_accounts', 1617002426),
(24, 'other', 'contact_us', 1680582498),
(25, 'personalization', 'home_sections', 1653226117),
(26, 'other', 'navbar_links', 1686115800),
(27, 'personalization', 'home_video_or_image_box', 1690524985),
(28, 'other', '404', 1680583010),
(29, 'personalization', 'panel_sidebar', 1642355954),
(30, 'financial', 'referral', 1679092066),
(31, 'general', 'features', 1686114815),
(32, 'personalization', 'find_instructors', 1642530710),
(33, 'personalization', 'reward_program', 1680594585),
(34, 'general', 'rewards_settings', 1679091672),
(37, 'financial', 'registration_packages_general', 1679091695),
(38, 'financial', 'registration_packages_instructors', 1679091703),
(39, 'financial', 'registration_packages_organizations', 1679091707),
(40, 'personalization', 'become_instructor_section', 1690525252),
(41, 'general', 'store_settings', 1679091642),
(42, 'personalization', 'theme_colors', 1684214664),
(43, 'personalization', 'forums_section', 1650546951),
(44, 'personalization', 'cookie_settings', 1683350959),
(45, 'personalization', 'mobile_app', 1680594292),
(46, 'personalization', 'theme_fonts', 1677180546),
(47, 'general', 'reminders', 1650982581),
(48, 'other', 'advertising_modal', 1652000772),
(52, 'personalization', 'others_personalization', 1680594219),
(53, 'general', 'security', 1690268196),
(54, 'general', 'installments_settings', 1679091725),
(55, 'general', 'installments_terms_settings', 1679089417),
(56, 'financial', 'currency_settings', 1683779456),
(57, 'personalization', 'statistics', 1678151460),
(58, 'personalization', 'maintenance_settings', 1680594261),
(59, 'general', 'general_options', 1683689241),
(60, 'financial', 'offline_banks_credits', 1676303092),
(61, 'financial', 'offline_banks', 1683701784),
(62, 'general', 'gifts_general_settings', 1679091761),
(63, 'general', 'registration_bonus_settings', 1679091778),
(64, 'general', 'registration_bonus_terms_settings', 1678898719);

-- --------------------------------------------------------

--
-- Table structure for table `setting_translations`
--

CREATE TABLE `setting_translations` (
  `id` bigint(20) UNSIGNED NOT NULL,
  `setting_id` int(10) UNSIGNED NOT NULL,
  `locale` varchar(255) NOT NULL,
  `value` longtext NOT NULL
) ENGINE=InnoDB DEFAULT CHARSET=utf8mb4 COLLATE=utf8mb4_unicode_ci;

--
-- Dumping data for table `setting_translations`
--

INSERT INTO `setting_translations` (`id`, `setting_id`, `locale`, `value`) VALUES
(1, 1, 'en', '{\"home\":{\"title\":\"Beranda\",\"description\":\"Deskripsi Halaman Beranda\",\"robot\":\"index\"},\"search\":{\"title\":\"Search\",\"description\":\"search page Description\",\"robot\":\"index\"},\"categories\":{\"title\":\"Category\",\"description\":\"categories page Description\",\"robot\":\"index\"},\"login\":{\"title\":\"Login\",\"description\":\"login page description\",\"robot\":\"index\"},\"register\":{\"title\":\"Register\",\"description\":\"register page Description\",\"robot\":\"index\"},\"about\":{\"title\":\"about page title\",\"description\":\"about page Description\"},\"contact\":{\"title\":\"Contact\",\"description\":\"contact page Description\",\"robot\":\"index\"},\"certificate_validation\":{\"title\":\"Certificate validation\",\"description\":\"Certificate validation description\",\"robot\":\"index\"},\"classes\":{\"title\":\"Perpustakaan\",\"description\":\"Deskripsi Perpustakaan\",\"robot\":\"index\"},\"blog\":{\"title\":\"Blog\",\"description\":\"Blog page description\",\"robot\":\"index\"},\"instructors\":{\"title\":\"Instructors\",\"description\":\"instructors page Description\",\"robot\":\"index\"},\"organizations\":{\"title\":\"Organizations\",\"description\":\"Organizations page description\",\"robot\":\"index\"},\"instructor_finder_wizard\":{\"title\":\"Instructor finder wizard\",\"description\":\"Instructor finder wizard description\",\"robot\":\"noindex\"},\"instructor_finder\":{\"title\":\"Instructor finder\",\"description\":\"Instructor finder description\",\"robot\":\"index\"},\"reward_courses\":{\"title\":\"Reward courses\",\"description\":\"Reward courses description\",\"robot\":\"index\"},\"products_lists\":{\"title\":\"Store Products\",\"description\":\"Store Products Description\",\"robot\":\"noindex\"},\"reward_products\":{\"title\":\"Reward Products\",\"description\":\"Reward Products Description\",\"robot\":\"noindex\"},\"forum\":{\"title\":\"Forums\",\"description\":\"Forums Description\",\"robot\":\"noindex\"},\"upcoming_courses_lists\":{\"title\":\"Upcoming Course\",\"description\":\"Upcoming courses description\",\"robot\":\"noindex\"}}'),
(2, 2, 'en', '{\"Instagram\":{\"title\":\"Instagram\",\"image\":\"\\/store\\/1\\/default_images\\/social\\/instagram.svg\",\"link\":\"https:\\/\\/www.instagram.com\\/\",\"order\":\"1\"},\"Whatsapp\":{\"title\":\"Whatsapp\",\"image\":\"\\/store\\/1\\/default_images\\/social\\/whatsapp.svg\",\"link\":\"https:\\/\\/web.whatsapp.com\\/\",\"order\":\"2\"},\"Twitter\":{\"title\":\"Twitter\",\"image\":\"\\/store\\/1\\/default_images\\/social\\/twitter.svg\",\"link\":\"https:\\/\\/twitter.com\\/\",\"order\":\"3\"},\"Facebook\":{\"title\":\"Facebook\",\"image\":\"\\/store\\/1\\/default_images\\/social\\/facebook.svg\",\"link\":\"https:\\/\\/www.facebook.com\\/\",\"order\":\"4\"}}'),
(3, 4, 'fa', '{\"first_column\":{\"title\":\"\\u0633\\u062a\\u0648\\u0646 \\u0627\\u0648\\u0644\",\"value\":\"<p>\\u0644\\u06cc\\u0646\\u06a9 \\u06f1<\\/p><p>\\u0644\\u06cc\\u0646\\u06a9 \\u06f2<\\/p><p>\\u0644\\u06cc\\u0646\\u06a9 \\u06f3<\\/p>\"},\"second_column\":{\"title\":\"\\u0633\\u062a\\u0648\\u0646 \\u062f\\u0648\\u0645\",\"value\":\"<p>\\u0644\\u06cc\\u0646\\u06a9 1<\\/p><p>\\u0644\\u06cc\\u0646\\u06a9 2<\\/p><p>\\u0644\\u06cc\\u0646\\u06a9 3<\\/p>\"},\"third_column\":{\"title\":\"\\u0633\\u062a\\u0648\\u0646 \\u0633\\u0648\\u0645\",\"value\":\"<p>\\u0644\\u06cc\\u0646\\u06a9 1<\\/p><p>\\u0644\\u06cc\\u0646\\u06a9 \\u06f2<\\/p><p>\\u0644\\u06cc\\u0646\\u06a9 \\u06f3<\\/p>\"},\"forth_column\":{\"title\":\"\\u0633\\u062a\\u0648\\u0646 \\u0686\\u0647\\u0627\\u0631\",\"value\":\"<p>\\u0644\\u06cc\\u0646\\u06a9 1<\\/p><p>\\u0644\\u06cc\\u0646\\u06a9 \\u06f2<\\/p><p>\\u0644\\u06cc\\u0646\\u06a9 \\u06f3<\\/p><p>\\u0644\\u06cc\\u0646\\u06a9 \\u06f4<\\/p>\"}}'),
(4, 5, 'en', '{\"site_name\":\"Baca Pustaka - Ebook Audiobook & Videobook\",\"site_email\":\"halo@bacapustaka.com\",\"site_phone\":\"082299449494\",\"site_language\":\"ID\",\"register_method\":\"email\",\"default_time_zone\":\"Asia\\/Jakarta\",\"date_format\":\"textual\",\"time_format\":\"24_hours\",\"user_languages\":[\"EN\",\"ID\"],\"rtl_languages\":[\"AR\"],\"fav_icon\":\"\\/store\\/1\\/default_images\\/favicon-bacapustaka.png\",\"logo\":\"\\/store\\/1\\/default_images\\/logo-bacapustaka.webp\",\"footer_logo\":\"\\/store\\/1\\/default_images\\/logo-bacapustaka.webp\",\"rtl_layout\":\"0\",\"preloading\":\"1\",\"hero_section1\":\"0\",\"hero_section2\":\"1\",\"content_translate\":\"1\",\"app_debugbar\":\"0\"}'),
(5, 6, 'en', '{\"commission\":\"20\",\"tax\":\"11\",\"minimum_payout\":\"50\",\"price_display\":\"total_price\"}'),
(6, 8, 'en', '{\"title\":\"Joy of learning & teaching...\",\"description\":\"Rocket LMS is a fully-featured educational platform that helps instructors to create and publish video courses, live classes, and text courses and earn money, and helps students to learn in the easiest way.\",\"hero_background\":\"\\/store\\/1\\/default_images\\/hero_1.jpg\"}'),
(7, 12, 'en', '{\"css\":\"#app > section.slider-container > div.container.user-select-none > div > div > div > p {\\r\\nbackground:rgb(0 0 0 \\/ 35%);\\r\\nborder-radius: 20px;\\r\\npadding: 15px;\\r\\n}\\r\\n@media (min-width: 992px) {\\r\\n.slider-container.slider-hero-section2 {\\r\\npadding:0px;\\r\\n}\\r\\n}\\r\\n.top-navbar, .slider-container, .stats-container  {\\r\\nbackground:#fafafa;\\r\\n}\\r\\n.stats-container  {\\r\\npadding-bottom:30px;\\r\\n}\",\"js\":null}'),
(8, 14, 'en', '{\"admin_login\":\"\\/store\\/1\\/default_images\\/admin_login.jpg\",\"admin_dashboard\":\"\\/store\\/1\\/default_images\\/admin_dashboard.jpg\",\"login\":\"\\/store\\/1\\/default_images\\/front-login-bacapustaka.jpg\",\"register\":\"\\/store\\/1\\/default_images\\/register_flyer_bacapustaka.jpg\",\"remember_pass\":\"\\/store\\/1\\/default_images\\/password_recovery.jpg\",\"verification\":\"\\/store\\/1\\/default_images\\/verification.jpg\",\"search\":\"\\/store\\/1\\/default_images\\/search_cover.png\",\"categories\":\"\\/store\\/1\\/default_images\\/bacapustaka-cover_kategori.jpg\",\"become_instructor\":\"\\/store\\/1\\/default_images\\/become_instructor.jpg\",\"certificate_validation\":\"\\/store\\/1\\/default_images\\/certificate_validation.jpg\",\"blog\":\"\\/store\\/1\\/default_images\\/blogs_cover.png\",\"instructors\":\"\\/store\\/1\\/default_images\\/instructors_cover.png\",\"organizations\":\"\\/store\\/1\\/default_images\\/organizations_cover.png\",\"dashboard\":\"\\/store\\/1\\/dashboard.png\",\"user_cover\":\"\\/store\\/1\\/default_images\\/default_cover.jpg\",\"instructor_finder_wizard\":\"\\/store\\/1\\/default_images\\/instructor_finder_wizard.jpg\",\"products_lists\":\"\\/store\\/1\\/default_images\\/bacapustaka-cover_kategori.jpg\",\"upcoming_courses_lists\":\"\\/store\\/1\\/default_images\\/bacapustaka-cover_kategori.jpg\"}'),
(9, 15, 'en', '{\"title\":\"Baca Pustaka - Ebook Audiobook & Videobook\",\"description\":\"A fully featured educational platform that helps to create and publish Ebooks, Audiobooks & Videos. Helping student communities add insight from anywhere, anytime.\",\"hero_background\":\"kosong\",\"hero_vector\":\"\\/store\\/1\\/animated-header.json\",\"has_lottie\":\"1\"}'),
(10, 20, 'en', '[\"Inappropriate Course Content\",\"Inappropriate Behavior\",\"Policy Violation\",\"Spammy Content\",\"Other\"]'),
(11, 22, 'en', '{\"new_comment_admin\":\"7\",\"support_message_admin\":\"10\",\"support_message_replied_admin\":\"11\",\"promotion_plan_admin\":\"29\",\"new_contact_message\":\"26\",\"new_badge\":\"2\",\"change_user_group\":\"3\",\"course_created\":\"4\",\"course_approve\":\"5\",\"course_reject\":\"6\",\"new_comment\":\"7\",\"support_message\":\"8\",\"support_message_replied\":\"9\",\"new_rating\":\"17\",\"webinar_reminder\":\"27\",\"new_financial_document\":\"12\",\"payout_request\":\"13\",\"payout_proceed\":\"14\",\"offline_payment_request\":\"18\",\"offline_payment_approved\":\"19\",\"offline_payment_rejected\":\"20\",\"new_sales\":\"15\",\"new_purchase\":\"16\",\"new_subscribe_plan\":\"21\",\"promotion_plan\":\"28\",\"new_appointment\":\"22\",\"new_appointment_link\":\"23\",\"appointment_reminder\":\"24\",\"meeting_finished\":\"25\",\"new_certificate\":\"30\",\"waiting_quiz\":\"31\",\"waiting_quiz_result\":\"32\",\"payout_request_admin\":\"13\",\"product_new_sale\":\"33\",\"product_new_purchase\":\"34\",\"product_new_comment\":\"35\",\"product_tracking_code\":\"36\",\"product_new_rating\":\"37\",\"product_receive_shipment\":\"38\",\"product_out_of_stock\":\"39\",\"student_send_message\":\"40\",\"instructor_send_message\":\"41\",\"instructor_set_grade\":\"42\",\"send_post_in_topic\":\"44\",\"publish_instructor_blog_post\":\"45\",\"new_comment_for_instructor_blog_post\":\"46\",\"meeting_reserve_reminder\":\"47\",\"subscribe_reminder\":\"48\",\"reminder_gift_to_receipt\":\"52\",\"gift_sender_confirmation\":\"53\",\"gift_sender_notification\":\"54\",\"admin_gift_submission\":\"55\",\"admin_gift_sending_confirmation\":\"56\",\"reminder_installments_before_overdue\":\"57\",\"installment_due_reminder\":\"58\",\"reminder_installments_after_overdue\":\"59\",\"approve_installment_verification_request\":\"60\",\"reject_installment_verification_request\":\"61\",\"paid_installment_step\":\"62\",\"paid_installment_step_for_admin\":\"63\",\"paid_installment_upfront\":\"64\",\"installment_verification_request_sent\":\"65\",\"admin_installment_verification_request_sent\":\"66\",\"instalment_request_submitted\":\"67\",\"instalment_request_submitted_for_admin\":\"68\",\"upcoming_course_submission\":\"69\",\"upcoming_course_submission_for_admin\":\"70\",\"upcoming_course_approved\":\"71\",\"upcoming_course_rejected\":\"72\",\"upcoming_course_published\":\"73\",\"upcoming_course_followed\":\"74\",\"upcoming_course_published_for_followers\":\"75\",\"user_get_cashback\":\"76\",\"user_get_cashback_notification_for_admin\":\"77\",\"bundle_submission\":\"78\",\"bundle_submission_for_admin\":\"79\",\"bundle_approved\":\"80\",\"bundle_rejected\":\"81\",\"new_review_for_bundle\":\"82\",\"registration_bonus_achieved\":\"83\",\"registration_bonus_unlocked\":\"84\",\"registration_bonus_unlocked_for_admin\":\"85\",\"registration_package_activated\":\"86\",\"registration_package_activated_for_admin\":\"87\",\"registration_package_expired\":\"87\",\"contact_message_submission\":\"88\",\"contact_message_submission_for_admin\":\"89\",\"waitlist_submission\":\"90\",\"waitlist_submission_for_admin\":\"91\",\"new_referral_user\":\"92\",\"user_role_change\":\"97\",\"add_to_user_group\":\"98\",\"become_instructor_request_approved\":\"99\",\"become_instructor_request_rejected\":\"100\",\"new_question_in_forum\":\"101\",\"new_answer_in_forum\":\"102\",\"new_appointment_session\":\"103\",\"new_quiz\":\"93\",\"user_get_new_point\":\"94\",\"new_course_notice\":\"96\",\"new_registration\":\"104\",\"new_become_instructor_request\":\"105\",\"new_course_enrollment\":\"106\",\"new_forum_topic\":\"107\",\"new_report_item_for_admin\":\"108\",\"new_item_created\":\"109\",\"new_store_order\":\"110\",\"subscription_plan_activated\":\"111\",\"content_review_request\":\"112\",\"new_user_blog_post\":\"113\",\"new_user_item_rating\":\"114\",\"new_organization_user\":\"115\",\"user_wallet_charge\":\"116\",\"new_user_payout_request\":\"117\",\"new_offline_payment_request\":\"118\",\"user_access_to_content\":\"119\"}'),
(12, 23, 'en', '{\"540\":{\"title\":\"Qatar National Bank\",\"image\":\"\\/store\\/1\\/default_images\\/offline_payments\\/Qatar National Bank.png\",\"card_id\":\"2578-4910-3682-6288\",\"account_id\":\"38152294372\",\"iban\":\"QA66QUWW934528129454345775226\"},\"334\":{\"title\":\"State Bank of India\",\"image\":\"\\/store\\/1\\/default_images\\/offline_payments\\/State Bank of India.png\",\"card_id\":\"6282-4518-1237-7641\",\"account_id\":\"56238341127\",\"iban\":\"IN37ABNA2422193788\"},\"jhgDW\":{\"title\":\"JPMorgan\",\"image\":\"\\/store\\/1\\/default_images\\/offline_payments\\/jpmorgan.png\",\"card_id\":\"5012-4518-1772-8911\",\"account_id\":\"46237751125\",\"iban\":\"NL37ABNA2423554788\"}}'),
(13, 24, 'en', '{\"background\":\"\\/store\\/1\\/default_images\\/category_cover.png\",\"latitude\":\"-7.818640\",\"longitude\":\"110.375630\",\"map_zoom\":\"16\",\"phones\":\"6282-2994-49494 , 6282299449494\",\"emails\":\"devops@razen.co.id , rafifadziabi234@gmail.com\",\"address\":\"Jl. Lowanu No.34-33, \\r\\nKota Yogyakarta 55153\"}'),
(14, 25, 'en', '{\"latest_classes\":\"1\",\"best_sellers\":\"1\",\"free_classes\":\"1\",\"discount_classes\":\"1\",\"best_rates\":\"1\",\"trend_categories\":\"1\",\"testimonials\":\"1\",\"subscribes\":\"1\",\"blog\":\"1\",\"organizations\":\"1\",\"instructors\":\"1\",\"video_or_image_section\":\"1\",\"find_instructors\":\"1\",\"reward_program\":\"1\"}'),
(15, 26, 'en', '{\"02nh9a\":{\"title\":\"Home\",\"link\":\"\\/\",\"order\":\"1\"},\"1cH2kF\":{\"title\":\"Courses\",\"link\":\"\\/classes?sort=newest\",\"order\":\"2\"},\"Wnq5Qb\":{\"title\":\"Forums\",\"link\":\"\\/forums\",\"order\":\"3\"}}'),
(16, 27, 'en', '{\"link\":\"\\/classes\",\"title\":\"Start learning anywhere, anytime...\",\"description\":\"Use Rocket LMS to access high-quality education materials without any limitations in the easiest way.\",\"background\":\"\\/store\\/1\\/default_images\\/home_video_section.png\"}'),
(17, 28, 'en', '{\"error_image\":\"\\/store\\/1\\/default_images\\/404.svg\",\"error_title\":\"Halaman tidak ditemukan!\",\"error_description\":\"Maaf, nyasar...\"}'),
(18, 29, 'en', '{\"link\":\"\\/classes?sort=newest\",\"background\":\"\\/store\\/1\\/sidebar-user.png\"}'),
(19, 30, 'en', '{\"status\":\"0\",\"users_affiliate_status\":\"0\",\"affiliate_user_commission\":\"5\",\"store_affiliate_user_commission\":\"5\",\"affiliate_user_amount\":\"20\",\"referred_user_amount\":\"10\",\"referral_description\":\"You can share your affiliate URL you will get the above rewards when a user uses the platform.\"}'),
(20, 4, 'en', '{\"first_column\":{\"title\":\"About US\",\"value\":\"<p><font color=\\\"#ffffff\\\">Rocket LMS is a fully-featured learning management system that helps you to run your education business in several hours. This platform helps instructors to create professional education materials and helps students to learn from the best instructors.<\\/font><\\/p>\"},\"second_column\":{\"title\":\"Additional Links\",\"value\":\"<p><a href=\\\"\\/login\\\"><font color=\\\"#ffffff\\\">- Login<\\/font><\\/a><\\/p><p><font color=\\\"#ffffff\\\"><a href=\\\"\\/register\\\"><font color=\\\"#ffffff\\\">- Register<\\/font><\\/a><br><\\/font><\\/p><p><a href=\\\"\\/blog\\\"><font color=\\\"#ffffff\\\">- Blog<\\/font><\\/a><\\/p><p><a href=\\\"\\/contact\\\"><font color=\\\"#ffffff\\\">- Contact us<\\/font><\\/a><\\/p><p><font color=\\\"#ffffff\\\"><a href=\\\"\\/certificate_validation\\\"><font color=\\\"#ffffff\\\">- Certificate validation<\\/font><\\/a><br><\\/font><\\/p><p><font color=\\\"#ffffff\\\"><a href=\\\"\\/become-instructor\\\"><font color=\\\"#ffffff\\\">- Become instructor<\\/font><\\/a><br><\\/font><\\/p><p><a href=\\\"\\/pages\\/terms\\\"><font color=\\\"#ffffff\\\">- Terms &amp; rules<\\/font><\\/a><\\/p><p><a href=\\\"\\/pages\\/about\\\"><font color=\\\"#ffffff\\\">- About us<\\/font><\\/a><br><\\/p>\"},\"third_column\":{\"title\":\"Similar Businesses\",\"value\":\"<p><a href=\\\"https:\\/\\/www.udemy.com\\/\\\" target=\\\"_blank\\\"><font color=\\\"#ffffff\\\">- Udemy<\\/font><\\/a><\\/p><p><a href=\\\"https:\\/\\/www.skillshare.com\\/\\\" target=\\\"_blank\\\"><font color=\\\"#ffffff\\\">- Skillshare<\\/font><\\/a><\\/p><p><a href=\\\"https:\\/\\/www.coursera.org\\/\\\" target=\\\"_blank\\\"><font color=\\\"#ffffff\\\">- Coursera<\\/font><\\/a><\\/p><p><a href=\\\"https:\\/\\/www.linkedin.com\\/learning\\/\\\" target=\\\"_blank\\\"><font color=\\\"#ffffff\\\">- Lynda<\\/font><\\/a><\\/p><p><a href=\\\"https:\\/\\/www.skillsoft.com\\/\\\" target=\\\"_blank\\\"><font color=\\\"#ffffff\\\">- Skillsoft<\\/font><\\/a><\\/p><p><a href=\\\"https:\\/\\/www.udacity.com\\/\\\" target=\\\"_blank\\\"><font color=\\\"#ffffff\\\">- Udacity<\\/font><\\/a><\\/p><p><a href=\\\"https:\\/\\/www.edx.org\\/\\\" target=\\\"_blank\\\"><font color=\\\"#ffffff\\\">- edX<\\/font><\\/a><\\/p><p><a href=\\\"https:\\/\\/www.masterclass.com\\/\\\" target=\\\"_blank\\\"><font color=\\\"#ffffff\\\">- Masterclass<\\/font><\\/a><br><\\/p>\"},\"forth_column\":{\"title\":\"Purchase Rocket LMS\",\"value\":\"<p><a title=\\\"Notnt\\\" href=\\\"https:\\/\\/codecanyon.net\\\"><img style=\\\"width: 200px;\\\" src=\\\"\\/store\\/1\\/default_images\\/envato.png\\\"><\\/a><\\/p>\"}}'),
(31, 4, 'ar', '{\"first_column\":{\"title\":\"\\u0645\\u0639\\u0644\\u0648\\u0645\\u0627\\u062a \\u0639\\u0646\\u0627\",\"value\":\"<p><font color=\\\"#ffffff\\\">Rocket LMS \\u0647\\u0648 \\u0646\\u0638\\u0627\\u0645 \\u0625\\u062f\\u0627\\u0631\\u0629 \\u062a\\u0639\\u0644\\u0645 \\u0643\\u0627\\u0645\\u0644 \\u0627\\u0644\\u0645\\u064a\\u0632\\u0627\\u062a \\u064a\\u0633\\u0627\\u0639\\u062f\\u0643 \\u0639\\u0644\\u0649 \\u0625\\u062f\\u0627\\u0631\\u0629 \\u0623\\u0639\\u0645\\u0627\\u0644\\u0643 \\u0627\\u0644\\u062a\\u0639\\u0644\\u064a\\u0645\\u064a\\u0629 \\u0641\\u064a \\u0639\\u062f\\u0629 \\u0633\\u0627\\u0639\\u0627\\u062a. \\u062a\\u0633\\u0627\\u0639\\u062f \\u0647\\u0630\\u0647 \\u0627\\u0644\\u0645\\u0646\\u0635\\u0629 \\u0627\\u0644\\u0645\\u0639\\u0644\\u0645\\u064a\\u0646 \\u0639\\u0644\\u0649 \\u0625\\u0646\\u0634\\u0627\\u0621 \\u0645\\u0648\\u0627\\u062f \\u062a\\u0639\\u0644\\u064a\\u0645\\u064a\\u0629 \\u0627\\u062d\\u062a\\u0631\\u0627\\u0641\\u064a\\u0629 \\u0648\\u062a\\u0633\\u0627\\u0639\\u062f \\u0627\\u0644\\u0637\\u0644\\u0627\\u0628 \\u0639\\u0644\\u0649 \\u0627\\u0644\\u062a\\u0639\\u0644\\u0645 \\u0645\\u0646 \\u0623\\u0641\\u0636\\u0644 \\u0627\\u0644\\u0645\\u062f\\u0631\\u0628\\u064a\\u0646.<\\/font><\\/p>\"},\"second_column\":{\"title\":\"\\u0631\\u0648\\u0627\\u0628\\u0637 \\u0625\\u0636\\u0627\\u0641\\u064a\\u0629\",\"value\":\"<p><a href=\\\"\\/login\\\"><span style=\\\"color: #ffffff;\\\">- \\u062a\\u0633\\u062c\\u064a\\u0644 \\u0627\\u0644\\u062f\\u062e\\u0648\\u0644<\\/span><\\/a><\\/p>\\r\\n<p><span style=\\\"color: #ffffff;\\\"><a href=\\\"\\/register\\\"><span style=\\\"color: #ffffff;\\\">- \\u062a\\u0633\\u062c\\u064a\\u0644<\\/span><\\/a><br><\\/span><\\/p>\\r\\n<p><a href=\\\"\\/blog\\\"><span style=\\\"color: #ffffff;\\\">- \\u0645\\u0642\\u0627\\u0644\\u0627\\u062a<\\/span><\\/a><\\/p>\\r\\n<p><a href=\\\"\\/contact\\\"><span style=\\\"color: #ffffff;\\\">- \\u0627\\u062a\\u0635\\u0644 \\u0628\\u0646\\u0627<\\/span><\\/a><\\/p>\\r\\n<p><span style=\\\"color: #ffffff;\\\"><a href=\\\"\\/certificate_validation\\\"><span style=\\\"color: #ffffff;\\\">- \\u0627\\u0644\\u062a\\u062d\\u0642\\u0642 \\u0645\\u0646 \\u0635\\u062d\\u0629 \\u0627\\u0644\\u0634\\u0647\\u0627\\u062f\\u0629<\\/span><\\/a><br><\\/span><\\/p>\\r\\n<p><span style=\\\"color: #ffffff;\\\"><a href=\\\"\\/become-instructor\\\"><span style=\\\"color: #ffffff;\\\">- \\u0623\\u0635\\u0628\\u062d \\u0645\\u062f\\u0631\\u0628\\u0627<\\/span><\\/a><br><\\/span><\\/p>\\r\\n<p><a href=\\\"\\/pages\\/terms\\\"><span style=\\\"color: #ffffff;\\\">- \\u0627\\u0644\\u0634\\u0631\\u0648\\u0637 \\u0648\\u0627\\u0644\\u0642\\u0648\\u0627\\u0639\\u062f<\\/span><\\/a><\\/p>\\r\\n<p><a href=\\\"\\/pages\\/about\\\"><span style=\\\"color: #ffffff;\\\">- \\u0645\\u0639\\u0644\\u0648\\u0645\\u0627\\u062a \\u0639\\u0646\\u0627<\\/span><\\/a><\\/p>\"},\"third_column\":{\"title\":\"\\u0623\\u0639\\u0645\\u0627\\u0644 \\u0645\\u0645\\u0627\\u062b\\u0644\\u0629\",\"value\":\"<p><a href=\\\"https:\\/\\/www.udemy.com\\/\\\" target=\\\"_blank\\\"><font color=\\\"#ffffff\\\">- \\u064a\\u0648\\u062f\\u0645\\u064a<\\/font><\\/a><\\/p><p><a href=\\\"https:\\/\\/www.skillshare.com\\/\\\" target=\\\"_blank\\\"><font color=\\\"#ffffff\\\">- \\u0627\\u0633\\u06a9\\u06cc\\u0644 \\u0634\\u06cc\\u0631<\\/font><\\/a><\\/p><p><a href=\\\"https:\\/\\/www.coursera.org\\/\\\" target=\\\"_blank\\\"><font color=\\\"#ffffff\\\">- \\u0643\\u0631\\u0633 \\u0627\\u064a\\u0631\\u0627<\\/font><\\/a><\\/p><p><a href=\\\"https:\\/\\/www.linkedin.com\\/learning\\/\\\" target=\\\"_blank\\\"><font color=\\\"#ffffff\\\">- \\u0644\\u06cc\\u0646\\u062f\\u0627<\\/font><\\/a><\\/p><p><a href=\\\"https:\\/\\/www.skillsoft.com\\/\\\" target=\\\"_blank\\\"><font color=\\\"#ffffff\\\">- \\u0627\\u0633\\u0643\\u064a\\u0644 \\u0633\\u0641\\u062a<\\/font><\\/a><\\/p><p><a href=\\\"https:\\/\\/www.udacity.com\\/\\\" target=\\\"_blank\\\"><font color=\\\"#ffffff\\\">- \\u0627\\u0648\\u062f\\u0627\\u0633\\u064a\\u062a\\u064a<\\/font><\\/a><\\/p><p><a href=\\\"https:\\/\\/www.edx.org\\/\\\" target=\\\"_blank\\\"><font color=\\\"#ffffff\\\">\\u0627\\u062f\\u0643\\u0633<\\/font><\\/a><\\/p><p><a href=\\\"https:\\/\\/www.masterclass.com\\/\\\" target=\\\"_blank\\\"><font color=\\\"#ffffff\\\">- \\u0645\\u0633\\u062a\\u0631 \\u0643\\u0644\\u0633<\\/font><\\/a><br><\\/p>\"},\"forth_column\":{\"title\":\"\\u0642\\u0645 \\u0628\\u0634\\u0631\\u0627\\u0621 Rocket LMS\",\"value\":\"<p><a title=\\\"Notnt\\\" href=\\\"https:\\/\\/codecanyon.net\\\"><img style=\\\"width: 200px;\\\" src=\\\"\\/store\\/1\\/default_images\\/envato.png\\\"><\\/a><\\/p>\"}}'),
(32, 31, 'en', '{\"agora_resolution\":\"640_360\",\"agora_max_bitrate\":\"2260\",\"agora_min_bitrate\":\"1130\",\"agora_frame_rate\":\"15\",\"agora_live_streaming\":\"0\",\"agora_chat\":\"0\",\"agora_in_free_courses\":\"1\",\"agora_for_meeting\":\"0\",\"meeting_live_stream_type\":\"single\",\"course_live_stream_type\":\"single\",\"new_interactive_file\":\"0\",\"timezone_in_register\":\"1\",\"timezone_in_create_webinar\":\"1\",\"sequence_content_status\":\"0\",\"webinar_assignment_status\":\"0\",\"webinar_private_content_status\":\"0\",\"disable_view_content_after_user_register\":\"0\",\"course_forum_status\":\"0\",\"forums_status\":\"0\",\"direct_classes_payment_button_status\":\"1\",\"direct_bundles_payment_button_status\":\"1\",\"direct_products_payment_button_status\":\"1\",\"cookie_settings_status\":\"0\",\"mobile_app_status\":\"0\",\"maintenance_status\":\"0\",\"maintenance_access_key\":\"zerone23\",\"extra_time_to_join_status\":\"1\",\"extra_time_to_join_default_value\":\"20\",\"show_other_register_method\":\"1\",\"show_certificate_additional_in_register\":\"1\",\"show_google_login_button\":\"0\",\"show_facebook_login_button\":\"0\",\"show_live_chat_widget\":\"1\",\"cashback_active\":\"0\",\"display_cashback_notice_in_the_product_page\":\"0\",\"display_minimum_amount_cashback_notices\":\"0\",\"available_session_apis\":[\"local\",\"zoom\"],\"available_sources\":[\"upload\",\"youtube\",\"vimeo\",\"external_link\",\"google_drive\",\"iframe\",\"s3\"],\"bunny_configs\":[],\"select_the_role_during_registration\":[\"teacher\",\"organization\"],\"waitlist_status\":\"1\",\"upcoming_courses_status\":\"0\"}'),
(33, 32, 'en', '{\"image\":\"\\/store\\/1\\/default_images\\/home_sections_banners\\/instructor_finder_banner.jpg\",\"title\":\"Find the best instructor\",\"description\":\"Looking for an instructor? Find the best instructors according to different parameters like gender, skill level, price, meeting type, rating, etc.\\r\\nFind instructors on the map.\",\"button1\":{\"title\":\"Tutor Finder\",\"link\":\"\\/instructor-finder\\/wizard\"},\"button2\":{\"title\":\"Tutors on Map\",\"link\":\"\\/instructor-finder\"}}'),
(34, 33, 'en', '{\"image\":\"\\/store\\/1\\/default_images\\/home_sections_banners\\/club_points_banner.png\",\"title\":\"Win Club Points\",\"description\":\"Use Rocket LMS and win club points according to different activities.\\r\\nYou will be able to use your club points to get free prizes and courses. Start using the system now and collect points!\",\"button1\":{\"title\":\"Rewards\",\"link\":\"\\/reward-courses\"},\"button2\":{\"title\":\"Points Club\",\"link\":\"\\/panel\\/rewards\"}}'),
(35, 34, 'en', '{\"status\":\"0\",\"exchangeable\":\"1\",\"exchangeable_unit\":\"200\",\"want_more_points_link\":\"\\/pages\\/reward_points_system\"}'),
(38, 37, 'en', '{\"status\":\"0\",\"show_packages_during_registration\":\"0\",\"force_user_to_select_a_package\":\"0\",\"enable_home_section\":\"1\"}'),
(39, 38, 'en', '{\"status\":\"0\",\"courses_capacity\":\"20\",\"courses_count\":\"5\",\"meeting_count\":\"20\",\"product_count\":\"5\"}'),
(40, 39, 'en', '{\"status\":\"0\",\"instructors_count\":\"5\",\"students_count\":\"30\",\"courses_capacity\":\"30\",\"courses_count\":\"10\",\"meeting_count\":\"40\",\"product_count\":\"10\"}'),
(41, 40, 'en', '{\"image\":\"\\/store\\/1\\/default_images\\/home_sections_banners\\/become_instructor_banner.jpg\",\"title\":\"Become an instructor\",\"description\":\"Are you interested to be a part of our community?\\\\r\\\\nYou can be a part of our community by signing up as an instructor or organization.\",\"button1\":{\"title\":\"Become an instructor\",\"link\":\"\\/become-instructor\"},\"button2\":{\"title\":\"Registration Packages\",\"link\":\"become-instructor\\/packages\\/\"}}'),
(42, 8, 'ar', '{\"title\":\"\\u0645\\u062a\\u0639\\u0629 \\u0627\\u0644\\u062a\\u0639\\u0644\\u0645 \\u0648\\u0627\\u0644\\u062a\\u0639\\u0644\\u064a\\u0645 ...\",\"description\":\"Rocket LMS \\u0639\\u0628\\u0627\\u0631\\u0629 \\u0639\\u0646 \\u0646\\u0638\\u0627\\u0645 \\u0623\\u0633\\u0627\\u0633\\u064a \\u062a\\u0639\\u0644\\u064a\\u0645\\u064a \\u0643\\u0627\\u0645\\u0644 \\u0627\\u0644\\u0645\\u064a\\u0632\\u0627\\u062a \\u064a\\u0633\\u0627\\u0639\\u062f \\u0627\\u0644\\u0645\\u062f\\u0631\\u0628\\u064a\\u0646 \\u0639\\u0644\\u0649 \\u0625\\u0646\\u0634\\u0627\\u0621 \\u0648\\u0646\\u0634\\u0631 \\u062f\\u0648\\u0631\\u0627\\u062a \\u0641\\u064a\\u062f\\u064a\\u0648 \\u0648\\u0641\\u0635\\u0648\\u0644 \\u0645\\u0628\\u0627\\u0634\\u0631\\u0629 \\u0648\\u062f\\u0648\\u0631\\u0627\\u062a \\u0646\\u0635\\u064a\\u0629 \\u0648\\u0643\\u0633\\u0628 \\u0627\\u0644\\u0645\\u0627\\u0644 \\u060c \\u0648\\u064a\\u0633\\u0627\\u0639\\u062f \\u0627\\u0644\\u0637\\u0644\\u0627\\u0628 \\u0639\\u0644\\u0649 \\u0627\\u0644\\u062a\\u0639\\u0644\\u0645 \\u0628\\u0623\\u0633\\u0647\\u0644 \\u0637\\u0631\\u064a\\u0642\\u0629.\",\"hero_background\":\"\\/store\\/1\\/default_images\\/hero_1.jpg\"}'),
(43, 8, 'es', '{\"title\":\"Alegr\\u00eda de aprender y ense\\u00f1ar ...\",\"description\":\"Rocket LMS es una plataforma educativa con todas las funciones que ayuda a los instructores a crear y publicar cursos de video, clases en vivo y cursos de texto y ganar dinero, y ayuda a los estudiantes a aprender de la manera m\\u00e1s f\\u00e1cil.\",\"hero_background\":\"\\/store\\/1\\/default_images\\/hero_1.jpg\"}'),
(44, 15, 'ar', '{\"title\":\"\\u0645\\u062a\\u0639\\u0629 \\u0627\\u0644\\u062a\\u0639\\u0644\\u0645 \\u0648\\u0627\\u0644\\u062a\\u0639\\u0644\\u064a\\u0645 ...\",\"description\":\"Rocket LMS \\u0639\\u0628\\u0627\\u0631\\u0629 \\u0639\\u0646 \\u0646\\u0638\\u0627\\u0645 \\u0623\\u0633\\u0627\\u0633\\u064a \\u062a\\u0639\\u0644\\u064a\\u0645\\u064a \\u0643\\u0627\\u0645\\u0644 \\u0627\\u0644\\u0645\\u064a\\u0632\\u0627\\u062a \\u064a\\u0633\\u0627\\u0639\\u062f \\u0627\\u0644\\u0645\\u062f\\u0631\\u0628\\u064a\\u0646 \\u0639\\u0644\\u0649 \\u0625\\u0646\\u0634\\u0627\\u0621 \\u0648\\u0646\\u0634\\u0631 \\u062f\\u0648\\u0631\\u0627\\u062a \\u0641\\u064a\\u062f\\u064a\\u0648 \\u0648\\u0641\\u0635\\u0648\\u0644 \\u0645\\u0628\\u0627\\u0634\\u0631\\u0629 \\u0648\\u062f\\u0648\\u0631\\u0627\\u062a \\u0646\\u0635\\u064a\\u0629 \\u0648\\u0643\\u0633\\u0628 \\u0627\\u0644\\u0645\\u0627\\u0644 \\u060c \\u0648\\u064a\\u0633\\u0627\\u0639\\u062f \\u0627\\u0644\\u0637\\u0644\\u0627\\u0628 \\u0639\\u0644\\u0649 \\u0627\\u0644\\u062a\\u0639\\u0644\\u0645 \\u0628\\u0623\\u0633\\u0647\\u0644 \\u0637\\u0631\\u064a\\u0642\\u0629.\",\"hero_background\":\"\\/assets\\/default\\/img\\/home\\/world.png\",\"hero_vector\":\"\\/store\\/1\\/animated-header.json\",\"has_lottie\":\"1\"}'),
(45, 15, 'es', '{\"title\":\"Alegr\\u00eda de aprender y ense\\u00f1ar ...\",\"description\":\"Rocket LMS es una plataforma educativa con todas las funciones que ayuda a los instructores a crear y publicar cursos de video, clases en vivo y cursos de texto y ganar dinero, y ayuda a los estudiantes a aprender de la manera m\\u00e1s f\\u00e1cil.\",\"hero_background\":\"\\/assets\\/default\\/img\\/home\\/world.png\",\"hero_vector\":\"\\/store\\/1\\/animated-header.json\",\"has_lottie\":\"1\"}'),
(46, 27, 'ar', '{\"link\":\"\\/classes\",\"title\":\"\\u0627\\u0628\\u062f\\u0623 \\u0627\\u0644\\u062a\\u0639\\u0644\\u0645 \\u0641\\u064a \\u0623\\u064a \\u0645\\u0643\\u0627\\u0646 \\u0648\\u0641\\u064a \\u0623\\u064a \\u0648\\u0642\\u062a ...\",\"description\":\"\\u0627\\u0633\\u062a\\u062e\\u062f\\u0645 Rocket LMS \\u0644\\u0644\\u0648\\u0635\\u0648\\u0644 \\u0625\\u0644\\u0649 \\u0645\\u0648\\u0627\\u062f \\u062a\\u0639\\u0644\\u064a\\u0645\\u064a\\u0629 \\u0639\\u0627\\u0644\\u064a\\u0629 \\u0627\\u0644\\u062c\\u0648\\u062f\\u0629 \\u062f\\u0648\\u0646 \\u0623\\u064a \\u0642\\u064a\\u0648\\u062f \\u0648\\u0628\\u0623\\u0633\\u0647\\u0644 \\u0637\\u0631\\u064a\\u0642\\u0629.\",\"background\":\"\\/store\\/1\\/default_images\\/home_video_section.png\"}'),
(47, 27, 'es', '{\"link\":\"\\/classes\",\"title\":\"Empiece a aprender en cualquier lugar, en cualquier momento ...\",\"description\":\"Utilice Rocket LMS para acceder a materiales educativos de alta calidad sin limitaciones de la forma m\\u00e1s sencilla.\",\"background\":\"\\/store\\/1\\/default_images\\/home_video_section.png\"}'),
(48, 29, 'ar', '{\"link\":\"\\/classes?sort=newest\",\"background\":\"\\/store\\/1\\/sidebar-user-ar.png\"}'),
(49, 29, 'es', '{\"link\":\"\\/classes?sort=newest\",\"background\":\"\\/store\\/1\\/sidebar-user-sp.png\"}'),
(50, 4, 'es', '{\"first_column\":{\"title\":\"Sobre Nosotras\",\"value\":\"<p><font color=\\\"#ffffff\\\">Rocket LMS es un sistema de gesti\\u00f3n de aprendizaje con todas las funciones que le ayuda a gestionar su negocio educativo en varias horas. Esta plataforma ayuda a los instructores a crear materiales educativos profesionales y ayuda a los estudiantes a aprender de los mejores instructores.<\\/font><\\/p>\"},\"second_column\":{\"title\":\"Enlaces Adicionales\",\"value\":\"<p><a href=\\\"\\/login\\\"><span style=\\\"color: #ffffff;\\\">- Acceso<\\/span><\\/a><\\/p>\\r\\n<p><span style=\\\"color: #ffffff;\\\"><a href=\\\"\\/register\\\"><span style=\\\"color: #ffffff;\\\">- Registrarse<\\/span><\\/a><br><\\/span><\\/p>\\r\\n<p><a href=\\\"\\/blog\\\"><span style=\\\"color: #ffffff;\\\">- Blog<\\/span><\\/a><\\/p>\\r\\n<p><a href=\\\"\\/contact\\\"><span style=\\\"color: #ffffff;\\\">- Contacta con nosotras<\\/span><\\/a><\\/p>\\r\\n<p><span style=\\\"color: #ffffff;\\\"><a href=\\\"\\/certificate_validation\\\"><span style=\\\"color: #ffffff;\\\">- Validaci\\u00f3n de certificado<\\/span><\\/a><br><\\/span><\\/p>\\r\\n<p><span style=\\\"color: #ffffff;\\\"><a href=\\\"\\/become-instructor\\\"><span style=\\\"color: #ffffff;\\\">- Convi\\u00e9rtete en instructor<\\/span><\\/a><br><\\/span><\\/p>\\r\\n<p><a href=\\\"\\/pages\\/terms\\\"><span style=\\\"color: #ffffff;\\\">- T\\u00e9rminos y reglas<\\/span><\\/a><\\/p>\\r\\n<p><a href=\\\"\\/pages\\/about\\\"><span style=\\\"color: #ffffff;\\\">- Sobre nosotras<\\/span><\\/a><\\/p>\"},\"third_column\":{\"title\":\"Negocios Similares\",\"value\":\"<p><a href=\\\"https:\\/\\/www.udemy.com\\/\\\" target=\\\"_blank\\\"><font color=\\\"#ffffff\\\">- Udemy<\\/font><\\/a><\\/p><p><a href=\\\"https:\\/\\/www.skillshare.com\\/\\\" target=\\\"_blank\\\"><font color=\\\"#ffffff\\\">- Skillshare<\\/font><\\/a><\\/p><p><a href=\\\"https:\\/\\/www.coursera.org\\/\\\" target=\\\"_blank\\\"><font color=\\\"#ffffff\\\">- Coursera<\\/font><\\/a><\\/p><p><a href=\\\"https:\\/\\/www.linkedin.com\\/learning\\/\\\" target=\\\"_blank\\\"><font color=\\\"#ffffff\\\">- Lynda<\\/font><\\/a><\\/p><p><a href=\\\"https:\\/\\/www.skillsoft.com\\/\\\" target=\\\"_blank\\\"><font color=\\\"#ffffff\\\">- Skillsoft<\\/font><\\/a><\\/p><p><a href=\\\"https:\\/\\/www.udacity.com\\/\\\" target=\\\"_blank\\\"><font color=\\\"#ffffff\\\">- Udacity<\\/font><\\/a><\\/p><p><a href=\\\"https:\\/\\/www.edx.org\\/\\\" target=\\\"_blank\\\"><font color=\\\"#ffffff\\\">- edX<\\/font><\\/a><\\/p><p><a href=\\\"https:\\/\\/www.masterclass.com\\/\\\" target=\\\"_blank\\\"><font color=\\\"#ffffff\\\">- Masterclass<\\/font><\\/a><br><\\/p>\"},\"forth_column\":{\"title\":\"Compra Rocket LMS\",\"value\":\"<p><a title=\\\"Notnt\\\" href=\\\"https:\\/\\/codecanyon.net\\\"><img style=\\\"width: 200px;\\\" src=\\\"\\/store\\/1\\/default_images\\/envato.png\\\"><\\/a><\\/p>\"}}'),
(51, 26, 'es', '{\"02nh9a\":{\"title\":\"hogar\",\"link\":\"\\/\",\"order\":\"1\"},\"1cH2kF\":{\"title\":\"Cursos\",\"link\":\"\\/classes?sort=newest\",\"order\":\"2\"},\"VBxDrB\":{\"title\":\"Blog\",\"link\":\"\\/blog\",\"order\":\"4\"},\"Wnq5Qb\":{\"title\":\"Foros\",\"link\":\"\\/forums\",\"order\":\"5\"}}'),
(52, 26, 'ar', '{\"02nh9a\":{\"title\":\"\\u0627\\u0644\\u0635\\u0641\\u062d\\u0629 \\u0627\\u0644\\u0631\\u0626\\u064a\\u0633\\u064a\\u0629\",\"link\":\"\\/\",\"order\":\"1\"},\"1cH2kF\":{\"title\":\"\\u0627\\u0644\\u062f\\u0648\\u0631\\u0627\\u062a\",\"link\":\"\\/classes?sort=newest\",\"order\":\"2\"},\"Wnq5Qb\":{\"title\":\"\\u0627\\u0644\\u0645\\u0646\\u062a\\u062f\\u064a\\u0627\\u062a\",\"link\":\"\\/forums\",\"order\":\"5\"}}'),
(53, 32, 'ar', '{\"image\":\"\\/store\\/1\\/default_images\\/home_sections_banners\\/instructor_finder_banner.jpg\",\"title\":\"\\u0627\\u0639\\u062b\\u0631 \\u0639\\u0644\\u0649 \\u0623\\u0641\\u0636\\u0644 \\u0645\\u062f\\u0631\\u0628\",\"description\":\"\\u062a\\u0628\\u062d\\u062b \\u0639\\u0646 \\u0645\\u062f\\u0631\\u0628\\u061f \\u0627\\u0639\\u062b\\u0631 \\u0639\\u0644\\u0649 \\u0623\\u0641\\u0636\\u0644 \\u0627\\u0644\\u0645\\u062f\\u0631\\u0628\\u064a\\u0646 \\u0648\\u0641\\u0642\\u064b\\u0627 \\u0644\\u0645\\u0639\\u0627\\u064a\\u064a\\u0631 \\u0645\\u062e\\u062a\\u0644\\u0641\\u0629 \\u0645\\u062b\\u0644 \\u0627\\u0644\\u062c\\u0646\\u0633 \\u0648\\u0645\\u0633\\u062a\\u0648\\u0649 \\u0627\\u0644\\u0645\\u0647\\u0627\\u0631\\u0629 \\u0648\\u0627\\u0644\\u0633\\u0639\\u0631 \\u0648\\u0646\\u0648\\u0639 \\u0627\\u0644\\u0627\\u062c\\u062a\\u0645\\u0627\\u0639 \\u0648\\u0627\\u0644\\u062a\\u0642\\u064a\\u064a\\u0645 \\u0648\\u0645\\u0627 \\u0625\\u0644\\u0649 \\u0630\\u0644\\u0643.\\r\\n\\u0627\\u0628\\u062d\\u062b \\u0639\\u0646 \\u0645\\u062f\\u0631\\u0628\\u064a\\u0646 \\u0639\\u0644\\u0649 \\u0627\\u0644\\u062e\\u0631\\u064a\\u0637\\u0629.\",\"button1\":{\"title\":\"\\u0627\\u0644\\u0628\\u0627\\u062d\\u062b \\u0639\\u0646 \\u0627\\u0644\\u0645\\u0639\\u0644\\u0645\",\"link\":\"\\/instructor-finder\\/wizard\"},\"button2\":{\"title\":\"\\u0645\\u062f\\u0631\\u0633\\u0648\\u0646 \\u0639\\u0644\\u0649 \\u0627\\u0644\\u062e\\u0631\\u064a\\u0637\\u0629\",\"link\":\"\\/instructor-finder\"}}'),
(54, 32, 'es', '{\"image\":\"\\/store\\/1\\/default_images\\/home_sections_banners\\/instructor_finder_banner.jpg\",\"title\":\"Encuentra la mejor instructora\",\"description\":\"\\u00bfBuscas un instructor? Encuentre los mejores instructores seg\\u00fan diferentes par\\u00e1metros como g\\u00e9nero, nivel de habilidad, precio, tipo de reuni\\u00f3n, calificaci\\u00f3n, etc.\\r\\nEncuentra instructores en el mapa.\",\"button1\":{\"title\":\"Buscadora de tutores\",\"link\":\"\\/instructor-finder\\/wizard\"},\"button2\":{\"title\":\"Tutores en el mapa\",\"link\":\"\\/instructor-finder\"}}'),
(55, 33, 'ar', '{\"image\":\"\\/store\\/1\\/default_images\\/home_sections_banners\\/club_points_banner.png\",\"title\":\"\\u0627\\u0631\\u0628\\u062d \\u0646\\u0642\\u0627\\u0637 \\u0627\\u0644\\u0646\\u0627\\u062f\\u064a\",\"description\":\"\\u0627\\u0633\\u062a\\u062e\\u062f\\u0645 Rocket LMS \\u0648\\u0627\\u0631\\u0628\\u062d \\u0646\\u0642\\u0627\\u0637 \\u0627\\u0644\\u0646\\u0627\\u062f\\u064a \\u0648\\u0641\\u0642\\u064b\\u0627 \\u0644\\u0644\\u0623\\u0646\\u0634\\u0637\\u0629 \\u0627\\u0644\\u0645\\u062e\\u062a\\u0644\\u0641\\u0629.\\r\\n\\u0633\\u062a\\u062a\\u0645\\u0643\\u0646 \\u0645\\u0646 \\u0627\\u0633\\u062a\\u062e\\u062f\\u0627\\u0645 \\u0646\\u0642\\u0627\\u0637 \\u0627\\u0644\\u0646\\u0627\\u062f\\u064a \\u0627\\u0644\\u062e\\u0627\\u0635\\u0629 \\u0628\\u0643 \\u0644\\u0644\\u062d\\u0635\\u0648\\u0644 \\u0639\\u0644\\u0649 \\u062c\\u0648\\u0627\\u0626\\u0632 \\u0648\\u062f\\u0648\\u0631\\u0627\\u062a \\u0645\\u062c\\u0627\\u0646\\u064a\\u0629. \\u0627\\u0628\\u062f\\u0623 \\u0641\\u064a \\u0627\\u0633\\u062a\\u062e\\u062f\\u0627\\u0645 \\u0627\\u0644\\u0646\\u0638\\u0627\\u0645 \\u0627\\u0644\\u0622\\u0646 \\u0648\\u0627\\u062c\\u0645\\u0639 \\u0627\\u0644\\u0646\\u0642\\u0627\\u0637!\",\"button1\":{\"title\":\"\\u0627\\u0644\\u0645\\u0643\\u0627\\u0641\\u0622\\u062a\",\"link\":\"\\/reward-courses\"},\"button2\":{\"title\":\"\\u0646\\u0627\\u062f\\u064a \\u0627\\u0644\\u0646\\u0642\\u0627\\u0637\",\"link\":\"\\/panel\\/rewards\"}}'),
(56, 33, 'es', '{\"image\":\"\\/store\\/1\\/default_images\\/home_sections_banners\\/club_points_banner.png\",\"title\":\"Gana puntos del club\",\"description\":\"Utilice Rocket LMS y gane puntos del club seg\\u00fan diferentes actividades.\\r\\nPodr\\u00e1s utilizar tus puntos del club para conseguir premios y cursos gratuitos. \\u00a1Comience a usar el sistema ahora y acumule puntos!\",\"button1\":{\"title\":\"Recompensas\",\"link\":\"\\/reward-courses\"},\"button2\":{\"title\":\"club de puntos\",\"link\":\"\\/panel\\/rewards\"}}'),
(57, 40, 'ar', '{\"image\":\"\\/store\\/1\\/default_images\\/home_sections_banners\\/become_instructor_banner.jpg\",\"title\":\"\\u0643\\u0646 \\u0645\\u062f\\u0631\\u0628\\u064b\\u0627\",\"description\":\"\\u0647\\u0644 \\u0623\\u0646\\u062a \\u0645\\u0647\\u062a\\u0645 \\u0628\\u0623\\u0646 \\u062a\\u0643\\u0648\\u0646 \\u062c\\u0632\\u0621\\u064b\\u0627 \\u0645\\u0646 \\u0645\\u062c\\u062a\\u0645\\u0639\\u0646\\u0627\\u061f\\r\\n\\u064a\\u0645\\u0643\\u0646\\u0643 \\u0623\\u0646 \\u062a\\u0643\\u0648\\u0646 \\u062c\\u0632\\u0621\\u064b\\u0627 \\u0645\\u0646 \\u0645\\u062c\\u062a\\u0645\\u0639\\u0646\\u0627 \\u0645\\u0646 \\u062e\\u0644\\u0627\\u0644 \\u0627\\u0644\\u062a\\u0633\\u062c\\u064a\\u0644 \\u0643\\u0645\\u062f\\u0631\\u0628 \\u0623\\u0648 \\u0645\\u0646\\u0638\\u0645\\u0629.\",\"button1\":{\"title\":\"\\u0643\\u0646 \\u0645\\u062f\\u0631\\u0633\\u064b\\u0627\",\"link\":\"\\/become-instructor\"},\"button2\":{\"title\":\"\\u062d\\u0632\\u0645 \\u0627\\u0644\\u062a\\u0633\\u062c\\u064a\\u0644\",\"link\":\"become-instructor\\/packages\\/\"}}'),
(58, 40, 'es', '{\"image\":\"\\/store\\/1\\/default_images\\/home_sections_banners\\/become_instructor_banner.jpg\",\"title\":\"Convi\\u00e9rtete en instructora\",\"description\":\"\\u00bfEst\\u00e1s interesado en ser parte de nuestra comunidad?\\r\\nPuedes ser parte de nuestra comunidad registr\\u00e1ndote como instructor u organizaci\\u00f3n.\",\"button1\":{\"title\":\"Convi\\u00e9rtete en instructora\",\"link\":\"\\/become-instructor\"},\"button2\":{\"title\":\"Paquetes de registro\",\"link\":\"become-instructor\\/packages\\/\"}}'),
(59, 42, 'en', '{\"primary\":null,\"primary-border\":null,\"primary-hover\":null,\"primary-border-hover\":null,\"primary-btn-shadow\":null,\"primary-btn-shadow-hover\":null,\"primary-btn-color\":null,\"primary-btn-color-hover\":null,\"secondary\":\"#40a6b0\",\"secondary-border\":\"#2421bb\",\"secondary-hover\":\"#787878\",\"secondary-border-hover\":\"#787878\",\"secondary-btn-shadow\":\"0 3px 6px 0 rgb(64 60 185 \\/ 30%)\",\"secondary-btn-shadow-hover\":\"0 3px 6px 0 rgb(64 60 185 \\/ 30%)\",\"secondary-btn-color\":\"#40a6b0\",\"secondary-btn-color-hover\":\"#0d09c3\",\"admin_primary\":null}'),
(60, 44, 'en', '{\"cookie_settings_modal_message\":\"<p>When you visit any of our websites, it may store or retrieve information on your browser, mostly in the form of cookies. This information might be about you, your preferences or your device and is mostly used to make the site work as you expect it to. The information does not usually directly identify you, but it can give you a more personalized web experience. Because we respect your right to privacy, you can choose not to allow some types of cookies. Click on the different category headings to find out more and manage your preferences. Please note, that blocking some types of cookies may impact your experience of the site and the services we are able to offer.<\\/p>\",\"cookie_settings_modal_items\":{\"dDRjfkGvQfFzQJpa\":{\"title\":\"Strictly Necessary\",\"description\":\"These cookies are necessary for our website to function properly and cannot be switched off in our systems. They are usually only set in response to actions made by you that amount to a request for services, such as setting your privacy preferences, logging in or filling in forms, or where they\\u2019re essential to providing you with a service you have requested. You cannot opt out of these cookies. You can set your browser to block or alert you about these cookies, but if you do, some parts of the site will not then work. These cookies do not store any personally identifiable information.\",\"required\":\"1\"},\"mOzJowgvTnWFlRzz\":{\"title\":\"Performance Cookies\",\"description\":\"These cookies allow us to count visits and traffic sources so we can measure and improve the performance of our site. They help us to know which pages are the most and least popular and see how visitors move around the site, which helps us optimize your experience. All information these cookies collect is aggregated and therefore anonymous. If you do not allow these cookies we will not be able to use your data in this way.\",\"required\":\"0\"},\"XBMtdYaeSrqMicTH\":{\"title\":\"Functional Cookies\",\"description\":\"These cookies enable the website to provide enhanced functionality and personalization. They may be set by us or by third-party providers whose services we have added to our pages. If you do not allow these cookies then some or all of these services may not function properly.\",\"required\":\"0\"},\"XlLqzsvNpRqdcNWP\":{\"title\":\"Targeting Cookies\",\"description\":\"These cookies may be set through our site by our advertising partners. They may be used by those companies to build a profile of your interests and show you relevant adverts on other sites. They do not store directly personal information but are based on uniquely identifying your browser and internet device. If you do not allow these cookies, you will experience less targeted advertising.\",\"required\":\"0\"}}}'),
(61, 41, 'en', '{\"status\":\"0\",\"virtual_product_commission\":\"20\",\"physical_product_commission\":\"10\",\"store_tax\":\"10\",\"possibility_create_virtual_product\":\"1\",\"possibility_create_physical_product\":\"1\",\"shipping_tracking_url\":\"https:\\/\\/www.tracking.my\\/\",\"activate_comments\":\"1\"}'),
(62, 46, 'en', '{\"main\":{\"regular\":\"\\/store\\/1\\/fonts\\/montserrat-regular.woff2\",\"bold\":\"\\/store\\/1\\/fonts\\/montserrat-bold.woff2\",\"medium\":\"\\/store\\/1\\/fonts\\/montserrat-medium.woff2\"},\"rtl\":{\"regular\":\"\\/store\\/1\\/fonts\\/Vazir-Regular.woff2\",\"bold\":\"\\/store\\/1\\/fonts\\/Vazir-Bold.woff2\",\"medium\":\"\\/store\\/1\\/fonts\\/Vazir-Medium.woff2\"}}'),
(63, 43, 'en', '{\"image\":\"\\/store\\/1\\/default_images\\/forums\\/forum_section.jpg\",\"title\":\"Have a Question? Ask it in forum and get answer\",\"description\":\"Our forums helps you to create your questions on different subjects and communicate with other forum users. Our users will help you to get the best answer!\",\"button1\":{\"title\":\"Create a new topic\",\"link\":\"\\/forums\\/create-topic\"},\"button2\":{\"title\":\"Browse forums\",\"link\":\"\\/forums\"}}'),
(64, 45, 'en', '{\"mobile_app_hero_image\":\"\\/store\\/1\\/default_images\\/app_only.png\",\"mobile_app_description\":\"<div>Is an amazing, modern, and clean landing page for showcasing your app or anything else.<\\/div><div><br><\\/div><div>A mobile application or app is a computer program or software application designed to run on a mobile device such as a phone, tablet, or watch. Mobile applications often stand in contrast to desktop applications which are designed to run on desktop computers, and web applications which run in mobile web browsers rather than directly on the mobile device.<\\/div>\",\"mobile_app_buttons\":{\"htQgcSjzjLJlGRyY\":{\"title\":\"Download from Play Store\",\"link\":\"https:\\/\\/play.google.com\\/store\\/games\",\"icon\":\"\\/store\\/1\\/default_images\\/google-play.png\",\"color\":\"primary\"}}}'),
(65, 48, 'en', '{\"image\":\"\\/store\\/1\\/default_images\\/ads_modal.png\",\"title\":\"Sales Campaign\",\"description\":\"We have a sales campaign on our promoted courses and products. You can purchase 150 products at a discounted price up to 50% discount.\",\"button1\":{\"title\":\"View Courses\",\"link\":\"\\/classes\"},\"button2\":{\"title\":\"View Products\",\"link\":\"\\/products\"}}'),
(66, 52, 'en', '{\"show_guarantee_text\":\"1\",\"guarantee_text\":\"Kontak kami jika ada keluhan\",\"user_avatar_style\":\"ui_avatar\",\"default_user_avatar\":\"\\/store\\/1\\/default_images\\/default_profile.jpg\",\"platform_phone_and_email_position\":\"footer\"}'),
(67, 47, 'en', '{\"webinar_reminder_schedule\":\"1\",\"meeting_reminder_schedule\":\"1\",\"subscribe_reminder_schedule\":\"48\"}'),
(68, 61, 'en', '{\"offline_banks_status\":\"1\"}'),
(69, 62, 'en', '{\"status\":\"0\",\"allow_sending_gift_for_courses\":\"1\",\"allow_sending_gift_for_bundles\":\"1\",\"allow_sending_gift_for_products\":\"1\"}'),
(70, 63, 'en', '{\"status\":\"0\",\"unlock_registration_bonus_instantly\":\"0\",\"unlock_registration_bonus_with_referral\":\"1\",\"number_of_referred_users\":\"5\",\"enable_referred_users_purchase\":\"1\",\"purchase_amount_for_unlocking_bonus\":\"100\",\"registration_bonus_amount\":\"50\",\"bonus_wallet\":\"balance_wallet\"}'),
(71, 57, 'en', '{\"enable_statistics\":\"1\",\"display_default_statistics\":\"1\"}'),
(72, 56, 'en', '{\"currency\":\"IDR\",\"currency_position\":\"left\",\"currency_separator\":\"comma\",\"currency_decimal\":\"0\",\"multi_currency\":\"0\"}'),
(73, 53, 'en', '{\"login_device_limit\":\"0\",\"number_of_allowed_devices\":\"3\",\"captcha_for_admin_login\":\"0\",\"captcha_for_admin_forgot_pass\":\"1\",\"captcha_for_login\":\"0\",\"captcha_for_register\":\"1\",\"captcha_for_forgot_pass\":\"1\",\"admin_panel_url\":\"manajer\"}'),
(74, 54, 'en', '{\"status\":\"0\",\"disable_course_access_when_user_have_an_overdue_installment\":\"1\",\"disable_all_courses_access_when_user_have_an_overdue_installment\":\"1\",\"disable_instalments_when_the_user_have_an_overdue_installment\":\"1\",\"allow_cancel_verification\":\"1\",\"display_installment_button\":\"1\",\"overdue_interval_days\":\"3\",\"installment_plans_position\":\"top_of_page\",\"reminder_before_overdue_days\":\"3\",\"reminder_after_overdue_days\":\"2\"}'),
(75, 58, 'en', '{\"title\":\"We are under maintenance!\",\"image\":\"\\/store\\/1\\/default_images\\/maintenance.png\",\"description\":\"We are working on the platform; It won\'t take a long time. We will try to back as soon as possible.\",\"maintenance_button\":{\"title\":\"Sample Button\",\"link\":\"\\/\"},\"end_date\":1740094200}'),
(76, 64, 'en', '{\"term_image\":\"\\/store\\/1\\/default_images\\/registration bonus\\/banner.png\",\"items\":{\"DnrPr\":{\"icon\":\"\\/store\\/1\\/default_images\\/registration bonus\\/step1.svg\",\"title\":\"Sign up\",\"description\":\"Create an account on platform and get $50\"},\"eNMTB\":{\"icon\":\"\\/store\\/1\\/default_images\\/registration bonus\\/step2.svg\",\"title\":\"Refer your friends\",\"description\":\"Refer at least 5 users to the system using your affiliate URL\"},\"fdIUc\":{\"icon\":\"\\/store\\/1\\/default_images\\/registration bonus\\/step3.svg\",\"title\":\"Reach purchase target\",\"description\":\"Each referred user should purchase $100 on the platform\"},\"oeMZr\":{\"icon\":\"\\/store\\/1\\/default_images\\/registration bonus\\/step4.svg\",\"title\":\"Unlock your bonus\",\"description\":\"Your bonus will be unlocked! Enjoy spending...\"}}}');
INSERT INTO `setting_translations` (`id`, `setting_id`, `locale`, `value`) VALUES
(77, 55, 'en', '{\"terms_description\":\"<p>Welcome to our website! To ensure the best possible experience for all users, please review and agree to the following terms and rules before using our installment feature:<\\/p><p>Installment Payment Plan: Our website offers an installment payment plan for select courses. By selecting the installment payment option, you agree to pay the full course fee in multiple installments. Each installment payment will be automatically deducted from the payment method you provided on the scheduled dates until the full payment is completed.<\\/p><p>Payment Plan Fees: Our installment payment plan may include a small processing fee for each installment payment. The total processing fee will be disclosed to you before you select the installment payment option.<\\/p><p>Late Payment: If a payment is not received on the scheduled date, a late payment fee may be added to the next scheduled payment.<\\/p><p>Refunds: Once an installment payment is made, it is non-refundable. However, if you wish to cancel your enrollment in the course, you may be eligible for a partial refund according to our Refund Policy.<\\/p><p>Default: If you default on a payment or fail to complete the full payment plan, your access to the course will be revoked, and you may be subject to additional fees and collection efforts.<\\/p><p>Privacy: Your personal and payment information will be kept secure and confidential. We use industry-standard security measures to protect your information.<\\/p><p>Changes to Terms and Rules: We reserve the right to modify these terms and rules at any time. Any changes will be posted on our website and will become effective immediately upon posting.<\\/p><p>By using our installment payment plan, you agree to these terms and rules. If you have any questions or concerns, please contact our support team.<\\/p>\"}'),
(78, 59, 'en', '{\"direct_publication_of_courses\":\"1\",\"direct_publication_of_comments\":\"0\",\"direct_publication_of_reviews\":\"0\",\"direct_publication_of_blog\":\"1\"}'),
(79, 26, 'id', '{\"02nh9a\":{\"title\":\"Beranda\",\"link\":\"\\/\",\"order\":\"1\"},\"1cH2kF\":{\"title\":\"Perpustakaan\",\"link\":\"\\/classes?sort=newest\",\"order\":\"2\"},\"Wnq5Qb\":{\"title\":\"Download\",\"link\":\"\\/bacapustaka_b.apk\",\"order\":\"3\"}}'),
(80, 4, 'id', '{\"first_column\":{\"title\":\"Tentang kami\",\"value\":\"<p><font color=\\\"#ffffff\\\">Bacapustaka merupakan perusahaan di Madiun yang berfokus pada fasilitas belajar secara daring dengan metode ebook, audiobook dan videobook serta memberikan pelatihan e-learning untuk masyarakat di desa<\\/font><\\/p>\"},\"second_column\":{\"title\":\"Tautan lainnya\",\"value\":\"<p><a href=\\\"\\/login\\\"><font color=\\\"#ffffff\\\">- Masuk<\\/font><\\/a><\\/p><p><font color=\\\"#ffffff\\\"><a href=\\\"\\/register\\\"><font color=\\\"#ffffff\\\">- Daftar<\\/font><\\/a><br><\\/font><\\/p><p><a href=\\\"\\/contact\\\"><font color=\\\"#ffffff\\\">- Kontak kami<\\/font><\\/a><\\/p><p><a href=\\\"\\/pages\\/terms\\\"><font color=\\\"#ffffff\\\">- Syarat &amp; ketentuan<\\/font><\\/a><\\/p><p><a href=\\\"\\/pages\\/about\\\"><font color=\\\"#ffffff\\\">- Tentang kami<\\/font><\\/a><br><\\/p>\"},\"third_column\":{\"title\":\"Layanan E-learning\",\"value\":\"<p><a href=\\\"https:\\/\\/www.udemy.com\\/\\\" target=\\\"_blank\\\"><font color=\\\"#ffffff\\\">- Udemy<\\/font><\\/a><\\/p><p><a href=\\\"https:\\/\\/www.skillshare.com\\/\\\" target=\\\"_blank\\\"><font color=\\\"#ffffff\\\">- Skillshare<\\/font><\\/a><\\/p><p><a href=\\\"https:\\/\\/www.coursera.org\\/\\\" target=\\\"_blank\\\"><font color=\\\"#ffffff\\\">- Coursera<\\/font><\\/a><\\/p><p><a href=\\\"https:\\/\\/www.linkedin.com\\/learning\\/\\\" target=\\\"_blank\\\"><font color=\\\"#ffffff\\\">- Lynda<\\/font><\\/a><\\/p><p><a href=\\\"https:\\/\\/www.skillsoft.com\\/\\\" target=\\\"_blank\\\"><font color=\\\"#ffffff\\\">- Skillsoft<\\/font><\\/a><\\/p><p><a href=\\\"https:\\/\\/www.udacity.com\\/\\\" target=\\\"_blank\\\"><font color=\\\"#ffffff\\\">- Udacity<\\/font><\\/a><\\/p><p><a href=\\\"https:\\/\\/www.edx.org\\/\\\" target=\\\"_blank\\\"><font color=\\\"#ffffff\\\">- edX<\\/font><\\/a><\\/p><p><a href=\\\"https:\\/\\/www.masterclass.com\\/\\\" target=\\\"_blank\\\"><font color=\\\"#ffffff\\\">- Masterclass<\\/font><\\/a><br><\\/p>\"},\"forth_column\":{\"title\":\"Download Mobile App\",\"value\":\"<div class=\\\"footer-widget f-about\\\">\\r\\n<a href=\\\"https:\\/\\/bacapustaka.com\\/bacapustaka_b.apk\\\">\\r\\n<div class=\\\"logo\\\">\\r\\n<img src=\\\"\\/store\\/1\\/default_images\\/favicon-bacapustaka.png\\\" style=\\\"height: 50px;\\\">\\r\\n<img src=\\\"https:\\/\\/bacapustaka.com\\/store\\/1\\/default_images\\/google-play.png\\\" style=\\\"height: 50px;\\\">\\r\\n<\\/div>\\r\\n<\\/a>\\r\\n<\\/div>\"}}'),
(81, 40, 'id', '{\"image\":\"\\/store\\/1\\/default_images\\/become_instructor_banner.webp\",\"title\":\"Yuk jadi Guru\",\"description\":\"Apakah Anda tertarik untuk menjadi bagian dari komunitas kami?\\r\\nAnda dapat menjadi bagian dari komunitas kami dengan mendaftar sebagai guru atau organisasi.\",\"button1\":{\"title\":\"Daftar jadi Guru\",\"link\":\"\\/register\"},\"button2\":{\"title\":\"Paket Registrasi\",\"link\":\"become-instructor\\/packages\\/\"}}'),
(82, 43, 'id', '{\"image\":\"/store/1/default_images/forums/forum_section.jpg\",\"title\":\"Punya pertanyaan? Tanyakan di forum\",\"description\":\"Forum kami membantu Anda membuat pertanyaan tentang topik yang berbeda dan berkomunikasi dengan pengguna forum lainnya. Pengguna kami akan membantu Anda mendapatkan jawaban terbaik!\",\"button1\":{\"title\":\"Buat topik baru\",\"link\":\"/forums/create-topic\"},\"button2\":{\"title\":\"Lihat forum\",\"link\":\"/forums\"}}'),
(83, 32, 'id', '{\"image\":\"\\/store\\/1\\/default_images\\/home_sections_banners\\/instructor_finder_banner.jpg\",\"title\":\"Cari guru terbaik buat kamu\",\"description\":\"Cari guru privat atau buat les gampang, pakai filter untuk mencariparameter yang berbeda seperti jenis kelamin, tingkat keterampilan, harga, jenis rapat, peringkat, dll.\\r\\nTemukan guru di peta.\",\"button1\":{\"title\":\"Tutor Finder\",\"link\":\"\\/instructor-finder\\/wizard\"},\"button2\":{\"title\":\"Peta pencarian\",\"link\":\"\\/instructor-finder\"}}'),
(84, 27, 'id', '{\"link\":\"\\/classes\",\"title\":\"Mulai belajar dimanapun dan kapanpun\",\"description\":\"Gunakan Aplikasi kami untuk mengakses materi pendidikan berkualitas tinggi tanpa batasan apapun dengan cara termudah\",\"background\":\"\\/store\\/1\\/default_images\\/home_video_section.webp\"}'),
(85, 27, 'id', '{\"link\":\"\\/classes\",\"title\":\"Mulai belajar dimanapun, kapanpun\",\"description\":\"Gunakan Aplikasi kami untuk mengakses materi pendidikan berkualitas tinggi tanpa batasan apapun dengan cara termudah\",\"background\":\"\\/store\\/1\\/default_images\\/home_video_section.png\"}'),
(86, 33, 'id', '{\"image\":\"\\/store\\/1\\/default_images\\/home_sections_banners\\/club_points_banner.png\",\"title\":\"Menangkan hadiah poin\",\"description\":\"Download aplikasi dan menangkan poin sesuai dengan aktivitas yang berbeda.\\r\\nAnda akan dapat menggunakan poin Anda untuk mendapatkan hadiah dan kursus gratis. Mulai gunakan aplikasi kami sekarang dan kumpulkan poin!\",\"button1\":{\"title\":\"Hadiah\",\"link\":\"\\/reward-courses\"},\"button2\":{\"title\":\"Poin\",\"link\":\"\\/panel\\/rewards\"}}'),
(87, 58, 'id', '{\"title\":\"Sistem sedang dalam pemeliharaan\",\"image\":\"\\/store\\/1\\/default_images\\/maintenance.png\",\"description\":\"Kami sedang mengerjakan platform; Proses ini tidak akan memakan waktu lama. Kami akan mencoba untuk kembali secepat mungkin.\",\"maintenance_button\":{\"title\":\"Mengerti\",\"link\":\"\\/\"},\"end_date\":1740094200}'),
(88, 45, 'id', '{\"mobile_app_hero_image\":\"\\/store\\/1\\/default_images\\/app_only.png\",\"mobile_app_description\":\"<div>Merupakan aplikasi yang luar biasa, modern dan bersih untuk menampilkan aplikasi Anda atau yang lainnya.<\\/div><div><br><\\/div><div>Aplikasi atau aplikasi seluler adalah program komputer atau aplikasi perangkat lunak yang dirancang untuk berjalan di perangkat seluler seperti ponsel, tablet, atau jam tangan. Aplikasi seluler sering berbeda dengan aplikasi desktop yang dirancang untuk berjalan di komputer desktop, dan aplikasi web yang berjalan di browser web seluler daripada langsung di perangkat seluler.<\\/div>\",\"mobile_app_buttons\":{\"htQgcSjzjLJlGRyY\":{\"title\":\"Download dari Play Store\",\"link\":\"https:\\/\\/play.google.com\\/store\\/games\",\"icon\":\"\\/store\\/1\\/default_images\\/google-play.png\",\"color\":\"primary\"}}}'),
(89, 15, 'id', '{\"title\":\"Baca Pustaka - Ebook Audiobook & Videobook\",\"description\":\"Platform pendidikan berfitur lengkap yang membantu membuat dan menerbitkan Ebook, Audiobook & Video. Membantu masyarakat pelajar menambah wawasan dari mana saja, kapanpun.\",\"hero_background\":\"kosong\",\"hero_vector\":\"\\/store\\/1\\/animated-header.json\",\"has_lottie\":\"1\"}'),
(90, 8, 'id', '{\"title\":\"Semangat belajar dan mengajar\",\"description\":\"Aplikasi Baca Pustaka adalah platform pendidikan berfitur lengkap yang membantu instruktur membuat dan menerbitkan kursus video, kelas langsung, dan kursus teks serta menghasilkan uang, dan membantu siswa belajar dengan cara termudah\",\"hero_background\":\"\\/store\\/1\\/default_images\\/hero_1.jpg\",\"is_video_background\":\"0\"}'),
(91, 26, 'id', '{\"02nh9a\":{\"title\":\"Beranda\",\"link\":\"\\/\",\"order\":\"1\"},\"1cH2kF\":{\"title\":\"Perpustakaan\",\"link\":\"\\/classes?sort=newest\",\"order\":\"2\"},\"Wnq5Qb\":{\"title\":\"Forums\",\"link\":\"\\/forums\",\"order\":\"3\"}}'),
(92, 44, 'id', '{\"cookie_settings_modal_message\":\"<p>When you visit any of our websites, it may store or retrieve information on your browser, mostly in the form of cookies. This information might be about you, your preferences or your device and is mostly used to make the site work as you expect it to. The information does not usually directly identify you, but it can give you a more personalized web experience. Because we respect your right to privacy, you can choose not to allow some types of cookies. Click on the different category headings to find out more and manage your preferences. Please note, that blocking some types of cookies may impact your experience of the site and the services we are able to offer.<\\/p>\",\"cookie_settings_modal_items\":{\"dDRjfkGvQfFzQJpa\":{\"title\":\"Strictly Necessary\",\"description\":\"Cookie ini diperlukan agar situs web kami berfungsi dengan baik dan tidak dapat dimatikan di sistem kami. Mereka biasanya hanya diatur sebagai tanggapan atas tindakan yang Anda lakukan yang setara dengan permintaan layanan, seperti mengatur preferensi privasi Anda, masuk atau mengisi formulir, atau jika penting untuk menyediakan layanan yang Anda minta. Anda tidak dapat memilih keluar dari cookie ini. Anda dapat mengatur browser Anda untuk memblokir atau memberi tahu Anda tentang cookie ini, tetapi jika Anda melakukannya, beberapa bagian situs tidak akan berfungsi. Cookie ini tidak menyimpan informasi pengenal pribadi apa pun.\",\"required\":\"1\"},\"mOzJowgvTnWFlRzz\":{\"title\":\"Performance Cookies\",\"description\":\"These cookies allow us to count visits and traffic sources so we can measure and improve the performance of our site. They help us to know which pages are the most and least popular and see how visitors move around the site, which helps us optimize your experience. All information these cookies collect is aggregated and therefore anonymous. If you do not allow these cookies we will not be able to use your data in this way.\",\"required\":\"0\"},\"XBMtdYaeSrqMicTH\":{\"title\":\"Functional Cookies\",\"description\":\"These cookies enable the website to provide enhanced functionality and personalization. They may be set by us or by third-party providers whose services we have added to our pages. If you do not allow these cookies then some or all of these services may not function properly.\",\"required\":\"0\"},\"XlLqzsvNpRqdcNWP\":{\"title\":\"Targeting Cookies\",\"description\":\"These cookies may be set through our site by our advertising partners. They may be used by those companies to build a profile of your interests and show you relevant adverts on other sites. They do not store directly personal information but are based on uniquely identifying your browser and internet device. If you do not allow these cookies, you will experience less targeted advertising.\",\"required\":\"0\"}}}');

-- --------------------------------------------------------

--
-- Table structure for table `special_offers`
--

CREATE TABLE `special_offers` (
  `id` int(10) UNSIGNED NOT NULL,
  `creator_id` int(10) UNSIGNED NOT NULL,
  `webinar_id` int(10) UNSIGNED DEFAULT NULL,
  `bundle_id` int(10) UNSIGNED DEFAULT NULL,
  `subscribe_id` int(10) UNSIGNED DEFAULT NULL,
  `registration_package_id` int(10) UNSIGNED DEFAULT NULL,
  `name` varchar(64) DEFAULT NULL,
  `percent` int(10) UNSIGNED NOT NULL,
  `status` enum('active','inactive') NOT NULL,
  `created_at` int(10) UNSIGNED NOT NULL,
  `from_date` int(10) UNSIGNED NOT NULL,
  `to_date` int(10) UNSIGNED NOT NULL
) ENGINE=InnoDB DEFAULT CHARSET=utf8mb4 COLLATE=utf8mb4_unicode_ci ROW_FORMAT=DYNAMIC;

-- --------------------------------------------------------

--
-- Table structure for table `subscribes`
--

CREATE TABLE `subscribes` (
  `id` int(10) UNSIGNED NOT NULL,
  `usable_count` int(10) UNSIGNED NOT NULL,
  `days` int(10) UNSIGNED NOT NULL,
  `price` double(15,2) UNSIGNED NOT NULL,
  `icon` varchar(255) NOT NULL,
  `is_popular` tinyint(1) NOT NULL DEFAULT 0,
  `infinite_use` tinyint(1) NOT NULL DEFAULT 0,
  `created_at` int(10) UNSIGNED NOT NULL
) ENGINE=InnoDB DEFAULT CHARSET=utf8mb4 COLLATE=utf8mb4_unicode_ci ROW_FORMAT=DYNAMIC;

--
-- Dumping data for table `subscribes`
--

INSERT INTO `subscribes` (`id`, `usable_count`, `days`, `price`, `icon`, `is_popular`, `infinite_use`, `created_at`) VALUES
(3, 100, 15, 20.00, '/store/1/default_images/subscribe_packages/bronze.png', 0, 0, 1635441672),
(4, 1000, 30, 100.00, '/store/1/default_images/subscribe_packages/gold.png', 1, 0, 1635442074),
(5, 400, 30, 50.00, '/store/1/default_images/subscribe_packages/silver.png', 0, 0, 1635442132);

-- --------------------------------------------------------

--
-- Table structure for table `subscribe_reminds`
--

CREATE TABLE `subscribe_reminds` (
  `id` int(10) UNSIGNED NOT NULL,
  `user_id` int(10) UNSIGNED NOT NULL,
  `subscribe_id` int(10) UNSIGNED NOT NULL,
  `created_at` bigint(20) UNSIGNED NOT NULL
) ENGINE=InnoDB DEFAULT CHARSET=utf8mb4 COLLATE=utf8mb4_unicode_ci;

-- --------------------------------------------------------

--
-- Table structure for table `subscribe_translations`
--

CREATE TABLE `subscribe_translations` (
  `id` bigint(20) UNSIGNED NOT NULL,
  `subscribe_id` int(10) UNSIGNED NOT NULL,
  `locale` varchar(255) NOT NULL,
  `title` varchar(255) NOT NULL,
  `description` varchar(255) DEFAULT NULL
) ENGINE=InnoDB DEFAULT CHARSET=utf8mb4 COLLATE=utf8mb4_unicode_ci;

--
-- Dumping data for table `subscribe_translations`
--

INSERT INTO `subscribe_translations` (`id`, `subscribe_id`, `locale`, `title`, `description`) VALUES
(1, 3, 'en', 'Bronze', 'Suggested for personal usage'),
(2, 4, 'en', 'Gold', 'Suggested for big businesses'),
(3, 5, 'en', 'Silver', 'Suggested for small businesses'),
(4, 3, 'ar', 'برونزية', 'اقترح للاستخدام الشخصي'),
(5, 3, 'es', 'Bronce', 'Sugerido para uso personal'),
(6, 4, 'es', 'Oro', 'Sugerido para grandes empresas'),
(7, 4, 'ar', 'ذهب', 'مقترح للشركات الكبيرة'),
(8, 5, 'ar', 'فضة', 'اقترح للشركات الصغيرة'),
(9, 5, 'es', 'Plata', 'Sugerido para pequeñas empresas');

-- --------------------------------------------------------

--
-- Table structure for table `subscribe_uses`
--

CREATE TABLE `subscribe_uses` (
  `id` int(10) UNSIGNED NOT NULL,
  `user_id` int(10) UNSIGNED NOT NULL,
  `subscribe_id` int(10) UNSIGNED NOT NULL,
  `webinar_id` int(10) UNSIGNED DEFAULT NULL,
  `bundle_id` int(10) UNSIGNED DEFAULT NULL,
  `sale_id` int(10) UNSIGNED NOT NULL,
  `installment_order_id` int(10) UNSIGNED DEFAULT NULL
) ENGINE=InnoDB DEFAULT CHARSET=utf8mb4 COLLATE=utf8mb4_unicode_ci ROW_FORMAT=DYNAMIC;

-- --------------------------------------------------------

--
-- Table structure for table `supports`
--

CREATE TABLE `supports` (
  `id` int(10) UNSIGNED NOT NULL,
  `user_id` int(10) UNSIGNED NOT NULL,
  `webinar_id` int(10) UNSIGNED DEFAULT NULL,
  `department_id` int(10) UNSIGNED DEFAULT NULL,
  `title` varchar(255) NOT NULL,
  `status` enum('open','close','replied','supporter_replied') NOT NULL DEFAULT 'open',
  `created_at` int(10) UNSIGNED DEFAULT NULL,
  `updated_at` int(10) UNSIGNED DEFAULT NULL
) ENGINE=InnoDB DEFAULT CHARSET=utf8mb4 COLLATE=utf8mb4_unicode_ci ROW_FORMAT=DYNAMIC;

--
-- Dumping data for table `supports`
--

INSERT INTO `supports` (`id`, `user_id`, `webinar_id`, `department_id`, `title`, `status`, `created_at`, `updated_at`) VALUES
(25, 934, NULL, 3, 'Convert Videos', 'close', 1625891270, 1625973596),
(26, 995, NULL, 3, 'Pre-Purchase Question', 'close', 1625891677, 1625973708),
(27, 930, NULL, 2, 'Pending Offline Payment', 'open', 1625891851, 1625891851),
(28, 923, NULL, 3, 'Commission Rate', 'supporter_replied', 1625892221, 1625892332),
(29, 867, NULL, 3, 'Class delay', 'supporter_replied', 1625895874, 1625973471),
(33, 995, NULL, 2, 'Refund Request #64237', 'close', 1626063457, 1626063559),
(34, 995, NULL, 3, 'Problem with quiz', 'open', 1626250124, 1626250124);

-- --------------------------------------------------------

--
-- Table structure for table `support_conversations`
--

CREATE TABLE `support_conversations` (
  `id` int(10) UNSIGNED NOT NULL,
  `support_id` int(10) UNSIGNED NOT NULL,
  `supporter_id` int(10) UNSIGNED DEFAULT NULL,
  `sender_id` int(10) UNSIGNED DEFAULT NULL,
  `attach` varchar(255) DEFAULT NULL,
  `message` text NOT NULL,
  `created_at` int(10) UNSIGNED NOT NULL
) ENGINE=InnoDB DEFAULT CHARSET=utf8mb4 COLLATE=utf8mb4_unicode_ci ROW_FORMAT=DYNAMIC;

--
-- Dumping data for table `support_conversations`
--

INSERT INTO `support_conversations` (`id`, `support_id`, `supporter_id`, `sender_id`, `attach`, `message`, `created_at`) VALUES
(1, 25, NULL, 934, NULL, 'Hello.\r\nI want to convert my video files to reduce their size. What software do you recommend?', 1625891270),
(2, 26, NULL, 995, NULL, 'Hello\r\nIs it possible to refund it after the purchase if you are dissatisfied with the course?', 1625891677),
(3, 27, NULL, 930, NULL, 'Hello.\r\nI registered an offline payment document to charge my wallet.\r\nHow long does it take for my payment to be approved?\r\nI am going to buy a course and I would be grateful if this could be done a little earlier.', 1625891851),
(4, 28, NULL, 923, NULL, 'Hello.\r\nIs it possible for me to receive more commission for my sales on this platform?', 1625892221),
(5, 28, 1, NULL, NULL, 'Hello.\r\nPlease send this ticket to the financial department.\r\nThank', 1625892332),
(6, 29, NULL, 867, NULL, 'Hello .\r\nWhat are the rules if one of the live class sessions is delayed?\r\nIs it possible to change the date of that session?', 1625895874),
(7, 29, NULL, 867, '/store/867/60da388cbcee3.png', 'Hi.\r\nPlease check attachmnet', 1625897110),
(8, 29, 1, NULL, NULL, 'Yes you can change the date of your class sessions at any time.', 1625897202),
(9, 29, NULL, 867, NULL, 'thank you.', 1625898890),
(11, 29, 1, NULL, NULL, 'you\'re welcome.', 1625973471),
(12, 25, 1, NULL, NULL, 'We offer you handbrake software.', 1625973573),
(13, 26, 1, NULL, NULL, 'Hello Cameron.\r\nYes it is possible.', 1625973699),
(22, 33, NULL, 995, NULL, 'Hello. I was supposed to get this refund via email. Please follow my request.', 1626063457),
(23, 33, 1, NULL, NULL, 'Hello. We will check. Thanks', 1626063496),
(24, 33, NULL, 995, NULL, 'Thanks.', 1626063547),
(25, 34, NULL, 995, NULL, 'Hello.\r\nIn the quiz of course that I bought was the wrong question.\r\nCourse Name: Photoshop course from beginner to advanced\r\nQuestion number : 3\r\nPlease check it. thank you', 1626250124);

-- --------------------------------------------------------

--
-- Table structure for table `support_departments`
--

CREATE TABLE `support_departments` (
  `id` int(10) UNSIGNED NOT NULL,
  `created_at` int(10) UNSIGNED NOT NULL
) ENGINE=InnoDB DEFAULT CHARSET=utf8mb4 COLLATE=utf8mb4_unicode_ci ROW_FORMAT=DYNAMIC;

--
-- Dumping data for table `support_departments`
--

INSERT INTO `support_departments` (`id`, `created_at`) VALUES
(2, 1635445554),
(3, 1635445486),
(4, 1635445505);

-- --------------------------------------------------------

--
-- Table structure for table `support_department_translations`
--

CREATE TABLE `support_department_translations` (
  `id` bigint(20) UNSIGNED NOT NULL,
  `support_department_id` int(10) UNSIGNED NOT NULL,
  `locale` varchar(255) NOT NULL,
  `title` varchar(255) NOT NULL
) ENGINE=InnoDB DEFAULT CHARSET=utf8mb4 COLLATE=utf8mb4_unicode_ci;

--
-- Dumping data for table `support_department_translations`
--

INSERT INTO `support_department_translations` (`id`, `support_department_id`, `locale`, `title`) VALUES
(1, 2, 'en', 'Financial'),
(2, 3, 'en', 'Content'),
(3, 4, 'en', 'Marketing'),
(4, 4, 'ar', 'تسويق'),
(5, 4, 'es', 'Márketing'),
(6, 3, 'es', 'Contenido'),
(7, 3, 'ar', 'المحتوى'),
(8, 2, 'ar', 'الأمور المالية'),
(9, 2, 'es', 'Financiera');

-- --------------------------------------------------------

--
-- Table structure for table `tags`
--

CREATE TABLE `tags` (
  `id` int(10) UNSIGNED NOT NULL,
  `title` varchar(64) NOT NULL,
  `webinar_id` int(10) UNSIGNED DEFAULT NULL,
  `bundle_id` int(10) UNSIGNED DEFAULT NULL,
  `upcoming_course_id` int(10) UNSIGNED DEFAULT NULL
) ENGINE=InnoDB DEFAULT CHARSET=utf8mb4 COLLATE=utf8mb4_unicode_ci ROW_FORMAT=DYNAMIC;

--
-- Dumping data for table `tags`
--

INSERT INTO `tags` (`id`, `title`, `webinar_id`, `bundle_id`, `upcoming_course_id`) VALUES
(6894, 'Dongeng', 2038, NULL, NULL),
(6899, 'Indonesia', 2039, NULL, NULL),
(6900, 'Belajar', 2039, NULL, NULL),
(6913, 'English', 2041, NULL, NULL),
(6914, 'Audio', 2041, NULL, NULL),
(6917, 'Microsoft word', 2040, NULL, NULL),
(6918, 'Komputer', 2040, NULL, NULL);

-- --------------------------------------------------------

--
-- Table structure for table `testimonials`
--

CREATE TABLE `testimonials` (
  `id` int(10) UNSIGNED NOT NULL,
  `user_avatar` varchar(255) NOT NULL,
  `rate` varchar(5) NOT NULL DEFAULT '0',
  `status` enum('active','disable') NOT NULL DEFAULT 'disable',
  `created_at` int(10) UNSIGNED NOT NULL
) ENGINE=InnoDB DEFAULT CHARSET=utf8mb4 COLLATE=utf8mb4_unicode_ci ROW_FORMAT=DYNAMIC;

--
-- Dumping data for table `testimonials`
--

INSERT INTO `testimonials` (`id`, `user_avatar`, `rate`, `status`, `created_at`) VALUES
(2, '/store/1/default_images/testimonials/profile_picture (28).jpg', '5', 'active', 1606841889),
(3, '/store/1/default_images/testimonials/profile_picture (50).jpg', '5', 'active', 1606841910),
(4, '/store/1/default_images/testimonials/profile_picture (38).jpg', '5', 'active', 1606841929),
(5, '/store/1/default_images/testimonials/profile_picture (20).jpg', '5', 'active', 1606841946),
(6, '/store/1/default_images/testimonials/profile_picture (52).jpg', '5', 'active', 1606842000);

-- --------------------------------------------------------

--
-- Table structure for table `testimonial_translations`
--

CREATE TABLE `testimonial_translations` (
  `id` bigint(20) UNSIGNED NOT NULL,
  `testimonial_id` int(10) UNSIGNED NOT NULL,
  `locale` varchar(255) NOT NULL,
  `user_name` varchar(255) NOT NULL,
  `user_bio` varchar(255) NOT NULL,
  `comment` text NOT NULL
) ENGINE=InnoDB DEFAULT CHARSET=utf8mb4 COLLATE=utf8mb4_unicode_ci;

--
-- Dumping data for table `testimonial_translations`
--

INSERT INTO `testimonial_translations` (`id`, `testimonial_id`, `locale`, `user_name`, `user_bio`, `comment`) VALUES
(1, 2, 'en', 'Ryan Newman', 'Data Analyst at Microsoft', '\"We\'ve used Rocket LMS for the last 2  years. Thanks for the great service.\"'),
(2, 3, 'en', 'Megan Hayward', 'System Administrator at Amazon', '\"We\'re loving it. Rocket LMS is both perfect    and highly adaptable.\"'),
(3, 4, 'en', 'Natasha Hope', 'IT Technician at IBM', '\"I am really satisfied with my Rocket LMS. It\'s the perfect solution for our business.\"'),
(4, 5, 'en', 'Charles Dale', 'Computer Engineer at Oracle', '\"I am so pleased with this product. I couldn\'t have asked for more than this.\"'),
(5, 6, 'en', 'David Patterson', 'Network Technician at Cisco', '\"Rocket LMS impressed me on multiple           levels.\"'),
(6, 2, 'ar', 'Abdul Jabbaar el-Kaleel', 'محلل بيانات في مايكروسوفت', '\"لقد استخدمنا Rocket LMS خلال العامين الماضيين. شكرًا على الخدمة الرائعة.\"'),
(7, 2, 'es', 'Ryan Newman', 'Analista de datos en Microsoft', '\"Hemos utilizado Rocket LMS durante los últimos 2 años. Gracias por el gran servicio\"'),
(8, 3, 'es', 'Megan Hayward', 'Administradora de sistemas en Amazon', '\"Nos encanta. Rocket LMS es perfecto y muy adaptable\".'),
(9, 3, 'ar', 'Khaleela el-Alam', 'مسؤول النظام في أمازون', '\"نحن نحبها. Rocket LMS مثالي وقابل للتكيف بشكل كبير.\"'),
(10, 4, 'es', 'Natasha Hope', 'Técnico de TI en IBM', '\"Estoy realmente satisfecho con mi Rocket LMS. Es la solución perfecta para nuestro negocio\"'),
(11, 4, 'ar', 'Sakeena el-Shad', 'فني تكنولوجيا المعلومات في شركة آی بی ام', '\"أنا راضٍ حقًا عن Rocket LMS. إنه الحل الأمثل لأعمالنا.\"'),
(12, 5, 'es', 'Charles Dale', 'Ingeniera informatica en oracle', '\"Estoy muy satisfecho con este producto. No podría haber pedido más que esto\"'),
(13, 5, 'ar', 'Rifat el-Younis', 'مهندس كمبيوتر', '\"أنا مسرور جدًا بهذا المنتج. لم أستطع طلب أكثر من هذا.\"'),
(14, 6, 'es', 'David Patterson', 'Técnico de redes en Cisco', '\"Rocket LMS me impresionó en varios niveles\"'),
(15, 6, 'ar', 'Ahmed al-Mansouri', 'فني شبكات في سيسكو', '\"لقد أبهرني صاروخ Rocket LMS على مستويات متعددة.\"'),
(21, 2, 'id', 'Adi Ananta', 'Data Analyst di Uangku Microsoft', '\"Kami telah menggunakan aplikasi elearning selama 2 tahun terakhir. Terima kasih atas layanan yang luar biasa.\"'),
(22, 3, 'id', 'Budi Tegar', 'System Administrator di Belibeli', '\"Kami menyukainya. aplikasi elearning sempurna dan sangat mudah dipakai.\"'),
(23, 4, 'id', 'Natasha Caknan', 'Teknisi IT di Axioo', '\"Saya sangat puas dengan aplikasi elearning saya. Ini adalah solusi sempurna untuk bisnis kami.\"'),
(24, 5, 'id', 'Deni Siregar', 'Insinyur Komputer di Barberhub', '\"Saya sangat senang dengan produk ini. Saya tidak dapat meminta lebih dari ini.\"'),
(25, 6, 'id', 'Edi Siregar', 'Teknisi Jaringan di Agare', '\"aplikasi elearning mengesankan saya di berbagai level.\"');

-- --------------------------------------------------------

--
-- Table structure for table `text_lessons`
--

CREATE TABLE `text_lessons` (
  `id` int(10) UNSIGNED NOT NULL,
  `creator_id` int(10) UNSIGNED NOT NULL,
  `webinar_id` int(10) UNSIGNED NOT NULL,
  `chapter_id` int(10) UNSIGNED DEFAULT NULL,
  `image` varchar(255) DEFAULT NULL,
  `study_time` int(10) UNSIGNED DEFAULT NULL,
  `accessibility` enum('free','paid') NOT NULL DEFAULT 'free',
  `check_previous_parts` tinyint(1) NOT NULL DEFAULT 0,
  `access_after_day` int(10) UNSIGNED DEFAULT NULL,
  `order` int(10) UNSIGNED DEFAULT NULL,
  `status` enum('active','inactive') NOT NULL DEFAULT 'active',
  `created_at` int(10) UNSIGNED NOT NULL,
  `updated_at` int(10) UNSIGNED DEFAULT NULL
) ENGINE=InnoDB DEFAULT CHARSET=utf8mb4 COLLATE=utf8mb4_unicode_ci ROW_FORMAT=DYNAMIC;

-- --------------------------------------------------------

--
-- Table structure for table `text_lessons_attachments`
--

CREATE TABLE `text_lessons_attachments` (
  `id` int(10) UNSIGNED NOT NULL,
  `text_lesson_id` int(10) UNSIGNED NOT NULL,
  `file_id` int(10) UNSIGNED NOT NULL,
  `created_at` int(10) UNSIGNED NOT NULL
) ENGINE=InnoDB DEFAULT CHARSET=utf8mb4 COLLATE=utf8mb4_unicode_ci ROW_FORMAT=DYNAMIC;

-- --------------------------------------------------------

--
-- Table structure for table `text_lesson_translations`
--

CREATE TABLE `text_lesson_translations` (
  `id` bigint(20) UNSIGNED NOT NULL,
  `text_lesson_id` int(10) UNSIGNED NOT NULL,
  `locale` varchar(255) NOT NULL,
  `title` varchar(255) NOT NULL,
  `summary` text NOT NULL,
  `content` longtext NOT NULL
) ENGINE=InnoDB DEFAULT CHARSET=utf8mb4 COLLATE=utf8mb4_unicode_ci;

-- --------------------------------------------------------

--
-- Table structure for table `tickets`
--

CREATE TABLE `tickets` (
  `id` int(10) UNSIGNED NOT NULL,
  `creator_id` int(10) UNSIGNED NOT NULL,
  `webinar_id` int(10) UNSIGNED DEFAULT NULL,
  `bundle_id` int(10) UNSIGNED DEFAULT NULL,
  `start_date` int(10) UNSIGNED DEFAULT NULL,
  `end_date` int(10) UNSIGNED DEFAULT NULL,
  `discount` int(11) NOT NULL,
  `capacity` int(11) DEFAULT NULL,
  `order` int(10) UNSIGNED DEFAULT NULL,
  `created_at` int(11) NOT NULL,
  `updated_at` int(11) DEFAULT NULL,
  `deleted_at` int(11) DEFAULT NULL
) ENGINE=InnoDB DEFAULT CHARSET=utf8mb4 COLLATE=utf8mb4_unicode_ci ROW_FORMAT=DYNAMIC;

-- --------------------------------------------------------

--
-- Table structure for table `ticket_translations`
--

CREATE TABLE `ticket_translations` (
  `id` bigint(20) UNSIGNED NOT NULL,
  `ticket_id` int(10) UNSIGNED NOT NULL,
  `locale` varchar(255) NOT NULL,
  `title` varchar(255) NOT NULL
) ENGINE=InnoDB DEFAULT CHARSET=utf8mb4 COLLATE=utf8mb4_unicode_ci;

-- --------------------------------------------------------

--
-- Table structure for table `ticket_users`
--

CREATE TABLE `ticket_users` (
  `id` int(10) UNSIGNED NOT NULL,
  `ticket_id` int(10) UNSIGNED NOT NULL,
  `user_id` int(10) UNSIGNED NOT NULL,
  `created_at` int(10) UNSIGNED NOT NULL
) ENGINE=InnoDB DEFAULT CHARSET=utf8mb4 COLLATE=utf8mb4_unicode_ci ROW_FORMAT=DYNAMIC;

-- --------------------------------------------------------

--
-- Table structure for table `trend_categories`
--

CREATE TABLE `trend_categories` (
  `id` int(10) UNSIGNED NOT NULL,
  `category_id` int(10) UNSIGNED NOT NULL,
  `icon` varchar(255) NOT NULL,
  `color` varchar(32) NOT NULL,
  `created_at` int(10) UNSIGNED NOT NULL
) ENGINE=InnoDB DEFAULT CHARSET=utf8mb4 COLLATE=utf8mb4_unicode_ci ROW_FORMAT=DYNAMIC;

--
-- Dumping data for table `trend_categories`
--

INSERT INTO `trend_categories` (`id`, `category_id`, `icon`, `color`, `created_at`) VALUES
(2, 613, '/store/1/default_images/categories_icons/perpus/audiobook.png', '#1db954', 1605117336),
(6, 614, '/store/1/default_images/categories_icons/perpus/ebook.png', '#45c0f9', 1605117336),
(10, 526, '/store/1/default_images/categories_icons/perpus/video.png', '#f44f4f', 1690258157);

-- --------------------------------------------------------

--
-- Table structure for table `upcoming_courses`
--

CREATE TABLE `upcoming_courses` (
  `id` int(10) UNSIGNED NOT NULL,
  `creator_id` int(10) UNSIGNED NOT NULL,
  `teacher_id` int(10) UNSIGNED NOT NULL,
  `category_id` int(10) UNSIGNED DEFAULT NULL,
  `webinar_id` int(10) UNSIGNED DEFAULT NULL COMMENT 'when assigned a course',
  `type` enum('webinar','course','text_lesson') NOT NULL,
  `slug` varchar(255) NOT NULL,
  `thumbnail` varchar(255) NOT NULL,
  `image_cover` varchar(255) NOT NULL,
  `video_demo` varchar(255) DEFAULT NULL,
  `video_demo_source` enum('upload','youtube','vimeo','external_link') DEFAULT NULL,
  `publish_date` bigint(20) UNSIGNED DEFAULT NULL,
  `timezone` varchar(255) CHARACTER SET utf8mb4 COLLATE utf8mb4_general_ci DEFAULT NULL,
  `points` int(10) UNSIGNED DEFAULT NULL,
  `capacity` int(10) UNSIGNED DEFAULT NULL,
  `price` double(15,2) DEFAULT NULL,
  `duration` int(10) UNSIGNED DEFAULT NULL,
  `sections` int(10) UNSIGNED DEFAULT NULL,
  `parts` int(10) UNSIGNED DEFAULT NULL,
  `course_progress` int(10) UNSIGNED DEFAULT NULL,
  `support` tinyint(1) NOT NULL DEFAULT 0,
  `certificate` tinyint(1) NOT NULL DEFAULT 0,
  `include_quizzes` tinyint(1) NOT NULL DEFAULT 0,
  `downloadable` tinyint(1) NOT NULL DEFAULT 0,
  `forum` tinyint(1) NOT NULL DEFAULT 0,
  `message_for_reviewer` text DEFAULT NULL,
  `status` enum('active','pending','is_draft','inactive') NOT NULL DEFAULT 'is_draft',
  `created_at` bigint(20) UNSIGNED NOT NULL
) ENGINE=InnoDB DEFAULT CHARSET=utf8mb4 COLLATE=utf8mb4_unicode_ci;

-- --------------------------------------------------------

--
-- Table structure for table `upcoming_course_filter_option`
--

CREATE TABLE `upcoming_course_filter_option` (
  `id` int(10) UNSIGNED NOT NULL,
  `upcoming_course_id` int(10) UNSIGNED NOT NULL,
  `filter_option_id` int(10) UNSIGNED NOT NULL
) ENGINE=InnoDB DEFAULT CHARSET=utf8mb4 COLLATE=utf8mb4_unicode_ci;

-- --------------------------------------------------------

--
-- Table structure for table `upcoming_course_followers`
--

CREATE TABLE `upcoming_course_followers` (
  `id` int(10) UNSIGNED NOT NULL,
  `upcoming_course_id` int(10) UNSIGNED NOT NULL,
  `user_id` int(10) UNSIGNED NOT NULL,
  `created_at` bigint(20) UNSIGNED NOT NULL
) ENGINE=InnoDB DEFAULT CHARSET=utf8mb4 COLLATE=utf8mb4_unicode_ci;

-- --------------------------------------------------------

--
-- Table structure for table `upcoming_course_reports`
--

CREATE TABLE `upcoming_course_reports` (
  `id` int(10) UNSIGNED NOT NULL,
  `upcoming_course_id` int(10) UNSIGNED NOT NULL,
  `user_id` int(10) UNSIGNED NOT NULL,
  `reason` varchar(255) NOT NULL,
  `message` text NOT NULL,
  `created_at` bigint(20) UNSIGNED NOT NULL
) ENGINE=InnoDB DEFAULT CHARSET=utf8mb4 COLLATE=utf8mb4_unicode_ci;

-- --------------------------------------------------------

--
-- Table structure for table `upcoming_course_translations`
--

CREATE TABLE `upcoming_course_translations` (
  `id` bigint(20) UNSIGNED NOT NULL,
  `upcoming_course_id` int(10) UNSIGNED NOT NULL,
  `locale` varchar(255) NOT NULL,
  `title` varchar(255) NOT NULL,
  `seo_description` text DEFAULT NULL,
  `description` longtext DEFAULT NULL
) ENGINE=InnoDB DEFAULT CHARSET=utf8mb4 COLLATE=utf8mb4_unicode_ci;

-- --------------------------------------------------------

--
-- Table structure for table `users`
--

CREATE TABLE `users` (
  `id` int(10) UNSIGNED NOT NULL,
  `full_name` varchar(128) DEFAULT NULL,
  `role_name` varchar(64) NOT NULL,
  `role_id` int(10) UNSIGNED NOT NULL,
  `organ_id` int(11) DEFAULT NULL,
  `mobile` varchar(32) DEFAULT NULL,
  `email` varchar(255) DEFAULT NULL,
  `bio` varchar(128) DEFAULT NULL,
  `password` varchar(255) DEFAULT NULL,
  `google_id` varchar(255) DEFAULT NULL,
  `facebook_id` varchar(255) DEFAULT NULL,
  `remember_token` varchar(255) DEFAULT NULL,
  `logged_count` int(10) UNSIGNED NOT NULL DEFAULT 0,
  `verified` tinyint(1) NOT NULL DEFAULT 0,
  `financial_approval` tinyint(1) NOT NULL DEFAULT 0,
  `installment_approval` tinyint(1) DEFAULT 0,
  `enable_installments` tinyint(1) DEFAULT 1,
  `disable_cashback` tinyint(1) DEFAULT 0,
  `enable_registration_bonus` tinyint(1) NOT NULL DEFAULT 0,
  `registration_bonus_amount` double(15,2) DEFAULT NULL,
  `avatar` varchar(255) DEFAULT NULL,
  `avatar_settings` varchar(255) DEFAULT NULL,
  `cover_img` varchar(255) DEFAULT NULL,
  `headline` varchar(255) DEFAULT NULL,
  `about` text DEFAULT NULL,
  `address` varchar(255) DEFAULT NULL,
  `country_id` int(10) UNSIGNED DEFAULT NULL,
  `province_id` int(10) UNSIGNED DEFAULT NULL,
  `city_id` int(10) UNSIGNED DEFAULT NULL,
  `district_id` int(10) UNSIGNED DEFAULT NULL,
  `location` point DEFAULT NULL,
  `level_of_training` bit(3) DEFAULT NULL,
  `meeting_type` enum('all','in_person','online') NOT NULL DEFAULT 'all',
  `status` enum('active','pending','inactive') NOT NULL DEFAULT 'active',
  `access_content` tinyint(1) NOT NULL DEFAULT 1,
  `language` varchar(255) DEFAULT NULL,
  `currency` varchar(255) DEFAULT NULL,
  `timezone` varchar(255) DEFAULT NULL,
  `newsletter` tinyint(1) NOT NULL DEFAULT 0,
  `public_message` tinyint(1) NOT NULL DEFAULT 0,
  `identity_scan` varchar(128) DEFAULT NULL,
  `certificate` varchar(128) DEFAULT NULL,
  `commission` int(10) UNSIGNED DEFAULT NULL,
  `affiliate` tinyint(1) NOT NULL DEFAULT 1,
  `can_create_store` tinyint(1) NOT NULL DEFAULT 0 COMMENT 'Despite disabling the store feature in the settings, we can enable this feature for that user through the edit page of a user and turning on the store toggle.',
  `ban` tinyint(1) NOT NULL DEFAULT 0,
  `ban_start_at` int(10) UNSIGNED DEFAULT NULL,
  `ban_end_at` int(10) UNSIGNED DEFAULT NULL,
  `offline` tinyint(1) NOT NULL DEFAULT 0,
  `offline_message` text DEFAULT NULL,
  `created_at` int(11) NOT NULL,
  `updated_at` int(11) DEFAULT NULL,
  `deleted_at` int(11) DEFAULT NULL
) ENGINE=InnoDB DEFAULT CHARSET=utf8mb4 COLLATE=utf8mb4_unicode_ci ROW_FORMAT=DYNAMIC;

--
-- Dumping data for table `users`
--

INSERT INTO `users` (`id`, `full_name`, `role_name`, `role_id`, `organ_id`, `mobile`, `email`, `bio`, `password`, `google_id`, `facebook_id`, `remember_token`, `logged_count`, `verified`, `financial_approval`, `installment_approval`, `enable_installments`, `disable_cashback`, `enable_registration_bonus`, `registration_bonus_amount`, `avatar`, `avatar_settings`, `cover_img`, `headline`, `about`, `address`, `country_id`, `province_id`, `city_id`, `district_id`, `location`, `level_of_training`, `meeting_type`, `status`, `access_content`, `language`, `currency`, `timezone`, `newsletter`, `public_message`, `identity_scan`, `certificate`, `commission`, `affiliate`, `can_create_store`, `ban`, `ban_start_at`, `ban_end_at`, `offline`, `offline_message`, `created_at`, `updated_at`, `deleted_at`) VALUES
(1, 'Admin', 'admin', 2, NULL, '082299449494', 'razen@bacapustaka.com', 'Super Admin', '$2y$10$JOM/5fdXVGnLgMGdUT3uyeNJ.g5sV9gzpPomYrUdCg4jT0oTNOQdW', NULL, NULL, 'gxfNDgjyQVFpmvlCdt3nepDcBym1gejWVkhuwhiqZzm9xcyTeMRcfXKFHAWz', 3, 1, 0, 0, 1, 0, 0, NULL, '/store/1/default_images/logo-new.jpg', NULL, NULL, NULL, NULL, NULL, NULL, NULL, NULL, NULL, NULL, NULL, 'all', 'active', 1, 'ID', NULL, 'Asia/Jakarta', 0, 0, NULL, NULL, NULL, 1, 0, 0, NULL, NULL, 0, NULL, 1597826952, 1597826952, NULL),
(3, 'Bayu Candra Gumelar', 'teacher', 4, 867, '6285876888889', 'gurusekolaha@demo.com', 'Master Certified Coach', '$2y$10$Nyy.AQo08ySEBEyrRReMc.uGX.c8z9Wn1uzOtGerVte2ZETL75kKG', NULL, NULL, 'wCPZWIZNiGK7PEfLeBGVcev52wBV8VhW61dSUkJgWVHepknsT33cGR1CmlTF', 5, 0, 1, 0, 1, 0, 0, NULL, '/store/1/profile_male/Bayu.jpg', NULL, '/store/3/17.jpg', NULL, 'Akun guru dari sekolah a', '638153, Tamil Nadu, Modakkurichi, Elumathur', 20, 33, 34, 42, 0x000000000101000000c36b207dbda43840180620262a544740, b'110', 'all', 'active', 1, 'ID', NULL, 'Asia/Jakarta', 0, 0, '/store/3/passport.jpg', '', NULL, 1, 0, 0, NULL, NULL, 1, 'I will not be available for 2 weeks until  end of January due to a business trip.', 1597826952, 1597826952, NULL),
(4, 'King Pictures', 'organization', 3, NULL, '+441632960079', 'kingpictures@gmail.com', 'High Quality Training', '$2y$10$NPgvpOF52CHJuSKbh9gG8.7IvjjFd0HklLy5elWySZ58m.9IHpM2K', NULL, NULL, 'HVMcrvVIvbrAWoMqj0keYcuCqkuVNZ5SumTNTlEY510zC373P6VQXFs6ZNN4', 0, 0, 0, 0, 1, 0, 0, NULL, '/store/4/avatar/617a50568d8a8.png', NULL, '/store/4/19.jpg', NULL, 'King Pictures is a Canadian based company who offer a huge and ever growing range of high quality eLearning solutions that teach using studio quality narrated videos backed-up with practical hands-on examples and comprehensive working files. All courses are created by trained educators and experts in video based education.\r\n\r\nThe emphasis is on teaching real life skills that are essential for progressing in today\'s commercial environment.', NULL, NULL, NULL, NULL, NULL, NULL, NULL, 'all', 'active', 1, 'EN', NULL, 'America/New_York', 0, 0, NULL, NULL, NULL, 1, 0, 0, NULL, NULL, 0, NULL, 1597826952, 1597826952, NULL),
(859, 'Putri Saraswati', 'organization', 3, NULL, '+62825550132', 'cactuscat@hotmail.com', 'Programming Training Institute', '$2y$10$Nyy.AQo08ySEBEyrRReMc.uGX.c8z9Wn1uzOtGerVte2ZETL75kKG', NULL, NULL, 'GzDa3Mgx0wGHk47Nf8N1hH1q7vWKokhTVffZbWdGoQRoOHCR6UL312Wun1rY', 1, 0, 0, 0, 1, 0, 0, NULL, '/store/859/avatar/617a4fcf7ac48.png', NULL, '/store/859/8.png', NULL, 'Eduonix creates and distributes high quality technology training content. Our team of  industry professionals have been training manpower for more than a decade. We aim to teach technology the way it is used in industry and professional world.  We have professional team of trainers for technologies ranging from Mobility, Web to Enterprise and Database and Server Administration.', '', 20, 31, 32, 40, 0x000000000101000000109b5fd3557b38409a046daf23cc4340, b'111', 'all', 'active', 1, 'ID', NULL, 'America/New_York', 0, 0, '/store/859/certificate.jpg', '/store/859/certificate.jpg', NULL, 1, 0, 0, NULL, NULL, 0, NULL, 1604509713, NULL, NULL),
(863, 'Owosso', 'organization', 3, NULL, '+12025550198', 'owosso@info.com', 'Chemical Engineering Institute', '$2y$10$NPgvpOF52CHJuSKbh9gG8.7IvjjFd0HklLy5elWySZ58m.9IHpM2K', NULL, NULL, NULL, 0, 0, 0, 0, 1, 0, 0, NULL, '/store/863/avatar/617a5000eb040.png', NULL, '/store/863/2.png', NULL, 'Dear students,\r\n\r\nWR Training is a group of professional engineers from various disciplines (chemical, petrochemical, mechanical, electrical…) providing academic and industrial online courses.\r\n\r\nWhether you’re trying to learn and discover a new scientific or engineering topic from scratch, or want to refresh your memory on something you’ve learnt in the past, you’ve come to the right place.\r\n\r\nWR Training exists to help you succeed in your academic and professional life. Our goal is to spread the knowledge and promote science.\r\n\r\nThe courses, you are about to enroll in, were undertaken to give you a clear view of scientific and engineering topics through detailed examples using hands on demo and provide numerous problems with their solutions. You can also use these courses as a review for taking exams or as a vehicle for self-instruction.\r\n\r\nOur training methodology was designed to enable individual self paced e-learning.\r\n\r\nEach course has been undertaken to teach a specific skill.\r\n\r\nOur courses can be watched 24/7 wherever you are. You can also view them on mobile devices with the Udemy mobile app.\r\n\r\nWe are active online instructors and we will be here for you every step of the way. If you have questions about the course content, you can always post your questions or send us a private message. It will be our pleasure to provide assistance and answer your questions.\r\n\r\nSo with no further ado, go ahead, select the course suitable for you, click the enroll button and we\'ll see you in the first section !\r\n\r\nWR Training\r\n\r\nSpread the wings of your knowledge', NULL, 17, 28, 30, 37, 0x0000000001010000006656cabeb2f73240a691c50fda345240, b'110', 'online', 'active', 1, 'EN', NULL, 'America/New_York', 0, 0, NULL, NULL, NULL, 1, 0, 0, NULL, NULL, 0, NULL, 1604509713, NULL, NULL),
(864, 'Affogato Media', 'organization', 3, NULL, '+12025550131', 'affogato@yahoo.com', 'Learn Creative Skills', '$2y$10$NPgvpOF52CHJuSKbh9gG8.7IvjjFd0HklLy5elWySZ58m.9IHpM2K', NULL, NULL, NULL, 0, 0, 0, 0, 1, 0, 0, NULL, '/store/864/avatar/617a5011ca3ba.png', NULL, '/store/864/20.jpg', NULL, 'Learn creative skills, from absolute beginner to advanced mastery. \r\n\r\nVideo School exists to help you succeed in life. Each course has been hand-tailored to teach a specific skill from photography and video to art, design and business.\r\n\r\nWhether you’re trying to learn a new skill from scratch, or want to refresh your memory on something you’ve learned in the past, you’ve come to the right place.\r\n\r\nEducation makes the world a better place. Make your world better with new skills!\r\n\r\nOur courses can be watched 24/7 wherever you are. Most are fully downloadable so you can take them with you.\r\n\r\nAll courses have a 30-day money-back guarantee so that you can check it out, make sure it’s the right course for you, and get a refund if it’s not!', NULL, 19, 61, 62, 65, 0x000000000101000000983696ed17262140f870c75749123040, b'100', 'all', 'active', 1, 'EN', NULL, 'America/New_York', 0, 0, NULL, NULL, NULL, 1, 0, 0, NULL, NULL, 0, NULL, 1604509713, NULL, NULL),
(867, 'Baca Pustaka', 'organization', 3, NULL, '+62825550151', 'organisasilembaga@demo.com', 'Building Better Professionals', '$2y$10$Nyy.AQo08ySEBEyrRReMc.uGX.c8z9Wn1uzOtGerVte2ZETL75kKG', NULL, NULL, 'uP3cPMqqWnmvRFiycSvZTG8QVY84hw6OONV3tMkc4hHEPz9Pmm8YJOhfWcj1', 1, 1, 1, 0, 1, 0, 0, NULL, '/store/867/avatar/617a502cf268a.png', NULL, '/store/867/18.jpg', NULL, 'The Light Moon Academy was created by Tim Buchalka, a software developer with 35 years experience, who is also an instructor on Udemy, with over 1.22M+ students in his courses on Java, Python, Android, C#  and the Spring framework. \r\n\r\nThe Academy’s goal in the next three years, is to teach one million people to learn how to program.\r\n\r\nApart from Tim’s own courses, which are all available here, we are working with the very best teachers, creating courses to teach the essential skills required by developers, at all levels.\r\n\r\nOne other important philosophy is that our courses are taught by real professionals; software developers with real and substantial experience in the industry, who are also great teachers.  All our instructors are experienced, software developers!\r\n\r\nOur team is busy creating new courses right now.\r\n\r\nWhether you are a beginner, looking to learn how to program for the very first time, or to brush up on your existing skills, or to learn new languages and frameworks, the Academy has you covered.', 'Massachusetts, West Roxbury, 3979 Smith Street', 16, 21, 67, 68, 0x000000000101000000b4c5c332820e4840b73e0bfa1c52fbbf, b'110', 'all', 'active', 1, 'ID', NULL, 'Asia/Jakarta', 0, 0, '/store/867/passport.jpg', '', NULL, 1, 0, 0, NULL, NULL, 0, NULL, 1604509713, NULL, NULL),
(868, 'TechDecomposed', 'organization', 3, NULL, '+441632960582', 'techdecomposed@info.com', 'Behavioral Expert Institute', '$2y$10$NPgvpOF52CHJuSKbh9gG8.7IvjjFd0HklLy5elWySZ58m.9IHpM2K', NULL, NULL, NULL, 0, 0, 0, 0, 1, 0, 0, NULL, '/store/868/avatar/617a504591edd.png', NULL, '/store/868/6.jpg', NULL, 'Hi, my name is Gregory Caremans. I\'m the founder of the award-winning TechDecomposed.\r\nI\'m a psychologist with a Master in communication, specialized in the Neurocognitive and Behavioral Approach. I\'m the former Director of the Institute of Neurocognitivism in Brussels (Belgium).\r\nWith the TechDecomposed we\'ve specialized in writing and producing high quality brain-related content. Mostly, we create online courses. I\'m very proud to say that we have a partnership with The Economist where they offer our courses to their readers. Our courses were also featured in the magazine Entrepreneur and CNN. And I was invited to give my first TEDx Talk in December of 2018.', NULL, NULL, NULL, NULL, NULL, NULL, NULL, 'all', 'active', 1, 'EN', NULL, 'America/New_York', 0, 0, NULL, NULL, NULL, 1, 0, 0, NULL, NULL, 0, NULL, 1604509713, NULL, NULL),
(870, 'Hapsari Indri', 'teacher', 4, 863, '+12025550188', 'marques.torp@hotmail.com', 'Network Technician at Cisco', '$2y$10$NPgvpOF52CHJuSKbh9gG8.7IvjjFd0HklLy5elWySZ58m.9IHpM2K', NULL, NULL, NULL, 0, 1, 1, 0, 1, 0, 0, NULL, '/store/1/profile_female/Hapsari Indri.jpg', NULL, '/store/870/16.jpg', NULL, 'Hi,\r\n\r\nI’m a certified coach and author. Over the years I\'ve worked with and coached 100,000 students from all over the world.\r\nMy expertise includes science-based personal development, health & fitness advice in the following areas:\r\n- Self Improvement\r\n- Life Coaching\r\n- Stress Management\r\n- Muscle Growth & Fat Loss\r\n- Healthy Living & Meal Planning\r\n- Gym Workouts & Bodybuilding\r\n\r\nPersonal Development doesn\'t have to be difficult!\r\nWhat you need are the right strategies and a few simple - but crucial - tips on how to get started and stay motivated. That\'s what I teach in my courses, on my blog and in my books.', NULL, 16, 22, 23, 26, 0x000000000101000000b2ea5bb7216d4840098c262b63310340, b'100', 'all', 'active', 1, 'EN', NULL, 'America/New_York', 0, 0, NULL, NULL, NULL, 1, 0, 0, NULL, NULL, 0, NULL, 1604509713, NULL, NULL),
(923, 'Respati Rudi', 'teacher', 4, 867, '+61498970158', 'johnpowe98@yahoo.com', 'IT Director at Cognizant', '$2y$10$NPgvpOF52CHJuSKbh9gG8.7IvjjFd0HklLy5elWySZ58m.9IHpM2K', NULL, NULL, NULL, 0, 1, 0, 0, 1, 0, 0, NULL, '/store/1/profile_male/avatar2.png', NULL, '/store/923/14.jpg', NULL, 'Hello! I am John Powe; let me welcome you on this platform. I have created unique courses on different subjects including Business, marketing, Sales, Psychology, Copywriting, Social media marketing and a lot more. I have vast knowledge about business planning, marketing strategies, sales and management.\r\n\r\nI am a Gold Medalist Student of my time. With the passage of time, I have done different courses including IELTS, Color Therapy, Cognitive behavior Therapy, Nebosh etc.\r\n\r\nI always try to learn new things and like to travel. Learning new skills and exploring new fields is my passion. I am a full time Udemy instructor so I am always there to support and help you if you find any kind of difficulty.\r\n\r\nI try to make my courses as simple and informative as possible. My courses are mostly 1 to 2 hours of length, to the point and cover most important information regarding the respective subject so that you can learn the best possible knowledge in shortest possible time.\r\n\r\nI hope you will learn new things from my courses. Feel free to contact me if you have any questions. Thanks I wish you all the success and happiness in the world. Best of luck', '106 Ben Street', 18, 46, 50, 57, NULL, NULL, 'all', 'active', 1, 'EN', NULL, 'America/New_York', 0, 0, NULL, NULL, NULL, 1, 0, 0, NULL, NULL, 0, NULL, 1604509713, NULL, NULL),
(929, 'Rara Paramita', 'teacher', 4, 868, '+12025550148', 'guru1@gmail.com', 'Computer Engineer at Oracle', '$2y$10$Nyy.AQo08ySEBEyrRReMc.uGX.c8z9Wn1uzOtGerVte2ZETL75kKG', NULL, NULL, 'pP6HTrpGp7DTJv4wocq6BqinGolsn4pxOVmnxr15WEvlpDQjpAo0ZeHsNlhl', 1, 0, 0, 0, 1, 0, 0, NULL, '/store/1/profile_female/avatar4.png', '{\"color\":\"FFFFFF\",\"background\":\"8e24aa\"}', '/store/929/15.jpg', NULL, '\"Short courses for busy managers\"\r\n\r\nHi there, my name is Kate Williams and I\'ve been managing projects and virtual teams for the past 10+ years.\r\n\r\nI\'m currently a Director at Cisco Systems,* where I lead Project and Program Management teams on delivering complex projects for Cisco\'s customers.\r\n\r\nPreviously, I was a manager at Ernst & Young, where I analyzed failing projects at Fortune 500 companies, and recommended solutions to fix them.  \r\n\r\nI was also a research assistant at Harvard University, where I studied issues related to virtual teams. \r\n\r\nI\'m an Amazon bestselling author of 4 books about team management (including \"Influencing Virtual Teams,\" \"Don\'t Reply All,\" \"Project Kickoff,\" and \"Effective Delegation of Authority\"), and I hold the PMP, CSM and ITIL certifications.\r\n\r\nMost managers don\'t have a lot of time to watch lengthy courses (that are usually full of fluff). So I focus on creating short courses that help busy managers become more effective leaders, without wasting their time.\r\n\r\nI have published courses about Writing Better Emails, Delegating Effectively, Leading Virtual Meetings, and Managing and Influencing Virtual Teams.', NULL, 17, 27, 29, 36, 0x000000000101000000cb37fdc1618e3c408abc2353c14d5340, b'010', 'all', 'active', 1, 'ID', NULL, 'America/New_York', 0, 0, NULL, NULL, 10, 1, 0, 0, NULL, NULL, 0, NULL, 1605463391, NULL, 1622030241),
(930, 'Jade Harrison', 'user', 1, NULL, '+12025550130', 'jadeharrison@gmail.com', NULL, '$2y$10$NPgvpOF52CHJuSKbh9gG8.7IvjjFd0HklLy5elWySZ58m.9IHpM2K', NULL, NULL, 'Ci4PVF45uuqLCuaxz92kWYuFMnTyesfS5N9cMaGnCsTrkb6zQF5UL8suOFrk', 0, 0, 0, 0, 1, 0, 0, NULL, '/store/930/avatar/617a4ee75dd14.png', NULL, '/store/930/2.jpg', NULL, NULL, '46 Place Charles de Gaulle', 16, 22, 23, 24, NULL, NULL, 'all', 'active', 1, 'EN', NULL, 'America/New_York', 0, 0, '/store/930/passport.jpg', '/store/930/certificate.jpg', NULL, 1, 0, 0, NULL, NULL, 0, NULL, 1606325331, NULL, NULL),
(934, 'Linda Nirmala', 'teacher', 4, 4, '+12025550143', 'guru2@gmail.com', 'IT Technician at IBM', '$2y$10$Nyy.AQo08ySEBEyrRReMc.uGX.c8z9Wn1uzOtGerVte2ZETL75kKG', NULL, NULL, NULL, 0, 0, 1, 0, 1, 0, 0, NULL, '/store/1/profile_female/avatar9.png', NULL, '/store/934/2.jpg', NULL, 'I am a programmer with over 12 years\' experience gained in a range of industries, the last 16 with IBM.\r\n\r\nI am now self employed developing apps for Android; programming in a range of languages including Java, Javascript and Python; and helping the next generation of programmers gain the skills that I have acquired over the years.\r\n\r\nThe first program I sold controlled stock movement in a warehouse, and ran on a CP/M computer - both the program and operating system lived in the 64 kb (yes, kilobytes) that was all CP/M systems had in those days.\r\n\r\nI have gained experience in a wide range of industries including Utilities, Retail, Insurance and the Motor Manufacturing industry. My clients and employers have included Northumbrian Water, Arcadia, Royal Sun Alliance, Nissan and Jaguar Landrover. I also worked for Sunderland University for 3 years preparing and delivering training courses in computing.\r\n\r\nTimes have changed, the challenges are very different to what they were, but programming remains fun!\r\n\r\nWhen not at my computer, I am often riding my motorbike through the wonderful countryside of the UK and Europe.', 'OX7 3NH, England, Oxfordshire, Ascott-under-Wychwood', 19, 59, 60, 63, 0x0000000001010000002e7710c1ce2f284043a4cb6cec292e40, b'100', 'all', 'active', 1, 'EN', NULL, 'America/New_York', 0, 0, '/store/934/passport.jpg', '', NULL, 1, 0, 0, NULL, NULL, 0, NULL, 1612680476, NULL, NULL),
(979, 'Morgan Sullivan', 'user', 1, NULL, '+12025550162', 'morgansullivan@yahoo.com', NULL, '$2y$10$TB0nU6Wpg4W9NtIix/uPge6w8aovVEHuzTkoLYWLqykaBnXEkF96u', NULL, NULL, NULL, 0, 0, 0, 0, 1, 0, 0, NULL, '/store/979/avatar/617a4ed2908fd.png', NULL, '/store/979/5.jpg', NULL, NULL, NULL, NULL, NULL, NULL, NULL, NULL, NULL, 'all', 'active', 1, 'EN', NULL, 'America/New_York', 0, 0, NULL, NULL, NULL, 1, 0, 0, NULL, NULL, 0, NULL, 1613807727, NULL, NULL),
(995, 'Budi Ananta', 'user', 1, 867, '+12025550169', 'student@demo.com', NULL, '$2y$10$Nyy.AQo08ySEBEyrRReMc.uGX.c8z9Wn1uzOtGerVte2ZETL75kKG', NULL, NULL, 'phrnnf5LIsa8gIHaef6aCulRc3rTNhnb3KEOcGrTS6WpjEu6F9Vg78seMNB1', 7, 1, 0, 0, 1, 0, 1, NULL, '/store/995/avatar/6179b58ee64c7.png', '{\"color\":\"000000\",\"background\":\"e0f2f1\"}', '/store/995/7.jpg', NULL, NULL, 'Jeevan Tara Building, 1Sr Floor, Gate No.4, 5 Sansad Marg, New Delhi', 17, 27, 29, 35, NULL, NULL, 'all', 'active', 1, 'ID', NULL, 'Asia/Jakarta', 1, 0, NULL, '', NULL, 1, 0, 0, NULL, NULL, 1, NULL, 1615538893, NULL, NULL),
(996, 'Robert B. Gray', 'user', 1, 867, '+12025550159', 'robert2002@gmail.com', 'bio', '$2y$10$Nyy.AQo08ySEBEyrRReMc.uGX.c8z9Wn1uzOtGerVte2ZETL75kKG', NULL, NULL, 'iw1xNbFV2orSeJvaSeJVKCcOBCPcJNRGalESn6M1dVSflsJwM468L9iEEzr0', 1, 0, 0, 0, 1, 0, 0, NULL, '/store/996/avatar/617a4ea0d77af.png', '{\"color\":\"000000\",\"background\":\"FF4081\"}', '/store/996/11.jpg', NULL, 'about', NULL, NULL, NULL, NULL, NULL, NULL, NULL, 'all', 'active', 1, 'EN', NULL, 'America/New_York', 1, 0, NULL, NULL, NULL, 1, 0, 0, NULL, NULL, 0, NULL, 1619885166, NULL, NULL),
(1014, 'George Hamilton', 'Author Role', 6, NULL, '6104254644', 'Robert@gmail.com', NULL, '$2y$10$UQtinAOPeFdgy81Mxd3z7uGdSz2gsQsh0A3osAkoOb7A6IpjnDH0a', NULL, NULL, NULL, 0, 1, 0, 0, 1, 0, 0, NULL, '/store/1/default_images/testimonials/profile_picture (30).jpg', NULL, NULL, NULL, NULL, NULL, NULL, NULL, NULL, NULL, NULL, NULL, 'all', 'active', 1, NULL, NULL, 'America/New_York', 0, 0, NULL, NULL, NULL, 1, 0, 0, NULL, NULL, 0, NULL, 1624692024, NULL, NULL),
(1015, 'Devania Nararya', 'teacher', 4, 867, '0815123123', 'instructor@demo.com', 'System Administrator at Amazon', '$2y$10$Nyy.AQo08ySEBEyrRReMc.uGX.c8z9Wn1uzOtGerVte2ZETL75kKG', NULL, NULL, 'bNjkk9GYAQZstyCo0gly8HGRDlNkRmVi0n1x72faXKPEKlMH7aGAZk1uInw3', 1, 1, 1, 0, 1, 0, 1, NULL, '/store/1/profile_female/avatar2.png', NULL, '/store/1015/6.jpg', NULL, 'Robert started his career as a Unix and Linux System Engineer in 1999. Since that time he has utilized his Linux skills at companies such as Xerox, UPS, Hewlett-Packard, and Amazon.com. Additionally, he has acted as a technical consultant and independent contractor for small businesses and Fortune 500 companies.\r\n\r\nRobert has professional experience with CentOS, RedHat Enterprise Linux, SUSE Linux Enterprise Server, and Ubuntu. He has used several Linux distributions on personal projects including Debian, Slackware, CrunchBang, and others. In addition to Linux, Jason has experience supporting proprietary Unix operating systems including AIX, HP-UX, and Solaris.\r\n\r\nHe enjoys teaching others how to use and exploit the power of the Linux operating system. He is also the author of the books \"Linux for Beginners\" and \"Command Line Kung Fu.\"', 'Al Wakrah ,27904 Hilpert Knoll', 18, 46, 49, 55, 0x0000000001010000007a87fa84a95b4440f17007d9bc8052c0, b'110', 'all', 'active', 1, 'ID', NULL, 'Asia/Jakarta', 0, 0, '/store/1015/passport.jpg', '/store/1015/certificate_validation.jpg', NULL, 1, 0, 0, NULL, NULL, 0, NULL, 1624817207, NULL, NULL),
(1016, 'Raden Widodo', 'teacher', 4, NULL, '+12025250175', 'Ricardodave09@hotmail.com', 'Data Analyst at Microsoft', '$2y$10$Nyy.AQo08ySEBEyrRReMc.uGX.c8z9Wn1uzOtGerVte2ZETL75kKG', NULL, NULL, 'xvW7s6XrXYG9tRBvfXtixdNR8hmiaddNrOFM6qeDzPm1vx33psXpVJ5VuqHq', 0, 1, 1, 0, 1, 0, 0, NULL, '/store/1/profile_male/avatar4.png', NULL, '/store/1016/7.jpg', NULL, 'Ricardo dave has a BS and MS in Mechanical Engineering from Santa Clara University and years of experience as a professional instructor and trainer for Data Science and programming. He has publications and patents in various fields such as microfluidics, materials science, and data science technologies. Over the course of his career he has developed a skill set in analyzing data and he hopes to use his experience in teaching and data science to help other people learn the power of programming the ability to analyze data, as well as present the data in clear and beautiful visualizations. Currently he works as the Head of Data Science for Pierian Data Inc. and provides in-person data science and python programming training courses to employees working at top companies, including General Electric, Cigna, The New York Times, Credit Suisse, McKinsey and many more. Feel free to contact him on LinkedIn for more information on in-person training sessions or group training sessions in Las Vegas, NV.', 'Luib, 72 Wern Ddu Lane', 16, 22, 23, 25, 0x0000000001010000008df8fa14fb674840de3a59c20bfb0140, b'010', 'all', 'active', 1, 'ID', NULL, 'Asia/Jakarta', 0, 0, '/store/1016/passport.jpg', '', NULL, 1, 0, 0, NULL, NULL, 1, 'I am not available for 2 days due to a business trip', 1624817905, NULL, NULL),
(1017, 'Alex Pmelaa', 'user', 1, NULL, '085374589', 'a.pmelaa@gmail.com', NULL, '$2y$10$EfeGqWC1GieaFQKzSLPeMOPr9ggMsLPgP5L8wunEz4tI.5wIz3Eni', NULL, NULL, NULL, 0, 0, 0, 0, 1, 0, 0, NULL, '/store/1017/avatar/61b6f03ebd69d.png', NULL, NULL, NULL, NULL, 'Jeevan Tara Building, 1Sr Floor, Gate No.4, 5 Sansad Marg, New Delhi', 17, 27, 29, 35, NULL, NULL, 'all', 'active', 1, 'EN', NULL, 'America/New_York', 1, 0, NULL, NULL, NULL, 1, 0, 0, NULL, NULL, 0, NULL, 1639378748, NULL, NULL),
(1019, 'Ryan Lester', 'user', 1, NULL, '0448509638', 'ryan2002@demo.com', NULL, '$2y$10$4QLNH1y6wB9/JQeOVRt8u.tvYDCKVNv7J11eAiJpbUqZU5lM0gheS', NULL, NULL, NULL, 0, 0, 0, 0, 1, 0, 0, NULL, '/store/1019/avatar/62ba96e075b36.png', '{\"color\":\"000000\",\"background\":\"0091ea\"}', NULL, NULL, NULL, NULL, NULL, NULL, NULL, NULL, NULL, NULL, 'all', 'active', 0, 'EN', NULL, NULL, 0, 0, NULL, NULL, NULL, 1, 0, 0, NULL, NULL, 0, NULL, 1655885724, NULL, NULL),
(1045, 'Lewis Erickson', 'user', 1, NULL, '1648664852', 'Lewis@yahoo.com', NULL, '$2y$10$TnKXAoGt3qrjgii5E7DC3.alQLloOjMp2vSFXpYZ4WHnoAS1KbWsu', NULL, NULL, NULL, 0, 0, 0, 0, 1, 0, 1, 50.00, '/store/1045/avatar/6412e7539e897.png', '{\"color\":\"000000\",\"background\":\"ba68c8\"}', NULL, NULL, NULL, NULL, NULL, NULL, NULL, NULL, NULL, NULL, 'all', 'active', 1, NULL, 'USD', 'America/New_York', 0, 0, NULL, NULL, NULL, 1, 0, 0, NULL, NULL, 0, NULL, 1678958736, NULL, NULL),
(1046, 'Robert Travis', 'user', 1, NULL, '179654566', 'travis@gmail.com', NULL, '$2y$10$IyEnbWvOLvML4xn4hqaOI./8Y31OFmUySiBkoM2CejQDPicgt0VsG', NULL, NULL, NULL, 1, 0, 0, 0, 1, 0, 1, 50.00, '/store/1046/avatar/6412e7f4ad10d.png', '{\"color\":\"000000\",\"background\":\"ffe57f\"}', NULL, NULL, NULL, NULL, NULL, NULL, NULL, NULL, NULL, NULL, 'all', 'active', 1, NULL, 'USD', 'America/New_York', 0, 0, NULL, NULL, NULL, 1, 0, 0, NULL, NULL, 0, NULL, 1678959456, NULL, NULL),
(1047, 'Administrator', 'Administrator', 9, NULL, NULL, 'admin@demo.com', NULL, '$2y$10$Nyy.AQo08ySEBEyrRReMc.uGX.c8z9Wn1uzOtGerVte2ZETL75kKG', NULL, NULL, 'XHGPyUgtPBgxYVvExVl7uneT9XHokYRi5LqtldZxe4rHXYz4SGb4Iywzk1S2', 3, 1, 0, 0, 1, 0, 0, NULL, '/store/1/default_images/logo-new.jpg', NULL, NULL, NULL, NULL, NULL, NULL, NULL, NULL, NULL, NULL, NULL, 'all', 'active', 1, 'ID', NULL, 'Asia/Jakarta', 0, 0, NULL, NULL, NULL, 0, 0, 0, NULL, NULL, 0, NULL, 1681102029, NULL, NULL),
(1048, 'johan', 'user', 1, NULL, '143636363', 'johanshow1@gmail.com', NULL, '$2y$10$U/05pQudlX7VRIxRHODLfeMmgmhiicMPG20a7jUaarApTDQfc87Qq', NULL, NULL, 'CIB115wAvfBV4xXh9HgKZZXX5nGxbHhKfXCCXUjch3GIwWKePgKdUTStmqwJ', 0, 0, 0, 0, 1, 0, 0, NULL, NULL, '{\"color\":\"FFFFFF\",\"background\":\"827717\"}', NULL, NULL, NULL, NULL, NULL, NULL, NULL, NULL, NULL, NULL, 'all', 'pending', 1, NULL, NULL, 'Asia/Jakarta', 0, 0, NULL, NULL, NULL, 0, 0, 0, NULL, NULL, 0, NULL, 1682669625, NULL, NULL),
(1049, 'Siswa Tes', 'user', 1, NULL, '62858769999', 'siswa@email.com', NULL, '$2y$10$fSqFPLey7gac2Ubh7PcvHOVmCMRK9fd/GQk2ZuncObmtUrFwALc5W', NULL, NULL, 'ETHeZpwI5NwJyv52AcoxQ5x66NLMbFJVyNxARJcGU0iH78Zsj0sFquJqRWvz', 0, 0, 0, 0, 1, 0, 0, NULL, NULL, '{\"color\":\"000000\",\"background\":\"00b0ff\"}', NULL, NULL, NULL, NULL, NULL, NULL, NULL, NULL, NULL, NULL, 'all', 'pending', 1, NULL, NULL, 'Asia/Jakarta', 0, 0, NULL, NULL, NULL, 0, 0, 0, NULL, NULL, 0, NULL, 1683523180, NULL, NULL),
(1050, 'Siswa Tes 2', 'user', 1, NULL, '6285872392839', 'pendekarbengkel@gmail.com', NULL, '$2y$10$uJUHmzJRFNkjgMYIhtmqouCFZmgOyDBDbBvS4M9Y3q72usZ1DvDEO', NULL, NULL, 'Wk4ALADZqRTxtEX0kN5gF3hvmEWKQXYewS1juoUCkTl9XhvRAr3nCGJQNk6V', 0, 0, 0, 0, 1, 0, 0, NULL, NULL, '{\"color\":\"FFFFFF\",\"background\":\"1b5e20\"}', NULL, NULL, NULL, NULL, NULL, NULL, NULL, NULL, NULL, NULL, 'all', 'active', 1, 'ID', NULL, 'Asia/Jakarta', 0, 0, NULL, NULL, NULL, 0, 0, 0, NULL, NULL, 0, NULL, 1683525646, NULL, NULL),
(1051, 'Ahmad zulfikar', 'user', 1, NULL, '628234359830', 'ahmad@gmail.com', NULL, '$2y$10$ZxUWiVmmUbg0QuJ1sgD7uu8P5/2l8pYd7pV7fPYdcj7wuCTwWD5Im', NULL, NULL, NULL, 0, 0, 0, 0, 1, 0, 0, NULL, NULL, '{\"color\":\"000000\",\"background\":\"5c6bc0\"}', NULL, NULL, NULL, NULL, NULL, NULL, NULL, NULL, NULL, NULL, 'all', 'pending', 1, NULL, NULL, 'Asia/Jakarta', 0, 0, NULL, NULL, NULL, 0, 0, 0, NULL, NULL, 0, NULL, 1683607529, NULL, NULL),
(1052, 'zain ihsan', 'user', 1, NULL, '6282343411396', 'zaingroups5@gmail.com', NULL, '$2y$10$ID.b4gI0uJbTsEcZuoO28eyD3SuP7FqC.UWXenil/GYYXKspnoKFa', NULL, NULL, 'WYdBSjOJL249mfk4YdAe6RYKVrohZZghMlJI5fp1PeP4O2VODMnPwY4CfkLe', 0, 0, 0, 0, 1, 0, 0, NULL, NULL, '{\"color\":\"000000\",\"background\":\"26a69a\"}', NULL, NULL, NULL, NULL, NULL, NULL, NULL, NULL, NULL, NULL, 'all', 'active', 1, 'ID', NULL, 'Asia/Jakarta', 0, 0, NULL, NULL, NULL, 0, 0, 0, NULL, NULL, 0, NULL, 1683611401, NULL, NULL),
(1053, 'Jamal Mahajana', 'organization', 3, NULL, '6286924466111', 'zataone.id@gmail.com', NULL, '$2y$10$ARf3lqhwgTVFjUmnupVBxO9zvS2j39RZOHWmWqjUKOPoM3qTh6ob6', NULL, NULL, 'PGJougASFTYvCIdxNvxc6bkuM110PP9rZsCjGBU0KJSXdSxMql7AF9Jl7Mmn', 0, 0, 0, 0, 1, 0, 0, NULL, '/store/1/profile_male/foto iii.jpg', '{\"color\":\"FFFFFF\",\"background\":\"c0ca33\"}', NULL, NULL, NULL, NULL, NULL, NULL, NULL, NULL, NULL, NULL, 'all', 'active', 1, NULL, NULL, 'Asia/Jakarta', 0, 0, NULL, NULL, NULL, 0, 0, 0, NULL, NULL, 0, NULL, 1683700283, NULL, NULL),
(1054, 'Yoga Wasana', 'teacher', 4, 1053, '86924433422', 'zstudyid@gmail.com', NULL, '$2y$10$DUG9jt0b.Ron723BGlMlK.tX/jUb2M/WkPnhNgXS5hh3RTMgzcZfa', NULL, NULL, 'byLP9XtVW2rKgdx9JuuVBDfynLg4Gmxz8mo77qOLAfl93OCnv9QgzRuXOan3', 0, 1, 0, 0, 1, 0, 0, NULL, '/store/1/profile_male/avatar10.png', '{\"color\":\"000000\",\"background\":\"00b0ff\"}', NULL, NULL, NULL, NULL, NULL, NULL, NULL, NULL, NULL, NULL, 'all', 'active', 1, 'ID', NULL, 'Asia/Jakarta', 1, 1, NULL, NULL, NULL, 0, 0, 0, NULL, NULL, 0, NULL, 1683702876, NULL, NULL),
(1055, 'Wibisana Tri Sada', 'teacher', 4, 859, '089672747092', 'alvinrr91@gmail.com', NULL, '$2y$10$D.CEPMMMB1CNjx6EiQS0f.gOVqruMYtVLVZrs4IZA6OJnTCqwEGyy', NULL, NULL, NULL, 0, 1, 0, 0, 1, 0, 0, NULL, '/store/1/profile_male/avatar1.png', '{\"color\":\"FFFFFF\",\"background\":\"1976d2\"}', NULL, NULL, NULL, NULL, NULL, NULL, NULL, NULL, NULL, NULL, 'all', 'active', 1, 'ID', NULL, 'Asia/Jakarta', 1, 1, NULL, NULL, NULL, 0, 0, 0, NULL, NULL, 0, NULL, 1683705604, NULL, NULL),
(1056, NULL, 'user', 1, NULL, NULL, 'indahsuryaningsih538@gmail.com', NULL, '$2y$10$cZLDoDQcst7RKG189F4B9.AOSp4tdrXbDX0lh394NbqGCHNU4/Tqe', NULL, NULL, NULL, 0, 0, 0, 0, 1, 0, 0, NULL, NULL, '{\"color\":\"000000\",\"background\":\"ffff00\"}', NULL, NULL, NULL, NULL, NULL, NULL, NULL, NULL, NULL, NULL, 'all', 'pending', 1, NULL, NULL, NULL, 0, 0, NULL, NULL, NULL, 0, 0, 0, NULL, NULL, 0, NULL, 1684724856, NULL, NULL),
(1057, NULL, 'user', 1, NULL, NULL, 'indah@gmail.com', NULL, '$2y$10$Sg54whxxjCbTyzCJqKodKuXdbaG.yXYfwvRYcUx6za5fGG1lmnFEq', NULL, NULL, NULL, 0, 0, 0, 0, 1, 0, 0, NULL, NULL, '{\"color\":\"000000\",\"background\":\"ffff8d\"}', NULL, NULL, NULL, NULL, NULL, NULL, NULL, NULL, NULL, NULL, 'all', 'pending', 1, NULL, NULL, NULL, 0, 0, NULL, NULL, NULL, 0, 0, 0, NULL, NULL, 0, NULL, 1684724917, NULL, NULL),
(1058, 'Zaka Aryaguna', 'user', 1, NULL, '6282395768542', 'zainahmadtaufik062@gmail.com', NULL, '$2y$10$0yoRFCxmxqLHJ.yJVuIAouQfJ.oigFhmZO9zQtxfqryJWnAsjryIu', NULL, NULL, NULL, 0, 0, 0, 0, 1, 0, 0, NULL, NULL, '{\"color\":\"000000\",\"background\":\"ffcc80\"}', NULL, NULL, NULL, NULL, NULL, NULL, NULL, NULL, NULL, NULL, 'all', 'active', 1, NULL, NULL, 'Asia/Jakarta', 0, 0, NULL, NULL, NULL, 0, 0, 0, NULL, NULL, 0, NULL, 1686707519, NULL, NULL),
(1059, 'Indah Suryaningsih', 'user', 1, NULL, '6285803346153', 'indahrazenit@gmail.com', NULL, '$2y$10$r/hQGJ6McanCb78GWcCmHOhRhOqMB.NAk/aIcph2LSv8JqOADhDJC', NULL, NULL, 'X16pMBYqCizMv8BY2e5CYTnFtd31m0xoVT52TmK4puJZ6Gw1r6IEScxb1yxg', 258, 0, 0, 0, 1, 0, 0, NULL, NULL, '{\"color\":\"FFFFFF\",\"background\":\"880E4F\"}', NULL, NULL, NULL, NULL, NULL, NULL, NULL, NULL, NULL, NULL, 'all', 'active', 1, NULL, NULL, 'Asia/Jakarta', 0, 0, NULL, NULL, NULL, 0, 0, 0, NULL, NULL, 0, NULL, 1690951062, NULL, NULL),
(1060, 'Bella', 'user', 1, NULL, NULL, 'rossabeladwita@gmail.com', NULL, '$2y$10$PbGlCbRFMwDvZlTRTpxCZetfDvZXxhBdlDCTEbu1C111IYweP8rvi', NULL, NULL, NULL, 0, 0, 0, 0, 1, 0, 0, NULL, NULL, '{\"color\":\"000000\",\"background\":\"9e9e9e\"}', NULL, NULL, NULL, NULL, NULL, NULL, NULL, NULL, NULL, NULL, 'all', 'active', 1, 'ID', NULL, NULL, 0, 0, NULL, NULL, NULL, 0, 0, 0, NULL, NULL, 0, NULL, 1692697133, NULL, NULL);

-- --------------------------------------------------------

--
-- Table structure for table `users_badges`
--

CREATE TABLE `users_badges` (
  `id` int(10) UNSIGNED NOT NULL,
  `user_id` int(10) UNSIGNED NOT NULL,
  `badge_id` int(10) UNSIGNED NOT NULL,
  `created_at` int(10) UNSIGNED NOT NULL
) ENGINE=InnoDB DEFAULT CHARSET=utf8mb4 COLLATE=utf8mb4_unicode_ci ROW_FORMAT=DYNAMIC;

-- --------------------------------------------------------

--
-- Table structure for table `users_cookie_security`
--

CREATE TABLE `users_cookie_security` (
  `id` int(10) UNSIGNED NOT NULL,
  `user_id` int(10) UNSIGNED NOT NULL,
  `type` enum('all','customize') NOT NULL,
  `settings` text DEFAULT NULL,
  `created_at` bigint(20) UNSIGNED NOT NULL
) ENGINE=InnoDB DEFAULT CHARSET=utf8mb4 COLLATE=utf8mb4_unicode_ci;

--
-- Dumping data for table `users_cookie_security`
--

INSERT INTO `users_cookie_security` (`id`, `user_id`, `type`, `settings`, `created_at`) VALUES
(1, 1015, 'all', NULL, 1655621683),
(2, 1, 'all', NULL, 1655624844),
(3, 934, 'all', NULL, 1655627382),
(4, 1016, 'all', NULL, 1655790120),
(5, 930, 'all', NULL, 1655790832),
(6, 929, 'all', NULL, 1655799536),
(7, 995, 'all', NULL, 1655872658),
(8, 996, 'all', NULL, 1655875490),
(9, 923, 'all', NULL, 1656104015),
(10, 979, 'all', NULL, 1656139682),
(11, 1019, 'all', NULL, 1656571625);

-- --------------------------------------------------------

--
-- Table structure for table `users_manual_purchase`
--

CREATE TABLE `users_manual_purchase` (
  `id` int(10) UNSIGNED NOT NULL,
  `user_id` int(10) UNSIGNED NOT NULL,
  `webinar_id` int(10) UNSIGNED NOT NULL,
  `access` tinyint(1) NOT NULL DEFAULT 0,
  `created_at` bigint(20) UNSIGNED NOT NULL
) ENGINE=InnoDB DEFAULT CHARSET=utf8mb4 COLLATE=utf8mb4_unicode_ci;

-- --------------------------------------------------------

--
-- Table structure for table `users_metas`
--

CREATE TABLE `users_metas` (
  `id` int(10) UNSIGNED NOT NULL,
  `user_id` int(10) UNSIGNED NOT NULL,
  `name` varchar(255) NOT NULL,
  `value` text NOT NULL
) ENGINE=InnoDB DEFAULT CHARSET=utf8mb4 COLLATE=utf8mb4_unicode_ci;

--
-- Dumping data for table `users_metas`
--

INSERT INTO `users_metas` (`id`, `user_id`, `name`, `value`) VALUES
(21, 1016, 'education', 'BS in Mechanical Engineering from Santa Clara University'),
(22, 1016, 'education', 'MS in Mechanical Engineering from Santa Clara University'),
(23, 1016, 'experience', 'professional instructor and trainer for Data Science and programming'),
(24, 1016, 'experience', 'Head of Data Science for Pierian Data Inc'),
(25, 1015, 'experience', 'supporting proprietary Unix operating systems including AIX, HP-UX, and Solaris.'),
(26, 1015, 'experience', '10 years of experience working with Linux systems'),
(27, 1015, 'education', 'Red Hat Certified Engineer (RHCE)'),
(28, 1015, 'education', 'AWS Certified DevOps Engineer - Professional'),
(29, 1015, 'education', 'Linux Foundation Certified System Administrator'),
(30, 929, 'experience', 'Director at Cisco Systems 2015 - 2021'),
(31, 929, 'experience', 'research assistant at Harvard University 2010 - 2019'),
(32, 929, 'experience', 'Amazon bestselling author'),
(33, 923, 'experience', 'marketing strategies at Microlab 2010-2015'),
(34, 923, 'education', 'Associate of Business Administration from Imperial College London'),
(35, 923, 'education', 'Bachelor of International Business Economics from University of Cambridge'),
(36, 923, 'education', 'Master of Business Administration from King\'s College London'),
(37, 3, 'experience', 'Five-time TED speaker'),
(38, 3, 'education', 'Associate of Applied Business from Stanford University'),
(39, 3, 'education', 'Bachelor of Science in Business from Harvard University'),
(40, 3, 'education', 'Master of Computational Finance from University of Chicago'),
(41, 870, 'education', 'Associate in Physical Therapy from University of British Columbia'),
(42, 870, 'education', 'Bachelor of Arts in Psychology from Duke University'),
(43, 870, 'education', 'Master of Public Health from Cornell University'),
(44, 929, 'education', 'Associate of Applied Business from University of Leeds'),
(45, 929, 'education', 'Bachelor of Management and Organizational Studies from University of Sheffield'),
(46, 929, 'education', 'Master of Management from Durham University'),
(47, 934, 'education', 'Bachelor of Science in Information Technology from University of Glasgow'),
(48, 934, 'education', 'Master of Science in Information Systems (MSIS) from Delft University of Technology'),
(49, 934, 'experience', 'Web Developer at Uber 2015 - 2018'),
(50, 1015, 'education', 'Master of Science in Information Systems (MSIS) from University of Sydney'),
(51, 1016, 'gender', 'man'),
(52, 1016, 'age', '29'),
(53, 1016, 'address', 'Luib, 72 Wern Ddu Lane'),
(54, 1015, 'address', 'Al Wakrah ,27904 Hilpert Knoll'),
(55, 934, 'gender', 'woman'),
(56, 934, 'age', '32'),
(57, 934, 'address', 'OX7 3NH, England, Oxfordshire, Ascott-under-Wychwood'),
(58, 1015, 'gender', 'man'),
(59, 1015, 'age', '27'),
(60, 929, 'gender', 'woman'),
(61, 929, 'age', '24'),
(62, 929, 'address', '668, Katra Hira Lal, Chandni Chowk'),
(63, 870, 'gender', 'woman'),
(64, 870, 'age', '28'),
(65, 870, 'address', '99 boulevard de Prague'),
(66, 3, 'gender', 'man'),
(67, 3, 'age', '36'),
(68, 3, 'address', '638153, Tamil Nadu, Modakkurichi, Elumathur'),
(69, 859, 'age', '30'),
(70, 859, 'address', '6N736 MEDINAH RD , MEDINAH, IL'),
(71, 863, 'age', '22'),
(72, 863, 'address', '19, Janata Market, Nerul, Navi Mumbai'),
(73, 864, 'address', 'No. 13 Poultry Farm Ave., South Odorkor ESt.'),
(74, 867, 'address', 'Massachusetts, West Roxbury, 3979 Smith Street'),
(75, 1048, 'certificate_additional', 'a'),
(76, 1049, 'certificate_additional', '-'),
(77, 1050, 'certificate_additional', '1'),
(78, 1051, 'certificate_additional', 'informatika'),
(79, 1052, 'certificate_additional', 'informatika'),
(80, 1053, 'certificate_additional', 'teknologi'),
(81, 1058, 'certificate_additional', 'teknologi');

-- --------------------------------------------------------

--
-- Table structure for table `users_occupations`
--

CREATE TABLE `users_occupations` (
  `id` int(10) UNSIGNED NOT NULL,
  `user_id` int(10) UNSIGNED NOT NULL,
  `category_id` int(10) UNSIGNED NOT NULL
) ENGINE=InnoDB DEFAULT CHARSET=utf8mb4 COLLATE=utf8mb4_unicode_ci ROW_FORMAT=DYNAMIC;

-- --------------------------------------------------------

--
-- Table structure for table `users_registration_packages`
--

CREATE TABLE `users_registration_packages` (
  `id` bigint(20) UNSIGNED NOT NULL,
  `user_id` int(10) UNSIGNED NOT NULL,
  `instructors_count` int(11) DEFAULT NULL,
  `students_count` int(11) DEFAULT NULL,
  `courses_capacity` int(11) DEFAULT NULL,
  `courses_count` int(11) DEFAULT NULL,
  `meeting_count` int(11) DEFAULT NULL,
  `status` enum('disabled','active') NOT NULL,
  `created_at` int(10) UNSIGNED NOT NULL
) ENGINE=InnoDB DEFAULT CHARSET=utf8mb4 COLLATE=utf8mb4_unicode_ci;

-- --------------------------------------------------------

--
-- Table structure for table `users_zoom_api`
--

CREATE TABLE `users_zoom_api` (
  `id` int(10) UNSIGNED NOT NULL,
  `user_id` int(10) UNSIGNED NOT NULL,
  `jwt_token` text DEFAULT NULL,
  `api_key` text DEFAULT NULL,
  `api_secret` text DEFAULT NULL,
  `created_at` int(11) NOT NULL
) ENGINE=InnoDB DEFAULT CHARSET=utf8mb4 COLLATE=utf8mb4_unicode_ci;

--
-- Dumping data for table `users_zoom_api`
--

INSERT INTO `users_zoom_api` (`id`, `user_id`, `jwt_token`, `api_key`, `api_secret`, `created_at`) VALUES
(3, 1015, 'eyJhbGciOiJIUzI1NiJ9.eyJhdWQiOm51bGwsImlzcyI6IlJvSDREeURtU2lHQTNjMXhMejFoUWciLCJleHAiOjE3NjYyNTAwMDAsImlhdCI6MTYyNDk2NjMwM30.exdStLAnK4V4jIFd6CtLCX_4nvMYLpX1JqMj70If04s', 'x1u5-C4FSdGsqweFlMGO7A', 'AOtbi0nkg9ThD1DtlNUlQB9C8cV670eGzqQR', 1624966312);

-- --------------------------------------------------------

--
-- Table structure for table `user_banks`
--

CREATE TABLE `user_banks` (
  `id` int(10) UNSIGNED NOT NULL,
  `logo` varchar(255) NOT NULL,
  `created_at` bigint(20) UNSIGNED NOT NULL
) ENGINE=InnoDB DEFAULT CHARSET=utf8mb4 COLLATE=utf8mb4_unicode_ci;

--
-- Dumping data for table `user_banks`
--

INSERT INTO `user_banks` (`id`, `logo`, `created_at`) VALUES
(4, '/store/1/default_images/payment gateways/paypal.png', 1678874235),
(5, '/store/1/default_images/payment gateways/stripe.png', 1679090196);

-- --------------------------------------------------------

--
-- Table structure for table `user_bank_specifications`
--

CREATE TABLE `user_bank_specifications` (
  `id` int(10) UNSIGNED NOT NULL,
  `user_bank_id` int(10) UNSIGNED NOT NULL
) ENGINE=InnoDB DEFAULT CHARSET=utf8mb4 COLLATE=utf8mb4_unicode_ci;

--
-- Dumping data for table `user_bank_specifications`
--

INSERT INTO `user_bank_specifications` (`id`, `user_bank_id`) VALUES
(10, 4),
(11, 4),
(12, 5),
(13, 5);

-- --------------------------------------------------------

--
-- Table structure for table `user_bank_specification_translations`
--

CREATE TABLE `user_bank_specification_translations` (
  `id` int(10) UNSIGNED NOT NULL,
  `user_bank_specification_id` int(10) UNSIGNED NOT NULL,
  `locale` varchar(255) NOT NULL,
  `name` varchar(255) NOT NULL
) ENGINE=InnoDB DEFAULT CHARSET=utf8mb4 COLLATE=utf8mb4_unicode_ci;

--
-- Dumping data for table `user_bank_specification_translations`
--

INSERT INTO `user_bank_specification_translations` (`id`, `user_bank_specification_id`, `locale`, `name`) VALUES
(15, 10, 'en', 'Account Holder'),
(16, 11, 'en', 'Email'),
(17, 12, 'en', 'Account Holder'),
(18, 13, 'en', 'Account ID'),
(19, 12, 'id', 'Account Holder'),
(20, 13, 'id', 'Account ID'),
(21, 10, 'id', 'Account Holder'),
(22, 11, 'id', 'Email');

-- --------------------------------------------------------

--
-- Table structure for table `user_bank_translations`
--

CREATE TABLE `user_bank_translations` (
  `id` int(10) UNSIGNED NOT NULL,
  `user_bank_id` int(10) UNSIGNED NOT NULL,
  `locale` varchar(255) NOT NULL,
  `title` varchar(255) NOT NULL
) ENGINE=InnoDB DEFAULT CHARSET=utf8mb4 COLLATE=utf8mb4_unicode_ci;

--
-- Dumping data for table `user_bank_translations`
--

INSERT INTO `user_bank_translations` (`id`, `user_bank_id`, `locale`, `title`) VALUES
(6, 4, 'en', 'Paypal'),
(7, 5, 'en', 'Stripe'),
(8, 5, 'id', 'Stripe'),
(9, 4, 'id', 'Paypal');

-- --------------------------------------------------------

--
-- Table structure for table `user_selected_banks`
--

CREATE TABLE `user_selected_banks` (
  `id` int(10) UNSIGNED NOT NULL,
  `user_id` int(10) UNSIGNED NOT NULL,
  `user_bank_id` int(10) UNSIGNED NOT NULL
) ENGINE=InnoDB DEFAULT CHARSET=utf8mb4 COLLATE=utf8mb4_unicode_ci;

-- --------------------------------------------------------

--
-- Table structure for table `user_selected_bank_specifications`
--

CREATE TABLE `user_selected_bank_specifications` (
  `id` int(10) UNSIGNED NOT NULL,
  `user_selected_bank_id` int(10) UNSIGNED NOT NULL,
  `user_bank_specification_id` int(10) UNSIGNED NOT NULL,
  `value` text NOT NULL
) ENGINE=InnoDB DEFAULT CHARSET=utf8mb4 COLLATE=utf8mb4_unicode_ci;

-- --------------------------------------------------------

--
-- Table structure for table `verifications`
--

CREATE TABLE `verifications` (
  `id` int(10) UNSIGNED NOT NULL,
  `user_id` int(10) UNSIGNED DEFAULT NULL,
  `mobile` char(16) DEFAULT NULL,
  `email` char(64) DEFAULT NULL,
  `code` char(6) NOT NULL,
  `verified_at` int(10) UNSIGNED DEFAULT NULL,
  `expired_at` int(10) UNSIGNED DEFAULT NULL,
  `created_at` int(10) UNSIGNED NOT NULL
) ENGINE=InnoDB DEFAULT CHARSET=utf8mb4 COLLATE=utf8mb4_unicode_ci ROW_FORMAT=DYNAMIC;

--
-- Dumping data for table `verifications`
--

INSERT INTO `verifications` (`id`, `user_id`, `mobile`, `email`, `code`, `verified_at`, `expired_at`, `created_at`) VALUES
(57, 996, NULL, 'test@gmail.com', '52692', NULL, 1626247575, 1626243975),
(58, 995, NULL, 'student@demo.com', '30257', 1626246439, 1626246489, 1626246375),
(59, 1017, NULL, 'a.pmelaa@gmail.com', '86261', 1639378855, 1639378905, 1639378748),
(84, 1045, NULL, 'tyshun.zaydrian@foundtoo.com', '28503', 1678958778, 1678958828, 1678958736),
(85, 1046, NULL, 'kelii.kendryk@foundtoo.com', '69646', 1678959533, 1678959583, 1678959456),
(86, 1048, NULL, 'johanshow1@gmail.com', '69826', NULL, 1682673409, 1682669809),
(87, 1049, NULL, 'siswa@email.com', '93658', NULL, 1683529095, 1683525495),
(88, 1050, NULL, 'pendekarbengkel@gmail.com', '63388', 1683527441, 1683527491, 1683525647),
(89, 1051, NULL, 'ahmad@gmail.com', '36841', NULL, 1683611130, 1683607530),
(90, 1052, NULL, 'zaingroups5@gmail.com', '76577', 1683611778, 1683611828, 1683611403),
(91, 1053, NULL, 'zataone.id@gmail.com', '29263', 1683700310, 1683700360, 1683700285),
(92, 1056, NULL, 'indahsuryaningsih538@gmail.com', '25473', NULL, 1684728481, 1684724881),
(93, 1057, NULL, 'indah@gmail.com', '26440', NULL, 1684728580, 1684724980),
(94, 1058, NULL, 'zainahmadtaufik062@gmail.com', '95573', 1686707680, 1686707730, 1686707519),
(95, 1059, NULL, 'indahrazenit@gmail.com', '84993', 1690951380, 1690951430, 1690951370),
(96, 1060, NULL, 'rossabeladwita@gmail.com', '72298', 1692697201, 1692697251, 1692697175);

-- --------------------------------------------------------

--
-- Table structure for table `waitlists`
--

CREATE TABLE `waitlists` (
  `id` int(10) UNSIGNED NOT NULL,
  `webinar_id` int(10) UNSIGNED NOT NULL,
  `user_id` int(10) UNSIGNED DEFAULT NULL,
  `full_name` varchar(255) DEFAULT NULL,
  `email` varchar(255) DEFAULT NULL,
  `phone` varchar(255) DEFAULT NULL,
  `created_at` bigint(20) UNSIGNED NOT NULL
) ENGINE=InnoDB DEFAULT CHARSET=utf8mb4 COLLATE=utf8mb4_unicode_ci;

-- --------------------------------------------------------

--
-- Table structure for table `webinars`
--

CREATE TABLE `webinars` (
  `id` int(10) UNSIGNED NOT NULL,
  `teacher_id` int(10) UNSIGNED NOT NULL,
  `creator_id` int(10) UNSIGNED NOT NULL,
  `category_id` int(10) UNSIGNED DEFAULT NULL,
  `type` enum('webinar','course','text_lesson') NOT NULL,
  `private` tinyint(1) NOT NULL DEFAULT 0,
  `slug` varchar(255) NOT NULL,
  `start_date` int(11) DEFAULT NULL,
  `duration` int(10) UNSIGNED DEFAULT NULL,
  `timezone` varchar(255) DEFAULT NULL,
  `thumbnail` varchar(255) NOT NULL,
  `image_cover` varchar(255) NOT NULL,
  `video_demo` varchar(255) DEFAULT NULL,
  `video_demo_source` enum('upload','youtube','vimeo','external_link') DEFAULT NULL,
  `capacity` int(10) UNSIGNED DEFAULT NULL,
  `price` double(15,2) UNSIGNED DEFAULT NULL,
  `organization_price` double(15,2) UNSIGNED DEFAULT NULL,
  `support` tinyint(1) DEFAULT 0,
  `certificate` tinyint(1) NOT NULL DEFAULT 0,
  `downloadable` tinyint(1) DEFAULT 0,
  `partner_instructor` tinyint(1) DEFAULT 0,
  `subscribe` tinyint(1) DEFAULT 0,
  `forum` tinyint(1) NOT NULL DEFAULT 0,
  `enable_waitlist` tinyint(1) NOT NULL DEFAULT 0,
  `access_days` int(10) UNSIGNED DEFAULT NULL COMMENT 'Number of days to access the course',
  `points` int(11) DEFAULT NULL,
  `message_for_reviewer` text DEFAULT NULL,
  `status` enum('active','pending','is_draft','inactive') NOT NULL,
  `created_at` int(11) NOT NULL,
  `updated_at` int(11) DEFAULT NULL,
  `deleted_at` int(11) DEFAULT NULL
) ENGINE=InnoDB DEFAULT CHARSET=utf8mb4 COLLATE=utf8mb4_unicode_ci ROW_FORMAT=DYNAMIC;

--
-- Dumping data for table `webinars`
--

INSERT INTO `webinars` (`id`, `teacher_id`, `creator_id`, `category_id`, `type`, `private`, `slug`, `start_date`, `duration`, `timezone`, `thumbnail`, `image_cover`, `video_demo`, `video_demo_source`, `capacity`, `price`, `organization_price`, `support`, `certificate`, `downloadable`, `partner_instructor`, `subscribe`, `forum`, `enable_waitlist`, `access_days`, `points`, `message_for_reviewer`, `status`, `created_at`, `updated_at`, `deleted_at`) VALUES
(2032, 859, 859, NULL, 'webinar', 0, 'Laravel-Expert', NULL, NULL, NULL, '/store/859/certificate.jpg', '/store/859/unnamed.jpg', NULL, NULL, NULL, NULL, NULL, 0, 0, 0, 0, 0, 0, 0, NULL, NULL, NULL, 'is_draft', 1683863992, NULL, NULL),
(2034, 859, 859, NULL, 'webinar', 0, 'uhnkunh-uh', NULL, NULL, NULL, '/store/859/certificate.jpg', '/store/859/download.jpg', NULL, NULL, NULL, NULL, NULL, 0, 0, 0, 0, 0, 0, 0, NULL, NULL, NULL, 'is_draft', 1683874909, NULL, NULL),
(2038, 867, 867, 614, 'text_lesson', 0, 'Cerita-Anak-Beautiful-Book', NULL, 60, 'Asia/Jakarta', '/store/1/ebook/sampul.jpg', '/store/1/default_images/bacapustaka-cover_kategori.jpg', NULL, NULL, NULL, NULL, NULL, 0, 0, 0, 0, 0, 0, 0, NULL, NULL, NULL, 'active', 1690268026, 1690268688, NULL),
(2039, 867, 867, 614, 'text_lesson', 0, 'Aku Bangga Menjadi Muslim', NULL, 60, 'Asia/Jakarta', '/store/1/ebook/sampul.jpg', '/store/1/default_images/bacapustaka-cover_kategori.jpg', NULL, NULL, 0, NULL, NULL, 0, 0, 0, 0, 0, 0, 0, NULL, NULL, NULL, 'active', 1690269094, 1690269714, NULL),
(2040, 867, 867, 526, 'text_lesson', 0, 'Belajar Dasar-Dasar Microsoft Word Panduan Lengkap untuk Pemula', NULL, 20, 'Asia/Jakarta', '/store/1/default_images/WhatsApp Image 2023-08-04 at 14.15.33.jpeg', '/store/1/default_images/WhatsApp Image 2023-08-04 at 14.15.33.jpeg', NULL, NULL, NULL, 10000.00, NULL, 0, 0, 0, 0, 0, 0, 0, NULL, NULL, NULL, 'active', 1690269989, 1691133706, NULL),
(2041, 867, 867, 613, 'text_lesson', 0, 'The Game of Life and How to Play It', NULL, 150, 'Asia/Jakarta', '/store/1/audiobook/gameoflife/Game_Life_How_Play_1207.jpg', '/store/1/default_images/bacapustaka-cover_kategori.jpg', NULL, NULL, NULL, NULL, NULL, 0, 0, 0, 0, 0, 0, 0, NULL, NULL, NULL, 'is_draft', 1690270769, 1690619333, NULL),
(2042, 3, 3, 613, 'course', 0, 'Al-Qur-an-Al-Fatihah', NULL, 1, NULL, '/store/3/al-quran-hikmah-7_169.jpeg', '/store/3/al-quran-hikmah-7_169.jpeg', NULL, NULL, NULL, NULL, NULL, 1, 1, 1, 0, 0, 0, 0, NULL, NULL, NULL, 'active', 1690345977, 1692677190, NULL),
(2043, 1053, 1053, 614, 'text_lesson', 0, 'tester', NULL, 400, 'Asia/Jakarta', '/store/1/default_images/admin_dashboard.jpg', '/store/1/default_images/admin_dashboard.jpg', NULL, NULL, 12, NULL, NULL, 0, 0, 0, 0, 0, 0, 0, NULL, NULL, NULL, 'pending', 1690616604, 1690616604, NULL),
(2044, 867, 867, 614, 'text_lesson', 0, 'MENGAPA BABI HARAM - JAWABAN TELAK', NULL, 60, 'Asia/Jakarta', '/store/1/ebook/sampul.jpg', '/store/1/default_images/bacapustaka-cover_kategori.jpg', NULL, NULL, 0, NULL, NULL, 0, 0, 0, 0, 0, 0, 0, NULL, NULL, NULL, 'active', 1690269094, 1690269714, NULL),
(2045, 867, 867, 614, 'text_lesson', 0, '! MENGAPA BABI HARAM JAWABAN TELAK !!!', NULL, 60, 'Asia/Jakarta', '/store/1/ebook/sampul.jpg', '/store/1/default_images/bacapustaka-cover_kategori.jpg', NULL, NULL, 0, NULL, NULL, 0, 0, 0, 0, 0, 0, 0, NULL, NULL, NULL, 'active', 1690269094, 1690269714, NULL),
(2046, 867, 867, 614, 'text_lesson', 0, '00 hukum hukum thalaq', NULL, 60, 'Asia/Jakarta', '/store/1/ebook/sampul.jpg', '/store/1/default_images/bacapustaka-cover_kategori.jpg', NULL, NULL, 0, NULL, NULL, 0, 0, 0, 0, 0, 0, 0, NULL, NULL, NULL, 'active', 1690269094, 1690269714, NULL),
(2047, 867, 867, 614, 'text_lesson', 0, '00 tahlilan dalam timbangan islam', NULL, 60, 'Asia/Jakarta', '/store/1/ebook/sampul.jpg', '/store/1/default_images/bacapustaka-cover_kategori.jpg', NULL, NULL, 0, NULL, NULL, 0, 0, 0, 0, 0, 0, 0, NULL, NULL, NULL, 'active', 1690269094, 1690269714, NULL),
(2048, 867, 867, 614, 'text_lesson', 0, '01. Pedang Bintang Aji Saka', NULL, 60, 'Asia/Jakarta', '/store/1/ebook/sampul.jpg', '/store/1/default_images/bacapustaka-cover_kategori.jpg', NULL, NULL, 0, NULL, NULL, 0, 0, 0, 0, 0, 0, 0, NULL, NULL, NULL, 'active', 1690269094, 1690269714, NULL),
(2049, 867, 867, 614, 'text_lesson', 0, '02. Dewi Penyebar Maut', NULL, 60, 'Asia/Jakarta', '/store/1/ebook/sampul.jpg', '/store/1/default_images/bacapustaka-cover_kategori.jpg', NULL, NULL, 0, NULL, NULL, 0, 0, 0, 0, 0, 0, 0, NULL, NULL, NULL, 'active', 1690269094, 1690269714, NULL),
(2050, 867, 867, 614, 'text_lesson', 0, '03. Cinta Sang Pendekar', NULL, 60, 'Asia/Jakarta', '/store/1/ebook/sampul.jpg', '/store/1/default_images/bacapustaka-cover_kategori.jpg', NULL, NULL, 0, NULL, NULL, 0, 0, 0, 0, 0, 0, 0, NULL, NULL, NULL, 'active', 1690269094, 1690269714, NULL),
(2051, 867, 867, 614, 'text_lesson', 0, '04 Hukum Hukum Seputar Hari Raya Idul Adha', NULL, 60, 'Asia/Jakarta', '/store/1/ebook/sampul.jpg', '/store/1/default_images/bacapustaka-cover_kategori.jpg', NULL, NULL, 0, NULL, NULL, 0, 0, 0, 0, 0, 0, 0, NULL, NULL, NULL, 'active', 1690269094, 1690269714, NULL),
(2052, 867, 867, 614, 'text_lesson', 0, '04. Raksasa Rimba Neraka', NULL, 60, 'Asia/Jakarta', '/store/1/ebook/sampul.jpg', '/store/1/default_images/bacapustaka-cover_kategori.jpg', NULL, NULL, 0, NULL, NULL, 0, 0, 0, 0, 0, 0, 0, NULL, NULL, NULL, 'active', 1690269094, 1690269714, NULL),
(2053, 867, 867, 614, 'text_lesson', 0, '05 Hukum Taqlid Pada Ilmu Tauhid', NULL, 60, 'Asia/Jakarta', '/store/1/ebook/sampul.jpg', '/store/1/default_images/bacapustaka-cover_kategori.jpg', NULL, NULL, 0, NULL, NULL, 0, 0, 0, 0, 0, 0, 0, NULL, NULL, NULL, 'active', 1690269094, 1690269714, NULL),
(2054, 867, 867, 614, 'text_lesson', 0, '05. Banjir Darah di Bojong Gading', NULL, 60, 'Asia/Jakarta', '/store/1/ebook/sampul.jpg', '/store/1/default_images/bacapustaka-cover_kategori.jpg', NULL, NULL, 0, NULL, NULL, 0, 0, 0, 0, 0, 0, 0, NULL, NULL, NULL, 'active', 1690269094, 1690269714, NULL),
(2055, 867, 867, 614, 'text_lesson', 0, '06. Prahara Hutan Bandan', NULL, 60, 'Asia/Jakarta', '/store/1/ebook/sampul.jpg', '/store/1/default_images/bacapustaka-cover_kategori.jpg', NULL, NULL, 0, NULL, NULL, 0, 0, 0, 0, 0, 0, 0, NULL, NULL, NULL, 'active', 1690269094, 1690269714, NULL),
(2056, 867, 867, 614, 'text_lesson', 0, '06.PraharaHutanBandan', NULL, 60, 'Asia/Jakarta', '/store/1/ebook/sampul.jpg', '/store/1/default_images/bacapustaka-cover_kategori.jpg', NULL, NULL, 0, NULL, NULL, 0, 0, 0, 0, 0, 0, 0, NULL, NULL, NULL, 'active', 1690269094, 1690269714, NULL),
(2057, 867, 867, 614, 'text_lesson', 0, '06 makanan yang diharamkan', NULL, 60, 'Asia/Jakarta', '/store/1/ebook/sampul.jpg', '/store/1/default_images/bacapustaka-cover_kategori.jpg', NULL, NULL, 0, NULL, NULL, 0, 0, 0, 0, 0, 0, 0, NULL, NULL, NULL, 'active', 1690269094, 1690269714, NULL),
(2058, 867, 867, 614, 'text_lesson', 0, '07. Rahasia Surat Berdarah', NULL, 60, 'Asia/Jakarta', '/store/1/ebook/sampul.jpg', '/store/1/default_images/bacapustaka-cover_kategori.jpg', NULL, NULL, 0, NULL, NULL, 0, 0, 0, 0, 0, 0, 0, NULL, NULL, NULL, 'active', 1690269094, 1690269714, NULL),
(2059, 867, 867, 614, 'text_lesson', 0, '08. Penganut Ilmu Hitam', NULL, 60, 'Asia/Jakarta', '/store/1/ebook/sampul.jpg', '/store/1/default_images/bacapustaka-cover_kategori.jpg', NULL, NULL, 0, NULL, NULL, 0, 0, 0, 0, 0, 0, 0, NULL, NULL, NULL, 'active', 1690269094, 1690269714, NULL),
(2060, 867, 867, 614, 'text_lesson', 0, '09. Pendekar Tangan Baja', NULL, 60, 'Asia/Jakarta', '/store/1/ebook/sampul.jpg', '/store/1/default_images/bacapustaka-cover_kategori.jpg', NULL, NULL, 0, NULL, NULL, 0, 0, 0, 0, 0, 0, 0, NULL, NULL, NULL, 'active', 1690269094, 1690269714, NULL),
(2061, 867, 867, 614, 'text_lesson', 0, '090301 tentang mencuri dan hukumannya', NULL, 60, 'Asia/Jakarta', '/store/1/ebook/sampul.jpg', '/store/1/default_images/bacapustaka-cover_kategori.jpg', NULL, NULL, 0, NULL, NULL, 0, 0, 0, 0, 0, 0, 0, NULL, NULL, NULL, 'active', 1690269094, 1690269714, NULL),
(2062, 867, 867, 614, 'text_lesson', 0, '1 menit yang mengubah hidup anda', NULL, 60, 'Asia/Jakarta', '/store/1/ebook/sampul.jpg', '/store/1/default_images/bacapustaka-cover_kategori.jpg', NULL, NULL, 0, NULL, NULL, 0, 0, 0, 0, 0, 0, 0, NULL, NULL, NULL, 'active', 1690269094, 1690269714, NULL),
(2063, 867, 867, 614, 'text_lesson', 0, '10. Tiga Macan Lembah Neraka', NULL, 60, 'Asia/Jakarta', '/store/1/ebook/sampul.jpg', '/store/1/default_images/bacapustaka-cover_kategori.jpg', NULL, NULL, 0, NULL, NULL, 0, 0, 0, 0, 0, 0, 0, NULL, NULL, NULL, 'active', 1690269094, 1690269714, NULL),
(2064, 867, 867, 614, 'text_lesson', 0, '100 Cara Mengenali Karakter Dia by Susi Susanti', NULL, 60, 'Asia/Jakarta', '/store/1/ebook/sampul.jpg', '/store/1/default_images/bacapustaka-cover_kategori.jpg', NULL, NULL, 0, NULL, NULL, 0, 0, 0, 0, 0, 0, 0, NULL, NULL, NULL, 'active', 1690269094, 1690269714, NULL),
(2065, 867, 867, 614, 'text_lesson', 0, '100214 tentang khamr 2', NULL, 60, 'Asia/Jakarta', '/store/1/ebook/sampul.jpg', '/store/1/default_images/bacapustaka-cover_kategori.jpg', NULL, NULL, 0, NULL, NULL, 0, 0, 0, 0, 0, 0, 0, NULL, NULL, NULL, 'active', 1690269094, 1690269714, NULL),
(2066, 867, 867, 614, 'text_lesson', 0, '100307 tentang khamr 3', NULL, 60, 'Asia/Jakarta', '/store/1/ebook/sampul.jpg', '/store/1/default_images/bacapustaka-cover_kategori.jpg', NULL, NULL, 0, NULL, NULL, 0, 0, 0, 0, 0, 0, 0, NULL, NULL, NULL, 'active', 1690269094, 1690269714, NULL),
(2067, 867, 867, 614, 'text_lesson', 0, '100328 tentang khamr 4', NULL, 60, 'Asia/Jakarta', '/store/1/ebook/sampul.jpg', '/store/1/default_images/bacapustaka-cover_kategori.jpg', NULL, NULL, 0, NULL, NULL, 0, 0, 0, 0, 0, 0, 0, NULL, NULL, NULL, 'active', 1690269094, 1690269714, NULL),
(2068, 867, 867, 614, 'text_lesson', 0, '100418 tentang khamr 5', NULL, 60, 'Asia/Jakarta', '/store/1/ebook/sampul.jpg', '/store/1/default_images/bacapustaka-cover_kategori.jpg', NULL, NULL, 0, NULL, NULL, 0, 0, 0, 0, 0, 0, 0, NULL, NULL, NULL, 'active', 1690269094, 1690269714, NULL),
(2069, 867, 867, 614, 'text_lesson', 0, '108 Perumpamaan Dhamma', NULL, 60, 'Asia/Jakarta', '/store/1/ebook/sampul.jpg', '/store/1/default_images/bacapustaka-cover_kategori.jpg', NULL, NULL, 0, NULL, NULL, 0, 0, 0, 0, 0, 0, 0, NULL, NULL, NULL, 'active', 1690269094, 1690269714, NULL),
(2070, 867, 867, 614, 'text_lesson', 0, '11. Memburu Putri Datuk', NULL, 60, 'Asia/Jakarta', '/store/1/ebook/sampul.jpg', '/store/1/default_images/bacapustaka-cover_kategori.jpg', NULL, NULL, 0, NULL, NULL, 0, 0, 0, 0, 0, 0, 0, NULL, NULL, NULL, 'active', 1690269094, 1690269714, NULL),
(2071, 867, 867, 614, 'text_lesson', 0, '12 BM Kitab Makanan', NULL, 60, 'Asia/Jakarta', '/store/1/ebook/sampul.jpg', '/store/1/default_images/bacapustaka-cover_kategori.jpg', NULL, NULL, 0, NULL, NULL, 0, 0, 0, 0, 0, 0, 0, NULL, NULL, NULL, 'active', 1690269094, 1690269714, NULL),
(2072, 867, 867, 614, 'text_lesson', 0, '12. Jamur Sisik Naga', NULL, 60, 'Asia/Jakarta', '/store/1/ebook/sampul.jpg', '/store/1/default_images/bacapustaka-cover_kategori.jpg', NULL, NULL, 0, NULL, NULL, 0, 0, 0, 0, 0, 0, 0, NULL, NULL, NULL, 'active', 1690269094, 1690269714, NULL),
(2073, 867, 867, 614, 'text_lesson', 0, '13. Peninggalan Iblis Hitam', NULL, 60, 'Asia/Jakarta', '/store/1/ebook/sampul.jpg', '/store/1/default_images/bacapustaka-cover_kategori.jpg', NULL, NULL, 0, NULL, NULL, 0, 0, 0, 0, 0, 0, 0, NULL, NULL, NULL, 'active', 1690269094, 1690269714, NULL),
(2074, 867, 867, 614, 'text_lesson', 0, '14. Sepasang Alap alap Bukit Gantar', NULL, 60, 'Asia/Jakarta', '/store/1/ebook/sampul.jpg', '/store/1/default_images/bacapustaka-cover_kategori.jpg', NULL, NULL, 0, NULL, NULL, 0, 0, 0, 0, 0, 0, 0, NULL, NULL, NULL, 'active', 1690269094, 1690269714, NULL),
(2075, 867, 867, 614, 'text_lesson', 0, '15. Tinju Penggetar Bumi', NULL, 60, 'Asia/Jakarta', '/store/1/ebook/sampul.jpg', '/store/1/default_images/bacapustaka-cover_kategori.jpg', NULL, NULL, 0, NULL, NULL, 0, 0, 0, 0, 0, 0, 0, NULL, NULL, NULL, 'active', 1690269094, 1690269714, NULL),
(2076, 867, 867, 614, 'text_lesson', 0, '16. Pewaris Ilmu Tokoh Sesat', NULL, 60, 'Asia/Jakarta', '/store/1/ebook/sampul.jpg', '/store/1/default_images/bacapustaka-cover_kategori.jpg', NULL, NULL, 0, NULL, NULL, 0, 0, 0, 0, 0, 0, 0, NULL, NULL, NULL, 'active', 1690269094, 1690269714, NULL),
(2077, 867, 867, 614, 'text_lesson', 0, '162 Masalah Sufistik by Al ‘Allamah al Habib Abdullah bin Alawi al Haddad', NULL, 60, 'Asia/Jakarta', '/store/1/ebook/sampul.jpg', '/store/1/default_images/bacapustaka-cover_kategori.jpg', NULL, NULL, 0, NULL, NULL, 0, 0, 0, 0, 0, 0, 0, NULL, NULL, NULL, 'active', 1690269094, 1690269714, NULL),
(2078, 867, 867, 614, 'text_lesson', 0, '17 hukum puasa', NULL, 60, 'Asia/Jakarta', '/store/1/ebook/sampul.jpg', '/store/1/default_images/bacapustaka-cover_kategori.jpg', NULL, NULL, 0, NULL, NULL, 0, 0, 0, 0, 0, 0, 0, NULL, NULL, NULL, 'active', 1690269094, 1690269714, NULL),
(2079, 867, 867, 614, 'text_lesson', 0, '17. Keris Peminum Darah', NULL, 60, 'Asia/Jakarta', '/store/1/ebook/sampul.jpg', '/store/1/default_images/bacapustaka-cover_kategori.jpg', NULL, NULL, 0, NULL, NULL, 0, 0, 0, 0, 0, 0, 0, NULL, NULL, NULL, 'active', 1690269094, 1690269714, NULL),
(2080, 867, 867, 614, 'text_lesson', 0, '18. Kelelawar Beracun', NULL, 60, 'Asia/Jakarta', '/store/1/ebook/sampul.jpg', '/store/1/default_images/bacapustaka-cover_kategori.jpg', NULL, NULL, 0, NULL, NULL, 0, 0, 0, 0, 0, 0, 0, NULL, NULL, NULL, 'active', 1690269094, 1690269714, NULL),
(2081, 867, 867, 614, 'text_lesson', 0, '19. Perjalanan Menantang Maut', NULL, 60, 'Asia/Jakarta', '/store/1/ebook/sampul.jpg', '/store/1/default_images/bacapustaka-cover_kategori.jpg', NULL, NULL, 0, NULL, NULL, 0, 0, 0, 0, 0, 0, 0, NULL, NULL, NULL, 'active', 1690269094, 1690269714, NULL),
(2082, 867, 867, 614, 'text_lesson', 0, '1menit', NULL, 60, 'Asia/Jakarta', '/store/1/ebook/sampul.jpg', '/store/1/default_images/bacapustaka-cover_kategori.jpg', NULL, NULL, 0, NULL, NULL, 0, 0, 0, 0, 0, 0, 0, NULL, NULL, NULL, 'active', 1690269094, 1690269714, NULL),
(2083, 867, 867, 614, 'text_lesson', 0, '20. Pelarian Istana Hantu', NULL, 60, 'Asia/Jakarta', '/store/1/ebook/sampul.jpg', '/store/1/default_images/bacapustaka-cover_kategori.jpg', NULL, NULL, 0, NULL, NULL, 0, 0, 0, 0, 0, 0, 0, NULL, NULL, NULL, 'active', 1690269094, 1690269714, NULL),
(2084, 867, 867, 614, 'text_lesson', 0, '21. Dendam Tokoh Buangan', NULL, 60, 'Asia/Jakarta', '/store/1/ebook/sampul.jpg', '/store/1/default_images/bacapustaka-cover_kategori.jpg', NULL, NULL, 0, NULL, NULL, 0, 0, 0, 0, 0, 0, 0, NULL, NULL, NULL, 'active', 1690269094, 1690269714, NULL),
(2085, 867, 867, 614, 'text_lesson', 0, '22. Maut dari Hutan Rangkong', NULL, 60, 'Asia/Jakarta', '/store/1/ebook/sampul.jpg', '/store/1/default_images/bacapustaka-cover_kategori.jpg', NULL, NULL, 0, NULL, NULL, 0, 0, 0, 0, 0, 0, 0, NULL, NULL, NULL, 'active', 1690269094, 1690269714, NULL),
(2086, 867, 867, 614, 'text_lesson', 0, '23. Setan Mabuk', NULL, 60, 'Asia/Jakarta', '/store/1/ebook/sampul.jpg', '/store/1/default_images/bacapustaka-cover_kategori.jpg', NULL, NULL, 0, NULL, NULL, 0, 0, 0, 0, 0, 0, 0, NULL, NULL, NULL, 'active', 1690269094, 1690269714, NULL),
(2087, 867, 867, 614, 'text_lesson', 0, '24. Pertarungan Raja raja Arak', NULL, 60, 'Asia/Jakarta', '/store/1/ebook/sampul.jpg', '/store/1/default_images/bacapustaka-cover_kategori.jpg', NULL, NULL, 0, NULL, NULL, 0, 0, 0, 0, 0, 0, 0, NULL, NULL, NULL, 'active', 1690269094, 1690269714, NULL),
(2088, 867, 867, 614, 'text_lesson', 0, '25. Penghuni Lembah Malaikat', NULL, 60, 'Asia/Jakarta', '/store/1/ebook/sampul.jpg', '/store/1/default_images/bacapustaka-cover_kategori.jpg', NULL, NULL, 0, NULL, NULL, 0, 0, 0, 0, 0, 0, 0, NULL, NULL, NULL, 'active', 1690269094, 1690269714, NULL),
(2089, 867, 867, 614, 'text_lesson', 0, '26. Raja Tengkorak', NULL, 60, 'Asia/Jakarta', '/store/1/ebook/sampul.jpg', '/store/1/default_images/bacapustaka-cover_kategori.jpg', NULL, NULL, 0, NULL, NULL, 0, 0, 0, 0, 0, 0, 0, NULL, NULL, NULL, 'active', 1690269094, 1690269714, NULL),
(2090, 867, 867, 614, 'text_lesson', 0, '27 Hukum Meninggalkan Sembahyang', NULL, 60, 'Asia/Jakarta', '/store/1/ebook/sampul.jpg', '/store/1/default_images/bacapustaka-cover_kategori.jpg', NULL, NULL, 0, NULL, NULL, 0, 0, 0, 0, 0, 0, 0, NULL, NULL, NULL, 'active', 1690269094, 1690269714, NULL),
(2091, 867, 867, 614, 'text_lesson', 0, '27. Kembalinya Raja Tengkorak', NULL, 60, 'Asia/Jakarta', '/store/1/ebook/sampul.jpg', '/store/1/default_images/bacapustaka-cover_kategori.jpg', NULL, NULL, 0, NULL, NULL, 0, 0, 0, 0, 0, 0, 0, NULL, NULL, NULL, 'active', 1690269094, 1690269714, NULL),
(2092, 867, 867, 614, 'text_lesson', 0, '28. Teror Macan Putih', NULL, 60, 'Asia/Jakarta', '/store/1/ebook/sampul.jpg', '/store/1/default_images/bacapustaka-cover_kategori.jpg', NULL, NULL, 0, NULL, NULL, 0, 0, 0, 0, 0, 0, 0, NULL, NULL, NULL, 'active', 1690269094, 1690269714, NULL),
(2093, 867, 867, 614, 'text_lesson', 0, '29. Ilmu Halimun', NULL, 60, 'Asia/Jakarta', '/store/1/ebook/sampul.jpg', '/store/1/default_images/bacapustaka-cover_kategori.jpg', NULL, NULL, 0, NULL, NULL, 0, 0, 0, 0, 0, 0, 0, NULL, NULL, NULL, 'active', 1690269094, 1690269714, NULL),
(2094, 867, 867, 614, 'text_lesson', 0, '30. Dalam Cengkeraman Biang Iblis', NULL, 60, 'Asia/Jakarta', '/store/1/ebook/sampul.jpg', '/store/1/default_images/bacapustaka-cover_kategori.jpg', NULL, NULL, 0, NULL, NULL, 0, 0, 0, 0, 0, 0, 0, NULL, NULL, NULL, 'active', 1690269094, 1690269714, NULL),
(2095, 867, 867, 614, 'text_lesson', 0, '31. Perkawinan Berdarah', NULL, 60, 'Asia/Jakarta', '/store/1/ebook/sampul.jpg', '/store/1/default_images/bacapustaka-cover_kategori.jpg', NULL, NULL, 0, NULL, NULL, 0, 0, 0, 0, 0, 0, 0, NULL, NULL, NULL, 'active', 1690269094, 1690269714, NULL),
(2096, 867, 867, 614, 'text_lesson', 0, '32 perayaan isra miraj rasulullah dalam sorotan islam', NULL, 60, 'Asia/Jakarta', '/store/1/ebook/sampul.jpg', '/store/1/default_images/bacapustaka-cover_kategori.jpg', NULL, NULL, 0, NULL, NULL, 0, 0, 0, 0, 0, 0, 0, NULL, NULL, NULL, 'active', 1690269094, 1690269714, NULL),
(2097, 867, 867, 614, 'text_lesson', 0, '32. Algojo algojo Bukit Larangan', NULL, 60, 'Asia/Jakarta', '/store/1/ebook/sampul.jpg', '/store/1/default_images/bacapustaka-cover_kategori.jpg', NULL, NULL, 0, NULL, NULL, 0, 0, 0, 0, 0, 0, 0, NULL, NULL, NULL, 'active', 1690269094, 1690269714, NULL),
(2098, 867, 867, 614, 'text_lesson', 0, '33. Makhluk dari Dunia Asing', NULL, 60, 'Asia/Jakarta', '/store/1/ebook/sampul.jpg', '/store/1/default_images/bacapustaka-cover_kategori.jpg', NULL, NULL, 0, NULL, NULL, 0, 0, 0, 0, 0, 0, 0, NULL, NULL, NULL, 'active', 1690269094, 1690269714, NULL),
(2099, 867, 867, 614, 'text_lesson', 0, '34. Runtuhnya Sebuah Kerajaan', NULL, 60, 'Asia/Jakarta', '/store/1/ebook/sampul.jpg', '/store/1/default_images/bacapustaka-cover_kategori.jpg', NULL, NULL, 0, NULL, NULL, 0, 0, 0, 0, 0, 0, 0, NULL, NULL, NULL, 'active', 1690269094, 1690269714, NULL),
(2100, 867, 867, 614, 'text_lesson', 0, '35. Kemelut Rimba Hijau', NULL, 60, 'Asia/Jakarta', '/store/1/ebook/sampul.jpg', '/store/1/default_images/bacapustaka-cover_kategori.jpg', NULL, NULL, 0, NULL, NULL, 0, 0, 0, 0, 0, 0, 0, NULL, NULL, NULL, 'active', 1690269094, 1690269714, NULL),
(2101, 867, 867, 614, 'text_lesson', 0, '36. Tokoh dari Masa Silam', NULL, 60, 'Asia/Jakarta', '/store/1/ebook/sampul.jpg', '/store/1/default_images/bacapustaka-cover_kategori.jpg', NULL, NULL, 0, NULL, NULL, 0, 0, 0, 0, 0, 0, 0, NULL, NULL, NULL, 'active', 1690269094, 1690269714, NULL),
(2102, 867, 867, 614, 'text_lesson', 0, '37. Rahasia Syair Leluhur', NULL, 60, 'Asia/Jakarta', '/store/1/ebook/sampul.jpg', '/store/1/default_images/bacapustaka-cover_kategori.jpg', NULL, NULL, 0, NULL, NULL, 0, 0, 0, 0, 0, 0, 0, NULL, NULL, NULL, 'active', 1690269094, 1690269714, NULL),
(2103, 867, 867, 614, 'text_lesson', 0, '38. Neraka Untuk Sang Pendekar', NULL, 60, 'Asia/Jakarta', '/store/1/ebook/sampul.jpg', '/store/1/default_images/bacapustaka-cover_kategori.jpg', NULL, NULL, 0, NULL, NULL, 0, 0, 0, 0, 0, 0, 0, NULL, NULL, NULL, 'active', 1690269094, 1690269714, NULL),
(2104, 867, 867, 614, 'text_lesson', 0, '39. Misteri Dewa Seribu Kepalan', NULL, 60, 'Asia/Jakarta', '/store/1/ebook/sampul.jpg', '/store/1/default_images/bacapustaka-cover_kategori.jpg', NULL, NULL, 0, NULL, NULL, 0, 0, 0, 0, 0, 0, 0, NULL, NULL, NULL, 'active', 1690269094, 1690269714, NULL),
(2105, 867, 867, 614, 'text_lesson', 0, '40. Gerombolan Singa Gurun', NULL, 60, 'Asia/Jakarta', '/store/1/ebook/sampul.jpg', '/store/1/default_images/bacapustaka-cover_kategori.jpg', NULL, NULL, 0, NULL, NULL, 0, 0, 0, 0, 0, 0, 0, NULL, NULL, NULL, 'active', 1690269094, 1690269714, NULL),
(2106, 867, 867, 614, 'text_lesson', 0, '41. Macan macan Betina', NULL, 60, 'Asia/Jakarta', '/store/1/ebook/sampul.jpg', '/store/1/default_images/bacapustaka-cover_kategori.jpg', NULL, NULL, 0, NULL, NULL, 0, 0, 0, 0, 0, 0, 0, NULL, NULL, NULL, 'active', 1690269094, 1690269714, NULL),
(2107, 867, 867, 614, 'text_lesson', 0, '42. Empat Dedengkot Pulau Karang', NULL, 60, 'Asia/Jakarta', '/store/1/ebook/sampul.jpg', '/store/1/default_images/bacapustaka-cover_kategori.jpg', NULL, NULL, 0, NULL, NULL, 0, 0, 0, 0, 0, 0, 0, NULL, NULL, NULL, 'active', 1690269094, 1690269714, NULL),
(2108, 867, 867, 614, 'text_lesson', 0, '43. Garuda Mata Satu', NULL, 60, 'Asia/Jakarta', '/store/1/ebook/sampul.jpg', '/store/1/default_images/bacapustaka-cover_kategori.jpg', NULL, NULL, 0, NULL, NULL, 0, 0, 0, 0, 0, 0, 0, NULL, NULL, NULL, 'active', 1690269094, 1690269714, NULL),
(2109, 867, 867, 614, 'text_lesson', 0, '44. Tawanan Datuk Sesat', NULL, 60, 'Asia/Jakarta', '/store/1/ebook/sampul.jpg', '/store/1/default_images/bacapustaka-cover_kategori.jpg', NULL, NULL, 0, NULL, NULL, 0, 0, 0, 0, 0, 0, 0, NULL, NULL, NULL, 'active', 1690269094, 1690269714, NULL),
(2110, 867, 867, 614, 'text_lesson', 0, '45 singkirkan pakaian bergambar', NULL, 60, 'Asia/Jakarta', '/store/1/ebook/sampul.jpg', '/store/1/default_images/bacapustaka-cover_kategori.jpg', NULL, NULL, 0, NULL, NULL, 0, 0, 0, 0, 0, 0, 0, NULL, NULL, NULL, 'active', 1690269094, 1690269714, NULL),
(2111, 867, 867, 614, 'text_lesson', 0, '45. Misteri Raja Racun', NULL, 60, 'Asia/Jakarta', '/store/1/ebook/sampul.jpg', '/store/1/default_images/bacapustaka-cover_kategori.jpg', NULL, NULL, 0, NULL, NULL, 0, 0, 0, 0, 0, 0, 0, NULL, NULL, NULL, 'active', 1690269094, 1690269714, NULL),
(2112, 867, 867, 614, 'text_lesson', 0, '46. Pendekar Sadis', NULL, 60, 'Asia/Jakarta', '/store/1/ebook/sampul.jpg', '/store/1/default_images/bacapustaka-cover_kategori.jpg', NULL, NULL, 0, NULL, NULL, 0, 0, 0, 0, 0, 0, 0, NULL, NULL, NULL, 'active', 1690269094, 1690269714, NULL),
(2113, 867, 867, 614, 'text_lesson', 0, '47. Bencana Patung Keramat', NULL, 60, 'Asia/Jakarta', '/store/1/ebook/sampul.jpg', '/store/1/default_images/bacapustaka-cover_kategori.jpg', NULL, NULL, 0, NULL, NULL, 0, 0, 0, 0, 0, 0, 0, NULL, NULL, NULL, 'active', 1690269094, 1690269714, NULL),
(2114, 867, 867, 614, 'text_lesson', 0, '48. Tenaga Inti Bumi', NULL, 60, 'Asia/Jakarta', '/store/1/ebook/sampul.jpg', '/store/1/default_images/bacapustaka-cover_kategori.jpg', NULL, NULL, 0, NULL, NULL, 0, 0, 0, 0, 0, 0, 0, NULL, NULL, NULL, 'active', 1690269094, 1690269714, NULL),
(2115, 867, 867, 614, 'text_lesson', 0, '49. Geger Pulau Es', NULL, 60, 'Asia/Jakarta', '/store/1/ebook/sampul.jpg', '/store/1/default_images/bacapustaka-cover_kategori.jpg', NULL, NULL, 0, NULL, NULL, 0, 0, 0, 0, 0, 0, 0, NULL, NULL, NULL, 'active', 1690269094, 1690269714, NULL),
(2116, 867, 867, 614, 'text_lesson', 0, '5 Aturan Moralitas Buddhis', NULL, 60, 'Asia/Jakarta', '/store/1/ebook/sampul.jpg', '/store/1/default_images/bacapustaka-cover_kategori.jpg', NULL, NULL, 0, NULL, NULL, 0, 0, 0, 0, 0, 0, 0, NULL, NULL, NULL, 'active', 1690269094, 1690269714, NULL),
(2117, 867, 867, 614, 'text_lesson', 0, '50. Pertarungan di Pulau Api', NULL, 60, 'Asia/Jakarta', '/store/1/ebook/sampul.jpg', '/store/1/default_images/bacapustaka-cover_kategori.jpg', NULL, NULL, 0, NULL, NULL, 0, 0, 0, 0, 0, 0, 0, NULL, NULL, NULL, 'active', 1690269094, 1690269714, NULL),
(2118, 867, 867, 614, 'text_lesson', 0, '51. Raja Sihir Berhati Hitam', NULL, 60, 'Asia/Jakarta', '/store/1/ebook/sampul.jpg', '/store/1/default_images/bacapustaka-cover_kategori.jpg', NULL, NULL, 0, NULL, NULL, 0, 0, 0, 0, 0, 0, 0, NULL, NULL, NULL, 'active', 1690269094, 1690269714, NULL),
(2119, 867, 867, 614, 'text_lesson', 0, '52. Manusia Kelelawar', NULL, 60, 'Asia/Jakarta', '/store/1/ebook/sampul.jpg', '/store/1/default_images/bacapustaka-cover_kategori.jpg', NULL, NULL, 0, NULL, NULL, 0, 0, 0, 0, 0, 0, 0, NULL, NULL, NULL, 'active', 1690269094, 1690269714, NULL),
(2120, 867, 867, 614, 'text_lesson', 0, '53. Penjarah Perawan', NULL, 60, 'Asia/Jakarta', '/store/1/ebook/sampul.jpg', '/store/1/default_images/bacapustaka-cover_kategori.jpg', NULL, NULL, 0, NULL, NULL, 0, 0, 0, 0, 0, 0, 0, NULL, NULL, NULL, 'active', 1690269094, 1690269714, NULL),
(2121, 867, 867, 614, 'text_lesson', 0, '54. Kabut di Bukit Gondang', NULL, 60, 'Asia/Jakarta', '/store/1/ebook/sampul.jpg', '/store/1/default_images/bacapustaka-cover_kategori.jpg', NULL, NULL, 0, NULL, NULL, 0, 0, 0, 0, 0, 0, 0, NULL, NULL, NULL, 'active', 1690269094, 1690269714, NULL),
(2122, 867, 867, 614, 'text_lesson', 0, '55 Situs Warisan Budaya Buddhis Dunia', NULL, 60, 'Asia/Jakarta', '/store/1/ebook/sampul.jpg', '/store/1/default_images/bacapustaka-cover_kategori.jpg', NULL, NULL, 0, NULL, NULL, 0, 0, 0, 0, 0, 0, 0, NULL, NULL, NULL, 'active', 1690269094, 1690269714, NULL),
(2123, 867, 867, 614, 'text_lesson', 0, '55. Perintah Maut', NULL, 60, 'Asia/Jakarta', '/store/1/ebook/sampul.jpg', '/store/1/default_images/bacapustaka-cover_kategori.jpg', NULL, NULL, 0, NULL, NULL, 0, 0, 0, 0, 0, 0, 0, NULL, NULL, NULL, 'active', 1690269094, 1690269714, NULL),
(2124, 867, 867, 614, 'text_lesson', 0, '56. Sumpah Sepasang Harimau', NULL, 60, 'Asia/Jakarta', '/store/1/ebook/sampul.jpg', '/store/1/default_images/bacapustaka-cover_kategori.jpg', NULL, NULL, 0, NULL, NULL, 0, 0, 0, 0, 0, 0, 0, NULL, NULL, NULL, 'active', 1690269094, 1690269714, NULL),
(2125, 867, 867, 614, 'text_lesson', 0, '57. Perguruan Kera Emas', NULL, 60, 'Asia/Jakarta', '/store/1/ebook/sampul.jpg', '/store/1/default_images/bacapustaka-cover_kategori.jpg', NULL, NULL, 0, NULL, NULL, 0, 0, 0, 0, 0, 0, 0, NULL, NULL, NULL, 'active', 1690269094, 1690269714, NULL),
(2126, 867, 867, 614, 'text_lesson', 0, '58. Mayat Hidup', NULL, 60, 'Asia/Jakarta', '/store/1/ebook/sampul.jpg', '/store/1/default_images/bacapustaka-cover_kategori.jpg', NULL, NULL, 0, NULL, NULL, 0, 0, 0, 0, 0, 0, 0, NULL, NULL, NULL, 'active', 1690269094, 1690269714, NULL),
(2127, 867, 867, 614, 'text_lesson', 0, '59. Titipan Berdarah', NULL, 60, 'Asia/Jakarta', '/store/1/ebook/sampul.jpg', '/store/1/default_images/bacapustaka-cover_kategori.jpg', NULL, NULL, 0, NULL, NULL, 0, 0, 0, 0, 0, 0, 0, NULL, NULL, NULL, 'active', 1690269094, 1690269714, NULL),
(2128, 867, 867, 614, 'text_lesson', 0, '60. Perawan perawan Persembahan', NULL, 60, 'Asia/Jakarta', '/store/1/ebook/sampul.jpg', '/store/1/default_images/bacapustaka-cover_kategori.jpg', NULL, NULL, 0, NULL, NULL, 0, 0, 0, 0, 0, 0, 0, NULL, NULL, NULL, 'active', 1690269094, 1690269714, NULL),
(2129, 867, 867, 614, 'text_lesson', 0, '61. Raja Iblis Tanpa Tanding', NULL, 60, 'Asia/Jakarta', '/store/1/ebook/sampul.jpg', '/store/1/default_images/bacapustaka-cover_kategori.jpg', NULL, NULL, 0, NULL, NULL, 0, 0, 0, 0, 0, 0, 0, NULL, NULL, NULL, 'active', 1690269094, 1690269714, NULL),
(2130, 867, 867, 614, 'text_lesson', 0, '618 1895 1 SM', NULL, 60, 'Asia/Jakarta', '/store/1/ebook/sampul.jpg', '/store/1/default_images/bacapustaka-cover_kategori.jpg', NULL, NULL, 0, NULL, NULL, 0, 0, 0, 0, 0, 0, 0, NULL, NULL, NULL, 'active', 1690269094, 1690269714, NULL),
(2131, 867, 867, 614, 'text_lesson', 0, '62. Perempuan Pembawa Maut', NULL, 60, 'Asia/Jakarta', '/store/1/ebook/sampul.jpg', '/store/1/default_images/bacapustaka-cover_kategori.jpg', NULL, NULL, 0, NULL, NULL, 0, 0, 0, 0, 0, 0, 0, NULL, NULL, NULL, 'active', 1690269094, 1690269714, NULL),
(2132, 867, 867, 614, 'text_lesson', 0, '63. Angkara Si Anak Naga', NULL, 60, 'Asia/Jakarta', '/store/1/ebook/sampul.jpg', '/store/1/default_images/bacapustaka-cover_kategori.jpg', NULL, NULL, 0, NULL, NULL, 0, 0, 0, 0, 0, 0, 0, NULL, NULL, NULL, 'active', 1690269094, 1690269714, NULL),
(2133, 867, 867, 614, 'text_lesson', 0, '64. Satria Sinting', NULL, 60, 'Asia/Jakarta', '/store/1/ebook/sampul.jpg', '/store/1/default_images/bacapustaka-cover_kategori.jpg', NULL, NULL, 0, NULL, NULL, 0, 0, 0, 0, 0, 0, 0, NULL, NULL, NULL, 'active', 1690269094, 1690269714, NULL),
(2134, 867, 867, 614, 'text_lesson', 0, '65. Si Linglung Sakti', NULL, 60, 'Asia/Jakarta', '/store/1/ebook/sampul.jpg', '/store/1/default_images/bacapustaka-cover_kategori.jpg', NULL, NULL, 0, NULL, NULL, 0, 0, 0, 0, 0, 0, 0, NULL, NULL, NULL, 'active', 1690269094, 1690269714, NULL),
(2135, 867, 867, 614, 'text_lesson', 0, '66. Pembunuh Gelap', NULL, 60, 'Asia/Jakarta', '/store/1/ebook/sampul.jpg', '/store/1/default_images/bacapustaka-cover_kategori.jpg', NULL, NULL, 0, NULL, NULL, 0, 0, 0, 0, 0, 0, 0, NULL, NULL, NULL, 'active', 1690269094, 1690269714, NULL),
(2136, 867, 867, 614, 'text_lesson', 0, '67. Makhluk Jejadian', NULL, 60, 'Asia/Jakarta', '/store/1/ebook/sampul.jpg', '/store/1/default_images/bacapustaka-cover_kategori.jpg', NULL, NULL, 0, NULL, NULL, 0, 0, 0, 0, 0, 0, 0, NULL, NULL, NULL, 'active', 1690269094, 1690269714, NULL),
(2137, 867, 867, 614, 'text_lesson', 0, '68. Biang biang Iblis', NULL, 60, 'Asia/Jakarta', '/store/1/ebook/sampul.jpg', '/store/1/default_images/bacapustaka-cover_kategori.jpg', NULL, NULL, 0, NULL, NULL, 0, 0, 0, 0, 0, 0, 0, NULL, NULL, NULL, 'active', 1690269094, 1690269714, NULL),
(2138, 867, 867, 614, 'text_lesson', 0, '69. Peti Bertuah', NULL, 60, 'Asia/Jakarta', '/store/1/ebook/sampul.jpg', '/store/1/default_images/bacapustaka-cover_kategori.jpg', NULL, NULL, 0, NULL, NULL, 0, 0, 0, 0, 0, 0, 0, NULL, NULL, NULL, 'active', 1690269094, 1690269714, NULL),
(2139, 867, 867, 614, 'text_lesson', 0, '7 langkah dharma menjadi benar benar kaya', NULL, 60, 'Asia/Jakarta', '/store/1/ebook/sampul.jpg', '/store/1/default_images/bacapustaka-cover_kategori.jpg', NULL, NULL, 0, NULL, NULL, 0, 0, 0, 0, 0, 0, 0, NULL, NULL, NULL, 'active', 1690269094, 1690269714, NULL),
(2140, 867, 867, 614, 'text_lesson', 0, '70. Pulau Setan', NULL, 60, 'Asia/Jakarta', '/store/1/ebook/sampul.jpg', '/store/1/default_images/bacapustaka-cover_kategori.jpg', NULL, NULL, 0, NULL, NULL, 0, 0, 0, 0, 0, 0, 0, NULL, NULL, NULL, 'active', 1690269094, 1690269714, NULL),
(2141, 867, 867, 614, 'text_lesson', 0, '71. Petualang petualang dari Nepal', NULL, 60, 'Asia/Jakarta', '/store/1/ebook/sampul.jpg', '/store/1/default_images/bacapustaka-cover_kategori.jpg', NULL, NULL, 0, NULL, NULL, 0, 0, 0, 0, 0, 0, 0, NULL, NULL, NULL, 'active', 1690269094, 1690269714, NULL),
(2142, 867, 867, 614, 'text_lesson', 0, '72. Batu Kematian', NULL, 60, 'Asia/Jakarta', '/store/1/ebook/sampul.jpg', '/store/1/default_images/bacapustaka-cover_kategori.jpg', NULL, NULL, 0, NULL, NULL, 0, 0, 0, 0, 0, 0, 0, NULL, NULL, NULL, 'active', 1690269094, 1690269714, NULL),
(2143, 867, 867, 614, 'text_lesson', 0, '73. Pembantai dari Mongol', NULL, 60, 'Asia/Jakarta', '/store/1/ebook/sampul.jpg', '/store/1/default_images/bacapustaka-cover_kategori.jpg', NULL, NULL, 0, NULL, NULL, 0, 0, 0, 0, 0, 0, 0, NULL, NULL, NULL, 'active', 1690269094, 1690269714, NULL),
(2144, 867, 867, 614, 'text_lesson', 0, '74. Panggilan Ke Alam Roh', NULL, 60, 'Asia/Jakarta', '/store/1/ebook/sampul.jpg', '/store/1/default_images/bacapustaka-cover_kategori.jpg', NULL, NULL, 0, NULL, NULL, 0, 0, 0, 0, 0, 0, 0, NULL, NULL, NULL, 'active', 1690269094, 1690269714, NULL),
(2145, 867, 867, 614, 'text_lesson', 0, '75. Racun Kelabang Merah', NULL, 60, 'Asia/Jakarta', '/store/1/ebook/sampul.jpg', '/store/1/default_images/bacapustaka-cover_kategori.jpg', NULL, NULL, 0, NULL, NULL, 0, 0, 0, 0, 0, 0, 0, NULL, NULL, NULL, 'active', 1690269094, 1690269714, NULL),
(2146, 867, 867, 614, 'text_lesson', 0, '76. Penjara Langit', NULL, 60, 'Asia/Jakarta', '/store/1/ebook/sampul.jpg', '/store/1/default_images/bacapustaka-cover_kategori.jpg', NULL, NULL, 0, NULL, NULL, 0, 0, 0, 0, 0, 0, 0, NULL, NULL, NULL, 'active', 1690269094, 1690269714, NULL),
(2147, 867, 867, 614, 'text_lesson', 0, '77. Sengketa Guci Pusaka', NULL, 60, 'Asia/Jakarta', '/store/1/ebook/sampul.jpg', '/store/1/default_images/bacapustaka-cover_kategori.jpg', NULL, NULL, 0, NULL, NULL, 0, 0, 0, 0, 0, 0, 0, NULL, NULL, NULL, 'active', 1690269094, 1690269714, NULL),
(2148, 867, 867, 614, 'text_lesson', 0, '78. Pembalasan darr Liang Lahat', NULL, 60, 'Asia/Jakarta', '/store/1/ebook/sampul.jpg', '/store/1/default_images/bacapustaka-cover_kategori.jpg', NULL, NULL, 0, NULL, NULL, 0, 0, 0, 0, 0, 0, 0, NULL, NULL, NULL, 'active', 1690269094, 1690269714, NULL),
(2149, 867, 867, 614, 'text_lesson', 0, '79. Iblis Buta', NULL, 60, 'Asia/Jakarta', '/store/1/ebook/sampul.jpg', '/store/1/default_images/bacapustaka-cover_kategori.jpg', NULL, NULL, 0, NULL, NULL, 0, 0, 0, 0, 0, 0, 0, NULL, NULL, NULL, 'active', 1690269094, 1690269714, NULL),
(2150, 867, 867, 614, 'text_lesson', 0, '7langkah', NULL, 60, 'Asia/Jakarta', '/store/1/ebook/sampul.jpg', '/store/1/default_images/bacapustaka-cover_kategori.jpg', NULL, NULL, 0, NULL, NULL, 0, 0, 0, 0, 0, 0, 0, NULL, NULL, NULL, 'active', 1690269094, 1690269714, NULL),
(2151, 867, 867, 614, 'text_lesson', 0, '80. Misteri Gadis Gila', NULL, 60, 'Asia/Jakarta', '/store/1/ebook/sampul.jpg', '/store/1/default_images/bacapustaka-cover_kategori.jpg', NULL, NULL, 0, NULL, NULL, 0, 0, 0, 0, 0, 0, 0, NULL, NULL, NULL, 'active', 1690269094, 1690269714, NULL),
(2152, 867, 867, 614, 'text_lesson', 0, '81. Mustika Ular Emas', NULL, 60, 'Asia/Jakarta', '/store/1/ebook/sampul.jpg', '/store/1/default_images/bacapustaka-cover_kategori.jpg', NULL, NULL, 0, NULL, NULL, 0, 0, 0, 0, 0, 0, 0, NULL, NULL, NULL, 'active', 1690269094, 1690269714, NULL),
(2153, 867, 867, 614, 'text_lesson', 0, '82 Lorong Batas Dunia', NULL, 60, 'Asia/Jakarta', '/store/1/ebook/sampul.jpg', '/store/1/default_images/bacapustaka-cover_kategori.jpg', NULL, NULL, 0, NULL, NULL, 0, 0, 0, 0, 0, 0, 0, NULL, NULL, NULL, 'active', 1690269094, 1690269714, NULL),
(2154, 867, 867, 614, 'text_lesson', 0, '83. Irama Maut', NULL, 60, 'Asia/Jakarta', '/store/1/ebook/sampul.jpg', '/store/1/default_images/bacapustaka-cover_kategori.jpg', NULL, NULL, 0, NULL, NULL, 0, 0, 0, 0, 0, 0, 0, NULL, NULL, NULL, 'active', 1690269094, 1690269714, NULL),
(2155, 867, 867, 614, 'text_lesson', 0, '84. Nyawa Kedua darr Langit', NULL, 60, 'Asia/Jakarta', '/store/1/ebook/sampul.jpg', '/store/1/default_images/bacapustaka-cover_kategori.jpg', NULL, NULL, 0, NULL, NULL, 0, 0, 0, 0, 0, 0, 0, NULL, NULL, NULL, 'active', 1690269094, 1690269714, NULL),
(2156, 867, 867, 614, 'text_lesson', 0, '85. Golok Kilat', NULL, 60, 'Asia/Jakarta', '/store/1/ebook/sampul.jpg', '/store/1/default_images/bacapustaka-cover_kategori.jpg', NULL, NULL, 0, NULL, NULL, 0, 0, 0, 0, 0, 0, 0, NULL, NULL, NULL, 'active', 1690269094, 1690269714, NULL),
(2157, 867, 867, 614, 'text_lesson', 0, '86. Penyair Cengeng', NULL, 60, 'Asia/Jakarta', '/store/1/ebook/sampul.jpg', '/store/1/default_images/bacapustaka-cover_kategori.jpg', NULL, NULL, 0, NULL, NULL, 0, 0, 0, 0, 0, 0, 0, NULL, NULL, NULL, 'active', 1690269094, 1690269714, NULL),
(2158, 867, 867, 614, 'text_lesson', 0, '87. Setan Bongkok', NULL, 60, 'Asia/Jakarta', '/store/1/ebook/sampul.jpg', '/store/1/default_images/bacapustaka-cover_kategori.jpg', NULL, NULL, 0, NULL, NULL, 0, 0, 0, 0, 0, 0, 0, NULL, NULL, NULL, 'active', 1690269094, 1690269714, NULL),
(2159, 867, 867, 614, 'text_lesson', 0, '88. Putri Teratai Merah', NULL, 60, 'Asia/Jakarta', '/store/1/ebook/sampul.jpg', '/store/1/default_images/bacapustaka-cover_kategori.jpg', NULL, NULL, 0, NULL, NULL, 0, 0, 0, 0, 0, 0, 0, NULL, NULL, NULL, 'active', 1690269094, 1690269714, NULL),
(2160, 867, 867, 614, 'text_lesson', 0, '89. Tombak Panca Warna', NULL, 60, 'Asia/Jakarta', '/store/1/ebook/sampul.jpg', '/store/1/default_images/bacapustaka-cover_kategori.jpg', NULL, NULL, 0, NULL, NULL, 0, 0, 0, 0, 0, 0, 0, NULL, NULL, NULL, 'active', 1690269094, 1690269714, NULL),
(2161, 867, 867, 614, 'text_lesson', 0, '90. Iblis Berkabung', NULL, 60, 'Asia/Jakarta', '/store/1/ebook/sampul.jpg', '/store/1/default_images/bacapustaka-cover_kategori.jpg', NULL, NULL, 0, NULL, NULL, 0, 0, 0, 0, 0, 0, 0, NULL, NULL, NULL, 'active', 1690269094, 1690269714, NULL),
(2162, 867, 867, 614, 'text_lesson', 0, '91. Sapu Jagad', NULL, 60, 'Asia/Jakarta', '/store/1/ebook/sampul.jpg', '/store/1/default_images/bacapustaka-cover_kategori.jpg', NULL, NULL, 0, NULL, NULL, 0, 0, 0, 0, 0, 0, 0, NULL, NULL, NULL, 'active', 1690269094, 1690269714, NULL),
(2163, 867, 867, 614, 'text_lesson', 0, '92. Memperebutkan Batu Kalimaya', NULL, 60, 'Asia/Jakarta', '/store/1/ebook/sampul.jpg', '/store/1/default_images/bacapustaka-cover_kategori.jpg', NULL, NULL, 0, NULL, NULL, 0, 0, 0, 0, 0, 0, 0, NULL, NULL, NULL, 'active', 1690269094, 1690269714, NULL),
(2164, 867, 867, 614, 'text_lesson', 0, '93. Perawan Buronan', NULL, 60, 'Asia/Jakarta', '/store/1/ebook/sampul.jpg', '/store/1/default_images/bacapustaka-cover_kategori.jpg', NULL, NULL, 0, NULL, NULL, 0, 0, 0, 0, 0, 0, 0, NULL, NULL, NULL, 'active', 1690269094, 1690269714, NULL),
(2165, 867, 867, 614, 'text_lesson', 0, '94. Pendekar Gunung Bromo', NULL, 60, 'Asia/Jakarta', '/store/1/ebook/sampul.jpg', '/store/1/default_images/bacapustaka-cover_kategori.jpg', NULL, NULL, 0, NULL, NULL, 0, 0, 0, 0, 0, 0, 0, NULL, NULL, NULL, 'active', 1690269094, 1690269714, NULL),
(2166, 867, 867, 614, 'text_lesson', 0, '95. Empu Jangkar Bumi', NULL, 60, 'Asia/Jakarta', '/store/1/ebook/sampul.jpg', '/store/1/default_images/bacapustaka-cover_kategori.jpg', NULL, NULL, 0, NULL, NULL, 0, 0, 0, 0, 0, 0, 0, NULL, NULL, NULL, 'active', 1690269094, 1690269714, NULL),
(2167, 867, 867, 614, 'text_lesson', 0, '96. Malaikat Tanpa Wajah', NULL, 60, 'Asia/Jakarta', '/store/1/ebook/sampul.jpg', '/store/1/default_images/bacapustaka-cover_kategori.jpg', NULL, NULL, 0, NULL, NULL, 0, 0, 0, 0, 0, 0, 0, NULL, NULL, NULL, 'active', 1690269094, 1690269714, NULL),
(2168, 867, 867, 614, 'text_lesson', 0, 'Abed al Jabiri (Epistimologi Hukum Islam)', NULL, 60, 'Asia/Jakarta', '/store/1/ebook/sampul.jpg', '/store/1/default_images/bacapustaka-cover_kategori.jpg', NULL, NULL, 0, NULL, NULL, 0, 0, 0, 0, 0, 0, 0, NULL, NULL, NULL, 'active', 1690269094, 1690269714, NULL),
(2169, 867, 867, 614, 'text_lesson', 0, 'Ada Setan Mengintai Anda (Hadits, Hadis, Hadith) by Shalih Asy Syadi', NULL, 60, 'Asia/Jakarta', '/store/1/ebook/sampul.jpg', '/store/1/default_images/bacapustaka-cover_kategori.jpg', NULL, NULL, 0, NULL, NULL, 0, 0, 0, 0, 0, 0, 0, NULL, NULL, NULL, 'active', 1690269094, 1690269714, NULL),
(2170, 867, 867, 614, 'text_lesson', 0, 'Adi Buddha', NULL, 60, 'Asia/Jakarta', '/store/1/ebook/sampul.jpg', '/store/1/default_images/bacapustaka-cover_kategori.jpg', NULL, NULL, 0, NULL, NULL, 0, 0, 0, 0, 0, 0, 0, NULL, NULL, NULL, 'active', 1690269094, 1690269714, NULL),
(2171, 867, 867, 614, 'text_lesson', 0, 'Agama Budaya Nusantara Pasca Islamisasi by Sumanto Al Qurtuby Tedi Kholiludin (editor)', NULL, 60, 'Asia/Jakarta', '/store/1/ebook/sampul.jpg', '/store/1/default_images/bacapustaka-cover_kategori.jpg', NULL, NULL, 0, NULL, NULL, 0, 0, 0, 0, 0, 0, 0, NULL, NULL, NULL, 'active', 1690269094, 1690269714, NULL),
(2172, 867, 867, 614, 'text_lesson', 0, 'Agama besar dunia (Great religions world)', NULL, 60, 'Asia/Jakarta', '/store/1/ebook/sampul.jpg', '/store/1/default_images/bacapustaka-cover_kategori.jpg', NULL, NULL, 0, NULL, NULL, 0, 0, 0, 0, 0, 0, 0, NULL, NULL, NULL, 'active', 1690269094, 1690269714, NULL),
(2173, 867, 867, 614, 'text_lesson', 0, 'Agama dan Bayang Bayang Etis Syaikh Yusuf Al Makassari Dr. Mustari Mustafa', NULL, 60, 'Asia/Jakarta', '/store/1/ebook/sampul.jpg', '/store/1/default_images/bacapustaka-cover_kategori.jpg', NULL, NULL, 0, NULL, NULL, 0, 0, 0, 0, 0, 0, 0, NULL, NULL, NULL, 'active', 1690269094, 1690269714, NULL),
(2174, 867, 867, 614, 'text_lesson', 0, 'Agama dan kehidupan dalam cerita rakyat', NULL, 60, 'Asia/Jakarta', '/store/1/ebook/sampul.jpg', '/store/1/default_images/bacapustaka-cover_kategori.jpg', NULL, NULL, 0, NULL, NULL, 0, 0, 0, 0, 0, 0, 0, NULL, NULL, NULL, 'active', 1690269094, 1690269714, NULL),
(2175, 867, 867, 614, 'text_lesson', 0, 'Agama dan Kepercayaan Nusantara by Sumanto Al Qurtuby', NULL, 60, 'Asia/Jakarta', '/store/1/ebook/sampul.jpg', '/store/1/default_images/bacapustaka-cover_kategori.jpg', NULL, NULL, 0, NULL, NULL, 0, 0, 0, 0, 0, 0, 0, NULL, NULL, NULL, 'active', 1690269094, 1690269714, NULL),
(2176, 867, 867, 614, 'text_lesson', 0, 'Agama dan Masyarakat Multikultural Pilar Pilar Membangun Kebersamaan dalam Perbedaan', NULL, 60, 'Asia/Jakarta', '/store/1/ebook/sampul.jpg', '/store/1/default_images/bacapustaka-cover_kategori.jpg', NULL, NULL, 0, NULL, NULL, 0, 0, 0, 0, 0, 0, 0, NULL, NULL, NULL, 'active', 1690269094, 1690269714, NULL),
(2177, 867, 867, 614, 'text_lesson', 0, 'Agama dan Perdamaian Dari Potensi Menuju Aksi', NULL, 60, 'Asia/Jakarta', '/store/1/ebook/sampul.jpg', '/store/1/default_images/bacapustaka-cover_kategori.jpg', NULL, NULL, 0, NULL, NULL, 0, 0, 0, 0, 0, 0, 0, NULL, NULL, NULL, 'active', 1690269094, 1690269714, NULL),
(2178, 867, 867, 614, 'text_lesson', 0, 'Agama Hindu dan Ajaran Ajarannya by Khotimah', NULL, 60, 'Asia/Jakarta', '/store/1/ebook/sampul.jpg', '/store/1/default_images/bacapustaka-cover_kategori.jpg', NULL, NULL, 0, NULL, NULL, 0, 0, 0, 0, 0, 0, 0, NULL, NULL, NULL, 'active', 1690269094, 1690269714, NULL),
(2179, 867, 867, 614, 'text_lesson', 0, 'Agama Jawa (Abangan, Santri, Priyayi dalam Kebudayaan Jawa) Clifford Geertz', NULL, 60, 'Asia/Jakarta', '/store/1/ebook/sampul.jpg', '/store/1/default_images/bacapustaka-cover_kategori.jpg', NULL, NULL, 0, NULL, NULL, 0, 0, 0, 0, 0, 0, 0, NULL, NULL, NULL, 'active', 1690269094, 1690269714, NULL),
(2180, 867, 867, 614, 'text_lesson', 0, 'Agama Katolik dan Yahudi Sejarah dan Ajaran by Tarpin, M.Ag. Khotimah, M. Ag.', NULL, 60, 'Asia/Jakarta', '/store/1/ebook/sampul.jpg', '/store/1/default_images/bacapustaka-cover_kategori.jpg', NULL, NULL, 0, NULL, NULL, 0, 0, 0, 0, 0, 0, 0, NULL, NULL, NULL, 'active', 1690269094, 1690269714, NULL),
(2181, 867, 867, 614, 'text_lesson', 0, 'Agama Kong Hu Chu by Khairiah Husin M.Ag.', NULL, 60, 'Asia/Jakarta', '/store/1/ebook/sampul.jpg', '/store/1/default_images/bacapustaka-cover_kategori.jpg', NULL, NULL, 0, NULL, NULL, 0, 0, 0, 0, 0, 0, 0, NULL, NULL, NULL, 'active', 1690269094, 1690269714, NULL),
(2182, 867, 867, 614, 'text_lesson', 0, 'Agama Menggerakkan Perdamaian Catatan dari Lokakarya Pelembagaan Mediasi Antariman by Azis Anwar Fachrudin Linah Khairiyah Pary', NULL, 60, 'Asia/Jakarta', '/store/1/ebook/sampul.jpg', '/store/1/default_images/bacapustaka-cover_kategori.jpg', NULL, NULL, 0, NULL, NULL, 0, 0, 0, 0, 0, 0, 0, NULL, NULL, NULL, 'active', 1690269094, 1690269714, NULL),
(2183, 867, 867, 614, 'text_lesson', 0, 'Agama Yakrislam', NULL, 60, 'Asia/Jakarta', '/store/1/ebook/sampul.jpg', '/store/1/default_images/bacapustaka-cover_kategori.jpg', NULL, NULL, 0, NULL, NULL, 0, 0, 0, 0, 0, 0, 0, NULL, NULL, NULL, 'active', 1690269094, 1690269714, NULL),
(2184, 867, 867, 614, 'text_lesson', 0, 'Agama, Budaya, dan Bencana by Agus Indiyanto dan Arqom Kuswanjono (editor)', NULL, 60, 'Asia/Jakarta', '/store/1/ebook/sampul.jpg', '/store/1/default_images/bacapustaka-cover_kategori.jpg', NULL, NULL, 0, NULL, NULL, 0, 0, 0, 0, 0, 0, 0, NULL, NULL, NULL, 'active', 1690269094, 1690269714, NULL),
(2185, 867, 867, 614, 'text_lesson', 0, 'Agama, Kerukunan, dan Binadamai di Indonesia Modul Lokakarya Penyuluh Agama', NULL, 60, 'Asia/Jakarta', '/store/1/ebook/sampul.jpg', '/store/1/default_images/bacapustaka-cover_kategori.jpg', NULL, NULL, 0, NULL, NULL, 0, 0, 0, 0, 0, 0, 0, NULL, NULL, NULL, 'active', 1690269094, 1690269714, NULL),
(2186, 867, 867, 614, 'text_lesson', 0, 'Agama, Media dan Imajinasi by Mujiburrahman', NULL, 60, 'Asia/Jakarta', '/store/1/ebook/sampul.jpg', '/store/1/default_images/bacapustaka-cover_kategori.jpg', NULL, NULL, 0, NULL, NULL, 0, 0, 0, 0, 0, 0, 0, NULL, NULL, NULL, 'active', 1690269094, 1690269714, NULL),
(2187, 867, 867, 614, 'text_lesson', 0, 'Agama, Negara, Hak Asasi Manusia by Febi Yonesta, Mhammad Isnur, Nurkholis Hidayat, Sidik, Handika Febrian, Irma Latifah Sihite, Ahmad Biky', NULL, 60, 'Asia/Jakarta', '/store/1/ebook/sampul.jpg', '/store/1/default_images/bacapustaka-cover_kategori.jpg', NULL, NULL, 0, NULL, NULL, 0, 0, 0, 0, 0, 0, 0, NULL, NULL, NULL, 'active', 1690269094, 1690269714, NULL),
(2188, 867, 867, 614, 'text_lesson', 0, 'Ajaran Agung Para Guru', NULL, 60, 'Asia/Jakarta', '/store/1/ebook/sampul.jpg', '/store/1/default_images/bacapustaka-cover_kategori.jpg', NULL, NULL, 0, NULL, NULL, 0, 0, 0, 0, 0, 0, 0, NULL, NULL, NULL, 'active', 1690269094, 1690269714, NULL),
(2189, 867, 867, 614, 'text_lesson', 0, 'Ajaran Buddha dan kematian by Widyasena production', NULL, 60, 'Asia/Jakarta', '/store/1/ebook/sampul.jpg', '/store/1/default_images/bacapustaka-cover_kategori.jpg', NULL, NULL, 0, NULL, NULL, 0, 0, 0, 0, 0, 0, 0, NULL, NULL, NULL, 'active', 1690269094, 1690269714, NULL),
(2190, 867, 867, 614, 'text_lesson', 0, 'ajaran buddha dan kematian', NULL, 60, 'Asia/Jakarta', '/store/1/ebook/sampul.jpg', '/store/1/default_images/bacapustaka-cover_kategori.jpg', NULL, NULL, 0, NULL, NULL, 0, 0, 0, 0, 0, 0, 0, NULL, NULL, NULL, 'active', 1690269094, 1690269714, NULL),
(2191, 867, 867, 614, 'text_lesson', 0, 'Ajaran Esoterik dari Wat Phra Dhammakaya', NULL, 60, 'Asia/Jakarta', '/store/1/ebook/sampul.jpg', '/store/1/default_images/bacapustaka-cover_kategori.jpg', NULL, NULL, 0, NULL, NULL, 0, 0, 0, 0, 0, 0, 0, NULL, NULL, NULL, 'active', 1690269094, 1690269714, NULL),
(2192, 867, 867, 614, 'text_lesson', 0, 'Ajaran Moralitas dalam Serat Kalatidha Perspektif Pendidikan Agama Hindu by Dr. Drs. Marsono, M.Pd.H.', NULL, 60, 'Asia/Jakarta', '/store/1/ebook/sampul.jpg', '/store/1/default_images/bacapustaka-cover_kategori.jpg', NULL, NULL, 0, NULL, NULL, 0, 0, 0, 0, 0, 0, 0, NULL, NULL, NULL, 'active', 1690269094, 1690269714, NULL),
(2193, 867, 867, 614, 'text_lesson', 0, 'Ajaran Tauhid Wujudiyah di Kalimantan Selatan Kajian Filologi Manuskrip Ambulung by Dr. Nur Kolis, M.Ag.', NULL, 60, 'Asia/Jakarta', '/store/1/ebook/sampul.jpg', '/store/1/default_images/bacapustaka-cover_kategori.jpg', NULL, NULL, 0, NULL, NULL, 0, 0, 0, 0, 0, 0, 0, NULL, NULL, NULL, 'active', 1690269094, 1690269714, NULL),
(2194, 867, 867, 614, 'text_lesson', 0, 'Akhlak Tasawuf by Dr. H. Badrudin, M.Ag.', NULL, 60, 'Asia/Jakarta', '/store/1/ebook/sampul.jpg', '/store/1/default_images/bacapustaka-cover_kategori.jpg', NULL, NULL, 0, NULL, NULL, 0, 0, 0, 0, 0, 0, 0, NULL, NULL, NULL, 'active', 1690269094, 1690269714, NULL),
(2195, 867, 867, 614, 'text_lesson', 0, 'Akhlak Tasawuf Jalan Lurus Mensucikan Diri by Dr. Zulfikli, M.Ag. Dr. H. Jamaluddin, M.Us.', NULL, 60, 'Asia/Jakarta', '/store/1/ebook/sampul.jpg', '/store/1/default_images/bacapustaka-cover_kategori.jpg', NULL, NULL, 0, NULL, NULL, 0, 0, 0, 0, 0, 0, 0, NULL, NULL, NULL, 'active', 1690269094, 1690269714, NULL),
(2196, 867, 867, 614, 'text_lesson', 0, 'Akhlak Tasawuf Solusi Mencari Kebahagiaan dalam Kehidupan Esoteris dan Eksoteris by Dr. H. Muhammad Hasbi, M.Ag.', NULL, 60, 'Asia/Jakarta', '/store/1/ebook/sampul.jpg', '/store/1/default_images/bacapustaka-cover_kategori.jpg', NULL, NULL, 0, NULL, NULL, 0, 0, 0, 0, 0, 0, 0, NULL, NULL, NULL, 'active', 1690269094, 1690269714, NULL),
(2197, 867, 867, 614, 'text_lesson', 0, 'Al Hikmah Memahami Teosofi Tarekat Qadiriyah wa Naqsyabandiyah by Dr. Kharisudin Aqib, M.Ag.', NULL, 60, 'Asia/Jakarta', '/store/1/ebook/sampul.jpg', '/store/1/default_images/bacapustaka-cover_kategori.jpg', NULL, NULL, 0, NULL, NULL, 0, 0, 0, 0, 0, 0, 0, NULL, NULL, NULL, 'active', 1690269094, 1690269714, NULL),
(2198, 867, 867, 614, 'text_lesson', 0, 'Al Juwaini Peletak Dasar Teologi Rasional dalam Islam by Tsuroya Kiswali', NULL, 60, 'Asia/Jakarta', '/store/1/ebook/sampul.jpg', '/store/1/default_images/bacapustaka-cover_kategori.jpg', NULL, NULL, 0, NULL, NULL, 0, 0, 0, 0, 0, 0, 0, NULL, NULL, NULL, 'active', 1690269094, 1690269714, NULL),
(2199, 867, 867, 614, 'text_lesson', 0, 'Al Qur’an Kesehatan Jiwa by Prof. Dr. HM. Hasballah Thaib, M.A. Dr. H. Zamakhsyari bin Hasballah Thaib, Lc., M.A.', NULL, 60, 'Asia/Jakarta', '/store/1/ebook/sampul.jpg', '/store/1/default_images/bacapustaka-cover_kategori.jpg', NULL, NULL, 0, NULL, NULL, 0, 0, 0, 0, 0, 0, 0, NULL, NULL, NULL, 'active', 1690269094, 1690269714, NULL),
(2200, 867, 867, 614, 'text_lesson', 0, 'Aliran dan Paradigma Pemikiran Pendidikan Agama Islam Kontemporer by Dr. Hj. Evi Fatimatur Rusydiyah, M.Ag.', NULL, 60, 'Asia/Jakarta', '/store/1/ebook/sampul.jpg', '/store/1/default_images/bacapustaka-cover_kategori.jpg', NULL, NULL, 0, NULL, NULL, 0, 0, 0, 0, 0, 0, 0, NULL, NULL, NULL, 'active', 1690269094, 1690269714, NULL),
(2201, 867, 867, 614, 'text_lesson', 0, 'Allah Dekat dan Bersamamu by Muhammad Syafie El Bantanie', NULL, 60, 'Asia/Jakarta', '/store/1/ebook/sampul.jpg', '/store/1/default_images/bacapustaka-cover_kategori.jpg', NULL, NULL, 0, NULL, NULL, 0, 0, 0, 0, 0, 0, 0, NULL, NULL, NULL, 'active', 1690269094, 1690269714, NULL),
(2202, 867, 867, 614, 'text_lesson', 0, 'Allah, Liberty and Love Suatu Keberanian Mendamaikan Iman dan Kebebasan by Irshad Manji', NULL, 60, 'Asia/Jakarta', '/store/1/ebook/sampul.jpg', '/store/1/default_images/bacapustaka-cover_kategori.jpg', NULL, NULL, 0, NULL, NULL, 0, 0, 0, 0, 0, 0, 0, NULL, NULL, NULL, 'active', 1690269094, 1690269714, NULL);
INSERT INTO `webinars` (`id`, `teacher_id`, `creator_id`, `category_id`, `type`, `private`, `slug`, `start_date`, `duration`, `timezone`, `thumbnail`, `image_cover`, `video_demo`, `video_demo_source`, `capacity`, `price`, `organization_price`, `support`, `certificate`, `downloadable`, `partner_instructor`, `subscribe`, `forum`, `enable_waitlist`, `access_days`, `points`, `message_for_reviewer`, `status`, `created_at`, `updated_at`, `deleted_at`) VALUES
(2203, 867, 867, 614, 'text_lesson', 0, 'AMALAN ANIMISME DAN DINAMISME', NULL, 60, 'Asia/Jakarta', '/store/1/ebook/sampul.jpg', '/store/1/default_images/bacapustaka-cover_kategori.jpg', NULL, NULL, 0, NULL, NULL, 0, 0, 0, 0, 0, 0, 0, NULL, NULL, NULL, 'active', 1690269094, 1690269714, NULL),
(2204, 867, 867, 614, 'text_lesson', 0, 'Ananda Penjaga Dhamma by Hellmuth Hecker', NULL, 60, 'Asia/Jakarta', '/store/1/ebook/sampul.jpg', '/store/1/default_images/bacapustaka-cover_kategori.jpg', NULL, NULL, 0, NULL, NULL, 0, 0, 0, 0, 0, 0, 0, NULL, NULL, NULL, 'active', 1690269094, 1690269714, NULL),
(2205, 867, 867, 614, 'text_lesson', 0, 'Ananda Penjaga Dhamma', NULL, 60, 'Asia/Jakarta', '/store/1/ebook/sampul.jpg', '/store/1/default_images/bacapustaka-cover_kategori.jpg', NULL, NULL, 0, NULL, NULL, 0, 0, 0, 0, 0, 0, 0, NULL, NULL, NULL, 'active', 1690269094, 1690269714, NULL),
(2206, 867, 867, 614, 'text_lesson', 0, 'Anatomi Fisiologi Manusia by Raimundus Chalik', NULL, 60, 'Asia/Jakarta', '/store/1/ebook/sampul.jpg', '/store/1/default_images/bacapustaka-cover_kategori.jpg', NULL, NULL, 0, NULL, NULL, 0, 0, 0, 0, 0, 0, 0, NULL, NULL, NULL, 'active', 1690269094, 1690269714, NULL),
(2207, 867, 867, 614, 'text_lesson', 0, 'Anatta Kumpulan Esai', NULL, 60, 'Asia/Jakarta', '/store/1/ebook/sampul.jpg', '/store/1/default_images/bacapustaka-cover_kategori.jpg', NULL, NULL, 0, NULL, NULL, 0, 0, 0, 0, 0, 0, 0, NULL, NULL, NULL, 'active', 1690269094, 1690269714, NULL),
(2208, 867, 867, 614, 'text_lesson', 0, 'Anguttara Nikaya Jilid 1', NULL, 60, 'Asia/Jakarta', '/store/1/ebook/sampul.jpg', '/store/1/default_images/bacapustaka-cover_kategori.jpg', NULL, NULL, 0, NULL, NULL, 0, 0, 0, 0, 0, 0, 0, NULL, NULL, NULL, 'active', 1690269094, 1690269714, NULL),
(2209, 867, 867, 614, 'text_lesson', 0, 'Anguttara Nikaya Jilid 2', NULL, 60, 'Asia/Jakarta', '/store/1/ebook/sampul.jpg', '/store/1/default_images/bacapustaka-cover_kategori.jpg', NULL, NULL, 0, NULL, NULL, 0, 0, 0, 0, 0, 0, 0, NULL, NULL, NULL, 'active', 1690269094, 1690269714, NULL),
(2210, 867, 867, 614, 'text_lesson', 0, 'Anguttara Nikaya Jilid 3', NULL, 60, 'Asia/Jakarta', '/store/1/ebook/sampul.jpg', '/store/1/default_images/bacapustaka-cover_kategori.jpg', NULL, NULL, 0, NULL, NULL, 0, 0, 0, 0, 0, 0, 0, NULL, NULL, NULL, 'active', 1690269094, 1690269714, NULL),
(2211, 867, 867, 614, 'text_lesson', 0, 'Anguttara Nikaya Jilid 4', NULL, 60, 'Asia/Jakarta', '/store/1/ebook/sampul.jpg', '/store/1/default_images/bacapustaka-cover_kategori.jpg', NULL, NULL, 0, NULL, NULL, 0, 0, 0, 0, 0, 0, 0, NULL, NULL, NULL, 'active', 1690269094, 1690269714, NULL),
(2212, 867, 867, 614, 'text_lesson', 0, 'Anguttara Nikaya Jilid 5', NULL, 60, 'Asia/Jakarta', '/store/1/ebook/sampul.jpg', '/store/1/default_images/bacapustaka-cover_kategori.jpg', NULL, NULL, 0, NULL, NULL, 0, 0, 0, 0, 0, 0, 0, NULL, NULL, NULL, 'active', 1690269094, 1690269714, NULL),
(2213, 867, 867, 614, 'text_lesson', 0, 'Anicca Kumpulan Esai', NULL, 60, 'Asia/Jakarta', '/store/1/ebook/sampul.jpg', '/store/1/default_images/bacapustaka-cover_kategori.jpg', NULL, NULL, 0, NULL, NULL, 0, 0, 0, 0, 0, 0, 0, NULL, NULL, NULL, 'active', 1690269094, 1690269714, NULL),
(2214, 867, 867, 614, 'text_lesson', 0, 'Antropologi Agama Wacana Wacana Mutakhir dalam Kajian Religi dan Budaya by Tony Rudyansjah (editor) ', NULL, 60, 'Asia/Jakarta', '/store/1/ebook/sampul.jpg', '/store/1/default_images/bacapustaka-cover_kategori.jpg', NULL, NULL, 0, NULL, NULL, 0, 0, 0, 0, 0, 0, 0, NULL, NULL, NULL, 'active', 1690269094, 1690269714, NULL),
(2215, 867, 867, 614, 'text_lesson', 0, 'anuruddha yang unggul dalam mata dewa', NULL, 60, 'Asia/Jakarta', '/store/1/ebook/sampul.jpg', '/store/1/default_images/bacapustaka-cover_kategori.jpg', NULL, NULL, 0, NULL, NULL, 0, 0, 0, 0, 0, 0, 0, NULL, NULL, NULL, 'active', 1690269094, 1690269714, NULL),
(2216, 867, 867, 614, 'text_lesson', 0, 'Anuruddha', NULL, 60, 'Asia/Jakarta', '/store/1/ebook/sampul.jpg', '/store/1/default_images/bacapustaka-cover_kategori.jpg', NULL, NULL, 0, NULL, NULL, 0, 0, 0, 0, 0, 0, 0, NULL, NULL, NULL, 'active', 1690269094, 1690269714, NULL),
(2217, 867, 867, 614, 'text_lesson', 0, 'Apa dan siapa Hizbullah Nasrallah by Farid Gaban , Surya Kusuma , Alfian Hamzah', NULL, 60, 'Asia/Jakarta', '/store/1/ebook/sampul.jpg', '/store/1/default_images/bacapustaka-cover_kategori.jpg', NULL, NULL, 0, NULL, NULL, 0, 0, 0, 0, 0, 0, 0, NULL, NULL, NULL, 'active', 1690269094, 1690269714, NULL),
(2218, 867, 867, 614, 'text_lesson', 0, 'Arahattamagga Arahattaphala', NULL, 60, 'Asia/Jakarta', '/store/1/ebook/sampul.jpg', '/store/1/default_images/bacapustaka-cover_kategori.jpg', NULL, NULL, 0, NULL, NULL, 0, 0, 0, 0, 0, 0, 0, NULL, NULL, NULL, 'active', 1690269094, 1690269714, NULL),
(2219, 867, 867, 614, 'text_lesson', 0, 'Aristoteles Inspirasi Untuk Hidup Lebih Bermakna by Sahrul Mauludi', NULL, 60, 'Asia/Jakarta', '/store/1/ebook/sampul.jpg', '/store/1/default_images/bacapustaka-cover_kategori.jpg', NULL, NULL, 0, NULL, NULL, 0, 0, 0, 0, 0, 0, 0, NULL, NULL, NULL, 'active', 1690269094, 1690269714, NULL),
(2220, 867, 867, 614, 'text_lesson', 0, 'Arya sanghata sutra dharma paryaya', NULL, 60, 'Asia/Jakarta', '/store/1/ebook/sampul.jpg', '/store/1/default_images/bacapustaka-cover_kategori.jpg', NULL, NULL, 0, NULL, NULL, 0, 0, 0, 0, 0, 0, 0, NULL, NULL, NULL, 'active', 1690269094, 1690269714, NULL),
(2221, 867, 867, 614, 'text_lesson', 0, 'Asal Usul Pohon Salak dan Cerita Cerita Bermakna Lainnya', NULL, 60, 'Asia/Jakarta', '/store/1/ebook/sampul.jpg', '/store/1/default_images/bacapustaka-cover_kategori.jpg', NULL, NULL, 0, NULL, NULL, 0, 0, 0, 0, 0, 0, 0, NULL, NULL, NULL, 'active', 1690269094, 1690269714, NULL),
(2222, 867, 867, 614, 'text_lesson', 0, 'Asoka', NULL, 60, 'Asia/Jakarta', '/store/1/ebook/sampul.jpg', '/store/1/default_images/bacapustaka-cover_kategori.jpg', NULL, NULL, 0, NULL, NULL, 0, 0, 0, 0, 0, 0, 0, NULL, NULL, NULL, 'active', 1690269094, 1690269714, NULL),
(2223, 867, 867, 614, 'text_lesson', 0, 'ATIWA TIWA M.Bija', NULL, 60, 'Asia/Jakarta', '/store/1/ebook/sampul.jpg', '/store/1/default_images/bacapustaka-cover_kategori.jpg', NULL, NULL, 0, NULL, NULL, 0, 0, 0, 0, 0, 0, 0, NULL, NULL, NULL, 'active', 1690269094, 1690269714, NULL),
(2224, 867, 867, 614, 'text_lesson', 0, 'Atthasila', NULL, 60, 'Asia/Jakarta', '/store/1/ebook/sampul.jpg', '/store/1/default_images/bacapustaka-cover_kategori.jpg', NULL, NULL, 0, NULL, NULL, 0, 0, 0, 0, 0, 0, 0, NULL, NULL, NULL, 'active', 1690269094, 1690269714, NULL),
(2225, 867, 867, 614, 'text_lesson', 0, 'Aturan Disiplin Para Bhikkhu', NULL, 60, 'Asia/Jakarta', '/store/1/ebook/sampul.jpg', '/store/1/default_images/bacapustaka-cover_kategori.jpg', NULL, NULL, 0, NULL, NULL, 0, 0, 0, 0, 0, 0, 0, NULL, NULL, NULL, 'active', 1690269094, 1690269714, NULL),
(2226, 867, 867, 614, 'text_lesson', 0, 'avalokitesvara', NULL, 60, 'Asia/Jakarta', '/store/1/ebook/sampul.jpg', '/store/1/default_images/bacapustaka-cover_kategori.jpg', NULL, NULL, 0, NULL, NULL, 0, 0, 0, 0, 0, 0, 0, NULL, NULL, NULL, 'active', 1690269094, 1690269714, NULL),
(2227, 867, 867, 614, 'text_lesson', 0, 'Bagaimana Saya Melepaskan Diri Dari Yi Kuan Tao', NULL, 60, 'Asia/Jakarta', '/store/1/ebook/sampul.jpg', '/store/1/default_images/bacapustaka-cover_kategori.jpg', NULL, NULL, 0, NULL, NULL, 0, 0, 0, 0, 0, 0, 0, NULL, NULL, NULL, 'active', 1690269094, 1690269714, NULL),
(2228, 867, 867, 614, 'text_lesson', 0, 'bagaimana memilih agama', NULL, 60, 'Asia/Jakarta', '/store/1/ebook/sampul.jpg', '/store/1/default_images/bacapustaka-cover_kategori.jpg', NULL, NULL, 0, NULL, NULL, 0, 0, 0, 0, 0, 0, 0, NULL, NULL, NULL, 'active', 1690269094, 1690269714, NULL),
(2229, 867, 867, 614, 'text_lesson', 0, 'bagaimana mengembangkan kebahagiaan dalam kehidupan sehari hari', NULL, 60, 'Asia/Jakarta', '/store/1/ebook/sampul.jpg', '/store/1/default_images/bacapustaka-cover_kategori.jpg', NULL, NULL, 0, NULL, NULL, 0, 0, 0, 0, 0, 0, 0, NULL, NULL, NULL, 'active', 1690269094, 1690269714, NULL),
(2230, 867, 867, 614, 'text_lesson', 0, 'Bahagia, Kenapa Tidak by Reza Alexander Antonius Wattimena', NULL, 60, 'Asia/Jakarta', '/store/1/ebook/sampul.jpg', '/store/1/default_images/bacapustaka-cover_kategori.jpg', NULL, NULL, 0, NULL, NULL, 0, 0, 0, 0, 0, 0, 0, NULL, NULL, NULL, 'active', 1690269094, 1690269714, NULL),
(2231, 867, 867, 614, 'text_lesson', 0, 'Baisajya guru buddha sutra', NULL, 60, 'Asia/Jakarta', '/store/1/ebook/sampul.jpg', '/store/1/default_images/bacapustaka-cover_kategori.jpg', NULL, NULL, 0, NULL, NULL, 0, 0, 0, 0, 0, 0, 0, NULL, NULL, NULL, 'active', 1690269094, 1690269714, NULL),
(2232, 867, 867, 614, 'text_lesson', 0, 'Bangunlah dunia edisi 2', NULL, 60, 'Asia/Jakarta', '/store/1/ebook/sampul.jpg', '/store/1/default_images/bacapustaka-cover_kategori.jpg', NULL, NULL, 0, NULL, NULL, 0, 0, 0, 0, 0, 0, 0, NULL, NULL, NULL, 'active', 1690269094, 1690269714, NULL),
(2233, 867, 867, 614, 'text_lesson', 0, 'Bantahan Hukum Cadar', NULL, 60, 'Asia/Jakarta', '/store/1/ebook/sampul.jpg', '/store/1/default_images/bacapustaka-cover_kategori.jpg', NULL, NULL, 0, NULL, NULL, 0, 0, 0, 0, 0, 0, 0, NULL, NULL, NULL, 'active', 1690269094, 1690269714, NULL),
(2234, 867, 867, 614, 'text_lesson', 0, 'Beda Beda Tetap Sama Sama Teladan Saling Menghargai Perbedaan Imam Empat Mazhab by Siti Aisah', NULL, 60, 'Asia/Jakarta', '/store/1/ebook/sampul.jpg', '/store/1/default_images/bacapustaka-cover_kategori.jpg', NULL, NULL, 0, NULL, NULL, 0, 0, 0, 0, 0, 0, 0, NULL, NULL, NULL, 'active', 1690269094, 1690269714, NULL),
(2235, 867, 867, 614, 'text_lesson', 0, 'Being a Lotus', NULL, 60, 'Asia/Jakarta', '/store/1/ebook/sampul.jpg', '/store/1/default_images/bacapustaka-cover_kategori.jpg', NULL, NULL, 0, NULL, NULL, 0, 0, 0, 0, 0, 0, 0, NULL, NULL, NULL, 'active', 1690269094, 1690269714, NULL),
(2236, 867, 867, 614, 'text_lesson', 0, 'Belajar Mudah Tasawuf by Syekh Fadhlullah Haeri', NULL, 60, 'Asia/Jakarta', '/store/1/ebook/sampul.jpg', '/store/1/default_images/bacapustaka-cover_kategori.jpg', NULL, NULL, 0, NULL, NULL, 0, 0, 0, 0, 0, 0, 0, NULL, NULL, NULL, 'active', 1690269094, 1690269714, NULL),
(2237, 867, 867, 614, 'text_lesson', 0, 'Beragama yang Mencerahkan Risalah Pemikiran Tanwir Muhammadiyah by Abdul Mu’ti Azaki Khoirudin (editor)', NULL, 60, 'Asia/Jakarta', '/store/1/ebook/sampul.jpg', '/store/1/default_images/bacapustaka-cover_kategori.jpg', NULL, NULL, 0, NULL, NULL, 0, 0, 0, 0, 0, 0, 0, NULL, NULL, NULL, 'active', 1690269094, 1690269714, NULL),
(2238, 867, 867, 614, 'text_lesson', 0, 'Berdialog dengan Malaikat Cara Ampuh Bergaul dengan Makhluk Cahaya by Abi Jiha', NULL, 60, 'Asia/Jakarta', '/store/1/ebook/sampul.jpg', '/store/1/default_images/bacapustaka-cover_kategori.jpg', NULL, NULL, 0, NULL, NULL, 0, 0, 0, 0, 0, 0, 0, NULL, NULL, NULL, 'active', 1690269094, 1690269714, NULL),
(2239, 867, 867, 614, 'text_lesson', 0, 'Berita Alam Gaib Sebelum dan Sesudah Hari Kemudian by Musannif Effendie', NULL, 60, 'Asia/Jakarta', '/store/1/ebook/sampul.jpg', '/store/1/default_images/bacapustaka-cover_kategori.jpg', NULL, NULL, 0, NULL, NULL, 0, 0, 0, 0, 0, 0, 0, NULL, NULL, NULL, 'active', 1690269094, 1690269714, NULL),
(2240, 867, 867, 614, 'text_lesson', 0, 'Berjumpa 26 Nabi (Hadits, Hadis, Hadith) by Argawi Kandito', NULL, 60, 'Asia/Jakarta', '/store/1/ebook/sampul.jpg', '/store/1/default_images/bacapustaka-cover_kategori.jpg', NULL, NULL, 0, NULL, NULL, 0, 0, 0, 0, 0, 0, 0, NULL, NULL, NULL, 'active', 1690269094, 1690269714, NULL),
(2241, 867, 867, 614, 'text_lesson', 0, 'Berkenalan dengan salaf [syaikh rabi\' bin hadi]', NULL, 60, 'Asia/Jakarta', '/store/1/ebook/sampul.jpg', '/store/1/default_images/bacapustaka-cover_kategori.jpg', NULL, NULL, 0, NULL, NULL, 0, 0, 0, 0, 0, 0, 0, NULL, NULL, NULL, 'active', 1690269094, 1690269714, NULL),
(2242, 867, 867, 614, 'text_lesson', 0, 'Bersahabat dengan Sutta dan Berkah Berkah Tertinggi dalam Kehidupan', NULL, 60, 'Asia/Jakarta', '/store/1/ebook/sampul.jpg', '/store/1/default_images/bacapustaka-cover_kategori.jpg', NULL, NULL, 0, NULL, NULL, 0, 0, 0, 0, 0, 0, 0, NULL, NULL, NULL, 'active', 1690269094, 1690269714, NULL),
(2243, 867, 867, 614, 'text_lesson', 0, 'Bersikap Islami Tinjauan Pedagogis dan Psikologis by Syaikh Adil Rasyad Ghanim', NULL, 60, 'Asia/Jakarta', '/store/1/ebook/sampul.jpg', '/store/1/default_images/bacapustaka-cover_kategori.jpg', NULL, NULL, 0, NULL, NULL, 0, 0, 0, 0, 0, 0, 0, NULL, NULL, NULL, 'active', 1690269094, 1690269714, NULL),
(2244, 867, 867, 614, 'text_lesson', 0, 'Bhikkhu Tissa Bertemu Seorang Skeptik', NULL, 60, 'Asia/Jakarta', '/store/1/ebook/sampul.jpg', '/store/1/default_images/bacapustaka-cover_kategori.jpg', NULL, NULL, 0, NULL, NULL, 0, 0, 0, 0, 0, 0, 0, NULL, NULL, NULL, 'active', 1690269094, 1690269714, NULL),
(2245, 867, 867, 614, 'text_lesson', 0, 'Bilangan Fu ', NULL, 60, 'Asia/Jakarta', '/store/1/ebook/sampul.jpg', '/store/1/default_images/bacapustaka-cover_kategori.jpg', NULL, NULL, 0, NULL, NULL, 0, 0, 0, 0, 0, 0, 0, NULL, NULL, NULL, 'active', 1690269094, 1690269714, NULL),
(2246, 867, 867, 614, 'text_lesson', 0, 'Bimbingan Konseling Perspektif Al Quran dan Sains by Prof. Dr. Syafaruddin, M.Pd.', NULL, 60, 'Asia/Jakarta', '/store/1/ebook/sampul.jpg', '/store/1/default_images/bacapustaka-cover_kategori.jpg', NULL, NULL, 0, NULL, NULL, 0, 0, 0, 0, 0, 0, 0, NULL, NULL, NULL, 'active', 1690269094, 1690269714, NULL),
(2247, 867, 867, 614, 'text_lesson', 0, 'Bimbingan Agama Untuk Kalangan Medis by Prof. Dr. H. M. Hasballah Thaib, M.A. Dr. H. Zamakhsyari Hasballah, Lc., M.A.', NULL, 60, 'Asia/Jakarta', '/store/1/ebook/sampul.jpg', '/store/1/default_images/bacapustaka-cover_kategori.jpg', NULL, NULL, 0, NULL, NULL, 0, 0, 0, 0, 0, 0, 0, NULL, NULL, NULL, 'active', 1690269094, 1690269714, NULL),
(2248, 867, 867, 614, 'text_lesson', 0, 'Bimbingan Konseling Islami by Dr. Tarmizi, M.Pd', NULL, 60, 'Asia/Jakarta', '/store/1/ebook/sampul.jpg', '/store/1/default_images/bacapustaka-cover_kategori.jpg', NULL, NULL, 0, NULL, NULL, 0, 0, 0, 0, 0, 0, 0, NULL, NULL, NULL, 'active', 1690269094, 1690269714, NULL),
(2249, 867, 867, 614, 'text_lesson', 0, 'biografi rama moorti tan tik sioe sian', NULL, 60, 'Asia/Jakarta', '/store/1/ebook/sampul.jpg', '/store/1/default_images/bacapustaka-cover_kategori.jpg', NULL, NULL, 0, NULL, NULL, 0, 0, 0, 0, 0, 0, 0, NULL, NULL, NULL, 'active', 1690269094, 1690269714, NULL),
(2250, 867, 867, 614, 'text_lesson', 0, 'Bodhipakkhiya Dhamma (Sayap Sayap Menuju Kebangunan) JILID 1 by Vijjakusuma', NULL, 60, 'Asia/Jakarta', '/store/1/ebook/sampul.jpg', '/store/1/default_images/bacapustaka-cover_kategori.jpg', NULL, NULL, 0, NULL, NULL, 0, 0, 0, 0, 0, 0, 0, NULL, NULL, NULL, 'active', 1690269094, 1690269714, NULL),
(2251, 867, 867, 614, 'text_lesson', 0, 'Bodhipakkhiya Dhamma (Sayap Sayap Menuju Kebangunan) JILID 1', NULL, 60, 'Asia/Jakarta', '/store/1/ebook/sampul.jpg', '/store/1/default_images/bacapustaka-cover_kategori.jpg', NULL, NULL, 0, NULL, NULL, 0, 0, 0, 0, 0, 0, 0, NULL, NULL, NULL, 'active', 1690269094, 1690269714, NULL),
(2252, 867, 867, 614, 'text_lesson', 0, 'Bodhipakkhiya Dhamma (Sayap Sayap Menuju Kebangunan) JILID 2 by Vijjakusuma', NULL, 60, 'Asia/Jakarta', '/store/1/ebook/sampul.jpg', '/store/1/default_images/bacapustaka-cover_kategori.jpg', NULL, NULL, 0, NULL, NULL, 0, 0, 0, 0, 0, 0, 0, NULL, NULL, NULL, 'active', 1690269094, 1690269714, NULL),
(2253, 867, 867, 614, 'text_lesson', 0, 'Bodhipakkhiya Dhamma (Sayap Sayap Menuju Kebangunan) JILID 2', NULL, 60, 'Asia/Jakarta', '/store/1/ebook/sampul.jpg', '/store/1/default_images/bacapustaka-cover_kategori.jpg', NULL, NULL, 0, NULL, NULL, 0, 0, 0, 0, 0, 0, 0, NULL, NULL, NULL, 'active', 1690269094, 1690269714, NULL),
(2254, 867, 867, 614, 'text_lesson', 0, 'Bodhisattva Sangharama', NULL, 60, 'Asia/Jakarta', '/store/1/ebook/sampul.jpg', '/store/1/default_images/bacapustaka-cover_kategori.jpg', NULL, NULL, 0, NULL, NULL, 0, 0, 0, 0, 0, 0, 0, NULL, NULL, NULL, 'active', 1690269094, 1690269714, NULL),
(2255, 867, 867, 614, 'text_lesson', 0, 'Born Again Kasus Reinkarnasi Tokoh dan Selebriti by dr. Walter Semkiw', NULL, 60, 'Asia/Jakarta', '/store/1/ebook/sampul.jpg', '/store/1/default_images/bacapustaka-cover_kategori.jpg', NULL, NULL, 0, NULL, NULL, 0, 0, 0, 0, 0, 0, 0, NULL, NULL, NULL, 'active', 1690269094, 1690269714, NULL),
(2256, 867, 867, 614, 'text_lesson', 0, 'brahmavihara', NULL, 60, 'Asia/Jakarta', '/store/1/ebook/sampul.jpg', '/store/1/default_images/bacapustaka-cover_kategori.jpg', NULL, NULL, 0, NULL, NULL, 0, 0, 0, 0, 0, 0, 0, NULL, NULL, NULL, 'active', 1690269094, 1690269714, NULL),
(2257, 867, 867, 614, 'text_lesson', 0, 'buddha dan dhamma nya', NULL, 60, 'Asia/Jakarta', '/store/1/ebook/sampul.jpg', '/store/1/default_images/bacapustaka-cover_kategori.jpg', NULL, NULL, 0, NULL, NULL, 0, 0, 0, 0, 0, 0, 0, NULL, NULL, NULL, 'active', 1690269094, 1690269714, NULL),
(2258, 867, 867, 614, 'text_lesson', 0, 'buddha dan pesannya', NULL, 60, 'Asia/Jakarta', '/store/1/ebook/sampul.jpg', '/store/1/default_images/bacapustaka-cover_kategori.jpg', NULL, NULL, 0, NULL, NULL, 0, 0, 0, 0, 0, 0, 0, NULL, NULL, NULL, 'active', 1690269094, 1690269714, NULL),
(2259, 867, 867, 614, 'text_lesson', 0, 'Buddharupa', NULL, 60, 'Asia/Jakarta', '/store/1/ebook/sampul.jpg', '/store/1/default_images/bacapustaka-cover_kategori.jpg', NULL, NULL, 0, NULL, NULL, 0, 0, 0, 0, 0, 0, 0, NULL, NULL, NULL, 'active', 1690269094, 1690269714, NULL),
(2260, 867, 867, 614, 'text_lesson', 0, 'Buddhism Vipassana Meditation', NULL, 60, 'Asia/Jakarta', '/store/1/ebook/sampul.jpg', '/store/1/default_images/bacapustaka-cover_kategori.jpg', NULL, NULL, 0, NULL, NULL, 0, 0, 0, 0, 0, 0, 0, NULL, NULL, NULL, 'active', 1690269094, 1690269714, NULL),
(2261, 867, 867, 614, 'text_lesson', 0, 'Buddhisme dan Sains', NULL, 60, 'Asia/Jakarta', '/store/1/ebook/sampul.jpg', '/store/1/default_images/bacapustaka-cover_kategori.jpg', NULL, NULL, 0, NULL, NULL, 0, 0, 0, 0, 0, 0, 0, NULL, NULL, NULL, 'active', 1690269094, 1690269714, NULL),
(2262, 867, 867, 614, 'text_lesson', 0, 'BUKA LUWUR Kangjeng Sunan Kudus by Ary Budiyanto Mahesa Agni', NULL, 60, 'Asia/Jakarta', '/store/1/ebook/sampul.jpg', '/store/1/default_images/bacapustaka-cover_kategori.jpg', NULL, NULL, 0, NULL, NULL, 0, 0, 0, 0, 0, 0, 0, NULL, NULL, NULL, 'active', 1690269094, 1690269714, NULL),
(2263, 867, 867, 614, 'text_lesson', 0, 'BUKU FILSAFAT ISLAM MASA AWAL', NULL, 60, 'Asia/Jakarta', '/store/1/ebook/sampul.jpg', '/store/1/default_images/bacapustaka-cover_kategori.jpg', NULL, NULL, 0, NULL, NULL, 0, 0, 0, 0, 0, 0, 0, NULL, NULL, NULL, 'active', 1690269094, 1690269714, NULL),
(2264, 867, 867, 614, 'text_lesson', 0, 'BUKU MASTER LU SHENG YEN 1 18', NULL, 60, 'Asia/Jakarta', '/store/1/ebook/sampul.jpg', '/store/1/default_images/bacapustaka-cover_kategori.jpg', NULL, NULL, 0, NULL, NULL, 0, 0, 0, 0, 0, 0, 0, NULL, NULL, NULL, 'active', 1690269094, 1690269714, NULL),
(2265, 867, 867, 614, 'text_lesson', 0, 'buku pedoman umat buddha', NULL, 60, 'Asia/Jakarta', '/store/1/ebook/sampul.jpg', '/store/1/default_images/bacapustaka-cover_kategori.jpg', NULL, NULL, 0, NULL, NULL, 0, 0, 0, 0, 0, 0, 0, NULL, NULL, NULL, 'active', 1690269094, 1690269714, NULL),
(2266, 867, 867, 614, 'text_lesson', 0, 'Buku Pegangan Guru Agama Buddha SMA Kelas 12 Kurikulum 2013 by Kementerian Pendidikan dan Kebudayaan ', NULL, 60, 'Asia/Jakarta', '/store/1/ebook/sampul.jpg', '/store/1/default_images/bacapustaka-cover_kategori.jpg', NULL, NULL, 0, NULL, NULL, 0, 0, 0, 0, 0, 0, 0, NULL, NULL, NULL, 'active', 1690269094, 1690269714, NULL),
(2267, 867, 867, 614, 'text_lesson', 0, 'Buku Pegangan Guru Agama Katolik SMA Kelas 12 Kurikulum 2013 by Kementerian Pendidikan dan Kebudayaan', NULL, 60, 'Asia/Jakarta', '/store/1/ebook/sampul.jpg', '/store/1/default_images/bacapustaka-cover_kategori.jpg', NULL, NULL, 0, NULL, NULL, 0, 0, 0, 0, 0, 0, 0, NULL, NULL, NULL, 'active', 1690269094, 1690269714, NULL),
(2268, 867, 867, 614, 'text_lesson', 0, 'Buku Pegangan Guru Agama Kristen SMA Kelas 12 Kurikulum 2013 by Kementerian Pendidikan dan Kebudayaan', NULL, 60, 'Asia/Jakarta', '/store/1/ebook/sampul.jpg', '/store/1/default_images/bacapustaka-cover_kategori.jpg', NULL, NULL, 0, NULL, NULL, 0, 0, 0, 0, 0, 0, 0, NULL, NULL, NULL, 'active', 1690269094, 1690269714, NULL),
(2269, 867, 867, 614, 'text_lesson', 0, 'Buku Pegangan Siswa Agama Hindu SMA Kelas 12 Kurikulum 2013 by Kementerian Pendidikan dan Kebudayaan ', NULL, 60, 'Asia/Jakarta', '/store/1/ebook/sampul.jpg', '/store/1/default_images/bacapustaka-cover_kategori.jpg', NULL, NULL, 0, NULL, NULL, 0, 0, 0, 0, 0, 0, 0, NULL, NULL, NULL, 'active', 1690269094, 1690269714, NULL),
(2270, 867, 867, 614, 'text_lesson', 0, 'Buku Pegangan Siswa Agama Konghucu SMA Kelas 12 Kurikulum 2013 by Kementerian Pendidikan dan Kebudayaan', NULL, 60, 'Asia/Jakarta', '/store/1/ebook/sampul.jpg', '/store/1/default_images/bacapustaka-cover_kategori.jpg', NULL, NULL, 0, NULL, NULL, 0, 0, 0, 0, 0, 0, 0, NULL, NULL, NULL, 'active', 1690269094, 1690269714, NULL),
(2271, 867, 867, 614, 'text_lesson', 0, 'Buku Saku Filsafat islam by Haidar Bagir b', NULL, 60, 'Asia/Jakarta', '/store/1/ebook/sampul.jpg', '/store/1/default_images/bacapustaka-cover_kategori.jpg', NULL, NULL, 0, NULL, NULL, 0, 0, 0, 0, 0, 0, 0, NULL, NULL, NULL, 'active', 1690269094, 1690269714, NULL),
(2272, 867, 867, 614, 'text_lesson', 0, 'Buku Saku Filsafat Islam by Haidar Bagir', NULL, 60, 'Asia/Jakarta', '/store/1/ebook/sampul.jpg', '/store/1/default_images/bacapustaka-cover_kategori.jpg', NULL, NULL, 0, NULL, NULL, 0, 0, 0, 0, 0, 0, 0, NULL, NULL, NULL, 'active', 1690269094, 1690269714, NULL),
(2273, 867, 867, 614, 'text_lesson', 0, 'Buku Saku Rahasia Kebahagiaan Bekal Spiritual Orang Beriman Menghadapi Kesulitan Hidup by Ibnu Qhadib al Ban', NULL, 60, 'Asia/Jakarta', '/store/1/ebook/sampul.jpg', '/store/1/default_images/bacapustaka-cover_kategori.jpg', NULL, NULL, 0, NULL, NULL, 0, 0, 0, 0, 0, 0, 0, NULL, NULL, NULL, 'active', 1690269094, 1690269714, NULL),
(2274, 867, 867, 614, 'text_lesson', 0, 'Buku Saku Tasawuf by Haidar Bagir', NULL, 60, 'Asia/Jakarta', '/store/1/ebook/sampul.jpg', '/store/1/default_images/bacapustaka-cover_kategori.jpg', NULL, NULL, 0, NULL, NULL, 0, 0, 0, 0, 0, 0, 0, NULL, NULL, NULL, 'active', 1690269094, 1690269714, NULL),
(2275, 867, 867, 614, 'text_lesson', 0, 'BUKU SUCI YULIkenyataan di neraka dan urutan tingkatan neraka', NULL, 60, 'Asia/Jakarta', '/store/1/ebook/sampul.jpg', '/store/1/default_images/bacapustaka-cover_kategori.jpg', NULL, NULL, 0, NULL, NULL, 0, 0, 0, 0, 0, 0, 0, NULL, NULL, NULL, 'active', 1690269094, 1690269714, NULL),
(2276, 867, 867, 614, 'text_lesson', 0, 'Buku Yahira Agama Samawi', NULL, 60, 'Asia/Jakarta', '/store/1/ebook/sampul.jpg', '/store/1/default_images/bacapustaka-cover_kategori.jpg', NULL, NULL, 0, NULL, NULL, 0, 0, 0, 0, 0, 0, 0, NULL, NULL, NULL, 'active', 1690269094, 1690269714, NULL),
(2277, 867, 867, 614, 'text_lesson', 0, 'Bunga Rampai Peta Perbukuan Keagamaan Era Reformasi', NULL, 60, 'Asia/Jakarta', '/store/1/ebook/sampul.jpg', '/store/1/default_images/bacapustaka-cover_kategori.jpg', NULL, NULL, 0, NULL, NULL, 0, 0, 0, 0, 0, 0, 0, NULL, NULL, NULL, 'active', 1690269094, 1690269714, NULL),
(2278, 867, 867, 614, 'text_lesson', 0, 'Cakrawala Pemikiran Pendidikan Islam by Prof. Dr. A. Tafsir, dkk.', NULL, 60, 'Asia/Jakarta', '/store/1/ebook/sampul.jpg', '/store/1/default_images/bacapustaka-cover_kategori.jpg', NULL, NULL, 0, NULL, NULL, 0, 0, 0, 0, 0, 0, 0, NULL, NULL, NULL, 'active', 1690269094, 1690269714, NULL),
(2279, 867, 867, 614, 'text_lesson', 0, 'Candi Fungsi dan Pengertiannya by Soekmono', NULL, 60, 'Asia/Jakarta', '/store/1/ebook/sampul.jpg', '/store/1/default_images/bacapustaka-cover_kategori.jpg', NULL, NULL, 0, NULL, NULL, 0, 0, 0, 0, 0, 0, 0, NULL, NULL, NULL, 'active', 1690269094, 1690269714, NULL),
(2280, 867, 867, 614, 'text_lesson', 0, 'Cara Cepat Membaca Bahasa Tubuh by Joe Navarro Marvin Karlins', NULL, 60, 'Asia/Jakarta', '/store/1/ebook/sampul.jpg', '/store/1/default_images/bacapustaka-cover_kategori.jpg', NULL, NULL, 0, NULL, NULL, 0, 0, 0, 0, 0, 0, 0, NULL, NULL, NULL, 'active', 1690269094, 1690269714, NULL),
(2281, 867, 867, 614, 'text_lesson', 0, 'CARA MAKAN RASULULLAH SAW', NULL, 60, 'Asia/Jakarta', '/store/1/ebook/sampul.jpg', '/store/1/default_images/bacapustaka-cover_kategori.jpg', NULL, NULL, 0, NULL, NULL, 0, 0, 0, 0, 0, 0, 0, NULL, NULL, NULL, 'active', 1690269094, 1690269714, NULL),
(2282, 867, 867, 614, 'text_lesson', 0, 'Cara Rasulullah Saw. Mendidik Anak by Ayu Agus Rianti, S.E.', NULL, 60, 'Asia/Jakarta', '/store/1/ebook/sampul.jpg', '/store/1/default_images/bacapustaka-cover_kategori.jpg', NULL, NULL, 0, NULL, NULL, 0, 0, 0, 0, 0, 0, 0, NULL, NULL, NULL, 'active', 1690269094, 1690269714, NULL),
(2283, 867, 867, 614, 'text_lesson', 0, 'Cariyapitaka', NULL, 60, 'Asia/Jakarta', '/store/1/ebook/sampul.jpg', '/store/1/default_images/bacapustaka-cover_kategori.jpg', NULL, NULL, 0, NULL, NULL, 0, 0, 0, 0, 0, 0, 0, NULL, NULL, NULL, 'active', 1690269094, 1690269714, NULL),
(2284, 867, 867, 614, 'text_lesson', 0, 'Cengkeraman Nafsu Indria', NULL, 60, 'Asia/Jakarta', '/store/1/ebook/sampul.jpg', '/store/1/default_images/bacapustaka-cover_kategori.jpg', NULL, NULL, 0, NULL, NULL, 0, 0, 0, 0, 0, 0, 0, NULL, NULL, NULL, 'active', 1690269094, 1690269714, NULL),
(2285, 867, 867, 614, 'text_lesson', 0, 'cinta dan kematian (loving and dying)', NULL, 60, 'Asia/Jakarta', '/store/1/ebook/sampul.jpg', '/store/1/default_images/bacapustaka-cover_kategori.jpg', NULL, NULL, 0, NULL, NULL, 0, 0, 0, 0, 0, 0, 0, NULL, NULL, NULL, 'active', 1690269094, 1690269714, NULL),
(2286, 867, 867, 614, 'text_lesson', 0, 'Corak Corak Jiwa by Arsyi Asy Syarifah, dkk.', NULL, 60, 'Asia/Jakarta', '/store/1/ebook/sampul.jpg', '/store/1/default_images/bacapustaka-cover_kategori.jpg', NULL, NULL, 0, NULL, NULL, 0, 0, 0, 0, 0, 0, 0, NULL, NULL, NULL, 'active', 1690269094, 1690269714, NULL),
(2287, 867, 867, 614, 'text_lesson', 0, 'COVID 19 Perspektif Agama dan Kesehatan by Tim Penulis', NULL, 60, 'Asia/Jakarta', '/store/1/ebook/sampul.jpg', '/store/1/default_images/bacapustaka-cover_kategori.jpg', NULL, NULL, 0, NULL, NULL, 0, 0, 0, 0, 0, 0, 0, NULL, NULL, NULL, 'active', 1690269094, 1690269714, NULL),
(2288, 867, 867, 614, 'text_lesson', 0, 'Dakwah Antar Individu Teori dan Aplikasi (Edisi Revisi) by Dr. H. Abdul Basit, M.Ag.', NULL, 60, 'Asia/Jakarta', '/store/1/ebook/sampul.jpg', '/store/1/default_images/bacapustaka-cover_kategori.jpg', NULL, NULL, 0, NULL, NULL, 0, 0, 0, 0, 0, 0, 0, NULL, NULL, NULL, 'active', 1690269094, 1690269714, NULL),
(2289, 867, 867, 614, 'text_lesson', 0, 'Dakwah dan Perubahan Sosial by Dr. Yasril Yazid, MIS. Nur Alhidayatillah, M.Kom.I.', NULL, 60, 'Asia/Jakarta', '/store/1/ebook/sampul.jpg', '/store/1/default_images/bacapustaka-cover_kategori.jpg', NULL, NULL, 0, NULL, NULL, 0, 0, 0, 0, 0, 0, 0, NULL, NULL, NULL, 'active', 1690269094, 1690269714, NULL),
(2290, 867, 867, 614, 'text_lesson', 0, 'Damai Tak Tergoyahkan', NULL, 60, 'Asia/Jakarta', '/store/1/ebook/sampul.jpg', '/store/1/default_images/bacapustaka-cover_kategori.jpg', NULL, NULL, 0, NULL, NULL, 0, 0, 0, 0, 0, 0, 0, NULL, NULL, NULL, 'active', 1690269094, 1690269714, NULL),
(2291, 867, 867, 614, 'text_lesson', 0, 'Dampak Buruk Makanan Haram Abu Husein Leo', NULL, 60, 'Asia/Jakarta', '/store/1/ebook/sampul.jpg', '/store/1/default_images/bacapustaka-cover_kategori.jpg', NULL, NULL, 0, NULL, NULL, 0, 0, 0, 0, 0, 0, 0, NULL, NULL, NULL, 'active', 1690269094, 1690269714, NULL),
(2292, 867, 867, 614, 'text_lesson', 0, 'Demi Toleransi Demi Pluralisme by Ihsan Ali Fauzi, Syafiq Hasyim, J.H. Lamardy', NULL, 60, 'Asia/Jakarta', '/store/1/ebook/sampul.jpg', '/store/1/default_images/bacapustaka-cover_kategori.jpg', NULL, NULL, 0, NULL, NULL, 0, 0, 0, 0, 0, 0, 0, NULL, NULL, NULL, 'active', 1690269094, 1690269714, NULL),
(2293, 867, 867, 614, 'text_lesson', 0, 'Demi Toleransi Demi Pluralisme', NULL, 60, 'Asia/Jakarta', '/store/1/ebook/sampul.jpg', '/store/1/default_images/bacapustaka-cover_kategori.jpg', NULL, NULL, 0, NULL, NULL, 0, 0, 0, 0, 0, 0, 0, NULL, NULL, NULL, 'active', 1690269094, 1690269714, NULL),
(2294, 867, 867, 614, 'text_lesson', 0, 'Dhamma Dana Para Dhammaduta 1', NULL, 60, 'Asia/Jakarta', '/store/1/ebook/sampul.jpg', '/store/1/default_images/bacapustaka-cover_kategori.jpg', NULL, NULL, 0, NULL, NULL, 0, 0, 0, 0, 0, 0, 0, NULL, NULL, NULL, 'active', 1690269094, 1690269714, NULL),
(2295, 867, 867, 614, 'text_lesson', 0, 'Dhamma Dana Para Dhammaduta 2', NULL, 60, 'Asia/Jakarta', '/store/1/ebook/sampul.jpg', '/store/1/default_images/bacapustaka-cover_kategori.jpg', NULL, NULL, 0, NULL, NULL, 0, 0, 0, 0, 0, 0, 0, NULL, NULL, NULL, 'active', 1690269094, 1690269714, NULL),
(2296, 867, 867, 614, 'text_lesson', 0, 'Dhamma Dana Para Dhammaduta 3', NULL, 60, 'Asia/Jakarta', '/store/1/ebook/sampul.jpg', '/store/1/default_images/bacapustaka-cover_kategori.jpg', NULL, NULL, 0, NULL, NULL, 0, 0, 0, 0, 0, 0, 0, NULL, NULL, NULL, 'active', 1690269094, 1690269714, NULL),
(2297, 867, 867, 614, 'text_lesson', 0, 'Dhamma Dana Para Dhammaduta 4', NULL, 60, 'Asia/Jakarta', '/store/1/ebook/sampul.jpg', '/store/1/default_images/bacapustaka-cover_kategori.jpg', NULL, NULL, 0, NULL, NULL, 0, 0, 0, 0, 0, 0, 0, NULL, NULL, NULL, 'active', 1690269094, 1690269714, NULL),
(2298, 867, 867, 614, 'text_lesson', 0, 'dhamma dana para dhammaduta', NULL, 60, 'Asia/Jakarta', '/store/1/ebook/sampul.jpg', '/store/1/default_images/bacapustaka-cover_kategori.jpg', NULL, NULL, 0, NULL, NULL, 0, 0, 0, 0, 0, 0, 0, NULL, NULL, NULL, 'active', 1690269094, 1690269714, NULL),
(2299, 867, 867, 614, 'text_lesson', 0, 'Dhamma Inspirasi Kehidupan by Bhikkhu Abhayanando', NULL, 60, 'Asia/Jakarta', '/store/1/ebook/sampul.jpg', '/store/1/default_images/bacapustaka-cover_kategori.jpg', NULL, NULL, 0, NULL, NULL, 0, 0, 0, 0, 0, 0, 0, NULL, NULL, NULL, 'active', 1690269094, 1690269714, NULL),
(2300, 867, 867, 614, 'text_lesson', 0, 'Dhamma Inspirasi Kehidupan', NULL, 60, 'Asia/Jakarta', '/store/1/ebook/sampul.jpg', '/store/1/default_images/bacapustaka-cover_kategori.jpg', NULL, NULL, 0, NULL, NULL, 0, 0, 0, 0, 0, 0, 0, NULL, NULL, NULL, 'active', 1690269094, 1690269714, NULL),
(2301, 867, 867, 614, 'text_lesson', 0, 'Dhamma untuk Perumah Tangga', NULL, 60, 'Asia/Jakarta', '/store/1/ebook/sampul.jpg', '/store/1/default_images/bacapustaka-cover_kategori.jpg', NULL, NULL, 0, NULL, NULL, 0, 0, 0, 0, 0, 0, 0, NULL, NULL, NULL, 'active', 1690269094, 1690269714, NULL),
(2302, 867, 867, 614, 'text_lesson', 0, 'Dhammaclass Masa Vassa Vihara Vidyaloka 2', NULL, 60, 'Asia/Jakarta', '/store/1/ebook/sampul.jpg', '/store/1/default_images/bacapustaka-cover_kategori.jpg', NULL, NULL, 0, NULL, NULL, 0, 0, 0, 0, 0, 0, 0, NULL, NULL, NULL, 'active', 1690269094, 1690269714, NULL),
(2303, 867, 867, 614, 'text_lesson', 0, 'dhammapada', NULL, 60, 'Asia/Jakarta', '/store/1/ebook/sampul.jpg', '/store/1/default_images/bacapustaka-cover_kategori.jpg', NULL, NULL, 0, NULL, NULL, 0, 0, 0, 0, 0, 0, 0, NULL, NULL, NULL, 'active', 1690269094, 1690269714, NULL),
(2304, 867, 867, 614, 'text_lesson', 0, 'Dhammila Si Penangkap Ikan', NULL, 60, 'Asia/Jakarta', '/store/1/ebook/sampul.jpg', '/store/1/default_images/bacapustaka-cover_kategori.jpg', NULL, NULL, 0, NULL, NULL, 0, 0, 0, 0, 0, 0, 0, NULL, NULL, NULL, 'active', 1690269094, 1690269714, NULL),
(2305, 867, 867, 614, 'text_lesson', 0, 'Dialog Budaya Spiritual by Tim Ditjenbud', NULL, 60, 'Asia/Jakarta', '/store/1/ebook/sampul.jpg', '/store/1/default_images/bacapustaka-cover_kategori.jpg', NULL, NULL, 0, NULL, NULL, 0, 0, 0, 0, 0, 0, 0, NULL, NULL, NULL, 'active', 1690269094, 1690269714, NULL),
(2306, 867, 867, 614, 'text_lesson', 0, 'Dialog Dengan Alam Dewa', NULL, 60, 'Asia/Jakarta', '/store/1/ebook/sampul.jpg', '/store/1/default_images/bacapustaka-cover_kategori.jpg', NULL, NULL, 0, NULL, NULL, 0, 0, 0, 0, 0, 0, 0, NULL, NULL, NULL, 'active', 1690269094, 1690269714, NULL),
(2307, 867, 867, 614, 'text_lesson', 0, 'Dialog Dengan Jin Muslim Muhammad \'Isa Dawud', NULL, 60, 'Asia/Jakarta', '/store/1/ebook/sampul.jpg', '/store/1/default_images/bacapustaka-cover_kategori.jpg', NULL, NULL, 0, NULL, NULL, 0, 0, 0, 0, 0, 0, 0, NULL, NULL, NULL, 'active', 1690269094, 1690269714, NULL),
(2308, 867, 867, 614, 'text_lesson', 0, 'Dialog Mazhab', NULL, 60, 'Asia/Jakarta', '/store/1/ebook/sampul.jpg', '/store/1/default_images/bacapustaka-cover_kategori.jpg', NULL, NULL, 0, NULL, NULL, 0, 0, 0, 0, 0, 0, 0, NULL, NULL, NULL, 'active', 1690269094, 1690269714, NULL),
(2309, 867, 867, 614, 'text_lesson', 0, 'Digha Nikaya Khotbah Khotbah Panjang Sang Buddha by Dhammacitta press', NULL, 60, 'Asia/Jakarta', '/store/1/ebook/sampul.jpg', '/store/1/default_images/bacapustaka-cover_kategori.jpg', NULL, NULL, 0, NULL, NULL, 0, 0, 0, 0, 0, 0, 0, NULL, NULL, NULL, 'active', 1690269094, 1690269714, NULL),
(2310, 867, 867, 614, 'text_lesson', 0, 'Digha Nikaya Khotbah Khotbah Panjang Sang Buddha', NULL, 60, 'Asia/Jakarta', '/store/1/ebook/sampul.jpg', '/store/1/default_images/bacapustaka-cover_kategori.jpg', NULL, NULL, 0, NULL, NULL, 0, 0, 0, 0, 0, 0, 0, NULL, NULL, NULL, 'active', 1690269094, 1690269714, NULL),
(2311, 867, 867, 614, 'text_lesson', 0, 'Digital Karakter Perspektif Agama dan Pendidikan by Ronal G. Sirait', NULL, 60, 'Asia/Jakarta', '/store/1/ebook/sampul.jpg', '/store/1/default_images/bacapustaka-cover_kategori.jpg', NULL, NULL, 0, NULL, NULL, 0, 0, 0, 0, 0, 0, 0, NULL, NULL, NULL, 'active', 1690269094, 1690269714, NULL),
(2312, 867, 867, 614, 'text_lesson', 0, 'Diktat Psikologi Keluarga by Mahfudh Fauzi, M.Pd.', NULL, 60, 'Asia/Jakarta', '/store/1/ebook/sampul.jpg', '/store/1/default_images/bacapustaka-cover_kategori.jpg', NULL, NULL, 0, NULL, NULL, 0, 0, 0, 0, 0, 0, 0, NULL, NULL, NULL, 'active', 1690269094, 1690269714, NULL),
(2313, 867, 867, 614, 'text_lesson', 0, 'Dilema Kesetaraan Gender Refleksi dan Respons Praksis by Sri Djoharwinarlien', NULL, 60, 'Asia/Jakarta', '/store/1/ebook/sampul.jpg', '/store/1/default_images/bacapustaka-cover_kategori.jpg', NULL, NULL, 0, NULL, NULL, 0, 0, 0, 0, 0, 0, 0, NULL, NULL, NULL, 'active', 1690269094, 1690269714, NULL),
(2314, 867, 867, 614, 'text_lesson', 0, 'Dimensi Tradisional dan Spiritual dalam Agama Hindu', NULL, 60, 'Asia/Jakarta', '/store/1/ebook/sampul.jpg', '/store/1/default_images/bacapustaka-cover_kategori.jpg', NULL, NULL, 0, NULL, NULL, 0, 0, 0, 0, 0, 0, 0, NULL, NULL, NULL, 'active', 1690269094, 1690269714, NULL),
(2315, 867, 867, 614, 'text_lesson', 0, 'Dinamika Islam Filipina, Burma, dan Thailand by Choirul Fuad Yusuf, Arif Syibromalisi, Ridwan Bustamam, Ali Fahrudin, Syaukani, Masmedia Pinem', NULL, 60, 'Asia/Jakarta', '/store/1/ebook/sampul.jpg', '/store/1/default_images/bacapustaka-cover_kategori.jpg', NULL, NULL, 0, NULL, NULL, 0, 0, 0, 0, 0, 0, 0, NULL, NULL, NULL, 'active', 1690269094, 1690269714, NULL),
(2316, 867, 867, 614, 'text_lesson', 0, 'Dinamika Perkembangan Sistem Kepercayaan Lokal di Indonesia by Ahmad Syafii Mufid', NULL, 60, 'Asia/Jakarta', '/store/1/ebook/sampul.jpg', '/store/1/default_images/bacapustaka-cover_kategori.jpg', NULL, NULL, 0, NULL, NULL, 0, 0, 0, 0, 0, 0, 0, NULL, NULL, NULL, 'active', 1690269094, 1690269714, NULL),
(2317, 867, 867, 614, 'text_lesson', 0, 'Disini Dan Saat Ini', NULL, 60, 'Asia/Jakarta', '/store/1/ebook/sampul.jpg', '/store/1/default_images/bacapustaka-cover_kategori.jpg', NULL, NULL, 0, NULL, NULL, 0, 0, 0, 0, 0, 0, 0, NULL, NULL, NULL, 'active', 1690269094, 1690269714, NULL),
(2318, 867, 867, 614, 'text_lesson', 0, 'Diskursus Pluralisme Agama di Indonesia by Dr. H. M. Abzar Duraesa, M.Ag.', NULL, 60, 'Asia/Jakarta', '/store/1/ebook/sampul.jpg', '/store/1/default_images/bacapustaka-cover_kategori.jpg', NULL, NULL, 0, NULL, NULL, 0, 0, 0, 0, 0, 0, 0, NULL, NULL, NULL, 'active', 1690269094, 1690269714, NULL),
(2319, 867, 867, 614, 'text_lesson', 0, 'Dukkha Kumpulan Esai', NULL, 60, 'Asia/Jakarta', '/store/1/ebook/sampul.jpg', '/store/1/default_images/bacapustaka-cover_kategori.jpg', NULL, NULL, 0, NULL, NULL, 0, 0, 0, 0, 0, 0, 0, NULL, NULL, NULL, 'active', 1690269094, 1690269714, NULL),
(2320, 867, 867, 614, 'text_lesson', 0, 'Dukun, Mantra, dan Kepercayaan Masyarakat by T. Sianipar, Alwisol, Munawir Yusuf', NULL, 60, 'Asia/Jakarta', '/store/1/ebook/sampul.jpg', '/store/1/default_images/bacapustaka-cover_kategori.jpg', NULL, NULL, 0, NULL, NULL, 0, 0, 0, 0, 0, 0, 0, NULL, NULL, NULL, 'active', 1690269094, 1690269714, NULL),
(2321, 867, 867, 614, 'text_lesson', 0, 'Empat Kebenaran Mulia', NULL, 60, 'Asia/Jakarta', '/store/1/ebook/sampul.jpg', '/store/1/default_images/bacapustaka-cover_kategori.jpg', NULL, NULL, 0, NULL, NULL, 0, 0, 0, 0, 0, 0, 0, NULL, NULL, NULL, 'active', 1690269094, 1690269714, NULL),
(2322, 867, 867, 614, 'text_lesson', 0, 'Ensiklopedi Larangan 1', NULL, 60, 'Asia/Jakarta', '/store/1/ebook/sampul.jpg', '/store/1/default_images/bacapustaka-cover_kategori.jpg', NULL, NULL, 0, NULL, NULL, 0, 0, 0, 0, 0, 0, 0, NULL, NULL, NULL, 'active', 1690269094, 1690269714, NULL),
(2323, 867, 867, 614, 'text_lesson', 0, 'Ensiklopedi Larangan 2', NULL, 60, 'Asia/Jakarta', '/store/1/ebook/sampul.jpg', '/store/1/default_images/bacapustaka-cover_kategori.jpg', NULL, NULL, 0, NULL, NULL, 0, 0, 0, 0, 0, 0, 0, NULL, NULL, NULL, 'active', 1690269094, 1690269714, NULL),
(2324, 867, 867, 614, 'text_lesson', 0, 'Ensiklopedi Larangan 3', NULL, 60, 'Asia/Jakarta', '/store/1/ebook/sampul.jpg', '/store/1/default_images/bacapustaka-cover_kategori.jpg', NULL, NULL, 0, NULL, NULL, 0, 0, 0, 0, 0, 0, 0, NULL, NULL, NULL, 'active', 1690269094, 1690269714, NULL),
(2325, 867, 867, 614, 'text_lesson', 0, 'epistimologi islam jawa', NULL, 60, 'Asia/Jakarta', '/store/1/ebook/sampul.jpg', '/store/1/default_images/bacapustaka-cover_kategori.jpg', NULL, NULL, 0, NULL, NULL, 0, 0, 0, 0, 0, 0, 0, NULL, NULL, NULL, 'active', 1690269094, 1690269714, NULL),
(2326, 867, 867, 614, 'text_lesson', 0, 'Etika Keagamaan Nahdlatul Ulama Mengungkap Visi Moral di Balik Isu Isu Pluralisme by M. Lutfi Mustofa', NULL, 60, 'Asia/Jakarta', '/store/1/ebook/sampul.jpg', '/store/1/default_images/bacapustaka-cover_kategori.jpg', NULL, NULL, 0, NULL, NULL, 0, 0, 0, 0, 0, 0, 0, NULL, NULL, NULL, 'active', 1690269094, 1690269714, NULL),
(2327, 867, 867, 614, 'text_lesson', 0, 'Etika Monastik Buddhis I', NULL, 60, 'Asia/Jakarta', '/store/1/ebook/sampul.jpg', '/store/1/default_images/bacapustaka-cover_kategori.jpg', NULL, NULL, 0, NULL, NULL, 0, 0, 0, 0, 0, 0, 0, NULL, NULL, NULL, 'active', 1690269094, 1690269714, NULL),
(2328, 867, 867, 614, 'text_lesson', 0, 'Etika Monastik Buddhis II', NULL, 60, 'Asia/Jakarta', '/store/1/ebook/sampul.jpg', '/store/1/default_images/bacapustaka-cover_kategori.jpg', NULL, NULL, 0, NULL, NULL, 0, 0, 0, 0, 0, 0, 0, NULL, NULL, NULL, 'active', 1690269094, 1690269714, NULL),
(2329, 867, 867, 614, 'text_lesson', 0, 'Etika Muhammadiyah Spirit Peradaban by Zakiyuddin Baidhawy Azaki Khoirudin', NULL, 60, 'Asia/Jakarta', '/store/1/ebook/sampul.jpg', '/store/1/default_images/bacapustaka-cover_kategori.jpg', NULL, NULL, 0, NULL, NULL, 0, 0, 0, 0, 0, 0, 0, NULL, NULL, NULL, 'active', 1690269094, 1690269714, NULL),
(2330, 867, 867, 614, 'text_lesson', 0, 'Etika Sufi Ibn Al Arabi by Dr. H. Mukhlisin Sa’ad, M.Ag.', NULL, 60, 'Asia/Jakarta', '/store/1/ebook/sampul.jpg', '/store/1/default_images/bacapustaka-cover_kategori.jpg', NULL, NULL, 0, NULL, NULL, 0, 0, 0, 0, 0, 0, 0, NULL, NULL, NULL, 'active', 1690269094, 1690269714, NULL),
(2331, 867, 867, 614, 'text_lesson', 0, 'FAKTA DAN DATA KESESATAN TASAWUF MENURUT AL QURAN DAN AS SUNNAH (Tasauf Hadits Hadith Hadis Aqidah Akidah Firqah Fatwa) by Muhammad bin Jamil Zainu', NULL, 60, 'Asia/Jakarta', '/store/1/ebook/sampul.jpg', '/store/1/default_images/bacapustaka-cover_kategori.jpg', NULL, NULL, 0, NULL, NULL, 0, 0, 0, 0, 0, 0, 0, NULL, NULL, NULL, 'active', 1690269094, 1690269714, NULL),
(2332, 867, 867, 614, 'text_lesson', 0, 'fakta ilmiah tentang keharaman babi', NULL, 60, 'Asia/Jakarta', '/store/1/ebook/sampul.jpg', '/store/1/default_images/bacapustaka-cover_kategori.jpg', NULL, NULL, 0, NULL, NULL, 0, 0, 0, 0, 0, 0, 0, NULL, NULL, NULL, 'active', 1690269094, 1690269714, NULL),
(2333, 867, 867, 614, 'text_lesson', 0, 'Falsafah Dan Prinsip Asas Perubatan Melayu Nornizam Ngadeni (PREVIEW)', NULL, 60, 'Asia/Jakarta', '/store/1/ebook/sampul.jpg', '/store/1/default_images/bacapustaka-cover_kategori.jpg', NULL, NULL, 0, NULL, NULL, 0, 0, 0, 0, 0, 0, 0, NULL, NULL, NULL, 'active', 1690269094, 1690269714, NULL),
(2334, 867, 867, 614, 'text_lesson', 0, 'Falsafah Pendidikan Islam Menguak Nilai Nilai Pendidikan dalam Tradisi Islam by Asrul Daulay Ja’far (editor)', NULL, 60, 'Asia/Jakarta', '/store/1/ebook/sampul.jpg', '/store/1/default_images/bacapustaka-cover_kategori.jpg', NULL, NULL, 0, NULL, NULL, 0, 0, 0, 0, 0, 0, 0, NULL, NULL, NULL, 'active', 1690269094, 1690269714, NULL),
(2335, 867, 867, 614, 'text_lesson', 0, 'Falsafat Agama by Harun Nasution', NULL, 60, 'Asia/Jakarta', '/store/1/ebook/sampul.jpg', '/store/1/default_images/bacapustaka-cover_kategori.jpg', NULL, NULL, 0, NULL, NULL, 0, 0, 0, 0, 0, 0, 0, NULL, NULL, NULL, 'active', 1690269094, 1690269714, NULL),
(2336, 867, 867, 614, 'text_lesson', 0, 'Filosofi Teras by Henry Manampiring', NULL, 60, 'Asia/Jakarta', '/store/1/ebook/sampul.jpg', '/store/1/default_images/bacapustaka-cover_kategori.jpg', NULL, NULL, 0, NULL, NULL, 0, 0, 0, 0, 0, 0, 0, NULL, NULL, NULL, 'active', 1690269094, 1690269714, NULL),
(2337, 867, 867, 614, 'text_lesson', 0, 'Filosofi, Asas, Ajaran, Teori Hukum Pertanahan, dan Agraria by Herman Soesanggobeng', NULL, 60, 'Asia/Jakarta', '/store/1/ebook/sampul.jpg', '/store/1/default_images/bacapustaka-cover_kategori.jpg', NULL, NULL, 0, NULL, NULL, 0, 0, 0, 0, 0, 0, 0, NULL, NULL, NULL, 'active', 1690269094, 1690269714, NULL),
(2338, 867, 867, 614, 'text_lesson', 0, 'Filsafat Agama by Magdalena Pranata Santoso ', NULL, 60, 'Asia/Jakarta', '/store/1/ebook/sampul.jpg', '/store/1/default_images/bacapustaka-cover_kategori.jpg', NULL, NULL, 0, NULL, NULL, 0, 0, 0, 0, 0, 0, 0, NULL, NULL, NULL, 'active', 1690269094, 1690269714, NULL),
(2339, 867, 867, 614, 'text_lesson', 0, 'FILSAFAT AJARAN ISLAM (Warning! ahmadiyah)', NULL, 60, 'Asia/Jakarta', '/store/1/ebook/sampul.jpg', '/store/1/default_images/bacapustaka-cover_kategori.jpg', NULL, NULL, 0, NULL, NULL, 0, 0, 0, 0, 0, 0, 0, NULL, NULL, NULL, 'active', 1690269094, 1690269714, NULL),
(2340, 867, 867, 614, 'text_lesson', 0, 'Filsafat Ajaran Islam by Hadhrat Mirza Ghulam Ahmad ', NULL, 60, 'Asia/Jakarta', '/store/1/ebook/sampul.jpg', '/store/1/default_images/bacapustaka-cover_kategori.jpg', NULL, NULL, 0, NULL, NULL, 0, 0, 0, 0, 0, 0, 0, NULL, NULL, NULL, 'active', 1690269094, 1690269714, NULL),
(2341, 867, 867, 614, 'text_lesson', 0, 'Filsafat Ajaran Islam notice Jemaat Ahmadiyah Indonesia', NULL, 60, 'Asia/Jakarta', '/store/1/ebook/sampul.jpg', '/store/1/default_images/bacapustaka-cover_kategori.jpg', NULL, NULL, 0, NULL, NULL, 0, 0, 0, 0, 0, 0, 0, NULL, NULL, NULL, 'active', 1690269094, 1690269714, NULL),
(2342, 867, 867, 614, 'text_lesson', 0, 'Filsafat Barat Abad 21 by Saidul Amin', NULL, 60, 'Asia/Jakarta', '/store/1/ebook/sampul.jpg', '/store/1/default_images/bacapustaka-cover_kategori.jpg', NULL, NULL, 0, NULL, NULL, 0, 0, 0, 0, 0, 0, 0, NULL, NULL, NULL, 'active', 1690269094, 1690269714, NULL),
(2343, 867, 867, 614, 'text_lesson', 0, 'Filsafat dan Ilmu', NULL, 60, 'Asia/Jakarta', '/store/1/ebook/sampul.jpg', '/store/1/default_images/bacapustaka-cover_kategori.jpg', NULL, NULL, 0, NULL, NULL, 0, 0, 0, 0, 0, 0, 0, NULL, NULL, NULL, 'active', 1690269094, 1690269714, NULL),
(2344, 867, 867, 614, 'text_lesson', 0, 'Filsafat dan Metafisika Dalam Islam', NULL, 60, 'Asia/Jakarta', '/store/1/ebook/sampul.jpg', '/store/1/default_images/bacapustaka-cover_kategori.jpg', NULL, NULL, 0, NULL, NULL, 0, 0, 0, 0, 0, 0, 0, NULL, NULL, NULL, 'active', 1690269094, 1690269714, NULL),
(2345, 867, 867, 614, 'text_lesson', 0, 'Filsafat Ekonomi Islam Basis Epistemologi Ekonomi Islam Muhammad Baqir Sadr by Supian Suri Muhammad Ali Hamzah, SE, MA, M.Ud.', NULL, 60, 'Asia/Jakarta', '/store/1/ebook/sampul.jpg', '/store/1/default_images/bacapustaka-cover_kategori.jpg', NULL, NULL, 0, NULL, NULL, 0, 0, 0, 0, 0, 0, 0, NULL, NULL, NULL, 'active', 1690269094, 1690269714, NULL),
(2346, 867, 867, 614, 'text_lesson', 0, 'Filsafat Feminisme (Studi Kritis terhadap Gerakan Pembaharuan Perempuan di Dunia Barat dan Islam) by Dr. Saidul Amin, MA.', NULL, 60, 'Asia/Jakarta', '/store/1/ebook/sampul.jpg', '/store/1/default_images/bacapustaka-cover_kategori.jpg', NULL, NULL, 0, NULL, NULL, 0, 0, 0, 0, 0, 0, 0, NULL, NULL, NULL, 'active', 1690269094, 1690269714, NULL),
(2347, 867, 867, 614, 'text_lesson', 0, 'Filsafat Fenomenologi Suatu Pengantar by Drs. Maraimbang Daulay, MA.', NULL, 60, 'Asia/Jakarta', '/store/1/ebook/sampul.jpg', '/store/1/default_images/bacapustaka-cover_kategori.jpg', NULL, NULL, 0, NULL, NULL, 0, 0, 0, 0, 0, 0, 0, NULL, NULL, NULL, 'active', 1690269094, 1690269714, NULL),
(2348, 867, 867, 614, 'text_lesson', 0, 'Filsafat Hukum (Tokoh Tokoh Penting Filsafat Sejarah dan Intisari Pemikiran) by DR. H. Boy Nurdin, S.H., M.H.', NULL, 60, 'Asia/Jakarta', '/store/1/ebook/sampul.jpg', '/store/1/default_images/bacapustaka-cover_kategori.jpg', NULL, NULL, 0, NULL, NULL, 0, 0, 0, 0, 0, 0, 0, NULL, NULL, NULL, 'active', 1690269094, 1690269714, NULL),
(2349, 867, 867, 614, 'text_lesson', 0, 'Filsafat Hukum by Dr. Serlika Aprita, S.H., M.H. Rio Adhitya, S.T., S.H., M.Kn.', NULL, 60, 'Asia/Jakarta', '/store/1/ebook/sampul.jpg', '/store/1/default_images/bacapustaka-cover_kategori.jpg', NULL, NULL, 0, NULL, NULL, 0, 0, 0, 0, 0, 0, 0, NULL, NULL, NULL, 'active', 1690269094, 1690269714, NULL),
(2350, 867, 867, 614, 'text_lesson', 0, 'Filsafat Hukum by Kamarusdiana, MH.', NULL, 60, 'Asia/Jakarta', '/store/1/ebook/sampul.jpg', '/store/1/default_images/bacapustaka-cover_kategori.jpg', NULL, NULL, 0, NULL, NULL, 0, 0, 0, 0, 0, 0, 0, NULL, NULL, NULL, 'active', 1690269094, 1690269714, NULL),
(2351, 867, 867, 614, 'text_lesson', 0, 'Filsafat Hukum Islam by Dr. Faisar Ananda Arfa, MA. (z lib.org)', NULL, 60, 'Asia/Jakarta', '/store/1/ebook/sampul.jpg', '/store/1/default_images/bacapustaka-cover_kategori.jpg', NULL, NULL, 0, NULL, NULL, 0, 0, 0, 0, 0, 0, 0, NULL, NULL, NULL, 'active', 1690269094, 1690269714, NULL),
(2352, 867, 867, 614, 'text_lesson', 0, 'Filsafat Hukum Islam by Muhammad Syukri Albani Nasution', NULL, 60, 'Asia/Jakarta', '/store/1/ebook/sampul.jpg', '/store/1/default_images/bacapustaka-cover_kategori.jpg', NULL, NULL, 0, NULL, NULL, 0, 0, 0, 0, 0, 0, 0, NULL, NULL, NULL, 'active', 1690269094, 1690269714, NULL),
(2353, 867, 867, 614, 'text_lesson', 0, 'Filsafat Hukum Islam by Prof. Dr. H. Suparman Usman, S.H. Dr. Itang, M.Ag.', NULL, 60, 'Asia/Jakarta', '/store/1/ebook/sampul.jpg', '/store/1/default_images/bacapustaka-cover_kategori.jpg', NULL, NULL, 0, NULL, NULL, 0, 0, 0, 0, 0, 0, 0, NULL, NULL, NULL, 'active', 1690269094, 1690269714, NULL),
(2354, 867, 867, 614, 'text_lesson', 0, 'Filsafat Hukum Sejarah Aliran Dan Pemaknaan', NULL, 60, 'Asia/Jakarta', '/store/1/ebook/sampul.jpg', '/store/1/default_images/bacapustaka-cover_kategori.jpg', NULL, NULL, 0, NULL, NULL, 0, 0, 0, 0, 0, 0, 0, NULL, NULL, NULL, 'active', 1690269094, 1690269714, NULL),
(2355, 867, 867, 614, 'text_lesson', 0, 'Filsafat Hukum Teori Praktik by Prof. Dr. Sukarno Aburaera, S.H., Prof. Dr. Muhadar, S.H., M.Si., Maskun, S.H., LL.M.', NULL, 60, 'Asia/Jakarta', '/store/1/ebook/sampul.jpg', '/store/1/default_images/bacapustaka-cover_kategori.jpg', NULL, NULL, 0, NULL, NULL, 0, 0, 0, 0, 0, 0, 0, NULL, NULL, NULL, 'active', 1690269094, 1690269714, NULL),
(2356, 867, 867, 614, 'text_lesson', 0, 'Filsafat Ilmu Dan Logika', NULL, 60, 'Asia/Jakarta', '/store/1/ebook/sampul.jpg', '/store/1/default_images/bacapustaka-cover_kategori.jpg', NULL, NULL, 0, NULL, NULL, 0, 0, 0, 0, 0, 0, 0, NULL, NULL, NULL, 'active', 1690269094, 1690269714, NULL),
(2357, 867, 867, 614, 'text_lesson', 0, 'Filsafat Ilmu etc', NULL, 60, 'Asia/Jakarta', '/store/1/ebook/sampul.jpg', '/store/1/default_images/bacapustaka-cover_kategori.jpg', NULL, NULL, 0, NULL, NULL, 0, 0, 0, 0, 0, 0, 0, NULL, NULL, NULL, 'active', 1690269094, 1690269714, NULL),
(2358, 867, 867, 614, 'text_lesson', 0, 'Filsafat Ilmu Hakikat Mencari Pengetahuan by Ahmad Taufik Nasution', NULL, 60, 'Asia/Jakarta', '/store/1/ebook/sampul.jpg', '/store/1/default_images/bacapustaka-cover_kategori.jpg', NULL, NULL, 0, NULL, NULL, 0, 0, 0, 0, 0, 0, 0, NULL, NULL, NULL, 'active', 1690269094, 1690269714, NULL),
(2359, 867, 867, 614, 'text_lesson', 0, 'Filsafat Ilmu Kajian atas Asumsi Dasar, Paradigma, dan Kerangka Teori Ilmu Pengetahuan by Mohammad Muslih', NULL, 60, 'Asia/Jakarta', '/store/1/ebook/sampul.jpg', '/store/1/default_images/bacapustaka-cover_kategori.jpg', NULL, NULL, 0, NULL, NULL, 0, 0, 0, 0, 0, 0, 0, NULL, NULL, NULL, 'active', 1690269094, 1690269714, NULL),
(2360, 867, 867, 614, 'text_lesson', 0, 'FILSAFAT ILMU Mohammad muslih 2', NULL, 60, 'Asia/Jakarta', '/store/1/ebook/sampul.jpg', '/store/1/default_images/bacapustaka-cover_kategori.jpg', NULL, NULL, 0, NULL, NULL, 0, 0, 0, 0, 0, 0, 0, NULL, NULL, NULL, 'active', 1690269094, 1690269714, NULL),
(2361, 867, 867, 614, 'text_lesson', 0, 'Filsafat Ilmu Pendekatan Kajian Keislaman by Dr. Abdul Chalik', NULL, 60, 'Asia/Jakarta', '/store/1/ebook/sampul.jpg', '/store/1/default_images/bacapustaka-cover_kategori.jpg', NULL, NULL, 0, NULL, NULL, 0, 0, 0, 0, 0, 0, 0, NULL, NULL, NULL, 'active', 1690269094, 1690269714, NULL);
INSERT INTO `webinars` (`id`, `teacher_id`, `creator_id`, `category_id`, `type`, `private`, `slug`, `start_date`, `duration`, `timezone`, `thumbnail`, `image_cover`, `video_demo`, `video_demo_source`, `capacity`, `price`, `organization_price`, `support`, `certificate`, `downloadable`, `partner_instructor`, `subscribe`, `forum`, `enable_waitlist`, `access_days`, `points`, `message_for_reviewer`, `status`, `created_at`, `updated_at`, `deleted_at`) VALUES
(2362, 867, 867, 614, 'text_lesson', 0, 'Filsafat Ilmu Pengetahuan ', NULL, 60, 'Asia/Jakarta', '/store/1/ebook/sampul.jpg', '/store/1/default_images/bacapustaka-cover_kategori.jpg', NULL, NULL, 0, NULL, NULL, 0, 0, 0, 0, 0, 0, 0, NULL, NULL, NULL, 'active', 1690269094, 1690269714, NULL),
(2363, 867, 867, 614, 'text_lesson', 0, 'Filsafat Ilmu Pengetahuan Perspektif Barat dan Islam by Prof. Darwis A. Soelaiman, Ph.D.', NULL, 60, 'Asia/Jakarta', '/store/1/ebook/sampul.jpg', '/store/1/default_images/bacapustaka-cover_kategori.jpg', NULL, NULL, 0, NULL, NULL, 0, 0, 0, 0, 0, 0, 0, NULL, NULL, NULL, 'active', 1690269094, 1690269714, NULL),
(2364, 867, 867, 614, 'text_lesson', 0, 'Filsafat Ilmu', NULL, 60, 'Asia/Jakarta', '/store/1/ebook/sampul.jpg', '/store/1/default_images/bacapustaka-cover_kategori.jpg', NULL, NULL, 0, NULL, NULL, 0, 0, 0, 0, 0, 0, 0, NULL, NULL, NULL, 'active', 1690269094, 1690269714, NULL),
(2365, 867, 867, 614, 'text_lesson', 0, 'Filsafat Islam 2016 (Khudori Soleh)', NULL, 60, 'Asia/Jakarta', '/store/1/ebook/sampul.jpg', '/store/1/default_images/bacapustaka-cover_kategori.jpg', NULL, NULL, 0, NULL, NULL, 0, 0, 0, 0, 0, 0, 0, NULL, NULL, NULL, 'active', 1690269094, 1690269714, NULL),
(2366, 867, 867, 614, 'text_lesson', 0, 'Filsafat Islam Dari Klasik Hingga Kontemporer by A. Khudori Soleh', NULL, 60, 'Asia/Jakarta', '/store/1/ebook/sampul.jpg', '/store/1/default_images/bacapustaka-cover_kategori.jpg', NULL, NULL, 0, NULL, NULL, 0, 0, 0, 0, 0, 0, 0, NULL, NULL, NULL, 'active', 1690269094, 1690269714, NULL),
(2367, 867, 867, 614, 'text_lesson', 0, 'Filsafat Islam di Mesir Kontemporer by Prof. Dr. Afrizal M, M.A.', NULL, 60, 'Asia/Jakarta', '/store/1/ebook/sampul.jpg', '/store/1/default_images/bacapustaka-cover_kategori.jpg', NULL, NULL, 0, NULL, NULL, 0, 0, 0, 0, 0, 0, 0, NULL, NULL, NULL, 'active', 1690269094, 1690269714, NULL),
(2368, 867, 867, 614, 'text_lesson', 0, 'Filsafat Islam Dimensi, Teoretis dan Praktis by Prof. Dr. Amroeni Drajat, M.Ag.', NULL, 60, 'Asia/Jakarta', '/store/1/ebook/sampul.jpg', '/store/1/default_images/bacapustaka-cover_kategori.jpg', NULL, NULL, 0, NULL, NULL, 0, 0, 0, 0, 0, 0, 0, NULL, NULL, NULL, 'active', 1690269094, 1690269714, NULL),
(2369, 867, 867, 614, 'text_lesson', 0, 'Filsafat Islam Masa Awal Drs H Ibrahim MPd', NULL, 60, 'Asia/Jakarta', '/store/1/ebook/sampul.jpg', '/store/1/default_images/bacapustaka-cover_kategori.jpg', NULL, NULL, 0, NULL, NULL, 0, 0, 0, 0, 0, 0, 0, NULL, NULL, NULL, 'active', 1690269094, 1690269714, NULL),
(2370, 867, 867, 614, 'text_lesson', 0, 'Filsafat Jawa by dr. Abdullah Ciptoprawiro', NULL, 60, 'Asia/Jakarta', '/store/1/ebook/sampul.jpg', '/store/1/default_images/bacapustaka-cover_kategori.jpg', NULL, NULL, 0, NULL, NULL, 0, 0, 0, 0, 0, 0, 0, NULL, NULL, NULL, 'active', 1690269094, 1690269714, NULL),
(2371, 867, 867, 614, 'text_lesson', 0, 'Filsafat Kata', NULL, 60, 'Asia/Jakarta', '/store/1/ebook/sampul.jpg', '/store/1/default_images/bacapustaka-cover_kategori.jpg', NULL, NULL, 0, NULL, NULL, 0, 0, 0, 0, 0, 0, 0, NULL, NULL, NULL, 'active', 1690269094, 1690269714, NULL),
(2372, 867, 867, 614, 'text_lesson', 0, 'Filsafat Lingkungan Hidup Alam sebagai Sebuah Sistem Kehidupan by Dr. A. Sonny Keraf', NULL, 60, 'Asia/Jakarta', '/store/1/ebook/sampul.jpg', '/store/1/default_images/bacapustaka-cover_kategori.jpg', NULL, NULL, 0, NULL, NULL, 0, 0, 0, 0, 0, 0, 0, NULL, NULL, NULL, 'active', 1690269094, 1690269714, NULL),
(2373, 867, 867, 614, 'text_lesson', 0, 'Filsafat Moral Islam Kritik Atas Berbagai Pandangan Moral by Murtaza Mutahhari', NULL, 60, 'Asia/Jakarta', '/store/1/ebook/sampul.jpg', '/store/1/default_images/bacapustaka-cover_kategori.jpg', NULL, NULL, 0, NULL, NULL, 0, 0, 0, 0, 0, 0, 0, NULL, NULL, NULL, 'active', 1690269094, 1690269714, NULL),
(2374, 867, 867, 614, 'text_lesson', 0, 'Filsafat Pendidikan Agama Islam by Miswari', NULL, 60, 'Asia/Jakarta', '/store/1/ebook/sampul.jpg', '/store/1/default_images/bacapustaka-cover_kategori.jpg', NULL, NULL, 0, NULL, NULL, 0, 0, 0, 0, 0, 0, 0, NULL, NULL, NULL, 'active', 1690269094, 1690269714, NULL),
(2375, 867, 867, 614, 'text_lesson', 0, 'Filsafat Pendidikan by Muhammad Anwar', NULL, 60, 'Asia/Jakarta', '/store/1/ebook/sampul.jpg', '/store/1/default_images/bacapustaka-cover_kategori.jpg', NULL, NULL, 0, NULL, NULL, 0, 0, 0, 0, 0, 0, 0, NULL, NULL, NULL, 'active', 1690269094, 1690269714, NULL),
(2376, 867, 867, 614, 'text_lesson', 0, 'Filsafat Pendidikan Islam by A. Heris Hermawan, M.Ag.', NULL, 60, 'Asia/Jakarta', '/store/1/ebook/sampul.jpg', '/store/1/default_images/bacapustaka-cover_kategori.jpg', NULL, NULL, 0, NULL, NULL, 0, 0, 0, 0, 0, 0, 0, NULL, NULL, NULL, 'active', 1690269094, 1690269714, NULL),
(2377, 867, 867, 614, 'text_lesson', 0, 'Filsafat Pendidikan Islam by Dr. H. Ahmad Syar’i, M.Pd.', NULL, 60, 'Asia/Jakarta', '/store/1/ebook/sampul.jpg', '/store/1/default_images/bacapustaka-cover_kategori.jpg', NULL, NULL, 0, NULL, NULL, 0, 0, 0, 0, 0, 0, 0, NULL, NULL, NULL, 'active', 1690269094, 1690269714, NULL),
(2378, 867, 867, 614, 'text_lesson', 0, 'Filsafat Pendidikan Islam by Prof. Dr. H.A. Yunus, Drs., SH., MBA., M.Si. dan Dr. E. Kosmajadi, S.Ag., M.M.Pd', NULL, 60, 'Asia/Jakarta', '/store/1/ebook/sampul.jpg', '/store/1/default_images/bacapustaka-cover_kategori.jpg', NULL, NULL, 0, NULL, NULL, 0, 0, 0, 0, 0, 0, 0, NULL, NULL, NULL, 'active', 1690269094, 1690269714, NULL),
(2379, 867, 867, 614, 'text_lesson', 0, 'Filsafat Pendidikan Islam Menguatkan Epistemologi Islam dalam Pendidikan by Dr. Toto Suharto, M.Ag.', NULL, 60, 'Asia/Jakarta', '/store/1/ebook/sampul.jpg', '/store/1/default_images/bacapustaka-cover_kategori.jpg', NULL, NULL, 0, NULL, NULL, 0, 0, 0, 0, 0, 0, 0, NULL, NULL, NULL, 'active', 1690269094, 1690269714, NULL),
(2380, 867, 867, 614, 'text_lesson', 0, 'Filsafat Perempuan dalam Islam Hak Perempuan dan Relevansi Etika Sosial by Murtadha Muthahhari', NULL, 60, 'Asia/Jakarta', '/store/1/ebook/sampul.jpg', '/store/1/default_images/bacapustaka-cover_kategori.jpg', NULL, NULL, 0, NULL, NULL, 0, 0, 0, 0, 0, 0, 0, NULL, NULL, NULL, 'active', 1690269094, 1690269714, NULL),
(2381, 867, 867, 614, 'text_lesson', 0, 'Filsafat Perselingkuhan Sampai Anorexia Kudus by Reza Alexander Antonius Wattimena', NULL, 60, 'Asia/Jakarta', '/store/1/ebook/sampul.jpg', '/store/1/default_images/bacapustaka-cover_kategori.jpg', NULL, NULL, 0, NULL, NULL, 0, 0, 0, 0, 0, 0, 0, NULL, NULL, NULL, 'active', 1690269094, 1690269714, NULL),
(2382, 867, 867, 614, 'text_lesson', 0, 'Filsafat Politik by Jason Brennan', NULL, 60, 'Asia/Jakarta', '/store/1/ebook/sampul.jpg', '/store/1/default_images/bacapustaka-cover_kategori.jpg', NULL, NULL, 0, NULL, NULL, 0, 0, 0, 0, 0, 0, 0, NULL, NULL, NULL, 'active', 1690269094, 1690269714, NULL),
(2383, 867, 867, 614, 'text_lesson', 0, 'Filsafat Politik Islam Antara Al Farabi dan Khomeini by Yamani [Yamani]', NULL, 60, 'Asia/Jakarta', '/store/1/ebook/sampul.jpg', '/store/1/default_images/bacapustaka-cover_kategori.jpg', NULL, NULL, 0, NULL, NULL, 0, 0, 0, 0, 0, 0, 0, NULL, NULL, NULL, 'active', 1690269094, 1690269714, NULL),
(2384, 867, 867, 614, 'text_lesson', 0, 'Filsafat sebagai ilmu kritis', NULL, 60, 'Asia/Jakarta', '/store/1/ebook/sampul.jpg', '/store/1/default_images/bacapustaka-cover_kategori.jpg', NULL, NULL, 0, NULL, NULL, 0, 0, 0, 0, 0, 0, 0, NULL, NULL, NULL, 'active', 1690269094, 1690269714, NULL),
(2385, 867, 867, 614, 'text_lesson', 0, 'Filsafat Sejarah by G.W.F. Hegel', NULL, 60, 'Asia/Jakarta', '/store/1/ebook/sampul.jpg', '/store/1/default_images/bacapustaka-cover_kategori.jpg', NULL, NULL, 0, NULL, NULL, 0, 0, 0, 0, 0, 0, 0, NULL, NULL, NULL, 'active', 1690269094, 1690269714, NULL),
(2386, 867, 867, 614, 'text_lesson', 0, 'FILSAFAT TERAKHIR Evaluasi Filsafat Sepanjang Masa', NULL, 60, 'Asia/Jakarta', '/store/1/ebook/sampul.jpg', '/store/1/default_images/bacapustaka-cover_kategori.jpg', NULL, NULL, 0, NULL, NULL, 0, 0, 0, 0, 0, 0, 0, NULL, NULL, NULL, 'active', 1690269094, 1690269714, NULL),
(2387, 867, 867, 614, 'text_lesson', 0, 'Filsafat ilmu mohammad muslih', NULL, 60, 'Asia/Jakarta', '/store/1/ebook/sampul.jpg', '/store/1/default_images/bacapustaka-cover_kategori.jpg', NULL, NULL, 0, NULL, NULL, 0, 0, 0, 0, 0, 0, 0, NULL, NULL, NULL, 'active', 1690269094, 1690269714, NULL),
(2388, 867, 867, 614, 'text_lesson', 0, 'Filsafat dan Teologi Islam', NULL, 60, 'Asia/Jakarta', '/store/1/ebook/sampul.jpg', '/store/1/default_images/bacapustaka-cover_kategori.jpg', NULL, NULL, 0, NULL, NULL, 0, 0, 0, 0, 0, 0, 0, NULL, NULL, NULL, 'active', 1690269094, 1690269714, NULL),
(2389, 867, 867, 614, 'text_lesson', 0, 'furqon, al membongkar kesesatan filsafat', NULL, 60, 'Asia/Jakarta', '/store/1/ebook/sampul.jpg', '/store/1/default_images/bacapustaka-cover_kategori.jpg', NULL, NULL, 0, NULL, NULL, 0, 0, 0, 0, 0, 0, 0, NULL, NULL, NULL, 'active', 1690269094, 1690269714, NULL),
(2390, 867, 867, 614, 'text_lesson', 0, 'Futuhul ghaib (pembuka tabir kegaiban)', NULL, 60, 'Asia/Jakarta', '/store/1/ebook/sampul.jpg', '/store/1/default_images/bacapustaka-cover_kategori.jpg', NULL, NULL, 0, NULL, NULL, 0, 0, 0, 0, 0, 0, 0, NULL, NULL, NULL, 'active', 1690269094, 1690269714, NULL),
(2391, 867, 867, 614, 'text_lesson', 0, 'Gelombang Lautan Jiwa Sebuah Psikomemoar by Anta Samsara', NULL, 60, 'Asia/Jakarta', '/store/1/ebook/sampul.jpg', '/store/1/default_images/bacapustaka-cover_kategori.jpg', NULL, NULL, 0, NULL, NULL, 0, 0, 0, 0, 0, 0, 0, NULL, NULL, NULL, 'active', 1690269094, 1690269714, NULL),
(2392, 867, 867, 614, 'text_lesson', 0, 'Goresan Tinta Kehidupan', NULL, 60, 'Asia/Jakarta', '/store/1/ebook/sampul.jpg', '/store/1/default_images/bacapustaka-cover_kategori.jpg', NULL, NULL, 0, NULL, NULL, 0, 0, 0, 0, 0, 0, 0, NULL, NULL, NULL, 'active', 1690269094, 1690269714, NULL),
(2393, 867, 867, 614, 'text_lesson', 0, 'Guru Kehidupan Cerita tentang Agama dan Masyarakat by Mahli Zainuddin Tago', NULL, 60, 'Asia/Jakarta', '/store/1/ebook/sampul.jpg', '/store/1/default_images/bacapustaka-cover_kategori.jpg', NULL, NULL, 0, NULL, NULL, 0, 0, 0, 0, 0, 0, 0, NULL, NULL, NULL, 'active', 1690269094, 1690269714, NULL),
(2394, 867, 867, 614, 'text_lesson', 0, 'Guru Para Dewa by Susan Elbaum Jootla', NULL, 60, 'Asia/Jakarta', '/store/1/ebook/sampul.jpg', '/store/1/default_images/bacapustaka-cover_kategori.jpg', NULL, NULL, 0, NULL, NULL, 0, 0, 0, 0, 0, 0, 0, NULL, NULL, NULL, 'active', 1690269094, 1690269714, NULL),
(2395, 867, 867, 614, 'text_lesson', 0, 'Guru Para Dewa', NULL, 60, 'Asia/Jakarta', '/store/1/ebook/sampul.jpg', '/store/1/default_images/bacapustaka-cover_kategori.jpg', NULL, NULL, 0, NULL, NULL, 0, 0, 0, 0, 0, 0, 0, NULL, NULL, NULL, 'active', 1690269094, 1690269714, NULL),
(2396, 867, 867, 614, 'text_lesson', 0, 'Hakekat Agama', NULL, 60, 'Asia/Jakarta', '/store/1/ebook/sampul.jpg', '/store/1/default_images/bacapustaka-cover_kategori.jpg', NULL, NULL, 0, NULL, NULL, 0, 0, 0, 0, 0, 0, 0, NULL, NULL, NULL, 'active', 1690269094, 1690269714, NULL),
(2397, 867, 867, 614, 'text_lesson', 0, 'Hakekat sufi', NULL, 60, 'Asia/Jakarta', '/store/1/ebook/sampul.jpg', '/store/1/default_images/bacapustaka-cover_kategori.jpg', NULL, NULL, 0, NULL, NULL, 0, 0, 0, 0, 0, 0, 0, NULL, NULL, NULL, 'active', 1690269094, 1690269714, NULL),
(2398, 867, 867, 614, 'text_lesson', 0, 'HAKEKAT tasawuf', NULL, 60, 'Asia/Jakarta', '/store/1/ebook/sampul.jpg', '/store/1/default_images/bacapustaka-cover_kategori.jpg', NULL, NULL, 0, NULL, NULL, 0, 0, 0, 0, 0, 0, 0, NULL, NULL, NULL, 'active', 1690269094, 1690269714, NULL),
(2399, 867, 867, 614, 'text_lesson', 0, 'hakekat sufi 2', NULL, 60, 'Asia/Jakarta', '/store/1/ebook/sampul.jpg', '/store/1/default_images/bacapustaka-cover_kategori.jpg', NULL, NULL, 0, NULL, NULL, 0, 0, 0, 0, 0, 0, 0, NULL, NULL, NULL, 'active', 1690269094, 1690269714, NULL),
(2400, 867, 867, 614, 'text_lesson', 0, 'Hakikat Jiwa Manusia Berdasarkan Al Quran dan As Sunnah by Abu Abdillah Fatih Falestin', NULL, 60, 'Asia/Jakarta', '/store/1/ebook/sampul.jpg', '/store/1/default_images/bacapustaka-cover_kategori.jpg', NULL, NULL, 0, NULL, NULL, 0, 0, 0, 0, 0, 0, 0, NULL, NULL, NULL, 'active', 1690269094, 1690269714, NULL),
(2401, 867, 867, 614, 'text_lesson', 0, 'Hakikat Sufi 3', NULL, 60, 'Asia/Jakarta', '/store/1/ebook/sampul.jpg', '/store/1/default_images/bacapustaka-cover_kategori.jpg', NULL, NULL, 0, NULL, NULL, 0, 0, 0, 0, 0, 0, 0, NULL, NULL, NULL, 'active', 1690269094, 1690269714, NULL),
(2402, 867, 867, 614, 'text_lesson', 0, 'hakikat sufi[syekh dr sholeh]', NULL, 60, 'Asia/Jakarta', '/store/1/ebook/sampul.jpg', '/store/1/default_images/bacapustaka-cover_kategori.jpg', NULL, NULL, 0, NULL, NULL, 0, 0, 0, 0, 0, 0, 0, NULL, NULL, NULL, 'active', 1690269094, 1690269714, NULL),
(2403, 867, 867, 614, 'text_lesson', 0, 'Hakikat Syiah', NULL, 60, 'Asia/Jakarta', '/store/1/ebook/sampul.jpg', '/store/1/default_images/bacapustaka-cover_kategori.jpg', NULL, NULL, 0, NULL, NULL, 0, 0, 0, 0, 0, 0, 0, NULL, NULL, NULL, 'active', 1690269094, 1690269714, NULL),
(2404, 867, 867, 614, 'text_lesson', 0, 'Hakikat Tasawuf \'Abdullah Taslim', NULL, 60, 'Asia/Jakarta', '/store/1/ebook/sampul.jpg', '/store/1/default_images/bacapustaka-cover_kategori.jpg', NULL, NULL, 0, NULL, NULL, 0, 0, 0, 0, 0, 0, 0, NULL, NULL, NULL, 'active', 1690269094, 1690269714, NULL),
(2405, 867, 867, 614, 'text_lesson', 0, 'HALAL DAN HARAM INFINITY DOWNLINE', NULL, 60, 'Asia/Jakarta', '/store/1/ebook/sampul.jpg', '/store/1/default_images/bacapustaka-cover_kategori.jpg', NULL, NULL, 0, NULL, NULL, 0, 0, 0, 0, 0, 0, 0, NULL, NULL, NULL, 'active', 1690269094, 1690269714, NULL),
(2406, 867, 867, 614, 'text_lesson', 0, 'Halal Haram', NULL, 60, 'Asia/Jakarta', '/store/1/ebook/sampul.jpg', '/store/1/default_images/bacapustaka-cover_kategori.jpg', NULL, NULL, 0, NULL, NULL, 0, 0, 0, 0, 0, 0, 0, NULL, NULL, NULL, 'active', 1690269094, 1690269714, NULL),
(2407, 867, 867, 614, 'text_lesson', 0, 'halal MUI', NULL, 60, 'Asia/Jakarta', '/store/1/ebook/sampul.jpg', '/store/1/default_images/bacapustaka-cover_kategori.jpg', NULL, NULL, 0, NULL, NULL, 0, 0, 0, 0, 0, 0, 0, NULL, NULL, NULL, 'active', 1690269094, 1690269714, NULL),
(2408, 867, 867, 614, 'text_lesson', 0, 'haram mengucapkan selamat natal', NULL, 60, 'Asia/Jakarta', '/store/1/ebook/sampul.jpg', '/store/1/default_images/bacapustaka-cover_kategori.jpg', NULL, NULL, 0, NULL, NULL, 0, 0, 0, 0, 0, 0, 0, NULL, NULL, NULL, 'active', 1690269094, 1690269714, NULL),
(2409, 867, 867, 614, 'text_lesson', 0, 'haram merayakan natal dan tahun baru', NULL, 60, 'Asia/Jakarta', '/store/1/ebook/sampul.jpg', '/store/1/default_images/bacapustaka-cover_kategori.jpg', NULL, NULL, 0, NULL, NULL, 0, 0, 0, 0, 0, 0, 0, NULL, NULL, NULL, 'active', 1690269094, 1690269714, NULL),
(2410, 867, 867, 614, 'text_lesson', 0, 'Haram dan Halal dalam Islam', NULL, 60, 'Asia/Jakarta', '/store/1/ebook/sampul.jpg', '/store/1/default_images/bacapustaka-cover_kategori.jpg', NULL, NULL, 0, NULL, NULL, 0, 0, 0, 0, 0, 0, 0, NULL, NULL, NULL, 'active', 1690269094, 1690269714, NULL),
(2411, 867, 867, 614, 'text_lesson', 0, 'Haram', NULL, 60, 'Asia/Jakarta', '/store/1/ebook/sampul.jpg', '/store/1/default_images/bacapustaka-cover_kategori.jpg', NULL, NULL, 0, NULL, NULL, 0, 0, 0, 0, 0, 0, 0, NULL, NULL, NULL, 'active', 1690269094, 1690269714, NULL),
(2412, 867, 867, 614, 'text_lesson', 0, 'Hidup Bukan Hanya Penderitaan', NULL, 60, 'Asia/Jakarta', '/store/1/ebook/sampul.jpg', '/store/1/default_images/bacapustaka-cover_kategori.jpg', NULL, NULL, 0, NULL, NULL, 0, 0, 0, 0, 0, 0, 0, NULL, NULL, NULL, 'active', 1690269094, 1690269714, NULL),
(2413, 867, 867, 614, 'text_lesson', 0, 'Hidup Dalam Teropong Spiritual', NULL, 60, 'Asia/Jakarta', '/store/1/ebook/sampul.jpg', '/store/1/default_images/bacapustaka-cover_kategori.jpg', NULL, NULL, 0, NULL, NULL, 0, 0, 0, 0, 0, 0, 0, NULL, NULL, NULL, 'active', 1690269094, 1690269714, NULL),
(2414, 867, 867, 614, 'text_lesson', 0, 'Hidup Sesuai Dhamma Bhante Uttamo', NULL, 60, 'Asia/Jakarta', '/store/1/ebook/sampul.jpg', '/store/1/default_images/bacapustaka-cover_kategori.jpg', NULL, NULL, 0, NULL, NULL, 0, 0, 0, 0, 0, 0, 0, NULL, NULL, NULL, 'active', 1690269094, 1690269714, NULL),
(2415, 867, 867, 614, 'text_lesson', 0, 'Hidup Sesuai Dhamma by Dhammacitta.org', NULL, 60, 'Asia/Jakarta', '/store/1/ebook/sampul.jpg', '/store/1/default_images/bacapustaka-cover_kategori.jpg', NULL, NULL, 0, NULL, NULL, 0, 0, 0, 0, 0, 0, 0, NULL, NULL, NULL, 'active', 1690269094, 1690269714, NULL),
(2416, 867, 867, 614, 'text_lesson', 0, 'hidup sesuai dhamma', NULL, 60, 'Asia/Jakarta', '/store/1/ebook/sampul.jpg', '/store/1/default_images/bacapustaka-cover_kategori.jpg', NULL, NULL, 0, NULL, NULL, 0, 0, 0, 0, 0, 0, 0, NULL, NULL, NULL, 'active', 1690269094, 1690269714, NULL),
(2417, 867, 867, 614, 'text_lesson', 0, 'Hikayat Penaklukan Diri Sendiri', NULL, 60, 'Asia/Jakarta', '/store/1/ebook/sampul.jpg', '/store/1/default_images/bacapustaka-cover_kategori.jpg', NULL, NULL, 0, NULL, NULL, 0, 0, 0, 0, 0, 0, 0, NULL, NULL, NULL, 'active', 1690269094, 1690269714, NULL),
(2418, 867, 867, 614, 'text_lesson', 0, 'hkm maulid Syaikh Utsaimin', NULL, 60, 'Asia/Jakarta', '/store/1/ebook/sampul.jpg', '/store/1/default_images/bacapustaka-cover_kategori.jpg', NULL, NULL, 0, NULL, NULL, 0, 0, 0, 0, 0, 0, 0, NULL, NULL, NULL, 'active', 1690269094, 1690269714, NULL),
(2419, 867, 867, 614, 'text_lesson', 0, 'Hukuim+Boikot+Produk+Orang+Kafir', NULL, 60, 'Asia/Jakarta', '/store/1/ebook/sampul.jpg', '/store/1/default_images/bacapustaka-cover_kategori.jpg', NULL, NULL, 0, NULL, NULL, 0, 0, 0, 0, 0, 0, 0, NULL, NULL, NULL, 'active', 1690269094, 1690269714, NULL),
(2420, 867, 867, 614, 'text_lesson', 0, 'Hukum & Adab Islam [Indonesia]', NULL, 60, 'Asia/Jakarta', '/store/1/ebook/sampul.jpg', '/store/1/default_images/bacapustaka-cover_kategori.jpg', NULL, NULL, 0, NULL, NULL, 0, 0, 0, 0, 0, 0, 0, NULL, NULL, NULL, 'active', 1690269094, 1690269714, NULL),
(2421, 867, 867, 614, 'text_lesson', 0, 'hukum istihza ibnu \'abidin as soronji', NULL, 60, 'Asia/Jakarta', '/store/1/ebook/sampul.jpg', '/store/1/default_images/bacapustaka-cover_kategori.jpg', NULL, NULL, 0, NULL, NULL, 0, 0, 0, 0, 0, 0, 0, NULL, NULL, NULL, 'active', 1690269094, 1690269714, NULL),
(2422, 867, 867, 614, 'text_lesson', 0, 'hukum abborsi', NULL, 60, 'Asia/Jakarta', '/store/1/ebook/sampul.jpg', '/store/1/default_images/bacapustaka-cover_kategori.jpg', NULL, NULL, 0, NULL, NULL, 0, 0, 0, 0, 0, 0, 0, NULL, NULL, NULL, 'active', 1690269094, 1690269714, NULL),
(2423, 867, 867, 614, 'text_lesson', 0, 'Hukum Bagi Murtad Kafir', NULL, 60, 'Asia/Jakarta', '/store/1/ebook/sampul.jpg', '/store/1/default_images/bacapustaka-cover_kategori.jpg', NULL, NULL, 0, NULL, NULL, 0, 0, 0, 0, 0, 0, 0, NULL, NULL, NULL, 'active', 1690269094, 1690269714, NULL),
(2424, 867, 867, 614, 'text_lesson', 0, 'hukum bekerja di bank', NULL, 60, 'Asia/Jakarta', '/store/1/ebook/sampul.jpg', '/store/1/default_images/bacapustaka-cover_kategori.jpg', NULL, NULL, 0, NULL, NULL, 0, 0, 0, 0, 0, 0, 0, NULL, NULL, NULL, 'active', 1690269094, 1690269714, NULL),
(2425, 867, 867, 614, 'text_lesson', 0, 'Hukum Binaan Di atas Kubur', NULL, 60, 'Asia/Jakarta', '/store/1/ebook/sampul.jpg', '/store/1/default_images/bacapustaka-cover_kategori.jpg', NULL, NULL, 0, NULL, NULL, 0, 0, 0, 0, 0, 0, 0, NULL, NULL, NULL, 'active', 1690269094, 1690269714, NULL),
(2426, 867, 867, 614, 'text_lesson', 0, 'Hukum Cadar Khalid Syamhudi', NULL, 60, 'Asia/Jakarta', '/store/1/ebook/sampul.jpg', '/store/1/default_images/bacapustaka-cover_kategori.jpg', NULL, NULL, 0, NULL, NULL, 0, 0, 0, 0, 0, 0, 0, NULL, NULL, NULL, 'active', 1690269094, 1690269714, NULL),
(2427, 867, 867, 614, 'text_lesson', 0, 'Hukum Cadar al Albani', NULL, 60, 'Asia/Jakarta', '/store/1/ebook/sampul.jpg', '/store/1/default_images/bacapustaka-cover_kategori.jpg', NULL, NULL, 0, NULL, NULL, 0, 0, 0, 0, 0, 0, 0, NULL, NULL, NULL, 'active', 1690269094, 1690269714, NULL),
(2428, 867, 867, 614, 'text_lesson', 0, 'Hukum Foto dan Gambar', NULL, 60, 'Asia/Jakarta', '/store/1/ebook/sampul.jpg', '/store/1/default_images/bacapustaka-cover_kategori.jpg', NULL, NULL, 0, NULL, NULL, 0, 0, 0, 0, 0, 0, 0, NULL, NULL, NULL, 'active', 1690269094, 1690269714, NULL),
(2429, 867, 867, 614, 'text_lesson', 0, 'Hukum foto, jenggot dan musik', NULL, 60, 'Asia/Jakarta', '/store/1/ebook/sampul.jpg', '/store/1/default_images/bacapustaka-cover_kategori.jpg', NULL, NULL, 0, NULL, NULL, 0, 0, 0, 0, 0, 0, 0, NULL, NULL, NULL, 'active', 1690269094, 1690269714, NULL),
(2430, 867, 867, 614, 'text_lesson', 0, 'HUKUM FOTOGRAFI', NULL, 60, 'Asia/Jakarta', '/store/1/ebook/sampul.jpg', '/store/1/default_images/bacapustaka-cover_kategori.jpg', NULL, NULL, 0, NULL, NULL, 0, 0, 0, 0, 0, 0, 0, NULL, NULL, NULL, 'active', 1690269094, 1690269714, NULL),
(2431, 867, 867, 614, 'text_lesson', 0, 'Hukum haid nifas berkabung', NULL, 60, 'Asia/Jakarta', '/store/1/ebook/sampul.jpg', '/store/1/default_images/bacapustaka-cover_kategori.jpg', NULL, NULL, 0, NULL, NULL, 0, 0, 0, 0, 0, 0, 0, NULL, NULL, NULL, 'active', 1690269094, 1690269714, NULL),
(2432, 867, 867, 614, 'text_lesson', 0, 'Hukum Ikut Serta Dalam Parlemen', NULL, 60, 'Asia/Jakarta', '/store/1/ebook/sampul.jpg', '/store/1/default_images/bacapustaka-cover_kategori.jpg', NULL, NULL, 0, NULL, NULL, 0, 0, 0, 0, 0, 0, 0, NULL, NULL, NULL, 'active', 1690269094, 1690269714, NULL),
(2433, 867, 867, 614, 'text_lesson', 0, 'Hukum Isbal [Menurunkan Pakaian Dibawah Mata Kaki] 7', NULL, 60, 'Asia/Jakarta', '/store/1/ebook/sampul.jpg', '/store/1/default_images/bacapustaka-cover_kategori.jpg', NULL, NULL, 0, NULL, NULL, 0, 0, 0, 0, 0, 0, 0, NULL, NULL, NULL, 'active', 1690269094, 1690269714, NULL),
(2434, 867, 867, 614, 'text_lesson', 0, 'hukum islam indonesia (1)', NULL, 60, 'Asia/Jakarta', '/store/1/ebook/sampul.jpg', '/store/1/default_images/bacapustaka-cover_kategori.jpg', NULL, NULL, 0, NULL, NULL, 0, 0, 0, 0, 0, 0, 0, NULL, NULL, NULL, 'active', 1690269094, 1690269714, NULL),
(2435, 867, 867, 614, 'text_lesson', 0, 'hukum islam indonesia', NULL, 60, 'Asia/Jakarta', '/store/1/ebook/sampul.jpg', '/store/1/default_images/bacapustaka-cover_kategori.jpg', NULL, NULL, 0, NULL, NULL, 0, 0, 0, 0, 0, 0, 0, NULL, NULL, NULL, 'active', 1690269094, 1690269714, NULL),
(2436, 867, 867, 614, 'text_lesson', 0, 'hukum jihad di palestina', NULL, 60, 'Asia/Jakarta', '/store/1/ebook/sampul.jpg', '/store/1/default_images/bacapustaka-cover_kategori.jpg', NULL, NULL, 0, NULL, NULL, 0, 0, 0, 0, 0, 0, 0, NULL, NULL, NULL, 'active', 1690269094, 1690269714, NULL),
(2437, 867, 867, 614, 'text_lesson', 0, 'hukum lagu musik syeh albani', NULL, 60, 'Asia/Jakarta', '/store/1/ebook/sampul.jpg', '/store/1/default_images/bacapustaka-cover_kategori.jpg', NULL, NULL, 0, NULL, NULL, 0, 0, 0, 0, 0, 0, 0, NULL, NULL, NULL, 'active', 1690269094, 1690269714, NULL),
(2438, 867, 867, 614, 'text_lesson', 0, 'Hukum Lakonan', NULL, 60, 'Asia/Jakarta', '/store/1/ebook/sampul.jpg', '/store/1/default_images/bacapustaka-cover_kategori.jpg', NULL, NULL, 0, NULL, NULL, 0, 0, 0, 0, 0, 0, 0, NULL, NULL, NULL, 'active', 1690269094, 1690269714, NULL),
(2439, 867, 867, 614, 'text_lesson', 0, 'Hukum Mandi Jinabah', NULL, 60, 'Asia/Jakarta', '/store/1/ebook/sampul.jpg', '/store/1/default_images/bacapustaka-cover_kategori.jpg', NULL, NULL, 0, NULL, NULL, 0, 0, 0, 0, 0, 0, 0, NULL, NULL, NULL, 'active', 1690269094, 1690269714, NULL),
(2440, 867, 867, 614, 'text_lesson', 0, 'Hukum Melafadzkan Niat', NULL, 60, 'Asia/Jakarta', '/store/1/ebook/sampul.jpg', '/store/1/default_images/bacapustaka-cover_kategori.jpg', NULL, NULL, 0, NULL, NULL, 0, 0, 0, 0, 0, 0, 0, NULL, NULL, NULL, 'active', 1690269094, 1690269714, NULL),
(2441, 867, 867, 614, 'text_lesson', 0, 'Hukum Melaksanakan Shalat Ied', NULL, 60, 'Asia/Jakarta', '/store/1/ebook/sampul.jpg', '/store/1/default_images/bacapustaka-cover_kategori.jpg', NULL, NULL, 0, NULL, NULL, 0, 0, 0, 0, 0, 0, 0, NULL, NULL, NULL, 'active', 1690269094, 1690269714, NULL),
(2442, 867, 867, 614, 'text_lesson', 0, 'Hukum Memakai Cadar dalam Pandangan 4 Madzhab', NULL, 60, 'Asia/Jakarta', '/store/1/ebook/sampul.jpg', '/store/1/default_images/bacapustaka-cover_kategori.jpg', NULL, NULL, 0, NULL, NULL, 0, 0, 0, 0, 0, 0, 0, NULL, NULL, NULL, 'active', 1690269094, 1690269714, NULL),
(2443, 867, 867, 614, 'text_lesson', 0, 'HUKUM MEMBUNUH TAWANAN [Syaikh Yusuf Al Uyairi] (39)', NULL, 60, 'Asia/Jakarta', '/store/1/ebook/sampul.jpg', '/store/1/default_images/bacapustaka-cover_kategori.jpg', NULL, NULL, 0, NULL, NULL, 0, 0, 0, 0, 0, 0, 0, NULL, NULL, NULL, 'active', 1690269094, 1690269714, NULL),
(2444, 867, 867, 614, 'text_lesson', 0, 'hukum meminta pertolongan pada jin untuk mengetahui perkara gaib dan untuk hipnotis', NULL, 60, 'Asia/Jakarta', '/store/1/ebook/sampul.jpg', '/store/1/default_images/bacapustaka-cover_kategori.jpg', NULL, NULL, 0, NULL, NULL, 0, 0, 0, 0, 0, 0, 0, NULL, NULL, NULL, 'active', 1690269094, 1690269714, NULL),
(2445, 867, 867, 614, 'text_lesson', 0, 'HUKUM MEMOHON KEPADA ALLAH DENGAN KEDUDUKAN DAN KEMULIAAN ORANG SALEH', NULL, 60, 'Asia/Jakarta', '/store/1/ebook/sampul.jpg', '/store/1/default_images/bacapustaka-cover_kategori.jpg', NULL, NULL, 0, NULL, NULL, 0, 0, 0, 0, 0, 0, 0, NULL, NULL, NULL, 'active', 1690269094, 1690269714, NULL),
(2446, 867, 867, 614, 'text_lesson', 0, 'hukum mempergunakan zakat untuk membangun masjid', NULL, 60, 'Asia/Jakarta', '/store/1/ebook/sampul.jpg', '/store/1/default_images/bacapustaka-cover_kategori.jpg', NULL, NULL, 0, NULL, NULL, 0, 0, 0, 0, 0, 0, 0, NULL, NULL, NULL, 'active', 1690269094, 1690269714, NULL),
(2447, 867, 867, 614, 'text_lesson', 0, 'hukum memperingati maulid nabi syaikh muhammad bin shalih al utsaimin', NULL, 60, 'Asia/Jakarta', '/store/1/ebook/sampul.jpg', '/store/1/default_images/bacapustaka-cover_kategori.jpg', NULL, NULL, 0, NULL, NULL, 0, 0, 0, 0, 0, 0, 0, NULL, NULL, NULL, 'active', 1690269094, 1690269714, NULL),
(2448, 867, 867, 614, 'text_lesson', 0, 'hukum memperingati maulid nabi', NULL, 60, 'Asia/Jakarta', '/store/1/ebook/sampul.jpg', '/store/1/default_images/bacapustaka-cover_kategori.jpg', NULL, NULL, 0, NULL, NULL, 0, 0, 0, 0, 0, 0, 0, NULL, NULL, NULL, 'active', 1690269094, 1690269714, NULL),
(2449, 867, 867, 614, 'text_lesson', 0, 'Hukum Mencela & Istihza\' thd Allah, Rasul Nya & Syari\'at Nya Ibnu \'Abidin As Soronji', NULL, 60, 'Asia/Jakarta', '/store/1/ebook/sampul.jpg', '/store/1/default_images/bacapustaka-cover_kategori.jpg', NULL, NULL, 0, NULL, NULL, 0, 0, 0, 0, 0, 0, 0, NULL, NULL, NULL, 'active', 1690269094, 1690269714, NULL),
(2450, 867, 867, 614, 'text_lesson', 0, 'Hukum mencela dan istihza ', NULL, 60, 'Asia/Jakarta', '/store/1/ebook/sampul.jpg', '/store/1/default_images/bacapustaka-cover_kategori.jpg', NULL, NULL, 0, NULL, NULL, 0, 0, 0, 0, 0, 0, 0, NULL, NULL, NULL, 'active', 1690269094, 1690269714, NULL),
(2451, 867, 867, 614, 'text_lesson', 0, 'hukum mencium tangan dan menunduk', NULL, 60, 'Asia/Jakarta', '/store/1/ebook/sampul.jpg', '/store/1/default_images/bacapustaka-cover_kategori.jpg', NULL, NULL, 0, NULL, NULL, 0, 0, 0, 0, 0, 0, 0, NULL, NULL, NULL, 'active', 1690269094, 1690269714, NULL),
(2452, 867, 867, 614, 'text_lesson', 0, 'hukum mendengarkan nyanyian', NULL, 60, 'Asia/Jakarta', '/store/1/ebook/sampul.jpg', '/store/1/default_images/bacapustaka-cover_kategori.jpg', NULL, NULL, 0, NULL, NULL, 0, 0, 0, 0, 0, 0, 0, NULL, NULL, NULL, 'active', 1690269094, 1690269714, NULL),
(2453, 867, 867, 614, 'text_lesson', 0, 'Hukum Menghadiahkan Pahala Al Quran kepada Si Mati Syeikh Muhaddith Abdullah Siddiq Al Ghummari..', NULL, 60, 'Asia/Jakarta', '/store/1/ebook/sampul.jpg', '/store/1/default_images/bacapustaka-cover_kategori.jpg', NULL, NULL, 0, NULL, NULL, 0, 0, 0, 0, 0, 0, 0, NULL, NULL, NULL, 'active', 1690269094, 1690269714, NULL),
(2454, 867, 867, 614, 'text_lesson', 0, 'Hukum Mengiringi Sembahyang Zohor Selepas Sembahyang Juma\'at', NULL, 60, 'Asia/Jakarta', '/store/1/ebook/sampul.jpg', '/store/1/default_images/bacapustaka-cover_kategori.jpg', NULL, NULL, 0, NULL, NULL, 0, 0, 0, 0, 0, 0, 0, NULL, NULL, NULL, 'active', 1690269094, 1690269714, NULL),
(2455, 867, 867, 614, 'text_lesson', 0, 'Hukum mengkafirkan sesama muslim Syaikh Al Albani', NULL, 60, 'Asia/Jakarta', '/store/1/ebook/sampul.jpg', '/store/1/default_images/bacapustaka-cover_kategori.jpg', NULL, NULL, 0, NULL, NULL, 0, 0, 0, 0, 0, 0, 0, NULL, NULL, NULL, 'active', 1690269094, 1690269714, NULL),
(2456, 867, 867, 614, 'text_lesson', 0, 'HUKUM MENGOLEKSI PATUNG', NULL, 60, 'Asia/Jakarta', '/store/1/ebook/sampul.jpg', '/store/1/default_images/bacapustaka-cover_kategori.jpg', NULL, NULL, 0, NULL, NULL, 0, 0, 0, 0, 0, 0, 0, NULL, NULL, NULL, 'active', 1690269094, 1690269714, NULL),
(2457, 867, 867, 614, 'text_lesson', 0, 'hukum meninggalkan sholat', NULL, 60, 'Asia/Jakarta', '/store/1/ebook/sampul.jpg', '/store/1/default_images/bacapustaka-cover_kategori.jpg', NULL, NULL, 0, NULL, NULL, 0, 0, 0, 0, 0, 0, 0, NULL, NULL, NULL, 'active', 1690269094, 1690269714, NULL),
(2458, 867, 867, 614, 'text_lesson', 0, 'HUKUM MENONTON TELEVISI', NULL, 60, 'Asia/Jakarta', '/store/1/ebook/sampul.jpg', '/store/1/default_images/bacapustaka-cover_kategori.jpg', NULL, NULL, 0, NULL, NULL, 0, 0, 0, 0, 0, 0, 0, NULL, NULL, NULL, 'active', 1690269094, 1690269714, NULL),
(2459, 867, 867, 614, 'text_lesson', 0, 'hukum menyediakan kenduri kematian', NULL, 60, 'Asia/Jakarta', '/store/1/ebook/sampul.jpg', '/store/1/default_images/bacapustaka-cover_kategori.jpg', NULL, NULL, 0, NULL, NULL, 0, 0, 0, 0, 0, 0, 0, NULL, NULL, NULL, 'active', 1690269094, 1690269714, NULL),
(2460, 867, 867, 614, 'text_lesson', 0, 'Hukum Merayakan Hari Lahir (ulang tahun) Seseorang', NULL, 60, 'Asia/Jakarta', '/store/1/ebook/sampul.jpg', '/store/1/default_images/bacapustaka-cover_kategori.jpg', NULL, NULL, 0, NULL, NULL, 0, 0, 0, 0, 0, 0, 0, NULL, NULL, NULL, 'active', 1690269094, 1690269714, NULL),
(2461, 867, 867, 614, 'text_lesson', 0, 'hukum merokok', NULL, 60, 'Asia/Jakarta', '/store/1/ebook/sampul.jpg', '/store/1/default_images/bacapustaka-cover_kategori.jpg', NULL, NULL, 0, NULL, NULL, 0, 0, 0, 0, 0, 0, 0, NULL, NULL, NULL, 'active', 1690269094, 1690269714, NULL),
(2462, 867, 867, 614, 'text_lesson', 0, 'hukum minyak wangi (parfum) berkadar alkohol', NULL, 60, 'Asia/Jakarta', '/store/1/ebook/sampul.jpg', '/store/1/default_images/bacapustaka-cover_kategori.jpg', NULL, NULL, 0, NULL, NULL, 0, 0, 0, 0, 0, 0, 0, NULL, NULL, NULL, 'active', 1690269094, 1690269714, NULL),
(2463, 867, 867, 614, 'text_lesson', 0, 'Hukum Musik dan Nyanyian', NULL, 60, 'Asia/Jakarta', '/store/1/ebook/sampul.jpg', '/store/1/default_images/bacapustaka-cover_kategori.jpg', NULL, NULL, 0, NULL, NULL, 0, 0, 0, 0, 0, 0, 0, NULL, NULL, NULL, 'active', 1690269094, 1690269714, NULL),
(2464, 867, 867, 614, 'text_lesson', 0, 'hukum ohm & hambatan', NULL, 60, 'Asia/Jakarta', '/store/1/ebook/sampul.jpg', '/store/1/default_images/bacapustaka-cover_kategori.jpg', NULL, NULL, 0, NULL, NULL, 0, 0, 0, 0, 0, 0, 0, NULL, NULL, NULL, 'active', 1690269094, 1690269714, NULL),
(2465, 867, 867, 614, 'text_lesson', 0, 'Hukum Orang Meninggalkan Shalat', NULL, 60, 'Asia/Jakarta', '/store/1/ebook/sampul.jpg', '/store/1/default_images/bacapustaka-cover_kategori.jpg', NULL, NULL, 0, NULL, NULL, 0, 0, 0, 0, 0, 0, 0, NULL, NULL, NULL, 'active', 1690269094, 1690269714, NULL),
(2466, 867, 867, 614, 'text_lesson', 0, 'Hukum Orang Yang Meninggalkan Shalat', NULL, 60, 'Asia/Jakarta', '/store/1/ebook/sampul.jpg', '/store/1/default_images/bacapustaka-cover_kategori.jpg', NULL, NULL, 0, NULL, NULL, 0, 0, 0, 0, 0, 0, 0, NULL, NULL, NULL, 'active', 1690269094, 1690269714, NULL),
(2467, 867, 867, 614, 'text_lesson', 0, 'hukum org yg meninggalkan sholat [muhammad bin shaleh al utsaimin]', NULL, 60, 'Asia/Jakarta', '/store/1/ebook/sampul.jpg', '/store/1/default_images/bacapustaka-cover_kategori.jpg', NULL, NULL, 0, NULL, NULL, 0, 0, 0, 0, 0, 0, 0, NULL, NULL, NULL, 'active', 1690269094, 1690269714, NULL),
(2468, 867, 867, 614, 'text_lesson', 0, 'hukum pasta gigi', NULL, 60, 'Asia/Jakarta', '/store/1/ebook/sampul.jpg', '/store/1/default_images/bacapustaka-cover_kategori.jpg', NULL, NULL, 0, NULL, NULL, 0, 0, 0, 0, 0, 0, 0, NULL, NULL, NULL, 'active', 1690269094, 1690269714, NULL),
(2469, 867, 867, 614, 'text_lesson', 0, 'Hukum Pengkafiran Dan Pemboman 1', NULL, 60, 'Asia/Jakarta', '/store/1/ebook/sampul.jpg', '/store/1/default_images/bacapustaka-cover_kategori.jpg', NULL, NULL, 0, NULL, NULL, 0, 0, 0, 0, 0, 0, 0, NULL, NULL, NULL, 'active', 1690269094, 1690269714, NULL),
(2470, 867, 867, 614, 'text_lesson', 0, 'Hukum Pengkafiran Terhadap Penguasa, Metode Penculikan Dan Pembunuhan Misterius !', NULL, 60, 'Asia/Jakarta', '/store/1/ebook/sampul.jpg', '/store/1/default_images/bacapustaka-cover_kategori.jpg', NULL, NULL, 0, NULL, NULL, 0, 0, 0, 0, 0, 0, 0, NULL, NULL, NULL, 'active', 1690269094, 1690269714, NULL),
(2471, 867, 867, 614, 'text_lesson', 0, 'Hukum Perayaan Menyambut Tahun Baru 3', NULL, 60, 'Asia/Jakarta', '/store/1/ebook/sampul.jpg', '/store/1/default_images/bacapustaka-cover_kategori.jpg', NULL, NULL, 0, NULL, NULL, 0, 0, 0, 0, 0, 0, 0, NULL, NULL, NULL, 'active', 1690269094, 1690269714, NULL),
(2472, 867, 867, 614, 'text_lesson', 0, 'Hukum Perkawinan Dengan Ahlul Bid\'ah Dr. Ibrahim bin 窶連mir Ar Ruhaili', NULL, 60, 'Asia/Jakarta', '/store/1/ebook/sampul.jpg', '/store/1/default_images/bacapustaka-cover_kategori.jpg', NULL, NULL, 0, NULL, NULL, 0, 0, 0, 0, 0, 0, 0, NULL, NULL, NULL, 'active', 1690269094, 1690269714, NULL),
(2473, 867, 867, 614, 'text_lesson', 0, 'Hukum Perkawinan dengan Ahlul Bid\'ah[Dr. Ibrahim bin ‘Amir Ar Ruhaili]', NULL, 60, 'Asia/Jakarta', '/store/1/ebook/sampul.jpg', '/store/1/default_images/bacapustaka-cover_kategori.jpg', NULL, NULL, 0, NULL, NULL, 0, 0, 0, 0, 0, 0, 0, NULL, NULL, NULL, 'active', 1690269094, 1690269714, NULL),
(2474, 867, 867, 614, 'text_lesson', 0, 'Hukum pernikahan dg ahlul bid\'ah', NULL, 60, 'Asia/Jakarta', '/store/1/ebook/sampul.jpg', '/store/1/default_images/bacapustaka-cover_kategori.jpg', NULL, NULL, 0, NULL, NULL, 0, 0, 0, 0, 0, 0, 0, NULL, NULL, NULL, 'active', 1690269094, 1690269714, NULL),
(2475, 867, 867, 614, 'text_lesson', 0, 'Hukum Qiradh (4 Mazhab)', NULL, 60, 'Asia/Jakarta', '/store/1/ebook/sampul.jpg', '/store/1/default_images/bacapustaka-cover_kategori.jpg', NULL, NULL, 0, NULL, NULL, 0, 0, 0, 0, 0, 0, 0, NULL, NULL, NULL, 'active', 1690269094, 1690269714, NULL),
(2476, 867, 867, 614, 'text_lesson', 0, 'Hukum Shaf yg Terpisah dg Tiang Masjid Askari Jamal al Bugisi', NULL, 60, 'Asia/Jakarta', '/store/1/ebook/sampul.jpg', '/store/1/default_images/bacapustaka-cover_kategori.jpg', NULL, NULL, 0, NULL, NULL, 0, 0, 0, 0, 0, 0, 0, NULL, NULL, NULL, 'active', 1690269094, 1690269714, NULL),
(2477, 867, 867, 614, 'text_lesson', 0, 'Hukum Shalat di belakang Imam yang berqunut Shubuh', NULL, 60, 'Asia/Jakarta', '/store/1/ebook/sampul.jpg', '/store/1/default_images/bacapustaka-cover_kategori.jpg', NULL, NULL, 0, NULL, NULL, 0, 0, 0, 0, 0, 0, 0, NULL, NULL, NULL, 'active', 1690269094, 1690269714, NULL),
(2478, 867, 867, 614, 'text_lesson', 0, 'Hukum Shalat Ied, Wajib atau Sunah Mushthafa bin Isma\'il as Sulaimani', NULL, 60, 'Asia/Jakarta', '/store/1/ebook/sampul.jpg', '/store/1/default_images/bacapustaka-cover_kategori.jpg', NULL, NULL, 0, NULL, NULL, 0, 0, 0, 0, 0, 0, 0, NULL, NULL, NULL, 'active', 1690269094, 1690269714, NULL),
(2479, 867, 867, 614, 'text_lesson', 0, 'Hukum shalat ied', NULL, 60, 'Asia/Jakarta', '/store/1/ebook/sampul.jpg', '/store/1/default_images/bacapustaka-cover_kategori.jpg', NULL, NULL, 0, NULL, NULL, 0, 0, 0, 0, 0, 0, 0, NULL, NULL, NULL, 'active', 1690269094, 1690269714, NULL),
(2480, 867, 867, 614, 'text_lesson', 0, 'hukum shalat jama\'ah kedua', NULL, 60, 'Asia/Jakarta', '/store/1/ebook/sampul.jpg', '/store/1/default_images/bacapustaka-cover_kategori.jpg', NULL, NULL, 0, NULL, NULL, 0, 0, 0, 0, 0, 0, 0, NULL, NULL, NULL, 'active', 1690269094, 1690269714, NULL),
(2481, 867, 867, 614, 'text_lesson', 0, 'Hukum Sihir & Dukun [Abdul Aziz]', NULL, 60, 'Asia/Jakarta', '/store/1/ebook/sampul.jpg', '/store/1/default_images/bacapustaka-cover_kategori.jpg', NULL, NULL, 0, NULL, NULL, 0, 0, 0, 0, 0, 0, 0, NULL, NULL, NULL, 'active', 1690269094, 1690269714, NULL),
(2482, 867, 867, 614, 'text_lesson', 0, 'Hukum Sihir Dan Perdukunan', NULL, 60, 'Asia/Jakarta', '/store/1/ebook/sampul.jpg', '/store/1/default_images/bacapustaka-cover_kategori.jpg', NULL, NULL, 0, NULL, NULL, 0, 0, 0, 0, 0, 0, 0, NULL, NULL, NULL, 'active', 1690269094, 1690269714, NULL),
(2483, 867, 867, 614, 'text_lesson', 0, 'hukum sihir, dukun & zina [dr moh mu\'inudin]', NULL, 60, 'Asia/Jakarta', '/store/1/ebook/sampul.jpg', '/store/1/default_images/bacapustaka-cover_kategori.jpg', NULL, NULL, 0, NULL, NULL, 0, 0, 0, 0, 0, 0, 0, NULL, NULL, NULL, 'active', 1690269094, 1690269714, NULL),
(2484, 867, 867, 614, 'text_lesson', 0, 'Hukum Solat Jamaah', NULL, 60, 'Asia/Jakarta', '/store/1/ebook/sampul.jpg', '/store/1/default_images/bacapustaka-cover_kategori.jpg', NULL, NULL, 0, NULL, NULL, 0, 0, 0, 0, 0, 0, 0, NULL, NULL, NULL, 'active', 1690269094, 1690269714, NULL),
(2485, 867, 867, 614, 'text_lesson', 0, 'Hukum Solat Jum\'at', NULL, 60, 'Asia/Jakarta', '/store/1/ebook/sampul.jpg', '/store/1/default_images/bacapustaka-cover_kategori.jpg', NULL, NULL, 0, NULL, NULL, 0, 0, 0, 0, 0, 0, 0, NULL, NULL, NULL, 'active', 1690269094, 1690269714, NULL),
(2486, 867, 867, 614, 'text_lesson', 0, 'HUKUM SOLAT SUNAT HAJAT BERJEMAAH', NULL, 60, 'Asia/Jakarta', '/store/1/ebook/sampul.jpg', '/store/1/default_images/bacapustaka-cover_kategori.jpg', NULL, NULL, 0, NULL, NULL, 0, 0, 0, 0, 0, 0, 0, NULL, NULL, NULL, 'active', 1690269094, 1690269714, NULL),
(2487, 867, 867, 614, 'text_lesson', 0, 'Hukum Tidak Mengingkari Kemungkaran Karena Ia Sendiri Melakukannya', NULL, 60, 'Asia/Jakarta', '/store/1/ebook/sampul.jpg', '/store/1/default_images/bacapustaka-cover_kategori.jpg', NULL, NULL, 0, NULL, NULL, 0, 0, 0, 0, 0, 0, 0, NULL, NULL, NULL, 'active', 1690269094, 1690269714, NULL),
(2488, 867, 867, 614, 'text_lesson', 0, 'Hukum Toharoh & Shalat [Dr Moh Mu\'inudin]', NULL, 60, 'Asia/Jakarta', '/store/1/ebook/sampul.jpg', '/store/1/default_images/bacapustaka-cover_kategori.jpg', NULL, NULL, 0, NULL, NULL, 0, 0, 0, 0, 0, 0, 0, NULL, NULL, NULL, 'active', 1690269094, 1690269714, NULL),
(2489, 867, 867, 614, 'text_lesson', 0, 'Hukum Ungkapan Kebebasan Berfikir', NULL, 60, 'Asia/Jakarta', '/store/1/ebook/sampul.jpg', '/store/1/default_images/bacapustaka-cover_kategori.jpg', NULL, NULL, 0, NULL, NULL, 0, 0, 0, 0, 0, 0, 0, NULL, NULL, NULL, 'active', 1690269094, 1690269714, NULL),
(2490, 867, 867, 614, 'text_lesson', 0, 'hukum ungkapan yang ditujukan untuk jenazah', NULL, 60, 'Asia/Jakarta', '/store/1/ebook/sampul.jpg', '/store/1/default_images/bacapustaka-cover_kategori.jpg', NULL, NULL, 0, NULL, NULL, 0, 0, 0, 0, 0, 0, 0, NULL, NULL, NULL, 'active', 1690269094, 1690269714, NULL),
(2491, 867, 867, 614, 'text_lesson', 0, 'Hukum Vaksin', NULL, 60, 'Asia/Jakarta', '/store/1/ebook/sampul.jpg', '/store/1/default_images/bacapustaka-cover_kategori.jpg', NULL, NULL, 0, NULL, NULL, 0, 0, 0, 0, 0, 0, 0, NULL, NULL, NULL, 'active', 1690269094, 1690269714, NULL),
(2492, 867, 867, 614, 'text_lesson', 0, 'hukum cadar', NULL, 60, 'Asia/Jakarta', '/store/1/ebook/sampul.jpg', '/store/1/default_images/bacapustaka-cover_kategori.jpg', NULL, NULL, 0, NULL, NULL, 0, 0, 0, 0, 0, 0, 0, NULL, NULL, NULL, 'active', 1690269094, 1690269714, NULL),
(2493, 867, 867, 614, 'text_lesson', 0, 'Hukum Hukum Fiqih [Indonesia]', NULL, 60, 'Asia/Jakarta', '/store/1/ebook/sampul.jpg', '/store/1/default_images/bacapustaka-cover_kategori.jpg', NULL, NULL, 0, NULL, NULL, 0, 0, 0, 0, 0, 0, 0, NULL, NULL, NULL, 'active', 1690269094, 1690269714, NULL),
(2494, 867, 867, 614, 'text_lesson', 0, 'hukum hukum jenazah', NULL, 60, 'Asia/Jakarta', '/store/1/ebook/sampul.jpg', '/store/1/default_images/bacapustaka-cover_kategori.jpg', NULL, NULL, 0, NULL, NULL, 0, 0, 0, 0, 0, 0, 0, NULL, NULL, NULL, 'active', 1690269094, 1690269714, NULL),
(2495, 867, 867, 614, 'text_lesson', 0, 'Hukum hukum seputar do a', NULL, 60, 'Asia/Jakarta', '/store/1/ebook/sampul.jpg', '/store/1/default_images/bacapustaka-cover_kategori.jpg', NULL, NULL, 0, NULL, NULL, 0, 0, 0, 0, 0, 0, 0, NULL, NULL, NULL, 'active', 1690269094, 1690269714, NULL),
(2496, 867, 867, 614, 'text_lesson', 0, 'hukum hukum seputar hari raya idul adha', NULL, 60, 'Asia/Jakarta', '/store/1/ebook/sampul.jpg', '/store/1/default_images/bacapustaka-cover_kategori.jpg', NULL, NULL, 0, NULL, NULL, 0, 0, 0, 0, 0, 0, 0, NULL, NULL, NULL, 'active', 1690269094, 1690269714, NULL),
(2497, 867, 867, 614, 'text_lesson', 0, 'Hukum Hukum Seputar Idul Adha', NULL, 60, 'Asia/Jakarta', '/store/1/ebook/sampul.jpg', '/store/1/default_images/bacapustaka-cover_kategori.jpg', NULL, NULL, 0, NULL, NULL, 0, 0, 0, 0, 0, 0, 0, NULL, NULL, NULL, 'active', 1690269094, 1690269714, NULL),
(2498, 867, 867, 614, 'text_lesson', 0, 'Hukum hukum Seputar Shalat Ali Raghib', NULL, 60, 'Asia/Jakarta', '/store/1/ebook/sampul.jpg', '/store/1/default_images/bacapustaka-cover_kategori.jpg', NULL, NULL, 0, NULL, NULL, 0, 0, 0, 0, 0, 0, 0, NULL, NULL, NULL, 'active', 1690269094, 1690269714, NULL),
(2499, 867, 867, 614, 'text_lesson', 0, 'Hukum hukum SeputarShalat', NULL, 60, 'Asia/Jakarta', '/store/1/ebook/sampul.jpg', '/store/1/default_images/bacapustaka-cover_kategori.jpg', NULL, NULL, 0, NULL, NULL, 0, 0, 0, 0, 0, 0, 0, NULL, NULL, NULL, 'active', 1690269094, 1690269714, NULL),
(2500, 867, 867, 614, 'text_lesson', 0, 'Hukum Hukum Shalat', NULL, 60, 'Asia/Jakarta', '/store/1/ebook/sampul.jpg', '/store/1/default_images/bacapustaka-cover_kategori.jpg', NULL, NULL, 0, NULL, NULL, 0, 0, 0, 0, 0, 0, 0, NULL, NULL, NULL, 'active', 1690269094, 1690269714, NULL),
(2501, 867, 867, 614, 'text_lesson', 0, 'Hukum hukum Tahiyatul Masjid', NULL, 60, 'Asia/Jakarta', '/store/1/ebook/sampul.jpg', '/store/1/default_images/bacapustaka-cover_kategori.jpg', NULL, NULL, 0, NULL, NULL, 0, 0, 0, 0, 0, 0, 0, NULL, NULL, NULL, 'active', 1690269094, 1690269714, NULL),
(2502, 867, 867, 614, 'text_lesson', 0, 'hukum hukum thalaq', NULL, 60, 'Asia/Jakarta', '/store/1/ebook/sampul.jpg', '/store/1/default_images/bacapustaka-cover_kategori.jpg', NULL, NULL, 0, NULL, NULL, 0, 0, 0, 0, 0, 0, 0, NULL, NULL, NULL, 'active', 1690269094, 1690269714, NULL),
(2503, 867, 867, 614, 'text_lesson', 0, 'Hukum hukum ringkas seputar Hari Ied dan Zakat Al Fitri', NULL, 60, 'Asia/Jakarta', '/store/1/ebook/sampul.jpg', '/store/1/default_images/bacapustaka-cover_kategori.jpg', NULL, NULL, 0, NULL, NULL, 0, 0, 0, 0, 0, 0, 0, NULL, NULL, NULL, 'active', 1690269094, 1690269714, NULL),
(2504, 867, 867, 614, 'text_lesson', 0, 'hukum hukum seputar mandi janabah', NULL, 60, 'Asia/Jakarta', '/store/1/ebook/sampul.jpg', '/store/1/default_images/bacapustaka-cover_kategori.jpg', NULL, NULL, 0, NULL, NULL, 0, 0, 0, 0, 0, 0, 0, NULL, NULL, NULL, 'active', 1690269094, 1690269714, NULL),
(2505, 867, 867, 614, 'text_lesson', 0, 'hukum hukum', NULL, 60, 'Asia/Jakarta', '/store/1/ebook/sampul.jpg', '/store/1/default_images/bacapustaka-cover_kategori.jpg', NULL, NULL, 0, NULL, NULL, 0, 0, 0, 0, 0, 0, 0, NULL, NULL, NULL, 'active', 1690269094, 1690269714, NULL),
(2506, 867, 867, 614, 'text_lesson', 0, 'Hukum hukumSeputarShalat', NULL, 60, 'Asia/Jakarta', '/store/1/ebook/sampul.jpg', '/store/1/default_images/bacapustaka-cover_kategori.jpg', NULL, NULL, 0, NULL, NULL, 0, 0, 0, 0, 0, 0, 0, NULL, NULL, NULL, 'active', 1690269094, 1690269714, NULL),
(2507, 867, 867, 614, 'text_lesson', 0, 'hukum melafazkan niat', NULL, 60, 'Asia/Jakarta', '/store/1/ebook/sampul.jpg', '/store/1/default_images/bacapustaka-cover_kategori.jpg', NULL, NULL, 0, NULL, NULL, 0, 0, 0, 0, 0, 0, 0, NULL, NULL, NULL, 'active', 1690269094, 1690269714, NULL),
(2508, 867, 867, 614, 'text_lesson', 0, 'hukum memperingati maulid nabi 2', NULL, 60, 'Asia/Jakarta', '/store/1/ebook/sampul.jpg', '/store/1/default_images/bacapustaka-cover_kategori.jpg', NULL, NULL, 0, NULL, NULL, 0, 0, 0, 0, 0, 0, 0, NULL, NULL, NULL, 'active', 1690269094, 1690269714, NULL),
(2509, 867, 867, 614, 'text_lesson', 0, 'hukum mencela dan istihza 2', NULL, 60, 'Asia/Jakarta', '/store/1/ebook/sampul.jpg', '/store/1/default_images/bacapustaka-cover_kategori.jpg', NULL, NULL, 0, NULL, NULL, 0, 0, 0, 0, 0, 0, 0, NULL, NULL, NULL, 'active', 1690269094, 1690269714, NULL),
(2510, 867, 867, 614, 'text_lesson', 0, 'hukum meninggalkan shalat', NULL, 60, 'Asia/Jakarta', '/store/1/ebook/sampul.jpg', '/store/1/default_images/bacapustaka-cover_kategori.jpg', NULL, NULL, 0, NULL, NULL, 0, 0, 0, 0, 0, 0, 0, NULL, NULL, NULL, 'active', 1690269094, 1690269714, NULL),
(2511, 867, 867, 614, 'text_lesson', 0, 'hukum orang meninggalkan shalat 2', NULL, 60, 'Asia/Jakarta', '/store/1/ebook/sampul.jpg', '/store/1/default_images/bacapustaka-cover_kategori.jpg', NULL, NULL, 0, NULL, NULL, 0, 0, 0, 0, 0, 0, 0, NULL, NULL, NULL, 'active', 1690269094, 1690269714, NULL),
(2512, 867, 867, 614, 'text_lesson', 0, 'hukum selamatan kematian', NULL, 60, 'Asia/Jakarta', '/store/1/ebook/sampul.jpg', '/store/1/default_images/bacapustaka-cover_kategori.jpg', NULL, NULL, 0, NULL, NULL, 0, 0, 0, 0, 0, 0, 0, NULL, NULL, NULL, 'active', 1690269094, 1690269714, NULL),
(2513, 867, 867, 614, 'text_lesson', 0, 'hukum sihir dan perdukunan 2', NULL, 60, 'Asia/Jakarta', '/store/1/ebook/sampul.jpg', '/store/1/default_images/bacapustaka-cover_kategori.jpg', NULL, NULL, 0, NULL, NULL, 0, 0, 0, 0, 0, 0, 0, NULL, NULL, NULL, 'active', 1690269094, 1690269714, NULL),
(2514, 867, 867, 614, 'text_lesson', 0, 'Hukum Zakat Profesi Fatwa Ulama', NULL, 60, 'Asia/Jakarta', '/store/1/ebook/sampul.jpg', '/store/1/default_images/bacapustaka-cover_kategori.jpg', NULL, NULL, 0, NULL, NULL, 0, 0, 0, 0, 0, 0, 0, NULL, NULL, NULL, 'active', 1690269094, 1690269714, NULL),
(2515, 867, 867, 614, 'text_lesson', 0, 'Hukum2 Kewanitaan', NULL, 60, 'Asia/Jakarta', '/store/1/ebook/sampul.jpg', '/store/1/default_images/bacapustaka-cover_kategori.jpg', NULL, NULL, 0, NULL, NULL, 0, 0, 0, 0, 0, 0, 0, NULL, NULL, NULL, 'active', 1690269094, 1690269714, NULL),
(2516, 867, 867, 614, 'text_lesson', 0, 'Hukum2 yg Berkaitan dg Do\'a Nurul Mukhlisin', NULL, 60, 'Asia/Jakarta', '/store/1/ebook/sampul.jpg', '/store/1/default_images/bacapustaka-cover_kategori.jpg', NULL, NULL, 0, NULL, NULL, 0, 0, 0, 0, 0, 0, 0, NULL, NULL, NULL, 'active', 1690269094, 1690269714, NULL),
(2517, 867, 867, 614, 'text_lesson', 0, 'hukum2 seputar doa', NULL, 60, 'Asia/Jakarta', '/store/1/ebook/sampul.jpg', '/store/1/default_images/bacapustaka-cover_kategori.jpg', NULL, NULL, 0, NULL, NULL, 0, 0, 0, 0, 0, 0, 0, NULL, NULL, NULL, 'active', 1690269094, 1690269714, NULL),
(2518, 867, 867, 614, 'text_lesson', 0, 'Humanisme dalam Agama Konghutsu ', NULL, 60, 'Asia/Jakarta', '/store/1/ebook/sampul.jpg', '/store/1/default_images/bacapustaka-cover_kategori.jpg', NULL, NULL, 0, NULL, NULL, 0, 0, 0, 0, 0, 0, 0, NULL, NULL, NULL, 'active', 1690269094, 1690269714, NULL),
(2519, 867, 867, 614, 'text_lesson', 0, 'Iblis Lawan atau Kawan Setan dalam Interpretasi Sufi by Javad Nurbakhsh', NULL, 60, 'Asia/Jakarta', '/store/1/ebook/sampul.jpg', '/store/1/default_images/bacapustaka-cover_kategori.jpg', NULL, NULL, 0, NULL, NULL, 0, 0, 0, 0, 0, 0, 0, NULL, NULL, NULL, 'active', 1690269094, 1690269714, NULL),
(2520, 867, 867, 614, 'text_lesson', 0, 'id Hukum Bergantung Kepada Para Wali', NULL, 60, 'Asia/Jakarta', '/store/1/ebook/sampul.jpg', '/store/1/default_images/bacapustaka-cover_kategori.jpg', NULL, NULL, 0, NULL, NULL, 0, 0, 0, 0, 0, 0, 0, NULL, NULL, NULL, 'active', 1690269094, 1690269714, NULL),
(2521, 867, 867, 614, 'text_lesson', 0, 'id Hukum Foto dan gambar', NULL, 60, 'Asia/Jakarta', '/store/1/ebook/sampul.jpg', '/store/1/default_images/bacapustaka-cover_kategori.jpg', NULL, NULL, 0, NULL, NULL, 0, 0, 0, 0, 0, 0, 0, NULL, NULL, NULL, 'active', 1690269094, 1690269714, NULL),
(2522, 867, 867, 614, 'text_lesson', 0, 'id Hukum Gerakan dalam Shalat', NULL, 60, 'Asia/Jakarta', '/store/1/ebook/sampul.jpg', '/store/1/default_images/bacapustaka-cover_kategori.jpg', NULL, NULL, 0, NULL, NULL, 0, 0, 0, 0, 0, 0, 0, NULL, NULL, NULL, 'active', 1690269094, 1690269714, NULL),
(2523, 867, 867, 614, 'text_lesson', 0, 'id hukum membacakan quran untuk mayit', NULL, 60, 'Asia/Jakarta', '/store/1/ebook/sampul.jpg', '/store/1/default_images/bacapustaka-cover_kategori.jpg', NULL, NULL, 0, NULL, NULL, 0, 0, 0, 0, 0, 0, 0, NULL, NULL, NULL, 'active', 1690269094, 1690269714, NULL),
(2524, 867, 867, 614, 'text_lesson', 0, 'id Hukum mendatangi istri dari belakang sodomi', NULL, 60, 'Asia/Jakarta', '/store/1/ebook/sampul.jpg', '/store/1/default_images/bacapustaka-cover_kategori.jpg', NULL, NULL, 0, NULL, NULL, 0, 0, 0, 0, 0, 0, 0, NULL, NULL, NULL, 'active', 1690269094, 1690269714, NULL),
(2525, 867, 867, 614, 'text_lesson', 0, 'id Hukum Mendatangkan Roh', NULL, 60, 'Asia/Jakarta', '/store/1/ebook/sampul.jpg', '/store/1/default_images/bacapustaka-cover_kategori.jpg', NULL, NULL, 0, NULL, NULL, 0, 0, 0, 0, 0, 0, 0, NULL, NULL, NULL, 'active', 1690269094, 1690269714, NULL),
(2526, 867, 867, 614, 'text_lesson', 0, 'id Hukum Menghina Agama', NULL, 60, 'Asia/Jakarta', '/store/1/ebook/sampul.jpg', '/store/1/default_images/bacapustaka-cover_kategori.jpg', NULL, NULL, 0, NULL, NULL, 0, 0, 0, 0, 0, 0, 0, NULL, NULL, NULL, 'active', 1690269094, 1690269714, NULL);
INSERT INTO `webinars` (`id`, `teacher_id`, `creator_id`, `category_id`, `type`, `private`, `slug`, `start_date`, `duration`, `timezone`, `thumbnail`, `image_cover`, `video_demo`, `video_demo_source`, `capacity`, `price`, `organization_price`, `support`, `certificate`, `downloadable`, `partner_instructor`, `subscribe`, `forum`, `enable_waitlist`, `access_days`, `points`, `message_for_reviewer`, `status`, `created_at`, `updated_at`, `deleted_at`) VALUES
(2527, 867, 867, 614, 'text_lesson', 0, 'id Hukum Meyakini Bahwa Rasulullah Ada Di Setiap Tempat Dan Mengetahui Perkara Gaib', NULL, 60, 'Asia/Jakarta', '/store/1/ebook/sampul.jpg', '/store/1/default_images/bacapustaka-cover_kategori.jpg', NULL, NULL, 0, NULL, NULL, 0, 0, 0, 0, 0, 0, 0, NULL, NULL, NULL, 'active', 1690269094, 1690269714, NULL),
(2528, 867, 867, 614, 'text_lesson', 0, 'id Hukum minta tolong kepada jin', NULL, 60, 'Asia/Jakarta', '/store/1/ebook/sampul.jpg', '/store/1/default_images/bacapustaka-cover_kategori.jpg', NULL, NULL, 0, NULL, NULL, 0, 0, 0, 0, 0, 0, 0, NULL, NULL, NULL, 'active', 1690269094, 1690269714, NULL),
(2529, 867, 867, 614, 'text_lesson', 0, 'id Hukum Onani', NULL, 60, 'Asia/Jakarta', '/store/1/ebook/sampul.jpg', '/store/1/default_images/bacapustaka-cover_kategori.jpg', NULL, NULL, 0, NULL, NULL, 0, 0, 0, 0, 0, 0, 0, NULL, NULL, NULL, 'active', 1690269094, 1690269714, NULL),
(2530, 867, 867, 614, 'text_lesson', 0, 'Ikhtisar Ajaran Buddha', NULL, 60, 'Asia/Jakarta', '/store/1/ebook/sampul.jpg', '/store/1/default_images/bacapustaka-cover_kategori.jpg', NULL, NULL, 0, NULL, NULL, 0, 0, 0, 0, 0, 0, 0, NULL, NULL, NULL, 'active', 1690269094, 1690269714, NULL),
(2531, 867, 867, 614, 'text_lesson', 0, 'Ilmu Hikmah', NULL, 60, 'Asia/Jakarta', '/store/1/ebook/sampul.jpg', '/store/1/default_images/bacapustaka-cover_kategori.jpg', NULL, NULL, 0, NULL, NULL, 0, 0, 0, 0, 0, 0, 0, NULL, NULL, NULL, 'active', 1690269094, 1690269714, NULL),
(2532, 867, 867, 614, 'text_lesson', 0, 'Ilmu Jiwa Agama (The Psychology of Religion) by Prof. Dr. Rusmin Tumanggor, M.A. ', NULL, 60, 'Asia/Jakarta', '/store/1/ebook/sampul.jpg', '/store/1/default_images/bacapustaka-cover_kategori.jpg', NULL, NULL, 0, NULL, NULL, 0, 0, 0, 0, 0, 0, 0, NULL, NULL, NULL, 'active', 1690269094, 1690269714, NULL),
(2533, 867, 867, 614, 'text_lesson', 0, 'Ilmu Kalam Memotret Berbagai Aliran Teologi dalam Islam by Dr. H. Muhammad Hasbi', NULL, 60, 'Asia/Jakarta', '/store/1/ebook/sampul.jpg', '/store/1/default_images/bacapustaka-cover_kategori.jpg', NULL, NULL, 0, NULL, NULL, 0, 0, 0, 0, 0, 0, 0, NULL, NULL, NULL, 'active', 1690269094, 1690269714, NULL),
(2534, 867, 867, 614, 'text_lesson', 0, 'Ilmu Kateketik dan Identitasnya by Carolus Putranto, S.J., Ignatius L. Madya Utama, S.J., Bernardus Agus Rukiyanto, S.J., Fransiskus Xaverius Dapiyanta (editor)', NULL, 60, 'Asia/Jakarta', '/store/1/ebook/sampul.jpg', '/store/1/default_images/bacapustaka-cover_kategori.jpg', NULL, NULL, 0, NULL, NULL, 0, 0, 0, 0, 0, 0, 0, NULL, NULL, NULL, 'active', 1690269094, 1690269714, NULL),
(2535, 867, 867, 614, 'text_lesson', 0, 'Ilmu Ketuhanan (Ilmu Kalam) by Atjeh Abubakar H.', NULL, 60, 'Asia/Jakarta', '/store/1/ebook/sampul.jpg', '/store/1/default_images/bacapustaka-cover_kategori.jpg', NULL, NULL, 0, NULL, NULL, 0, 0, 0, 0, 0, 0, 0, NULL, NULL, NULL, 'active', 1690269094, 1690269714, NULL),
(2536, 867, 867, 614, 'text_lesson', 0, 'Ilmu Laduni Buah Ibadah dan Tawasul by Muhammad Luthfi Ghozali', NULL, 60, 'Asia/Jakarta', '/store/1/ebook/sampul.jpg', '/store/1/default_images/bacapustaka-cover_kategori.jpg', NULL, NULL, 0, NULL, NULL, 0, 0, 0, 0, 0, 0, 0, NULL, NULL, NULL, 'active', 1690269094, 1690269714, NULL),
(2537, 867, 867, 614, 'text_lesson', 0, 'Ilmu Makrifat Jawa Sangkan Paraning Dumadi Eksplorasi Sufistik Konsep Mengenal Diri dalam Pustaka Islam Kejawen Kunci Swarga Miftahul Djanati by Nur Kolis, Ph.D. ', NULL, 60, 'Asia/Jakarta', '/store/1/ebook/sampul.jpg', '/store/1/default_images/bacapustaka-cover_kategori.jpg', NULL, NULL, 0, NULL, NULL, 0, 0, 0, 0, 0, 0, 0, NULL, NULL, NULL, 'active', 1690269094, 1690269714, NULL),
(2538, 867, 867, 614, 'text_lesson', 0, 'Ilmu Mantiq by Dr. Muhammad Roy Purwanto', NULL, 60, 'Asia/Jakarta', '/store/1/ebook/sampul.jpg', '/store/1/default_images/bacapustaka-cover_kategori.jpg', NULL, NULL, 0, NULL, NULL, 0, 0, 0, 0, 0, 0, 0, NULL, NULL, NULL, 'active', 1690269094, 1690269714, NULL),
(2539, 867, 867, 614, 'text_lesson', 0, 'Ilmu Sosial Budaya Dasar by Elly M. Setiadi, M.Si, ,', NULL, 60, 'Asia/Jakarta', '/store/1/ebook/sampul.jpg', '/store/1/default_images/bacapustaka-cover_kategori.jpg', NULL, NULL, 0, NULL, NULL, 0, 0, 0, 0, 0, 0, 0, NULL, NULL, NULL, 'active', 1690269094, 1690269714, NULL),
(2540, 867, 867, 614, 'text_lesson', 0, 'Ilmu Sosial Budaya Dasar by Muhammad Syukri Albani Nasution, M. Nur Husein Daulay, Neila Susanti, Syafruddin Syam', NULL, 60, 'Asia/Jakarta', '/store/1/ebook/sampul.jpg', '/store/1/default_images/bacapustaka-cover_kategori.jpg', NULL, NULL, 0, NULL, NULL, 0, 0, 0, 0, 0, 0, 0, NULL, NULL, NULL, 'active', 1690269094, 1690269714, NULL),
(2541, 867, 867, 614, 'text_lesson', 0, 'Ilmu Tantra Bali 1 Sample', NULL, 60, 'Asia/Jakarta', '/store/1/ebook/sampul.jpg', '/store/1/default_images/bacapustaka-cover_kategori.jpg', NULL, NULL, 0, NULL, NULL, 0, 0, 0, 0, 0, 0, 0, NULL, NULL, NULL, 'active', 1690269094, 1690269714, NULL),
(2542, 867, 867, 614, 'text_lesson', 0, 'Ilmu Tasawuf Penguatan Mental Spiritual dan Akhlaq by Dr. H. Imam Kanafi, M.Ag.', NULL, 60, 'Asia/Jakarta', '/store/1/ebook/sampul.jpg', '/store/1/default_images/bacapustaka-cover_kategori.jpg', NULL, NULL, 0, NULL, NULL, 0, 0, 0, 0, 0, 0, 0, NULL, NULL, NULL, 'active', 1690269094, 1690269714, NULL),
(2543, 867, 867, 614, 'text_lesson', 0, 'ilmu waris (image)', NULL, 60, 'Asia/Jakarta', '/store/1/ebook/sampul.jpg', '/store/1/default_images/bacapustaka-cover_kategori.jpg', NULL, NULL, 0, NULL, NULL, 0, 0, 0, 0, 0, 0, 0, NULL, NULL, NULL, 'active', 1690269094, 1690269714, NULL),
(2544, 867, 867, 614, 'text_lesson', 0, 'Imanensi dan Transendensi Sebuah Rekonstruksi Deleuzian atas Ontologi Imanensi dalam Tradisi Filsafat Prancis Kontemporer by Martin Suryajaya', NULL, 60, 'Asia/Jakarta', '/store/1/ebook/sampul.jpg', '/store/1/default_images/bacapustaka-cover_kategori.jpg', NULL, NULL, 0, NULL, NULL, 0, 0, 0, 0, 0, 0, 0, NULL, NULL, NULL, 'active', 1690269094, 1690269714, NULL),
(2545, 867, 867, 614, 'text_lesson', 0, 'Implementasi Moderasi Beragama Pada Direktorat Jenderal Pendidikan Islam by Pokja Implementasi Moderasi Islam Ditjen Pendidikan Islam', NULL, 60, 'Asia/Jakarta', '/store/1/ebook/sampul.jpg', '/store/1/default_images/bacapustaka-cover_kategori.jpg', NULL, NULL, 0, NULL, NULL, 0, 0, 0, 0, 0, 0, 0, NULL, NULL, NULL, 'active', 1690269094, 1690269714, NULL),
(2546, 867, 867, 614, 'text_lesson', 0, 'Implementasi Pendidikan Agama dan Pendidikan Karakter by Edy Riyanto, M.Pd., dkk.', NULL, 60, 'Asia/Jakarta', '/store/1/ebook/sampul.jpg', '/store/1/default_images/bacapustaka-cover_kategori.jpg', NULL, NULL, 0, NULL, NULL, 0, 0, 0, 0, 0, 0, 0, NULL, NULL, NULL, 'active', 1690269094, 1690269714, NULL),
(2547, 867, 867, 614, 'text_lesson', 0, 'Implementasi Pendidikan Karakter by Sofyan Mustoip, Muhammad Japar, Zulela Ms.', NULL, 60, 'Asia/Jakarta', '/store/1/ebook/sampul.jpg', '/store/1/default_images/bacapustaka-cover_kategori.jpg', NULL, NULL, 0, NULL, NULL, 0, 0, 0, 0, 0, 0, 0, NULL, NULL, NULL, 'active', 1690269094, 1690269714, NULL),
(2548, 867, 867, 614, 'text_lesson', 0, 'Individu', NULL, 60, 'Asia/Jakarta', '/store/1/ebook/sampul.jpg', '/store/1/default_images/bacapustaka-cover_kategori.jpg', NULL, NULL, 0, NULL, NULL, 0, 0, 0, 0, 0, 0, 0, NULL, NULL, NULL, 'active', 1690269094, 1690269714, NULL),
(2549, 867, 867, 614, 'text_lesson', 0, 'Indonesia Sebagai Ruang Imajinasi by Ary Budiyanto, Hipolitus K. Kewuel, Nindyo Budi Kumoro, Manggala Ismanto, Sigit Prawoto, Fuad Firmansyah', NULL, 60, 'Asia/Jakarta', '/store/1/ebook/sampul.jpg', '/store/1/default_images/bacapustaka-cover_kategori.jpg', NULL, NULL, 0, NULL, NULL, 0, 0, 0, 0, 0, 0, 0, NULL, NULL, NULL, 'active', 1690269094, 1690269714, NULL),
(2550, 867, 867, 614, 'text_lesson', 0, 'Insan Moderat Refleksi Kehidupan Beragama, Berbangsa dan Bernegara by Dr. Sumarto, M.Pd.I.', NULL, 60, 'Asia/Jakarta', '/store/1/ebook/sampul.jpg', '/store/1/default_images/bacapustaka-cover_kategori.jpg', NULL, NULL, 0, NULL, NULL, 0, 0, 0, 0, 0, 0, 0, NULL, NULL, NULL, 'active', 1690269094, 1690269714, NULL),
(2551, 867, 867, 614, 'text_lesson', 0, 'Interaksi Agama dan Budaya di Masyarakat by Achmad Royhan Choidab, Ahmad Mudakir, Ahmad Said Mubarok, Akhrie Ramadayanto, Bambang Supriadi', NULL, 60, 'Asia/Jakarta', '/store/1/ebook/sampul.jpg', '/store/1/default_images/bacapustaka-cover_kategori.jpg', NULL, NULL, 0, NULL, NULL, 0, 0, 0, 0, 0, 0, 0, NULL, NULL, NULL, 'active', 1690269094, 1690269714, NULL),
(2552, 867, 867, 614, 'text_lesson', 0, 'International Relation Theory by Takdir Ali Mukti, Stephen McGlinchey et. al.', NULL, 60, 'Asia/Jakarta', '/store/1/ebook/sampul.jpg', '/store/1/default_images/bacapustaka-cover_kategori.jpg', NULL, NULL, 0, NULL, NULL, 0, 0, 0, 0, 0, 0, 0, NULL, NULL, NULL, 'active', 1690269094, 1690269714, NULL),
(2553, 867, 867, 614, 'text_lesson', 0, 'Interpretasi Ta Pei Cou (Mahakaruna Dharani) oleh praktisi Theravada', NULL, 60, 'Asia/Jakarta', '/store/1/ebook/sampul.jpg', '/store/1/default_images/bacapustaka-cover_kategori.jpg', NULL, NULL, 0, NULL, NULL, 0, 0, 0, 0, 0, 0, 0, NULL, NULL, NULL, 'active', 1690269094, 1690269714, NULL),
(2554, 867, 867, 614, 'text_lesson', 0, 'intisari agama buddha', NULL, 60, 'Asia/Jakarta', '/store/1/ebook/sampul.jpg', '/store/1/default_images/bacapustaka-cover_kategori.jpg', NULL, NULL, 0, NULL, NULL, 0, 0, 0, 0, 0, 0, 0, NULL, NULL, NULL, 'active', 1690269094, 1690269714, NULL),
(2555, 867, 867, 614, 'text_lesson', 0, 'Intisari Jalan Kesucian', NULL, 60, 'Asia/Jakarta', '/store/1/ebook/sampul.jpg', '/store/1/default_images/bacapustaka-cover_kategori.jpg', NULL, NULL, 0, NULL, NULL, 0, 0, 0, 0, 0, 0, 0, NULL, NULL, NULL, 'active', 1690269094, 1690269714, NULL),
(2556, 867, 867, 614, 'text_lesson', 0, 'Investigasi Menuju Pencerahan', NULL, 60, 'Asia/Jakarta', '/store/1/ebook/sampul.jpg', '/store/1/default_images/bacapustaka-cover_kategori.jpg', NULL, NULL, 0, NULL, NULL, 0, 0, 0, 0, 0, 0, 0, NULL, NULL, NULL, 'active', 1690269094, 1690269714, NULL),
(2557, 867, 867, 614, 'text_lesson', 0, 'ISLAM & MUSLIM', NULL, 60, 'Asia/Jakarta', '/store/1/ebook/sampul.jpg', '/store/1/default_images/bacapustaka-cover_kategori.jpg', NULL, NULL, 0, NULL, NULL, 0, 0, 0, 0, 0, 0, 0, NULL, NULL, NULL, 'active', 1690269094, 1690269714, NULL),
(2558, 867, 867, 614, 'text_lesson', 0, 'Islam Agama Ramah Lingkungan by Syaikh Yusuf al Qaradhawi', NULL, 60, 'Asia/Jakarta', '/store/1/ebook/sampul.jpg', '/store/1/default_images/bacapustaka-cover_kategori.jpg', NULL, NULL, 0, NULL, NULL, 0, 0, 0, 0, 0, 0, 0, NULL, NULL, NULL, 'active', 1690269094, 1690269714, NULL),
(2559, 867, 867, 614, 'text_lesson', 0, 'Islam dan Budaya Lokal Kajian Antropologi Agama by H. Lebba Kadorre Pongsibanne', NULL, 60, 'Asia/Jakarta', '/store/1/ebook/sampul.jpg', '/store/1/default_images/bacapustaka-cover_kategori.jpg', NULL, NULL, 0, NULL, NULL, 0, 0, 0, 0, 0, 0, 0, NULL, NULL, NULL, 'active', 1690269094, 1690269714, NULL),
(2560, 867, 867, 614, 'text_lesson', 0, 'Islam dan Kebatinan by H.M. Rasjidi', NULL, 60, 'Asia/Jakarta', '/store/1/ebook/sampul.jpg', '/store/1/default_images/bacapustaka-cover_kategori.jpg', NULL, NULL, 0, NULL, NULL, 0, 0, 0, 0, 0, 0, 0, NULL, NULL, NULL, 'active', 1690269094, 1690269714, NULL),
(2561, 867, 867, 614, 'text_lesson', 0, 'Islam Doktrin dan Peradaban by Dr. Nurcholish Madjid', NULL, 60, 'Asia/Jakarta', '/store/1/ebook/sampul.jpg', '/store/1/default_images/bacapustaka-cover_kategori.jpg', NULL, NULL, 0, NULL, NULL, 0, 0, 0, 0, 0, 0, 0, NULL, NULL, NULL, 'active', 1690269094, 1690269714, NULL),
(2562, 867, 867, 614, 'text_lesson', 0, 'Islam Nusantara Relasi Agama Budaya dan Tendensi Kuasa Ulama by Achmad Syahid', NULL, 60, 'Asia/Jakarta', '/store/1/ebook/sampul.jpg', '/store/1/default_images/bacapustaka-cover_kategori.jpg', NULL, NULL, 0, NULL, NULL, 0, 0, 0, 0, 0, 0, 0, NULL, NULL, NULL, 'active', 1690269094, 1690269714, NULL),
(2563, 867, 867, 614, 'text_lesson', 0, 'Islam Tuhan Islam Manusia by Haidar Bagir', NULL, 60, 'Asia/Jakarta', '/store/1/ebook/sampul.jpg', '/store/1/default_images/bacapustaka-cover_kategori.jpg', NULL, NULL, 0, NULL, NULL, 0, 0, 0, 0, 0, 0, 0, NULL, NULL, NULL, 'active', 1690269094, 1690269714, NULL),
(2564, 867, 867, 614, 'text_lesson', 0, 'Islam, Agama agama, dan Nilai Kemanusiaan Festschrift untuk M. Amin Abdullah by Moch Nur Ichwan Ahmad Muttaqin (editor)', NULL, 60, 'Asia/Jakarta', '/store/1/ebook/sampul.jpg', '/store/1/default_images/bacapustaka-cover_kategori.jpg', NULL, NULL, 0, NULL, NULL, 0, 0, 0, 0, 0, 0, 0, NULL, NULL, NULL, 'active', 1690269094, 1690269714, NULL),
(2565, 867, 867, 614, 'text_lesson', 0, 'Islam, HAM, dan Keindonesiaan Refleksi dan Agenda Aksi untuk Pendidikan Agama', NULL, 60, 'Asia/Jakarta', '/store/1/ebook/sampul.jpg', '/store/1/default_images/bacapustaka-cover_kategori.jpg', NULL, NULL, 0, NULL, NULL, 0, 0, 0, 0, 0, 0, 0, NULL, NULL, NULL, 'active', 1690269094, 1690269714, NULL),
(2566, 867, 867, 614, 'text_lesson', 0, 'Islam, Negara dan Masa Depan Ideologi Politik by Dr. Abdul Chalik', NULL, 60, 'Asia/Jakarta', '/store/1/ebook/sampul.jpg', '/store/1/default_images/bacapustaka-cover_kategori.jpg', NULL, NULL, 0, NULL, NULL, 0, 0, 0, 0, 0, 0, 0, NULL, NULL, NULL, 'active', 1690269094, 1690269714, NULL),
(2567, 867, 867, 614, 'text_lesson', 0, 'ISTILAH ISTILAH TASAWWUF MENURUT SHAYKH ABDUL QADIR AL FATANI (TRANSLITERASI DAN ANOTASI)', NULL, 60, 'Asia/Jakarta', '/store/1/ebook/sampul.jpg', '/store/1/default_images/bacapustaka-cover_kategori.jpg', NULL, NULL, 0, NULL, NULL, 0, 0, 0, 0, 0, 0, 0, NULL, NULL, NULL, 'active', 1690269094, 1690269714, NULL),
(2568, 867, 867, 614, 'text_lesson', 0, 'Istiqamah Bersama Agama Allah', NULL, 60, 'Asia/Jakarta', '/store/1/ebook/sampul.jpg', '/store/1/default_images/bacapustaka-cover_kategori.jpg', NULL, NULL, 0, NULL, NULL, 0, 0, 0, 0, 0, 0, 0, NULL, NULL, NULL, 'active', 1690269094, 1690269714, NULL),
(2569, 867, 867, 614, 'text_lesson', 0, 'It\'s Easy to be Happy', NULL, 60, 'Asia/Jakarta', '/store/1/ebook/sampul.jpg', '/store/1/default_images/bacapustaka-cover_kategori.jpg', NULL, NULL, 0, NULL, NULL, 0, 0, 0, 0, 0, 0, 0, NULL, NULL, NULL, 'active', 1690269094, 1690269714, NULL),
(2570, 867, 867, 614, 'text_lesson', 0, 'Jabat Tangan Terlarang', NULL, 60, 'Asia/Jakarta', '/store/1/ebook/sampul.jpg', '/store/1/default_images/bacapustaka-cover_kategori.jpg', NULL, NULL, 0, NULL, NULL, 0, 0, 0, 0, 0, 0, 0, NULL, NULL, NULL, 'active', 1690269094, 1690269714, NULL),
(2571, 867, 867, 614, 'text_lesson', 0, 'Jadikan Batinmu Seluas Samudera', NULL, 60, 'Asia/Jakarta', '/store/1/ebook/sampul.jpg', '/store/1/default_images/bacapustaka-cover_kategori.jpg', NULL, NULL, 0, NULL, NULL, 0, 0, 0, 0, 0, 0, 0, NULL, NULL, NULL, 'active', 1690269094, 1690269714, NULL),
(2572, 867, 867, 614, 'text_lesson', 0, 'Jadikan Nibbana Sebagai Tujuanmu', NULL, 60, 'Asia/Jakarta', '/store/1/ebook/sampul.jpg', '/store/1/default_images/bacapustaka-cover_kategori.jpg', NULL, NULL, 0, NULL, NULL, 0, 0, 0, 0, 0, 0, 0, NULL, NULL, NULL, 'active', 1690269094, 1690269714, NULL),
(2573, 867, 867, 614, 'text_lesson', 0, 'Jalaluddin Rakhmat Membuka Tirai Kegaiban', NULL, 60, 'Asia/Jakarta', '/store/1/ebook/sampul.jpg', '/store/1/default_images/bacapustaka-cover_kategori.jpg', NULL, NULL, 0, NULL, NULL, 0, 0, 0, 0, 0, 0, 0, NULL, NULL, NULL, 'active', 1690269094, 1690269714, NULL),
(2574, 867, 867, 614, 'text_lesson', 0, 'Jalan Buddha Menuju Kedamaian dan Kebahagiaan', NULL, 60, 'Asia/Jakarta', '/store/1/ebook/sampul.jpg', '/store/1/default_images/bacapustaka-cover_kategori.jpg', NULL, NULL, 0, NULL, NULL, 0, 0, 0, 0, 0, 0, 0, NULL, NULL, NULL, 'active', 1690269094, 1690269714, NULL),
(2575, 867, 867, 614, 'text_lesson', 0, 'Jalan cinta sang sufi ajaran ajaran spiritual Jalâluddîn Rûmî by William C. Chittick', NULL, 60, 'Asia/Jakarta', '/store/1/ebook/sampul.jpg', '/store/1/default_images/bacapustaka-cover_kategori.jpg', NULL, NULL, 0, NULL, NULL, 0, 0, 0, 0, 0, 0, 0, NULL, NULL, NULL, 'active', 1690269094, 1690269714, NULL),
(2576, 867, 867, 614, 'text_lesson', 0, 'Jalan Kesucian Jilid 1', NULL, 60, 'Asia/Jakarta', '/store/1/ebook/sampul.jpg', '/store/1/default_images/bacapustaka-cover_kategori.jpg', NULL, NULL, 0, NULL, NULL, 0, 0, 0, 0, 0, 0, 0, NULL, NULL, NULL, 'active', 1690269094, 1690269714, NULL),
(2577, 867, 867, 614, 'text_lesson', 0, 'Jalan Menuju Akhir Penderitaan', NULL, 60, 'Asia/Jakarta', '/store/1/ebook/sampul.jpg', '/store/1/default_images/bacapustaka-cover_kategori.jpg', NULL, NULL, 0, NULL, NULL, 0, 0, 0, 0, 0, 0, 0, NULL, NULL, NULL, 'active', 1690269094, 1690269714, NULL),
(2578, 867, 867, 614, 'text_lesson', 0, 'Jalan Rahmat Mengetuk Pintu Tuhan by Jalaluddin Rakhmat', NULL, 60, 'Asia/Jakarta', '/store/1/ebook/sampul.jpg', '/store/1/default_images/bacapustaka-cover_kategori.jpg', NULL, NULL, 0, NULL, NULL, 0, 0, 0, 0, 0, 0, 0, NULL, NULL, NULL, 'active', 1690269094, 1690269714, NULL),
(2579, 867, 867, 614, 'text_lesson', 0, 'jalan sufi idris shah', NULL, 60, 'Asia/Jakarta', '/store/1/ebook/sampul.jpg', '/store/1/default_images/bacapustaka-cover_kategori.jpg', NULL, NULL, 0, NULL, NULL, 0, 0, 0, 0, 0, 0, 0, NULL, NULL, NULL, 'active', 1690269094, 1690269714, NULL),
(2580, 867, 867, 614, 'text_lesson', 0, 'Jalan Sufi by Idries Shah', NULL, 60, 'Asia/Jakarta', '/store/1/ebook/sampul.jpg', '/store/1/default_images/bacapustaka-cover_kategori.jpg', NULL, NULL, 0, NULL, NULL, 0, 0, 0, 0, 0, 0, 0, NULL, NULL, NULL, 'active', 1690269094, 1690269714, NULL),
(2581, 867, 867, 614, 'text_lesson', 0, 'JALAN SUFI', NULL, 60, 'Asia/Jakarta', '/store/1/ebook/sampul.jpg', '/store/1/default_images/bacapustaka-cover_kategori.jpg', NULL, NULL, 0, NULL, NULL, 0, 0, 0, 0, 0, 0, 0, NULL, NULL, NULL, 'active', 1690269094, 1690269714, NULL),
(2582, 867, 867, 614, 'text_lesson', 0, 'Jangan Ada Dukkha di Antara Kita', NULL, 60, 'Asia/Jakarta', '/store/1/ebook/sampul.jpg', '/store/1/default_images/bacapustaka-cover_kategori.jpg', NULL, NULL, 0, NULL, NULL, 0, 0, 0, 0, 0, 0, 0, NULL, NULL, NULL, 'active', 1690269094, 1690269714, NULL),
(2583, 867, 867, 614, 'text_lesson', 0, 'jataka atthakatha volume i', NULL, 60, 'Asia/Jakarta', '/store/1/ebook/sampul.jpg', '/store/1/default_images/bacapustaka-cover_kategori.jpg', NULL, NULL, 0, NULL, NULL, 0, 0, 0, 0, 0, 0, 0, NULL, NULL, NULL, 'active', 1690269094, 1690269714, NULL),
(2584, 867, 867, 614, 'text_lesson', 0, 'jataka atthakatha volume ii', NULL, 60, 'Asia/Jakarta', '/store/1/ebook/sampul.jpg', '/store/1/default_images/bacapustaka-cover_kategori.jpg', NULL, NULL, 0, NULL, NULL, 0, 0, 0, 0, 0, 0, 0, NULL, NULL, NULL, 'active', 1690269094, 1690269714, NULL),
(2585, 867, 867, 614, 'text_lesson', 0, 'jataka atthakatha volume iii', NULL, 60, 'Asia/Jakarta', '/store/1/ebook/sampul.jpg', '/store/1/default_images/bacapustaka-cover_kategori.jpg', NULL, NULL, 0, NULL, NULL, 0, 0, 0, 0, 0, 0, 0, NULL, NULL, NULL, 'active', 1690269094, 1690269714, NULL),
(2586, 867, 867, 614, 'text_lesson', 0, 'jataka atthakatha volume iv', NULL, 60, 'Asia/Jakarta', '/store/1/ebook/sampul.jpg', '/store/1/default_images/bacapustaka-cover_kategori.jpg', NULL, NULL, 0, NULL, NULL, 0, 0, 0, 0, 0, 0, 0, NULL, NULL, NULL, 'active', 1690269094, 1690269714, NULL),
(2587, 867, 867, 614, 'text_lesson', 0, 'jataka atthakatha volume v', NULL, 60, 'Asia/Jakarta', '/store/1/ebook/sampul.jpg', '/store/1/default_images/bacapustaka-cover_kategori.jpg', NULL, NULL, 0, NULL, NULL, 0, 0, 0, 0, 0, 0, 0, NULL, NULL, NULL, 'active', 1690269094, 1690269714, NULL),
(2588, 867, 867, 614, 'text_lesson', 0, 'Jejak Langkah Gunung Absurd Master Ch\'an Han Shan', NULL, 60, 'Asia/Jakarta', '/store/1/ebook/sampul.jpg', '/store/1/default_images/bacapustaka-cover_kategori.jpg', NULL, NULL, 0, NULL, NULL, 0, 0, 0, 0, 0, 0, 0, NULL, NULL, NULL, 'active', 1690269094, 1690269714, NULL),
(2589, 867, 867, 614, 'text_lesson', 0, 'Jejak Langkah Gunung Absurd Otobiografi Wejangan Master Chan Han Shan (1546 1623) by Upasaka Richard Cheung', NULL, 60, 'Asia/Jakarta', '/store/1/ebook/sampul.jpg', '/store/1/default_images/bacapustaka-cover_kategori.jpg', NULL, NULL, 0, NULL, NULL, 0, 0, 0, 0, 0, 0, 0, NULL, NULL, NULL, 'active', 1690269094, 1690269714, NULL),
(2590, 867, 867, 614, 'text_lesson', 0, 'Jhana Jhana dan Umat Awam menurut Sutta Sutta Pali', NULL, 60, 'Asia/Jakarta', '/store/1/ebook/sampul.jpg', '/store/1/default_images/bacapustaka-cover_kategori.jpg', NULL, NULL, 0, NULL, NULL, 0, 0, 0, 0, 0, 0, 0, NULL, NULL, NULL, 'active', 1690269094, 1690269714, NULL),
(2591, 867, 867, 614, 'text_lesson', 0, 'Jihad Menentang Agama Batil Indonsian', NULL, 60, 'Asia/Jakarta', '/store/1/ebook/sampul.jpg', '/store/1/default_images/bacapustaka-cover_kategori.jpg', NULL, NULL, 0, NULL, NULL, 0, 0, 0, 0, 0, 0, 0, NULL, NULL, NULL, 'active', 1690269094, 1690269714, NULL),
(2592, 867, 867, 614, 'text_lesson', 0, 'Jika Kita Tak Pernah Jadi Apa Apa by Alvi Syahrin', NULL, 60, 'Asia/Jakarta', '/store/1/ebook/sampul.jpg', '/store/1/default_images/bacapustaka-cover_kategori.jpg', NULL, NULL, 0, NULL, NULL, 0, 0, 0, 0, 0, 0, 0, NULL, NULL, NULL, 'active', 1690269094, 1690269714, NULL),
(2593, 867, 867, 614, 'text_lesson', 0, 'Jika Kita Tak Pernah Jatuh Cinta by Alvi Syahrin', NULL, 60, 'Asia/Jakarta', '/store/1/ebook/sampul.jpg', '/store/1/default_images/bacapustaka-cover_kategori.jpg', NULL, NULL, 0, NULL, NULL, 0, 0, 0, 0, 0, 0, 0, NULL, NULL, NULL, 'active', 1690269094, 1690269714, NULL),
(2594, 867, 867, 614, 'text_lesson', 0, 'Jinacarita Sebuah Puisi Pali', NULL, 60, 'Asia/Jakarta', '/store/1/ebook/sampul.jpg', '/store/1/default_images/bacapustaka-cover_kategori.jpg', NULL, NULL, 0, NULL, NULL, 0, 0, 0, 0, 0, 0, 0, NULL, NULL, NULL, 'active', 1690269094, 1690269714, NULL),
(2595, 867, 867, 614, 'text_lesson', 0, 'Kajian Ontologis Studi Agama Agama by Habib Hanafi, Syarifudin, Deden Nurfaizal, Siti Nurjanah', NULL, 60, 'Asia/Jakarta', '/store/1/ebook/sampul.jpg', '/store/1/default_images/bacapustaka-cover_kategori.jpg', NULL, NULL, 0, NULL, NULL, 0, 0, 0, 0, 0, 0, 0, NULL, NULL, NULL, 'active', 1690269094, 1690269714, NULL),
(2596, 867, 867, 614, 'text_lesson', 0, 'Kalama Sutta', NULL, 60, 'Asia/Jakarta', '/store/1/ebook/sampul.jpg', '/store/1/default_images/bacapustaka-cover_kategori.jpg', NULL, NULL, 0, NULL, NULL, 0, 0, 0, 0, 0, 0, 0, NULL, NULL, NULL, 'active', 1690269094, 1690269714, NULL),
(2597, 867, 867, 614, 'text_lesson', 0, 'kammatthana', NULL, 60, 'Asia/Jakarta', '/store/1/ebook/sampul.jpg', '/store/1/default_images/bacapustaka-cover_kategori.jpg', NULL, NULL, 0, NULL, NULL, 0, 0, 0, 0, 0, 0, 0, NULL, NULL, NULL, 'active', 1690269094, 1690269714, NULL),
(2598, 867, 867, 614, 'text_lesson', 0, 'Kamus Istilah Psikologi by Fuad Hassan, dkk.', NULL, 60, 'Asia/Jakarta', '/store/1/ebook/sampul.jpg', '/store/1/default_images/bacapustaka-cover_kategori.jpg', NULL, NULL, 0, NULL, NULL, 0, 0, 0, 0, 0, 0, 0, NULL, NULL, NULL, 'active', 1690269094, 1690269714, NULL),
(2599, 867, 867, 614, 'text_lesson', 0, 'Kamus Filsafat', NULL, 60, 'Asia/Jakarta', '/store/1/ebook/sampul.jpg', '/store/1/default_images/bacapustaka-cover_kategori.jpg', NULL, NULL, 0, NULL, NULL, 0, 0, 0, 0, 0, 0, 0, NULL, NULL, NULL, 'active', 1690269094, 1690269714, NULL),
(2600, 867, 867, 614, 'text_lesson', 0, 'Karakterisitik dan Esensi Agama Buddha', NULL, 60, 'Asia/Jakarta', '/store/1/ebook/sampul.jpg', '/store/1/default_images/bacapustaka-cover_kategori.jpg', NULL, NULL, 0, NULL, NULL, 0, 0, 0, 0, 0, 0, 0, NULL, NULL, NULL, 'active', 1690269094, 1690269714, NULL),
(2601, 867, 867, 614, 'text_lesson', 0, 'Karma dan Kelahiran Kembali', NULL, 60, 'Asia/Jakarta', '/store/1/ebook/sampul.jpg', '/store/1/default_images/bacapustaka-cover_kategori.jpg', NULL, NULL, 0, NULL, NULL, 0, 0, 0, 0, 0, 0, 0, NULL, NULL, NULL, 'active', 1690269094, 1690269714, NULL),
(2602, 867, 867, 614, 'text_lesson', 0, 'KARMA PHALA DAN PUNARBHAVA', NULL, 60, 'Asia/Jakarta', '/store/1/ebook/sampul.jpg', '/store/1/default_images/bacapustaka-cover_kategori.jpg', NULL, NULL, 0, NULL, NULL, 0, 0, 0, 0, 0, 0, 0, NULL, NULL, NULL, 'active', 1690269094, 1690269714, NULL),
(2603, 867, 867, 614, 'text_lesson', 0, 'Karma', NULL, 60, 'Asia/Jakarta', '/store/1/ebook/sampul.jpg', '/store/1/default_images/bacapustaka-cover_kategori.jpg', NULL, NULL, 0, NULL, NULL, 0, 0, 0, 0, 0, 0, 0, NULL, NULL, NULL, 'active', 1690269094, 1690269714, NULL),
(2604, 867, 867, 614, 'text_lesson', 0, 'Karya Lengkap Driyarkara Esai esai Filsafat Pemikir yang Terlibat Penuh dalam Perjuangan Bangsanya by Nicolaus Driyarkara, Antonius Sudiarja ', NULL, 60, 'Asia/Jakarta', '/store/1/ebook/sampul.jpg', '/store/1/default_images/bacapustaka-cover_kategori.jpg', NULL, NULL, 0, NULL, NULL, 0, 0, 0, 0, 0, 0, 0, NULL, NULL, NULL, 'active', 1690269094, 1690269714, NULL),
(2605, 867, 867, 614, 'text_lesson', 0, 'Kasus Dharmakaya Kajian untuk mempelajari Agama Buddha dan Membangun Masyarakat Thai by Phra Phromkhunabhorn', NULL, 60, 'Asia/Jakarta', '/store/1/ebook/sampul.jpg', '/store/1/default_images/bacapustaka-cover_kategori.jpg', NULL, NULL, 0, NULL, NULL, 0, 0, 0, 0, 0, 0, 0, NULL, NULL, NULL, 'active', 1690269094, 1690269714, NULL),
(2606, 867, 867, 614, 'text_lesson', 0, 'Kasus Dharmakaya', NULL, 60, 'Asia/Jakarta', '/store/1/ebook/sampul.jpg', '/store/1/default_images/bacapustaka-cover_kategori.jpg', NULL, NULL, 0, NULL, NULL, 0, 0, 0, 0, 0, 0, 0, NULL, NULL, NULL, 'active', 1690269094, 1690269714, NULL),
(2607, 867, 867, 614, 'text_lesson', 0, 'Kebebasan Sempurna', NULL, 60, 'Asia/Jakarta', '/store/1/ebook/sampul.jpg', '/store/1/default_images/bacapustaka-cover_kategori.jpg', NULL, NULL, 0, NULL, NULL, 0, 0, 0, 0, 0, 0, 0, NULL, NULL, NULL, 'active', 1690269094, 1690269714, NULL),
(2608, 867, 867, 614, 'text_lesson', 0, 'Kebebasan, Toleransi dan Terorisme Riset dan Kebijakan Agama di Indonesia', NULL, 60, 'Asia/Jakarta', '/store/1/ebook/sampul.jpg', '/store/1/default_images/bacapustaka-cover_kategori.jpg', NULL, NULL, 0, NULL, NULL, 0, 0, 0, 0, 0, 0, 0, NULL, NULL, NULL, 'active', 1690269094, 1690269714, NULL),
(2609, 867, 867, 614, 'text_lesson', 0, 'Kebudayaan Mentalitas dan Pembangunan by Koentjaraningrat', NULL, 60, 'Asia/Jakarta', '/store/1/ebook/sampul.jpg', '/store/1/default_images/bacapustaka-cover_kategori.jpg', NULL, NULL, 0, NULL, NULL, 0, 0, 0, 0, 0, 0, 0, NULL, NULL, NULL, 'active', 1690269094, 1690269714, NULL),
(2610, 867, 867, 614, 'text_lesson', 0, 'kedamaian batin', NULL, 60, 'Asia/Jakarta', '/store/1/ebook/sampul.jpg', '/store/1/default_images/bacapustaka-cover_kategori.jpg', NULL, NULL, 0, NULL, NULL, 0, 0, 0, 0, 0, 0, 0, NULL, NULL, NULL, 'active', 1690269094, 1690269714, NULL),
(2611, 867, 867, 614, 'text_lesson', 0, 'Kehidupan Bebas Dari Uang', NULL, 60, 'Asia/Jakarta', '/store/1/ebook/sampul.jpg', '/store/1/default_images/bacapustaka-cover_kategori.jpg', NULL, NULL, 0, NULL, NULL, 0, 0, 0, 0, 0, 0, 0, NULL, NULL, NULL, 'active', 1690269094, 1690269714, NULL),
(2612, 867, 867, 614, 'text_lesson', 0, 'kelahiran kembali dan keadaan antara dalam buddhisme awal', NULL, 60, 'Asia/Jakarta', '/store/1/ebook/sampul.jpg', '/store/1/default_images/bacapustaka-cover_kategori.jpg', NULL, NULL, 0, NULL, NULL, 0, 0, 0, 0, 0, 0, 0, NULL, NULL, NULL, 'active', 1690269094, 1690269714, NULL),
(2613, 867, 867, 614, 'text_lesson', 0, '[01] Putri yang Manja', NULL, 60, 'Asia/Jakarta', '/store/1/ebook/sampul.jpg', '/store/1/default_images/bacapustaka-cover_kategori.jpg', NULL, NULL, 0, NULL, NULL, 0, 0, 0, 0, 0, 0, 0, NULL, NULL, NULL, 'active', 1690269094, 1690269714, NULL),
(2614, 867, 867, 614, 'text_lesson', 0, '[02] Di Kerajaan Satwa', NULL, 60, 'Asia/Jakarta', '/store/1/ebook/sampul.jpg', '/store/1/default_images/bacapustaka-cover_kategori.jpg', NULL, NULL, 0, NULL, NULL, 0, 0, 0, 0, 0, 0, 0, NULL, NULL, NULL, 'active', 1690269094, 1690269714, NULL),
(2615, 867, 867, 614, 'text_lesson', 0, '[03] Tabib Palsu', NULL, 60, 'Asia/Jakarta', '/store/1/ebook/sampul.jpg', '/store/1/default_images/bacapustaka-cover_kategori.jpg', NULL, NULL, 0, NULL, NULL, 0, 0, 0, 0, 0, 0, 0, NULL, NULL, NULL, 'active', 1690269094, 1690269714, NULL),
(2616, 867, 867, 614, 'text_lesson', 0, '[04] Gerbang ke Timur', NULL, 60, 'Asia/Jakarta', '/store/1/ebook/sampul.jpg', '/store/1/default_images/bacapustaka-cover_kategori.jpg', NULL, NULL, 0, NULL, NULL, 0, 0, 0, 0, 0, 0, 0, NULL, NULL, NULL, 'active', 1690269094, 1690269714, NULL),
(2617, 867, 867, 614, 'text_lesson', 0, '[05] Monster Danau Kabut', NULL, 60, 'Asia/Jakarta', '/store/1/ebook/sampul.jpg', '/store/1/default_images/bacapustaka-cover_kategori.jpg', NULL, NULL, 0, NULL, NULL, 0, 0, 0, 0, 0, 0, 0, NULL, NULL, NULL, 'active', 1690269094, 1690269714, NULL),
(2618, 867, 867, 614, 'text_lesson', 0, '[06] Lorong Menuju Utara', NULL, 60, 'Asia/Jakarta', '/store/1/ebook/sampul.jpg', '/store/1/default_images/bacapustaka-cover_kategori.jpg', NULL, NULL, 0, NULL, NULL, 0, 0, 0, 0, 0, 0, 0, NULL, NULL, NULL, 'active', 1690269094, 1690269714, NULL),
(2619, 867, 867, 614, 'text_lesson', 0, '[07] Perjalanan ke Barat', NULL, 60, 'Asia/Jakarta', '/store/1/ebook/sampul.jpg', '/store/1/default_images/bacapustaka-cover_kategori.jpg', NULL, NULL, 0, NULL, NULL, 0, 0, 0, 0, 0, 0, 0, NULL, NULL, NULL, 'active', 1690269094, 1690269714, NULL),
(2620, 867, 867, 614, 'text_lesson', 0, '[08] Laut Menuju ke Selatan', NULL, 60, 'Asia/Jakarta', '/store/1/ebook/sampul.jpg', '/store/1/default_images/bacapustaka-cover_kategori.jpg', NULL, NULL, 0, NULL, NULL, 0, 0, 0, 0, 0, 0, 0, NULL, NULL, NULL, 'active', 1690269094, 1690269714, NULL),
(2621, 867, 867, 614, 'text_lesson', 0, '[09] Peniup Suling dari Kota Elang', NULL, 60, 'Asia/Jakarta', '/store/1/ebook/sampul.jpg', '/store/1/default_images/bacapustaka-cover_kategori.jpg', NULL, NULL, 0, NULL, NULL, 0, 0, 0, 0, 0, 0, 0, NULL, NULL, NULL, 'active', 1690269094, 1690269714, NULL),
(2622, 867, 867, 614, 'text_lesson', 0, '[10] Gigi gigi Casius Gaius', NULL, 60, 'Asia/Jakarta', '/store/1/ebook/sampul.jpg', '/store/1/default_images/bacapustaka-cover_kategori.jpg', NULL, NULL, 0, NULL, NULL, 0, 0, 0, 0, 0, 0, 0, NULL, NULL, NULL, 'active', 1690269094, 1690269714, NULL),
(2623, 867, 867, 614, 'text_lesson', 0, '[11] Pompit yang Bandel', NULL, 60, 'Asia/Jakarta', '/store/1/ebook/sampul.jpg', '/store/1/default_images/bacapustaka-cover_kategori.jpg', NULL, NULL, 0, NULL, NULL, 0, 0, 0, 0, 0, 0, 0, NULL, NULL, NULL, 'active', 1690269094, 1690269714, NULL),
(2624, 867, 867, 614, 'text_lesson', 0, '[12] Menangkap si Jahil', NULL, 60, 'Asia/Jakarta', '/store/1/ebook/sampul.jpg', '/store/1/default_images/bacapustaka-cover_kategori.jpg', NULL, NULL, 0, NULL, NULL, 0, 0, 0, 0, 0, 0, 0, NULL, NULL, NULL, 'active', 1690269094, 1690269714, NULL),
(2625, 867, 867, 614, 'text_lesson', 0, '[13] Tiga Penyihir Usil', NULL, 60, 'Asia/Jakarta', '/store/1/ebook/sampul.jpg', '/store/1/default_images/bacapustaka-cover_kategori.jpg', NULL, NULL, 0, NULL, NULL, 0, 0, 0, 0, 0, 0, 0, NULL, NULL, NULL, 'active', 1690269094, 1690269714, NULL),
(2626, 867, 867, 614, 'text_lesson', 0, '[14] Mencari Jejak Perampok', NULL, 60, 'Asia/Jakarta', '/store/1/ebook/sampul.jpg', '/store/1/default_images/bacapustaka-cover_kategori.jpg', NULL, NULL, 0, NULL, NULL, 0, 0, 0, 0, 0, 0, 0, NULL, NULL, NULL, 'active', 1690269094, 1690269714, NULL),
(2627, 867, 867, 614, 'text_lesson', 0, '[15] Sarakah si Penipu', NULL, 60, 'Asia/Jakarta', '/store/1/ebook/sampul.jpg', '/store/1/default_images/bacapustaka-cover_kategori.jpg', NULL, NULL, 0, NULL, NULL, 0, 0, 0, 0, 0, 0, 0, NULL, NULL, NULL, 'active', 1690269094, 1690269714, NULL),
(2628, 867, 867, 614, 'text_lesson', 0, '[16] Putri Melati Centilaneh', NULL, 60, 'Asia/Jakarta', '/store/1/ebook/sampul.jpg', '/store/1/default_images/bacapustaka-cover_kategori.jpg', NULL, NULL, 0, NULL, NULL, 0, 0, 0, 0, 0, 0, 0, NULL, NULL, NULL, 'active', 1690269094, 1690269714, NULL),
(2629, 867, 867, 614, 'text_lesson', 0, '[17] Bombasto si Penyihir', NULL, 60, 'Asia/Jakarta', '/store/1/ebook/sampul.jpg', '/store/1/default_images/bacapustaka-cover_kategori.jpg', NULL, NULL, 0, NULL, NULL, 0, 0, 0, 0, 0, 0, 0, NULL, NULL, NULL, 'active', 1690269094, 1690269714, NULL),
(2630, 867, 867, 614, 'text_lesson', 0, '[18] Lemari dengan 1000 Pintu', NULL, 60, 'Asia/Jakarta', '/store/1/ebook/sampul.jpg', '/store/1/default_images/bacapustaka-cover_kategori.jpg', NULL, NULL, 0, NULL, NULL, 0, 0, 0, 0, 0, 0, 0, NULL, NULL, NULL, 'active', 1690269094, 1690269714, NULL),
(2631, 867, 867, 614, 'text_lesson', 0, '[19] Kapal dari Es', NULL, 60, 'Asia/Jakarta', '/store/1/ebook/sampul.jpg', '/store/1/default_images/bacapustaka-cover_kategori.jpg', NULL, NULL, 0, NULL, NULL, 0, 0, 0, 0, 0, 0, 0, NULL, NULL, NULL, 'active', 1690269094, 1690269714, NULL),
(2632, 867, 867, 614, 'text_lesson', 0, '[20] Kimono Hitam', NULL, 60, 'Asia/Jakarta', '/store/1/ebook/sampul.jpg', '/store/1/default_images/bacapustaka-cover_kategori.jpg', NULL, NULL, 0, NULL, NULL, 0, 0, 0, 0, 0, 0, 0, NULL, NULL, NULL, 'active', 1690269094, 1690269714, NULL),
(2633, 867, 867, 614, 'text_lesson', 0, '[21] Kepala Suku yang Menyamar', NULL, 60, 'Asia/Jakarta', '/store/1/ebook/sampul.jpg', '/store/1/default_images/bacapustaka-cover_kategori.jpg', NULL, NULL, 0, NULL, NULL, 0, 0, 0, 0, 0, 0, 0, NULL, NULL, NULL, 'active', 1690269094, 1690269714, NULL),
(2634, 867, 867, 614, 'text_lesson', 0, '[22] Kembali ke Kerajaan Satwa', NULL, 60, 'Asia/Jakarta', '/store/1/ebook/sampul.jpg', '/store/1/default_images/bacapustaka-cover_kategori.jpg', NULL, NULL, 0, NULL, NULL, 0, 0, 0, 0, 0, 0, 0, NULL, NULL, NULL, 'active', 1690269094, 1690269714, NULL),
(2635, 867, 867, 614, 'text_lesson', 0, '[23] Kisah kisah yang Menakjubkan', NULL, 60, 'Asia/Jakarta', '/store/1/ebook/sampul.jpg', '/store/1/default_images/bacapustaka-cover_kategori.jpg', NULL, NULL, 0, NULL, NULL, 0, 0, 0, 0, 0, 0, 0, NULL, NULL, NULL, 'active', 1690269094, 1690269714, NULL),
(2636, 867, 867, 614, 'text_lesson', 0, 'Kematian Sebuah Risalah Filsafati tentang Eksistensi dan Ketiadaan by Muhammad Damm', NULL, 60, 'Asia/Jakarta', '/store/1/ebook/sampul.jpg', '/store/1/default_images/bacapustaka-cover_kategori.jpg', NULL, NULL, 0, NULL, NULL, 0, 0, 0, 0, 0, 0, 0, NULL, NULL, NULL, 'active', 1690269094, 1690269714, NULL),
(2637, 867, 867, 614, 'text_lesson', 0, 'Kembali ke Masa Sang Buddha', NULL, 60, 'Asia/Jakarta', '/store/1/ebook/sampul.jpg', '/store/1/default_images/bacapustaka-cover_kategori.jpg', NULL, NULL, 0, NULL, NULL, 0, 0, 0, 0, 0, 0, 0, NULL, NULL, NULL, 'active', 1690269094, 1690269714, NULL),
(2638, 867, 867, 614, 'text_lesson', 0, 'Keperawatan Jiwa by Ns. Nurhalimah, S.Kep, M.Kep. Sp.Kep.J', NULL, 60, 'Asia/Jakarta', '/store/1/ebook/sampul.jpg', '/store/1/default_images/bacapustaka-cover_kategori.jpg', NULL, NULL, 0, NULL, NULL, 0, 0, 0, 0, 0, 0, 0, NULL, NULL, NULL, 'active', 1690269094, 1690269714, NULL),
(2639, 867, 867, 614, 'text_lesson', 0, 'Kerancuan Filsafat (Tahafut Al Falasifah) by Imam Al Gazali', NULL, 60, 'Asia/Jakarta', '/store/1/ebook/sampul.jpg', '/store/1/default_images/bacapustaka-cover_kategori.jpg', NULL, NULL, 0, NULL, NULL, 0, 0, 0, 0, 0, 0, 0, NULL, NULL, NULL, 'active', 1690269094, 1690269714, NULL),
(2640, 867, 867, 614, 'text_lesson', 0, 'kerasukan setan', NULL, 60, 'Asia/Jakarta', '/store/1/ebook/sampul.jpg', '/store/1/default_images/bacapustaka-cover_kategori.jpg', NULL, NULL, 0, NULL, NULL, 0, 0, 0, 0, 0, 0, 0, NULL, NULL, NULL, 'active', 1690269094, 1690269714, NULL),
(2641, 867, 867, 614, 'text_lesson', 0, 'kerasukan setan 2', NULL, 60, 'Asia/Jakarta', '/store/1/ebook/sampul.jpg', '/store/1/default_images/bacapustaka-cover_kategori.jpg', NULL, NULL, 0, NULL, NULL, 0, 0, 0, 0, 0, 0, 0, NULL, NULL, NULL, 'active', 1690269094, 1690269714, NULL),
(2642, 867, 867, 614, 'text_lesson', 0, 'kesaksian para praktisi', NULL, 60, 'Asia/Jakarta', '/store/1/ebook/sampul.jpg', '/store/1/default_images/bacapustaka-cover_kategori.jpg', NULL, NULL, 0, NULL, NULL, 0, 0, 0, 0, 0, 0, 0, NULL, NULL, NULL, 'active', 1690269094, 1690269714, NULL),
(2643, 867, 867, 614, 'text_lesson', 0, 'kesaksian kesaksian mengenai hukum karma', NULL, 60, 'Asia/Jakarta', '/store/1/ebook/sampul.jpg', '/store/1/default_images/bacapustaka-cover_kategori.jpg', NULL, NULL, 0, NULL, NULL, 0, 0, 0, 0, 0, 0, 0, NULL, NULL, NULL, 'active', 1690269094, 1690269714, NULL),
(2644, 867, 867, 614, 'text_lesson', 0, 'KESESATAN SUFI (TASAWUF TASAUF) by Ahmad bin Abdul Aziz Al Hushain and Dr. Abdullah Mustofa Numsuk', NULL, 60, 'Asia/Jakarta', '/store/1/ebook/sampul.jpg', '/store/1/default_images/bacapustaka-cover_kategori.jpg', NULL, NULL, 0, NULL, NULL, 0, 0, 0, 0, 0, 0, 0, NULL, NULL, NULL, 'active', 1690269094, 1690269714, NULL),
(2645, 867, 867, 614, 'text_lesson', 0, 'Ketika kebenaran agama langir dipertanyakan', NULL, 60, 'Asia/Jakarta', '/store/1/ebook/sampul.jpg', '/store/1/default_images/bacapustaka-cover_kategori.jpg', NULL, NULL, 0, NULL, NULL, 0, 0, 0, 0, 0, 0, 0, NULL, NULL, NULL, 'active', 1690269094, 1690269714, NULL),
(2646, 867, 867, 614, 'text_lesson', 0, 'Kholifah Bumi Guru Mursyid sebagai Bapak Ruhaniah by Muhammad Luthfi Ghozali', NULL, 60, 'Asia/Jakarta', '/store/1/ebook/sampul.jpg', '/store/1/default_images/bacapustaka-cover_kategori.jpg', NULL, NULL, 0, NULL, NULL, 0, 0, 0, 0, 0, 0, 0, NULL, NULL, NULL, 'active', 1690269094, 1690269714, NULL),
(2647, 867, 867, 614, 'text_lesson', 0, 'Kiat Kiat Menafsirkan Mimpi by Leonardo Rimba', NULL, 60, 'Asia/Jakarta', '/store/1/ebook/sampul.jpg', '/store/1/default_images/bacapustaka-cover_kategori.jpg', NULL, NULL, 0, NULL, NULL, 0, 0, 0, 0, 0, 0, 0, NULL, NULL, NULL, 'active', 1690269094, 1690269714, NULL),
(2648, 867, 867, 614, 'text_lesson', 0, 'Kisah berkeliling alam neraka', NULL, 60, 'Asia/Jakarta', '/store/1/ebook/sampul.jpg', '/store/1/default_images/bacapustaka-cover_kategori.jpg', NULL, NULL, 0, NULL, NULL, 0, 0, 0, 0, 0, 0, 0, NULL, NULL, NULL, 'active', 1690269094, 1690269714, NULL),
(2649, 867, 867, 614, 'text_lesson', 0, 'Kisah Inspiratif Puteri Buddha', NULL, 60, 'Asia/Jakarta', '/store/1/ebook/sampul.jpg', '/store/1/default_images/bacapustaka-cover_kategori.jpg', NULL, NULL, 0, NULL, NULL, 0, 0, 0, 0, 0, 0, 0, NULL, NULL, NULL, 'active', 1690269094, 1690269714, NULL),
(2650, 867, 867, 614, 'text_lesson', 0, 'Kisah Sebuah Rakit Tua', NULL, 60, 'Asia/Jakarta', '/store/1/ebook/sampul.jpg', '/store/1/default_images/bacapustaka-cover_kategori.jpg', NULL, NULL, 0, NULL, NULL, 0, 0, 0, 0, 0, 0, 0, NULL, NULL, NULL, 'active', 1690269094, 1690269714, NULL),
(2651, 867, 867, 614, 'text_lesson', 0, 'Kisah Tersirat Sebuah Apresiasi Analitis atas Kisah Buddha by Sylvia Bay', NULL, 60, 'Asia/Jakarta', '/store/1/ebook/sampul.jpg', '/store/1/default_images/bacapustaka-cover_kategori.jpg', NULL, NULL, 0, NULL, NULL, 0, 0, 0, 0, 0, 0, 0, NULL, NULL, NULL, 'active', 1690269094, 1690269714, NULL),
(2652, 867, 867, 614, 'text_lesson', 0, 'Kisah Tersirat', NULL, 60, 'Asia/Jakarta', '/store/1/ebook/sampul.jpg', '/store/1/default_images/bacapustaka-cover_kategori.jpg', NULL, NULL, 0, NULL, NULL, 0, 0, 0, 0, 0, 0, 0, NULL, NULL, NULL, 'active', 1690269094, 1690269714, NULL),
(2653, 867, 867, 614, 'text_lesson', 0, 'Kitab Firasat Ilmu Membaca Sifat dan Karakter Orang dari Bentuk Tubuhnya by Imam Fakhruddin ar Razi', NULL, 60, 'Asia/Jakarta', '/store/1/ebook/sampul.jpg', '/store/1/default_images/bacapustaka-cover_kategori.jpg', NULL, NULL, 0, NULL, NULL, 0, 0, 0, 0, 0, 0, 0, NULL, NULL, NULL, 'active', 1690269094, 1690269714, NULL),
(2654, 867, 867, 614, 'text_lesson', 0, 'Kitab Pali', NULL, 60, 'Asia/Jakarta', '/store/1/ebook/sampul.jpg', '/store/1/default_images/bacapustaka-cover_kategori.jpg', NULL, NULL, 0, NULL, NULL, 0, 0, 0, 0, 0, 0, 0, NULL, NULL, NULL, 'active', 1690269094, 1690269714, NULL),
(2655, 867, 867, 614, 'text_lesson', 0, 'Kitab Suci Kesatria Cahaya by Paulo Coelho', NULL, 60, 'Asia/Jakarta', '/store/1/ebook/sampul.jpg', '/store/1/default_images/bacapustaka-cover_kategori.jpg', NULL, NULL, 0, NULL, NULL, 0, 0, 0, 0, 0, 0, 0, NULL, NULL, NULL, 'active', 1690269094, 1690269714, NULL),
(2656, 867, 867, 614, 'text_lesson', 0, 'kitab zen', NULL, 60, 'Asia/Jakarta', '/store/1/ebook/sampul.jpg', '/store/1/default_images/bacapustaka-cover_kategori.jpg', NULL, NULL, 0, NULL, NULL, 0, 0, 0, 0, 0, 0, 0, NULL, NULL, NULL, 'active', 1690269094, 1690269714, NULL),
(2657, 867, 867, 614, 'text_lesson', 0, 'Komentar Anattalakkhana Sutta dan Malukyaputta Sutta', NULL, 60, 'Asia/Jakarta', '/store/1/ebook/sampul.jpg', '/store/1/default_images/bacapustaka-cover_kategori.jpg', NULL, NULL, 0, NULL, NULL, 0, 0, 0, 0, 0, 0, 0, NULL, NULL, NULL, 'active', 1690269094, 1690269714, NULL),
(2658, 867, 867, 614, 'text_lesson', 0, 'Komunikasi Antarbudaya dalam Tradisi Agama Jawa by Dr. Mukti Ali, M.Hum.', NULL, 60, 'Asia/Jakarta', '/store/1/ebook/sampul.jpg', '/store/1/default_images/bacapustaka-cover_kategori.jpg', NULL, NULL, 0, NULL, NULL, 0, 0, 0, 0, 0, 0, 0, NULL, NULL, NULL, 'active', 1690269094, 1690269714, NULL),
(2659, 867, 867, 614, 'text_lesson', 0, 'Komunikasi Budaya, Pariwisata dan Religi by Hapsari Dwiningtyas Sulistyani, dkk.', NULL, 60, 'Asia/Jakarta', '/store/1/ebook/sampul.jpg', '/store/1/default_images/bacapustaka-cover_kategori.jpg', NULL, NULL, 0, NULL, NULL, 0, 0, 0, 0, 0, 0, 0, NULL, NULL, NULL, 'active', 1690269094, 1690269714, NULL),
(2660, 867, 867, 614, 'text_lesson', 0, 'Komunikasi, Religi dan Budaya by Fajar Junaedi dan Ayub Dwi Anggoro (editor)', NULL, 60, 'Asia/Jakarta', '/store/1/ebook/sampul.jpg', '/store/1/default_images/bacapustaka-cover_kategori.jpg', NULL, NULL, 0, NULL, NULL, 0, 0, 0, 0, 0, 0, 0, NULL, NULL, NULL, 'active', 1690269094, 1690269714, NULL),
(2661, 867, 867, 614, 'text_lesson', 0, 'Konflik Bernuansa Agama Peta Konflik Berbagai Daerah di Indonesia 1997 2005 by Choirul Fuad Yusuf', NULL, 60, 'Asia/Jakarta', '/store/1/ebook/sampul.jpg', '/store/1/default_images/bacapustaka-cover_kategori.jpg', NULL, NULL, 0, NULL, NULL, 0, 0, 0, 0, 0, 0, 0, NULL, NULL, NULL, 'active', 1690269094, 1690269714, NULL),
(2662, 867, 867, 614, 'text_lesson', 0, 'Konseling Berfokus Resolusi Konflik antar Sebaya Dari Perselisihan ke Perdamaian di Kalangan Remaja by Latipun', NULL, 60, 'Asia/Jakarta', '/store/1/ebook/sampul.jpg', '/store/1/default_images/bacapustaka-cover_kategori.jpg', NULL, NULL, 0, NULL, NULL, 0, 0, 0, 0, 0, 0, 0, NULL, NULL, NULL, 'active', 1690269094, 1690269714, NULL),
(2663, 867, 867, 614, 'text_lesson', 0, 'Konsep Konseling Berdasarkan Ayat Ayat Al Quran (Jilid II) by Drs. Abdul Hayat, M.Pd.', NULL, 60, 'Asia/Jakarta', '/store/1/ebook/sampul.jpg', '/store/1/default_images/bacapustaka-cover_kategori.jpg', NULL, NULL, 0, NULL, NULL, 0, 0, 0, 0, 0, 0, 0, NULL, NULL, NULL, 'active', 1690269094, 1690269714, NULL),
(2664, 867, 867, 614, 'text_lesson', 0, 'Konsili Buddhis Menurut Tradisi Theravada', NULL, 60, 'Asia/Jakarta', '/store/1/ebook/sampul.jpg', '/store/1/default_images/bacapustaka-cover_kategori.jpg', NULL, NULL, 0, NULL, NULL, 0, 0, 0, 0, 0, 0, 0, NULL, NULL, NULL, 'active', 1690269094, 1690269714, NULL),
(2665, 867, 867, 614, 'text_lesson', 0, 'Konspirasi Alam Semesta by Fiersa Besari (z lib.org)', NULL, 60, 'Asia/Jakarta', '/store/1/ebook/sampul.jpg', '/store/1/default_images/bacapustaka-cover_kategori.jpg', NULL, NULL, 0, NULL, NULL, 0, 0, 0, 0, 0, 0, 0, NULL, NULL, NULL, 'active', 1690269094, 1690269714, NULL),
(2666, 867, 867, 614, 'text_lesson', 0, 'Kontestasi Agama dan Negara Politik Hukum Penodaan Agama di Asia Tenggara by Fauzan Ali Rasyid, Ah. Fathonih, Syahrul Anwar, Ayi Yunus Rusyana', NULL, 60, 'Asia/Jakarta', '/store/1/ebook/sampul.jpg', '/store/1/default_images/bacapustaka-cover_kategori.jpg', NULL, NULL, 0, NULL, NULL, 0, 0, 0, 0, 0, 0, 0, NULL, NULL, NULL, 'active', 1690269094, 1690269714, NULL),
(2667, 867, 867, 614, 'text_lesson', 0, 'Kontestasi Identitas Agama Lokalitas Spiritual di Indonesia by Dr. Hasse Jubba, MA.', NULL, 60, 'Asia/Jakarta', '/store/1/ebook/sampul.jpg', '/store/1/default_images/bacapustaka-cover_kategori.jpg', NULL, NULL, 0, NULL, NULL, 0, 0, 0, 0, 0, 0, 0, NULL, NULL, NULL, 'active', 1690269094, 1690269714, NULL),
(2668, 867, 867, 614, 'text_lesson', 0, 'Kosmologi Studi Struktur dan Asal Mula Alam Semesta by Fabian Chandra', NULL, 60, 'Asia/Jakarta', '/store/1/ebook/sampul.jpg', '/store/1/default_images/bacapustaka-cover_kategori.jpg', NULL, NULL, 0, NULL, NULL, 0, 0, 0, 0, 0, 0, 0, NULL, NULL, NULL, 'active', 1690269094, 1690269714, NULL),
(2669, 867, 867, 614, 'text_lesson', 0, 'Kosmologi Islam dan Dunia Modern by William C. Chittick', NULL, 60, 'Asia/Jakarta', '/store/1/ebook/sampul.jpg', '/store/1/default_images/bacapustaka-cover_kategori.jpg', NULL, NULL, 0, NULL, NULL, 0, 0, 0, 0, 0, 0, 0, NULL, NULL, NULL, 'active', 1690269094, 1690269714, NULL),
(2670, 867, 867, 614, 'text_lesson', 0, 'kosmologi', NULL, 60, 'Asia/Jakarta', '/store/1/ebook/sampul.jpg', '/store/1/default_images/bacapustaka-cover_kategori.jpg', NULL, NULL, 0, NULL, NULL, 0, 0, 0, 0, 0, 0, 0, NULL, NULL, NULL, 'active', 1690269094, 1690269714, NULL),
(2671, 867, 867, 614, 'text_lesson', 0, 'Kronologi Hidup Buddha', NULL, 60, 'Asia/Jakarta', '/store/1/ebook/sampul.jpg', '/store/1/default_images/bacapustaka-cover_kategori.jpg', NULL, NULL, 0, NULL, NULL, 0, 0, 0, 0, 0, 0, 0, NULL, NULL, NULL, 'active', 1690269094, 1690269714, NULL),
(2672, 867, 867, 614, 'text_lesson', 0, 'Kumpulan Artikel Bhikkhu Bodhi by Bhikkhu Bodhi', NULL, 60, 'Asia/Jakarta', '/store/1/ebook/sampul.jpg', '/store/1/default_images/bacapustaka-cover_kategori.jpg', NULL, NULL, 0, NULL, NULL, 0, 0, 0, 0, 0, 0, 0, NULL, NULL, NULL, 'active', 1690269094, 1690269714, NULL),
(2673, 867, 867, 614, 'text_lesson', 0, 'Kumpulan Ceramah Dhammaclass Masa Vassa Vihara Vidyaloka', NULL, 60, 'Asia/Jakarta', '/store/1/ebook/sampul.jpg', '/store/1/default_images/bacapustaka-cover_kategori.jpg', NULL, NULL, 0, NULL, NULL, 0, 0, 0, 0, 0, 0, 0, NULL, NULL, NULL, 'active', 1690269094, 1690269714, NULL),
(2674, 867, 867, 614, 'text_lesson', 0, 'Kumpulan Khotbah Sang Buddha', NULL, 60, 'Asia/Jakarta', '/store/1/ebook/sampul.jpg', '/store/1/default_images/bacapustaka-cover_kategori.jpg', NULL, NULL, 0, NULL, NULL, 0, 0, 0, 0, 0, 0, 0, NULL, NULL, NULL, 'active', 1690269094, 1690269714, NULL),
(2675, 867, 867, 614, 'text_lesson', 0, 'kumpulan kisah nyata pantangan berzinah (jilid lengkap)', NULL, 60, 'Asia/Jakarta', '/store/1/ebook/sampul.jpg', '/store/1/default_images/bacapustaka-cover_kategori.jpg', NULL, NULL, 0, NULL, NULL, 0, 0, 0, 0, 0, 0, 0, NULL, NULL, NULL, 'active', 1690269094, 1690269714, NULL),
(2676, 867, 867, 614, 'text_lesson', 0, 'Kumpulan Misteri Dunia by Hastomo, Ssit.', NULL, 60, 'Asia/Jakarta', '/store/1/ebook/sampul.jpg', '/store/1/default_images/bacapustaka-cover_kategori.jpg', NULL, NULL, 0, NULL, NULL, 0, 0, 0, 0, 0, 0, 0, NULL, NULL, NULL, 'active', 1690269094, 1690269714, NULL),
(2677, 867, 867, 614, 'text_lesson', 0, 'kumpulan ringkasan ceramah dhamma by Bhikkhu Cittaguto', NULL, 60, 'Asia/Jakarta', '/store/1/ebook/sampul.jpg', '/store/1/default_images/bacapustaka-cover_kategori.jpg', NULL, NULL, 0, NULL, NULL, 0, 0, 0, 0, 0, 0, 0, NULL, NULL, NULL, 'active', 1690269094, 1690269714, NULL),
(2678, 867, 867, 614, 'text_lesson', 0, 'Kumpulan Ringkasan Ceramah Dhamma', NULL, 60, 'Asia/Jakarta', '/store/1/ebook/sampul.jpg', '/store/1/default_images/bacapustaka-cover_kategori.jpg', NULL, NULL, 0, NULL, NULL, 0, 0, 0, 0, 0, 0, 0, NULL, NULL, NULL, 'active', 1690269094, 1690269714, NULL),
(2679, 867, 867, 614, 'text_lesson', 0, 'kumpulan beberapa sutra buddhisme mahayana 1', NULL, 60, 'Asia/Jakarta', '/store/1/ebook/sampul.jpg', '/store/1/default_images/bacapustaka-cover_kategori.jpg', NULL, NULL, 0, NULL, NULL, 0, 0, 0, 0, 0, 0, 0, NULL, NULL, NULL, 'active', 1690269094, 1690269714, NULL),
(2680, 867, 867, 614, 'text_lesson', 0, 'kumpulan beberapa sutra buddhisme mahayana 2', NULL, 60, 'Asia/Jakarta', '/store/1/ebook/sampul.jpg', '/store/1/default_images/bacapustaka-cover_kategori.jpg', NULL, NULL, 0, NULL, NULL, 0, 0, 0, 0, 0, 0, 0, NULL, NULL, NULL, 'active', 1690269094, 1690269714, NULL),
(2681, 867, 867, 614, 'text_lesson', 0, 'kuning', NULL, 60, 'Asia/Jakarta', '/store/1/ebook/sampul.jpg', '/store/1/default_images/bacapustaka-cover_kategori.jpg', NULL, NULL, 0, NULL, NULL, 0, 0, 0, 0, 0, 0, 0, NULL, NULL, NULL, 'active', 1690269094, 1690269714, NULL),
(2682, 867, 867, 614, 'text_lesson', 0, 'Kupas Tuntas Masalah Jin Sihir by Dr..Ibrahim Kamal Adham', NULL, 60, 'Asia/Jakarta', '/store/1/ebook/sampul.jpg', '/store/1/default_images/bacapustaka-cover_kategori.jpg', NULL, NULL, 0, NULL, NULL, 0, 0, 0, 0, 0, 0, 0, NULL, NULL, NULL, 'active', 1690269094, 1690269714, NULL),
(2683, 867, 867, 614, 'text_lesson', 0, 'kupas tuntas seputar RUH', NULL, 60, 'Asia/Jakarta', '/store/1/ebook/sampul.jpg', '/store/1/default_images/bacapustaka-cover_kategori.jpg', NULL, NULL, 0, NULL, NULL, 0, 0, 0, 0, 0, 0, 0, NULL, NULL, NULL, 'active', 1690269094, 1690269714, NULL),
(2684, 867, 867, 614, 'text_lesson', 0, 'Laki Laki dan Perempuan Identitas yang Berbeda Analisis Gender dan Politik Perspektif Post Feminisme by Dra. Nila Sastrawati, M.Si.', NULL, 60, 'Asia/Jakarta', '/store/1/ebook/sampul.jpg', '/store/1/default_images/bacapustaka-cover_kategori.jpg', NULL, NULL, 0, NULL, NULL, 0, 0, 0, 0, 0, 0, 0, NULL, NULL, NULL, 'active', 1690269094, 1690269714, NULL),
(2685, 867, 867, 614, 'text_lesson', 0, 'Landasan Psikologis Pendidikan Islam by Syihabuddin', NULL, 60, 'Asia/Jakarta', '/store/1/ebook/sampul.jpg', '/store/1/default_images/bacapustaka-cover_kategori.jpg', NULL, NULL, 0, NULL, NULL, 0, 0, 0, 0, 0, 0, 0, NULL, NULL, NULL, 'active', 1690269094, 1690269714, NULL);
INSERT INTO `webinars` (`id`, `teacher_id`, `creator_id`, `category_id`, `type`, `private`, `slug`, `start_date`, `duration`, `timezone`, `thumbnail`, `image_cover`, `video_demo`, `video_demo_source`, `capacity`, `price`, `organization_price`, `support`, `certificate`, `downloadable`, `partner_instructor`, `subscribe`, `forum`, `enable_waitlist`, `access_days`, `points`, `message_for_reviewer`, `status`, `created_at`, `updated_at`, `deleted_at`) VALUES
(2686, 867, 867, 614, 'text_lesson', 0, 'Larangan Berlaku Boros', NULL, 60, 'Asia/Jakarta', '/store/1/ebook/sampul.jpg', '/store/1/default_images/bacapustaka-cover_kategori.jpg', NULL, NULL, 0, NULL, NULL, 0, 0, 0, 0, 0, 0, 0, NULL, NULL, NULL, 'active', 1690269094, 1690269714, NULL),
(2687, 867, 867, 614, 'text_lesson', 0, 'Larangan Meminta Minta', NULL, 60, 'Asia/Jakarta', '/store/1/ebook/sampul.jpg', '/store/1/default_images/bacapustaka-cover_kategori.jpg', NULL, NULL, 0, NULL, NULL, 0, 0, 0, 0, 0, 0, 0, NULL, NULL, NULL, 'active', 1690269094, 1690269714, NULL),
(2688, 867, 867, 614, 'text_lesson', 0, 'Lima Penghalusinasi', NULL, 60, 'Asia/Jakarta', '/store/1/ebook/sampul.jpg', '/store/1/default_images/bacapustaka-cover_kategori.jpg', NULL, NULL, 0, NULL, NULL, 0, 0, 0, 0, 0, 0, 0, NULL, NULL, NULL, 'active', 1690269094, 1690269714, NULL),
(2689, 867, 867, 614, 'text_lesson', 0, 'Literasi Moderasi Beragama di Indonesia', NULL, 60, 'Asia/Jakarta', '/store/1/ebook/sampul.jpg', '/store/1/default_images/bacapustaka-cover_kategori.jpg', NULL, NULL, 0, NULL, NULL, 0, 0, 0, 0, 0, 0, 0, NULL, NULL, NULL, 'active', 1690269094, 1690269714, NULL),
(2690, 867, 867, 614, 'text_lesson', 0, 'Loving the Wounded Soul (Alasan dan Tujuan Depresi Hadir di Hidup Manusia) by Regis Machdy', NULL, 60, 'Asia/Jakarta', '/store/1/ebook/sampul.jpg', '/store/1/default_images/bacapustaka-cover_kategori.jpg', NULL, NULL, 0, NULL, NULL, 0, 0, 0, 0, 0, 0, 0, NULL, NULL, NULL, 'active', 1690269094, 1690269714, NULL),
(2691, 867, 867, 614, 'text_lesson', 0, 'maha parinibbana sutta', NULL, 60, 'Asia/Jakarta', '/store/1/ebook/sampul.jpg', '/store/1/default_images/bacapustaka-cover_kategori.jpg', NULL, NULL, 0, NULL, NULL, 0, 0, 0, 0, 0, 0, 0, NULL, NULL, NULL, 'active', 1690269094, 1690269714, NULL),
(2692, 867, 867, 614, 'text_lesson', 0, 'Majjhima Nikaya Khotbah khotbah Menengah Sang Buddha by Dhammacitta press', NULL, 60, 'Asia/Jakarta', '/store/1/ebook/sampul.jpg', '/store/1/default_images/bacapustaka-cover_kategori.jpg', NULL, NULL, 0, NULL, NULL, 0, 0, 0, 0, 0, 0, 0, NULL, NULL, NULL, 'active', 1690269094, 1690269714, NULL),
(2693, 867, 867, 614, 'text_lesson', 0, 'Majjhima Nikaya Khotbah khotbah Menengah Sang Buddha', NULL, 60, 'Asia/Jakarta', '/store/1/ebook/sampul.jpg', '/store/1/default_images/bacapustaka-cover_kategori.jpg', NULL, NULL, 0, NULL, NULL, 0, 0, 0, 0, 0, 0, 0, NULL, NULL, NULL, 'active', 1690269094, 1690269714, NULL),
(2694, 867, 867, 614, 'text_lesson', 0, 'Makalah Agama Agama dan Filsafat', NULL, 60, 'Asia/Jakarta', '/store/1/ebook/sampul.jpg', '/store/1/default_images/bacapustaka-cover_kategori.jpg', NULL, NULL, 0, NULL, NULL, 0, 0, 0, 0, 0, 0, 0, NULL, NULL, NULL, 'active', 1690269094, 1690269714, NULL),
(2695, 867, 867, 614, 'text_lesson', 0, 'Makan', NULL, 60, 'Asia/Jakarta', '/store/1/ebook/sampul.jpg', '/store/1/default_images/bacapustaka-cover_kategori.jpg', NULL, NULL, 0, NULL, NULL, 0, 0, 0, 0, 0, 0, 0, NULL, NULL, NULL, 'active', 1690269094, 1690269714, NULL),
(2696, 867, 867, 614, 'text_lesson', 0, 'Makanan haram dalam islam A Z', NULL, 60, 'Asia/Jakarta', '/store/1/ebook/sampul.jpg', '/store/1/default_images/bacapustaka-cover_kategori.jpg', NULL, NULL, 0, NULL, NULL, 0, 0, 0, 0, 0, 0, 0, NULL, NULL, NULL, 'active', 1690269094, 1690269714, NULL),
(2697, 867, 867, 614, 'text_lesson', 0, 'Makanan+Haram', NULL, 60, 'Asia/Jakarta', '/store/1/ebook/sampul.jpg', '/store/1/default_images/bacapustaka-cover_kategori.jpg', NULL, NULL, 0, NULL, NULL, 0, 0, 0, 0, 0, 0, 0, NULL, NULL, NULL, 'active', 1690269094, 1690269714, NULL),
(2698, 867, 867, 614, 'text_lesson', 0, 'Maklumat Raja Asoka', NULL, 60, 'Asia/Jakarta', '/store/1/ebook/sampul.jpg', '/store/1/default_images/bacapustaka-cover_kategori.jpg', NULL, NULL, 0, NULL, NULL, 0, 0, 0, 0, 0, 0, 0, NULL, NULL, NULL, 'active', 1690269094, 1690269714, NULL),
(2699, 867, 867, 614, 'text_lesson', 0, 'Makna Paritta', NULL, 60, 'Asia/Jakarta', '/store/1/ebook/sampul.jpg', '/store/1/default_images/bacapustaka-cover_kategori.jpg', NULL, NULL, 0, NULL, NULL, 0, 0, 0, 0, 0, 0, 0, NULL, NULL, NULL, 'active', 1690269094, 1690269714, NULL),
(2700, 867, 867, 614, 'text_lesson', 0, 'Manajemen Diri Buddhis', NULL, 60, 'Asia/Jakarta', '/store/1/ebook/sampul.jpg', '/store/1/default_images/bacapustaka-cover_kategori.jpg', NULL, NULL, 0, NULL, NULL, 0, 0, 0, 0, 0, 0, 0, NULL, NULL, NULL, 'active', 1690269094, 1690269714, NULL),
(2701, 867, 867, 614, 'text_lesson', 0, 'MANFAAT MEMBACA PARRITA', NULL, 60, 'Asia/Jakarta', '/store/1/ebook/sampul.jpg', '/store/1/default_images/bacapustaka-cover_kategori.jpg', NULL, NULL, 0, NULL, NULL, 0, 0, 0, 0, 0, 0, 0, NULL, NULL, NULL, 'active', 1690269094, 1690269714, NULL),
(2702, 867, 867, 614, 'text_lesson', 0, 'Mantra by Deddy Corbuzier', NULL, 60, 'Asia/Jakarta', '/store/1/ebook/sampul.jpg', '/store/1/default_images/bacapustaka-cover_kategori.jpg', NULL, NULL, 0, NULL, NULL, 0, 0, 0, 0, 0, 0, 0, NULL, NULL, NULL, 'active', 1690269094, 1690269714, NULL),
(2703, 867, 867, 614, 'text_lesson', 0, 'Manusia dan Islam Jilid 1 by Dr. Haron Din', NULL, 60, 'Asia/Jakarta', '/store/1/ebook/sampul.jpg', '/store/1/default_images/bacapustaka-cover_kategori.jpg', NULL, NULL, 0, NULL, NULL, 0, 0, 0, 0, 0, 0, 0, NULL, NULL, NULL, 'active', 1690269094, 1690269714, NULL),
(2704, 867, 867, 614, 'text_lesson', 0, 'Manusia dan Islam Jilid 2 by Dr. Haron Din', NULL, 60, 'Asia/Jakarta', '/store/1/ebook/sampul.jpg', '/store/1/default_images/bacapustaka-cover_kategori.jpg', NULL, NULL, 0, NULL, NULL, 0, 0, 0, 0, 0, 0, 0, NULL, NULL, NULL, 'active', 1690269094, 1690269714, NULL),
(2705, 867, 867, 614, 'text_lesson', 0, 'Manusia Dan Islam Jilid 3 by Dr. Haron Din', NULL, 60, 'Asia/Jakarta', '/store/1/ebook/sampul.jpg', '/store/1/default_images/bacapustaka-cover_kategori.jpg', NULL, NULL, 0, NULL, NULL, 0, 0, 0, 0, 0, 0, 0, NULL, NULL, NULL, 'active', 1690269094, 1690269714, NULL),
(2706, 867, 867, 614, 'text_lesson', 0, 'Mara si Penggoda', NULL, 60, 'Asia/Jakarta', '/store/1/ebook/sampul.jpg', '/store/1/default_images/bacapustaka-cover_kategori.jpg', NULL, NULL, 0, NULL, NULL, 0, 0, 0, 0, 0, 0, 0, NULL, NULL, NULL, 'active', 1690269094, 1690269714, NULL),
(2707, 867, 867, 614, 'text_lesson', 0, 'Marifatullah la khaliqa illa allah', NULL, 60, 'Asia/Jakarta', '/store/1/ebook/sampul.jpg', '/store/1/default_images/bacapustaka-cover_kategori.jpg', NULL, NULL, 0, NULL, NULL, 0, 0, 0, 0, 0, 0, 0, NULL, NULL, NULL, 'active', 1690269094, 1690269714, NULL),
(2708, 867, 867, 614, 'text_lesson', 0, 'Mata Ketiga dan Cara Menggunakannya by Leonardo Rimba', NULL, 60, 'Asia/Jakarta', '/store/1/ebook/sampul.jpg', '/store/1/default_images/bacapustaka-cover_kategori.jpg', NULL, NULL, 0, NULL, NULL, 0, 0, 0, 0, 0, 0, 0, NULL, NULL, NULL, 'active', 1690269094, 1690269714, NULL),
(2709, 867, 867, 614, 'text_lesson', 0, 'Media+Pembelajaran+Pendukung+perkuliahan+Filsafat Filsafat+Ilmu Filsafat+Pendidikan+Matematika Filsafat+Pendidikan+Sain', NULL, 60, 'Asia/Jakarta', '/store/1/ebook/sampul.jpg', '/store/1/default_images/bacapustaka-cover_kategori.jpg', NULL, NULL, 0, NULL, NULL, 0, 0, 0, 0, 0, 0, 0, NULL, NULL, NULL, 'active', 1690269094, 1690269714, NULL),
(2710, 867, 867, 614, 'text_lesson', 0, 'Media＋Pembelajaran＋Pendukung＋perkuliahan＋Filsafat＿Filsafat+Ilmu Filsafat+Pendidikan+Matematika Filsafat+Pendidikan+Sain', NULL, 60, 'Asia/Jakarta', '/store/1/ebook/sampul.jpg', '/store/1/default_images/bacapustaka-cover_kategori.jpg', NULL, NULL, 0, NULL, NULL, 0, 0, 0, 0, 0, 0, 0, NULL, NULL, NULL, 'active', 1690269094, 1690269714, NULL),
(2711, 867, 867, 614, 'text_lesson', 0, 'Meditasi Pernafasan Bikkhu Kassapa', NULL, 60, 'Asia/Jakarta', '/store/1/ebook/sampul.jpg', '/store/1/default_images/bacapustaka-cover_kategori.jpg', NULL, NULL, 0, NULL, NULL, 0, 0, 0, 0, 0, 0, 0, NULL, NULL, NULL, 'active', 1690269094, 1690269714, NULL),
(2712, 867, 867, 614, 'text_lesson', 0, 'meditation (samadhi bhavana)', NULL, 60, 'Asia/Jakarta', '/store/1/ebook/sampul.jpg', '/store/1/default_images/bacapustaka-cover_kategori.jpg', NULL, NULL, 0, NULL, NULL, 0, 0, 0, 0, 0, 0, 0, NULL, NULL, NULL, 'active', 1690269094, 1690269714, NULL),
(2713, 867, 867, 614, 'text_lesson', 0, 'Melihat Dhamma', NULL, 60, 'Asia/Jakarta', '/store/1/ebook/sampul.jpg', '/store/1/default_images/bacapustaka-cover_kategori.jpg', NULL, NULL, 0, NULL, NULL, 0, 0, 0, 0, 0, 0, 0, NULL, NULL, NULL, 'active', 1690269094, 1690269714, NULL),
(2714, 867, 867, 614, 'text_lesson', 0, 'Melihat Pohon Bodhi', NULL, 60, 'Asia/Jakarta', '/store/1/ebook/sampul.jpg', '/store/1/default_images/bacapustaka-cover_kategori.jpg', NULL, NULL, 0, NULL, NULL, 0, 0, 0, 0, 0, 0, 0, NULL, NULL, NULL, 'active', 1690269094, 1690269714, NULL),
(2715, 867, 867, 614, 'text_lesson', 0, 'Memahami Buddhisme Tradisi Mahayana', NULL, 60, 'Asia/Jakarta', '/store/1/ebook/sampul.jpg', '/store/1/default_images/bacapustaka-cover_kategori.jpg', NULL, NULL, 0, NULL, NULL, 0, 0, 0, 0, 0, 0, 0, NULL, NULL, NULL, 'active', 1690269094, 1690269714, NULL),
(2716, 867, 867, 614, 'text_lesson', 0, 'membaca dan menyentuh al qur\'an dalam keadaan hadast', NULL, 60, 'Asia/Jakarta', '/store/1/ebook/sampul.jpg', '/store/1/default_images/bacapustaka-cover_kategori.jpg', NULL, NULL, 0, NULL, NULL, 0, 0, 0, 0, 0, 0, 0, NULL, NULL, NULL, 'active', 1690269094, 1690269714, NULL),
(2717, 867, 867, 614, 'text_lesson', 0, 'Membangkitkan Hati yang Baik', NULL, 60, 'Asia/Jakarta', '/store/1/ebook/sampul.jpg', '/store/1/default_images/bacapustaka-cover_kategori.jpg', NULL, NULL, 0, NULL, NULL, 0, 0, 0, 0, 0, 0, 0, NULL, NULL, NULL, 'active', 1690269094, 1690269714, NULL),
(2718, 867, 867, 614, 'text_lesson', 0, 'Membangun Moderasi Beragama Umat Melalui Integrasi Keilmuan by Dr. Muhammad Qasim, M.Pd.I.', NULL, 60, 'Asia/Jakarta', '/store/1/ebook/sampul.jpg', '/store/1/default_images/bacapustaka-cover_kategori.jpg', NULL, NULL, 0, NULL, NULL, 0, 0, 0, 0, 0, 0, 0, NULL, NULL, NULL, 'active', 1690269094, 1690269714, NULL),
(2719, 867, 867, 614, 'text_lesson', 0, 'Membangun Moral Bangsa Melalui Akhlak Tasawuf by M. Iqbal Irham, M.Ag.', NULL, 60, 'Asia/Jakarta', '/store/1/ebook/sampul.jpg', '/store/1/default_images/bacapustaka-cover_kategori.jpg', NULL, NULL, 0, NULL, NULL, 0, 0, 0, 0, 0, 0, 0, NULL, NULL, NULL, 'active', 1690269094, 1690269714, NULL),
(2720, 867, 867, 614, 'text_lesson', 0, 'Membatasi Tanpa Melanggar Hak Kebebasan Beragama atau Berkeyakinan by Zainal Abidin Bagir, Asfinawati, Suhadi, Renata Arianingtyas', NULL, 60, 'Asia/Jakarta', '/store/1/ebook/sampul.jpg', '/store/1/default_images/bacapustaka-cover_kategori.jpg', NULL, NULL, 0, NULL, NULL, 0, 0, 0, 0, 0, 0, 0, NULL, NULL, NULL, 'active', 1690269094, 1690269714, NULL),
(2721, 867, 867, 614, 'text_lesson', 0, 'Membela Kebebasan Beragama buku 1, Budi Munawwar Rahma .ed', NULL, 60, 'Asia/Jakarta', '/store/1/ebook/sampul.jpg', '/store/1/default_images/bacapustaka-cover_kategori.jpg', NULL, NULL, 0, NULL, NULL, 0, 0, 0, 0, 0, 0, 0, NULL, NULL, NULL, 'active', 1690269094, 1690269714, NULL),
(2722, 867, 867, 614, 'text_lesson', 0, 'membela kebebasan beragama buku 2', NULL, 60, 'Asia/Jakarta', '/store/1/ebook/sampul.jpg', '/store/1/default_images/bacapustaka-cover_kategori.jpg', NULL, NULL, 0, NULL, NULL, 0, 0, 0, 0, 0, 0, 0, NULL, NULL, NULL, 'active', 1690269094, 1690269714, NULL),
(2723, 867, 867, 614, 'text_lesson', 0, 'Membela Kebebasan Beragama, Budi Munawwar Rahma .ed', NULL, 60, 'Asia/Jakarta', '/store/1/ebook/sampul.jpg', '/store/1/default_images/bacapustaka-cover_kategori.jpg', NULL, NULL, 0, NULL, NULL, 0, 0, 0, 0, 0, 0, 0, NULL, NULL, NULL, 'active', 1690269094, 1690269714, NULL),
(2724, 867, 867, 614, 'text_lesson', 0, 'Membongkar kesesatan REiki Tenaga dalam & Ilmu Kesaktian', NULL, 60, 'Asia/Jakarta', '/store/1/ebook/sampul.jpg', '/store/1/default_images/bacapustaka-cover_kategori.jpg', NULL, NULL, 0, NULL, NULL, 0, 0, 0, 0, 0, 0, 0, NULL, NULL, NULL, 'active', 1690269094, 1690269714, NULL),
(2725, 867, 867, 614, 'text_lesson', 0, 'Membuka Jalan', NULL, 60, 'Asia/Jakarta', '/store/1/ebook/sampul.jpg', '/store/1/default_images/bacapustaka-cover_kategori.jpg', NULL, NULL, 0, NULL, NULL, 0, 0, 0, 0, 0, 0, 0, NULL, NULL, NULL, 'active', 1690269094, 1690269714, NULL),
(2726, 867, 867, 614, 'text_lesson', 0, 'Membuka Kebenaran Spiritual', NULL, 60, 'Asia/Jakarta', '/store/1/ebook/sampul.jpg', '/store/1/default_images/bacapustaka-cover_kategori.jpg', NULL, NULL, 0, NULL, NULL, 0, 0, 0, 0, 0, 0, 0, NULL, NULL, NULL, 'active', 1690269094, 1690269714, NULL),
(2727, 867, 867, 614, 'text_lesson', 0, 'Membuka Tirai Kegaiban Renungan Renungan Sufistik by Jalaluddin Rakhmat', NULL, 60, 'Asia/Jakarta', '/store/1/ebook/sampul.jpg', '/store/1/default_images/bacapustaka-cover_kategori.jpg', NULL, NULL, 0, NULL, NULL, 0, 0, 0, 0, 0, 0, 0, NULL, NULL, NULL, 'active', 1690269094, 1690269714, NULL),
(2728, 867, 867, 614, 'text_lesson', 0, 'Menampar Propaganda Kembali Kepada Quran Keruntuhan Argumentasi Anti Madzhab dan Anti Taqlid by Syaikh Muhammad Said Ramadan al Buthy', NULL, 60, 'Asia/Jakarta', '/store/1/ebook/sampul.jpg', '/store/1/default_images/bacapustaka-cover_kategori.jpg', NULL, NULL, 0, NULL, NULL, 0, 0, 0, 0, 0, 0, 0, NULL, NULL, NULL, 'active', 1690269094, 1690269714, NULL),
(2729, 867, 867, 614, 'text_lesson', 0, 'Menelusuri Jalan Spiritual bigfile', NULL, 60, 'Asia/Jakarta', '/store/1/ebook/sampul.jpg', '/store/1/default_images/bacapustaka-cover_kategori.jpg', NULL, NULL, 0, NULL, NULL, 0, 0, 0, 0, 0, 0, 0, NULL, NULL, NULL, 'active', 1690269094, 1690269714, NULL),
(2730, 867, 867, 614, 'text_lesson', 0, 'menelusuri jalan spiritual', NULL, 60, 'Asia/Jakarta', '/store/1/ebook/sampul.jpg', '/store/1/default_images/bacapustaka-cover_kategori.jpg', NULL, NULL, 0, NULL, NULL, 0, 0, 0, 0, 0, 0, 0, NULL, NULL, NULL, 'active', 1690269094, 1690269714, NULL),
(2731, 867, 867, 614, 'text_lesson', 0, 'Menerbitkan Cahaya Diri Sebuah Risalah Sufistik tentang Pendidikan Jiwa by Sayid Abbas Nuruddin', NULL, 60, 'Asia/Jakarta', '/store/1/ebook/sampul.jpg', '/store/1/default_images/bacapustaka-cover_kategori.jpg', NULL, NULL, 0, NULL, NULL, 0, 0, 0, 0, 0, 0, 0, NULL, NULL, NULL, 'active', 1690269094, 1690269714, NULL),
(2732, 867, 867, 614, 'text_lesson', 0, 'Mengapa U Sikkhananda tidak Memenuhi Undangan untuk Meresitasikan Paritta', NULL, 60, 'Asia/Jakarta', '/store/1/ebook/sampul.jpg', '/store/1/default_images/bacapustaka-cover_kategori.jpg', NULL, NULL, 0, NULL, NULL, 0, 0, 0, 0, 0, 0, 0, NULL, NULL, NULL, 'active', 1690269094, 1690269714, NULL),
(2733, 867, 867, 614, 'text_lesson', 0, 'Mengelola Keragaman dan Kebebasan Beragama di Indonesia Refleksi atas Beberapa Pendekatan Advokasi by Samsu Rizal Panggabean, Mohammad Miqdad, Asfinawati, Ram Kakarala', NULL, 60, 'Asia/Jakarta', '/store/1/ebook/sampul.jpg', '/store/1/default_images/bacapustaka-cover_kategori.jpg', NULL, NULL, 0, NULL, NULL, 0, 0, 0, 0, 0, 0, 0, NULL, NULL, NULL, 'active', 1690269094, 1690269714, NULL),
(2734, 867, 867, 614, 'text_lesson', 0, 'Mengelola Keragaman dan Kebebasan Beragama di Indonesia Sejarah, Teori dan Advokasi by Robert W. Hefner Ihsan Ali Fauzi', NULL, 60, 'Asia/Jakarta', '/store/1/ebook/sampul.jpg', '/store/1/default_images/bacapustaka-cover_kategori.jpg', NULL, NULL, 0, NULL, NULL, 0, 0, 0, 0, 0, 0, 0, NULL, NULL, NULL, 'active', 1690269094, 1690269714, NULL),
(2735, 867, 867, 614, 'text_lesson', 0, 'mengenal beberapa aspek filsafat konfusianisme, taoisme, dan. buddhisme', NULL, 60, 'Asia/Jakarta', '/store/1/ebook/sampul.jpg', '/store/1/default_images/bacapustaka-cover_kategori.jpg', NULL, NULL, 0, NULL, NULL, 0, 0, 0, 0, 0, 0, 0, NULL, NULL, NULL, 'active', 1690269094, 1690269714, NULL),
(2736, 867, 867, 614, 'text_lesson', 0, 'Mengenal Diri Tuntunan Islam dalam Memahami Jiwa, Watak dan Keperibadian Anda by Mohammad Ali Shomali', NULL, 60, 'Asia/Jakarta', '/store/1/ebook/sampul.jpg', '/store/1/default_images/bacapustaka-cover_kategori.jpg', NULL, NULL, 0, NULL, NULL, 0, 0, 0, 0, 0, 0, 0, NULL, NULL, NULL, 'active', 1690269094, 1690269714, NULL),
(2737, 867, 867, 614, 'text_lesson', 0, 'Mengenal Kenikmatan Surga Firdaus Yang Kekal Dan Abadi Edisi Bahasa Indonesia by Jannah Firdaus Mediapro', NULL, 60, 'Asia/Jakarta', '/store/1/ebook/sampul.jpg', '/store/1/default_images/bacapustaka-cover_kategori.jpg', NULL, NULL, 0, NULL, NULL, 0, 0, 0, 0, 0, 0, 0, NULL, NULL, NULL, 'active', 1690269094, 1690269714, NULL),
(2738, 867, 867, 614, 'text_lesson', 0, 'Mengenal Kesehatan Jiwa versi PDF Tunggal by Anta Samsara', NULL, 60, 'Asia/Jakarta', '/store/1/ebook/sampul.jpg', '/store/1/default_images/bacapustaka-cover_kategori.jpg', NULL, NULL, 0, NULL, NULL, 0, 0, 0, 0, 0, 0, 0, NULL, NULL, NULL, 'active', 1690269094, 1690269714, NULL),
(2739, 867, 867, 614, 'text_lesson', 0, 'mengenal para bodhisattva', NULL, 60, 'Asia/Jakarta', '/store/1/ebook/sampul.jpg', '/store/1/default_images/bacapustaka-cover_kategori.jpg', NULL, NULL, 0, NULL, NULL, 0, 0, 0, 0, 0, 0, 0, NULL, NULL, NULL, 'active', 1690269094, 1690269714, NULL),
(2740, 867, 867, 614, 'text_lesson', 0, 'Mengenal pokok pokok ajaran syiah imamiyah dan perbedaannya dengan ahlussunnah', NULL, 60, 'Asia/Jakarta', '/store/1/ebook/sampul.jpg', '/store/1/default_images/bacapustaka-cover_kategori.jpg', NULL, NULL, 0, NULL, NULL, 0, 0, 0, 0, 0, 0, 0, NULL, NULL, NULL, 'active', 1690269094, 1690269714, NULL),
(2741, 867, 867, 614, 'text_lesson', 0, 'Mengenal Psikologi Humanistik by Anta Samsara', NULL, 60, 'Asia/Jakarta', '/store/1/ebook/sampul.jpg', '/store/1/default_images/bacapustaka-cover_kategori.jpg', NULL, NULL, 0, NULL, NULL, 0, 0, 0, 0, 0, 0, 0, NULL, NULL, NULL, 'active', 1690269094, 1690269714, NULL),
(2742, 867, 867, 614, 'text_lesson', 0, 'Mengerti Sosiologi Pengantar Memahami Konsep Konsep Sosiologi by Dr. M. Amin Nurdin, MA. Ahmad Abrori, M.Si.', NULL, 60, 'Asia/Jakarta', '/store/1/ebook/sampul.jpg', '/store/1/default_images/bacapustaka-cover_kategori.jpg', NULL, NULL, 0, NULL, NULL, 0, 0, 0, 0, 0, 0, 0, NULL, NULL, NULL, 'active', 1690269094, 1690269714, NULL),
(2743, 867, 867, 614, 'text_lesson', 0, 'Mengkaji Tafsir Sufi Karya Ibnu ‘Ajibah Kitab al Bahr al Madid fi Tafsir al Qur’an al Majid by Moh. Azwar Hairul', NULL, 60, 'Asia/Jakarta', '/store/1/ebook/sampul.jpg', '/store/1/default_images/bacapustaka-cover_kategori.jpg', NULL, NULL, 0, NULL, NULL, 0, 0, 0, 0, 0, 0, 0, NULL, NULL, NULL, 'active', 1690269094, 1690269714, NULL),
(2744, 867, 867, 614, 'text_lesson', 0, 'Menguak Dunia Jin Ruqyah Dampak dan Bahayanya by Muhammad Luthfi Ghozali', NULL, 60, 'Asia/Jakarta', '/store/1/ebook/sampul.jpg', '/store/1/default_images/bacapustaka-cover_kategori.jpg', NULL, NULL, 0, NULL, NULL, 0, 0, 0, 0, 0, 0, 0, NULL, NULL, NULL, 'active', 1690269094, 1690269714, NULL),
(2745, 867, 867, 614, 'text_lesson', 0, 'Menguak DUNIA JIN Ruqyah dampak dan bahayanya M Luthfi Ghazali', NULL, 60, 'Asia/Jakarta', '/store/1/ebook/sampul.jpg', '/store/1/default_images/bacapustaka-cover_kategori.jpg', NULL, NULL, 0, NULL, NULL, 0, 0, 0, 0, 0, 0, 0, NULL, NULL, NULL, 'active', 1690269094, 1690269714, NULL),
(2746, 867, 867, 614, 'text_lesson', 0, 'Menguak Misteri Kematian', NULL, 60, 'Asia/Jakarta', '/store/1/ebook/sampul.jpg', '/store/1/default_images/bacapustaka-cover_kategori.jpg', NULL, NULL, 0, NULL, NULL, 0, 0, 0, 0, 0, 0, 0, NULL, NULL, NULL, 'active', 1690269094, 1690269714, NULL),
(2747, 867, 867, 614, 'text_lesson', 0, 'Meninjau Ulang dan Menyikapi Pragmatisme Dewasa Ini', NULL, 60, 'Asia/Jakarta', '/store/1/ebook/sampul.jpg', '/store/1/default_images/bacapustaka-cover_kategori.jpg', NULL, NULL, 0, NULL, NULL, 0, 0, 0, 0, 0, 0, 0, NULL, NULL, NULL, 'active', 1690269094, 1690269714, NULL),
(2748, 867, 867, 614, 'text_lesson', 0, 'Menjaga Adat, Menguatkan Agama Katoba dan Identitas Muslim Muna by Dr. Asliah Zainal, M.A.', NULL, 60, 'Asia/Jakarta', '/store/1/ebook/sampul.jpg', '/store/1/default_images/bacapustaka-cover_kategori.jpg', NULL, NULL, 0, NULL, NULL, 0, 0, 0, 0, 0, 0, 0, NULL, NULL, NULL, 'active', 1690269094, 1690269714, NULL),
(2749, 867, 867, 614, 'text_lesson', 0, 'Menuju Penguatan Hak Korban dalam RUU Penghapusan Kekerasan Seksual by Maidina Rahmawati Supriyadi Widodo Eddyono', NULL, 60, 'Asia/Jakarta', '/store/1/ebook/sampul.jpg', '/store/1/default_images/bacapustaka-cover_kategori.jpg', NULL, NULL, 0, NULL, NULL, 0, 0, 0, 0, 0, 0, 0, NULL, NULL, NULL, 'active', 1690269094, 1690269714, NULL),
(2750, 867, 867, 614, 'text_lesson', 0, 'Menuju Sains Berkelanjutan', NULL, 60, 'Asia/Jakarta', '/store/1/ebook/sampul.jpg', '/store/1/default_images/bacapustaka-cover_kategori.jpg', NULL, NULL, 0, NULL, NULL, 0, 0, 0, 0, 0, 0, 0, NULL, NULL, NULL, 'active', 1690269094, 1690269714, NULL),
(2751, 867, 867, 614, 'text_lesson', 0, 'Menyadari Batin dgn Pengantar', NULL, 60, 'Asia/Jakarta', '/store/1/ebook/sampul.jpg', '/store/1/default_images/bacapustaka-cover_kategori.jpg', NULL, NULL, 0, NULL, NULL, 0, 0, 0, 0, 0, 0, 0, NULL, NULL, NULL, 'active', 1690269094, 1690269714, NULL),
(2752, 867, 867, 614, 'text_lesson', 0, 'Menyembuhkan Diri, Mengatasi Derita', NULL, 60, 'Asia/Jakarta', '/store/1/ebook/sampul.jpg', '/store/1/default_images/bacapustaka-cover_kategori.jpg', NULL, NULL, 0, NULL, NULL, 0, 0, 0, 0, 0, 0, 0, NULL, NULL, NULL, 'active', 1690269094, 1690269714, NULL),
(2753, 867, 867, 614, 'text_lesson', 0, 'Merawat Kebersamaan Polisi, Kebebasan Beragama dan Perdamaian by Rizal Panggabean dan Ihsan Ali Fauzi', NULL, 60, 'Asia/Jakarta', '/store/1/ebook/sampul.jpg', '/store/1/default_images/bacapustaka-cover_kategori.jpg', NULL, NULL, 0, NULL, NULL, 0, 0, 0, 0, 0, 0, 0, NULL, NULL, NULL, 'active', 1690269094, 1690269714, NULL),
(2754, 867, 867, 614, 'text_lesson', 0, 'Merawat Pemikiran Buya Syafii Keislaman, Keindonesiaan dan Kemanusiaan by Moh. Shofan (editor)', NULL, 60, 'Asia/Jakarta', '/store/1/ebook/sampul.jpg', '/store/1/default_images/bacapustaka-cover_kategori.jpg', NULL, NULL, 0, NULL, NULL, 0, 0, 0, 0, 0, 0, 0, NULL, NULL, NULL, 'active', 1690269094, 1690269714, NULL),
(2755, 867, 867, 614, 'text_lesson', 0, 'merayakan kebebasan beragama dp', NULL, 60, 'Asia/Jakarta', '/store/1/ebook/sampul.jpg', '/store/1/default_images/bacapustaka-cover_kategori.jpg', NULL, NULL, 0, NULL, NULL, 0, 0, 0, 0, 0, 0, 0, NULL, NULL, NULL, 'active', 1690269094, 1690269714, NULL),
(2756, 867, 867, 614, 'text_lesson', 0, 'Merayakan Keragaman Mengenal Lebih Dekat Ragam Agama di Indonesia by Ibn Ghifarie', NULL, 60, 'Asia/Jakarta', '/store/1/ebook/sampul.jpg', '/store/1/default_images/bacapustaka-cover_kategori.jpg', NULL, NULL, 0, NULL, NULL, 0, 0, 0, 0, 0, 0, 0, NULL, NULL, NULL, 'active', 1690269094, 1690269714, NULL),
(2757, 867, 867, 614, 'text_lesson', 0, 'Messianik Yahudi Juru Selamat Yahudi dalam Telaah Psikoanalisa Erich Fromm by Anggun Gunawan, S.Fil.', NULL, 60, 'Asia/Jakarta', '/store/1/ebook/sampul.jpg', '/store/1/default_images/bacapustaka-cover_kategori.jpg', NULL, NULL, 0, NULL, NULL, 0, 0, 0, 0, 0, 0, 0, NULL, NULL, NULL, 'active', 1690269094, 1690269714, NULL),
(2758, 867, 867, 614, 'text_lesson', 0, 'Metode dan Pendekatan dalam Syarah Hadis by Muhammad Misbah, dkk.', NULL, 60, 'Asia/Jakarta', '/store/1/ebook/sampul.jpg', '/store/1/default_images/bacapustaka-cover_kategori.jpg', NULL, NULL, 0, NULL, NULL, 0, 0, 0, 0, 0, 0, 0, NULL, NULL, NULL, 'active', 1690269094, 1690269714, NULL),
(2759, 867, 867, 614, 'text_lesson', 0, 'Metta dan Mangala', NULL, 60, 'Asia/Jakarta', '/store/1/ebook/sampul.jpg', '/store/1/default_images/bacapustaka-cover_kategori.jpg', NULL, NULL, 0, NULL, NULL, 0, 0, 0, 0, 0, 0, 0, NULL, NULL, NULL, 'active', 1690269094, 1690269714, NULL),
(2760, 867, 867, 614, 'text_lesson', 0, 'metta', NULL, 60, 'Asia/Jakarta', '/store/1/ebook/sampul.jpg', '/store/1/default_images/bacapustaka-cover_kategori.jpg', NULL, NULL, 0, NULL, NULL, 0, 0, 0, 0, 0, 0, 0, NULL, NULL, NULL, 'active', 1690269094, 1690269714, NULL),
(2761, 867, 867, 614, 'text_lesson', 0, 'Meyakini Menghargai Ensiklopedia Mengenal Lebih Dekat Ragam Agama dan Kepercayaan di Indonesia by Nenden Hendarsih', NULL, 60, 'Asia/Jakarta', '/store/1/ebook/sampul.jpg', '/store/1/default_images/bacapustaka-cover_kategori.jpg', NULL, NULL, 0, NULL, NULL, 0, 0, 0, 0, 0, 0, 0, NULL, NULL, NULL, 'active', 1690269094, 1690269714, NULL),
(2762, 867, 867, 614, 'text_lesson', 0, 'Mingun Sayadaw Riwayat Agung Para Buddha Buku 1', NULL, 60, 'Asia/Jakarta', '/store/1/ebook/sampul.jpg', '/store/1/default_images/bacapustaka-cover_kategori.jpg', NULL, NULL, 0, NULL, NULL, 0, 0, 0, 0, 0, 0, 0, NULL, NULL, NULL, 'active', 1690269094, 1690269714, NULL),
(2763, 867, 867, 614, 'text_lesson', 0, 'Misteri Ilmu Nafi\'', NULL, 60, 'Asia/Jakarta', '/store/1/ebook/sampul.jpg', '/store/1/default_images/bacapustaka-cover_kategori.jpg', NULL, NULL, 0, NULL, NULL, 0, 0, 0, 0, 0, 0, 0, NULL, NULL, NULL, 'active', 1690269094, 1690269714, NULL),
(2764, 867, 867, 614, 'text_lesson', 0, 'Misteri Kehadiran Arwah', NULL, 60, 'Asia/Jakarta', '/store/1/ebook/sampul.jpg', '/store/1/default_images/bacapustaka-cover_kategori.jpg', NULL, NULL, 0, NULL, NULL, 0, 0, 0, 0, 0, 0, 0, NULL, NULL, NULL, 'active', 1690269094, 1690269714, NULL),
(2765, 867, 867, 614, 'text_lesson', 0, 'Misteri Ramadhan by Dr. Said bin Musaffar al Qahthani, Muhammad bin Mubarak ath Thawasyi', NULL, 60, 'Asia/Jakarta', '/store/1/ebook/sampul.jpg', '/store/1/default_images/bacapustaka-cover_kategori.jpg', NULL, NULL, 0, NULL, NULL, 0, 0, 0, 0, 0, 0, 0, NULL, NULL, NULL, 'active', 1690269094, 1690269714, NULL),
(2766, 867, 867, 614, 'text_lesson', 0, 'Mistik dan Makrifat Sunan Kalijaga', NULL, 60, 'Asia/Jakarta', '/store/1/ebook/sampul.jpg', '/store/1/default_images/bacapustaka-cover_kategori.jpg', NULL, NULL, 0, NULL, NULL, 0, 0, 0, 0, 0, 0, 0, NULL, NULL, NULL, 'active', 1690269094, 1690269714, NULL),
(2767, 867, 867, 614, 'text_lesson', 0, 'Mistik Pembebasan Dunia Butuh Sembuh dan Manusia Perlu Waras by Abdillah Muhammad Marzuqi', NULL, 60, 'Asia/Jakarta', '/store/1/ebook/sampul.jpg', '/store/1/default_images/bacapustaka-cover_kategori.jpg', NULL, NULL, 0, NULL, NULL, 0, 0, 0, 0, 0, 0, 0, NULL, NULL, NULL, 'active', 1690269094, 1690269714, NULL),
(2768, 867, 867, 614, 'text_lesson', 0, 'Model Model Dakwah di Era Kontemporer by Dr. H. Fahrurrozi, MA', NULL, 60, 'Asia/Jakarta', '/store/1/ebook/sampul.jpg', '/store/1/default_images/bacapustaka-cover_kategori.jpg', NULL, NULL, 0, NULL, NULL, 0, 0, 0, 0, 0, 0, 0, NULL, NULL, NULL, 'active', 1690269094, 1690269714, NULL),
(2769, 867, 867, 614, 'text_lesson', 0, 'Moderasi Beragama by Tim Penyusun', NULL, 60, 'Asia/Jakarta', '/store/1/ebook/sampul.jpg', '/store/1/default_images/bacapustaka-cover_kategori.jpg', NULL, NULL, 0, NULL, NULL, 0, 0, 0, 0, 0, 0, 0, NULL, NULL, NULL, 'active', 1690269094, 1690269714, NULL),
(2770, 867, 867, 614, 'text_lesson', 0, 'Moderasi Beragama Jihad Ulama Menyelamatkan Umat dan Negeri dari Bahaya Hoax by Muhamad Qustulani, Fahmi Irfani, Ecep Ishak Fariduddin, Ahmad Suhendra', NULL, 60, 'Asia/Jakarta', '/store/1/ebook/sampul.jpg', '/store/1/default_images/bacapustaka-cover_kategori.jpg', NULL, NULL, 0, NULL, NULL, 0, 0, 0, 0, 0, 0, 0, NULL, NULL, NULL, 'active', 1690269094, 1690269714, NULL),
(2771, 867, 867, 614, 'text_lesson', 0, 'Modul Intervensi Pencegahan Kekerasan Seksual terhadap Anak by Dr. Ns. Meri Neherta, S.Kep., M.Biomed', NULL, 60, 'Asia/Jakarta', '/store/1/ebook/sampul.jpg', '/store/1/default_images/bacapustaka-cover_kategori.jpg', NULL, NULL, 0, NULL, NULL, 0, 0, 0, 0, 0, 0, 0, NULL, NULL, NULL, 'active', 1690269094, 1690269714, NULL),
(2772, 867, 867, 614, 'text_lesson', 0, 'Modul+Filsafat+Ilmu', NULL, 60, 'Asia/Jakarta', '/store/1/ebook/sampul.jpg', '/store/1/default_images/bacapustaka-cover_kategori.jpg', NULL, NULL, 0, NULL, NULL, 0, 0, 0, 0, 0, 0, 0, NULL, NULL, NULL, 'active', 1690269094, 1690269714, NULL),
(2773, 867, 867, 614, 'text_lesson', 0, 'Monografi Kerukunan Umat Beragama di Indonesia by Dr. Kustini (editor)', NULL, 60, 'Asia/Jakarta', '/store/1/ebook/sampul.jpg', '/store/1/default_images/bacapustaka-cover_kategori.jpg', NULL, NULL, 0, NULL, NULL, 0, 0, 0, 0, 0, 0, 0, NULL, NULL, NULL, 'active', 1690269094, 1690269714, NULL),
(2774, 867, 867, 614, 'text_lesson', 0, 'Monoteisme Tauhid sebagai Sistem Nilai dan Akidah Islam by Muhammad Taqi Misbah', NULL, 60, 'Asia/Jakarta', '/store/1/ebook/sampul.jpg', '/store/1/default_images/bacapustaka-cover_kategori.jpg', NULL, NULL, 0, NULL, NULL, 0, 0, 0, 0, 0, 0, 0, NULL, NULL, NULL, 'active', 1690269094, 1690269714, NULL),
(2775, 867, 867, 614, 'text_lesson', 0, 'Muhasabah', NULL, 60, 'Asia/Jakarta', '/store/1/ebook/sampul.jpg', '/store/1/default_images/bacapustaka-cover_kategori.jpg', NULL, NULL, 0, NULL, NULL, 0, 0, 0, 0, 0, 0, 0, NULL, NULL, NULL, 'active', 1690269094, 1690269714, NULL),
(2776, 867, 867, 614, 'text_lesson', 0, 'Nahdlatul Wathan di Era Reformasi Agama, Konflik Komunal dan Peta Rekonsiliasi by Saipul Hamdi', NULL, 60, 'Asia/Jakarta', '/store/1/ebook/sampul.jpg', '/store/1/default_images/bacapustaka-cover_kategori.jpg', NULL, NULL, 0, NULL, NULL, 0, 0, 0, 0, 0, 0, 0, NULL, NULL, NULL, 'active', 1690269094, 1690269714, NULL),
(2777, 867, 867, 614, 'text_lesson', 0, 'Nasihat Praktis Bagi Meditator', NULL, 60, 'Asia/Jakarta', '/store/1/ebook/sampul.jpg', '/store/1/default_images/bacapustaka-cover_kategori.jpg', NULL, NULL, 0, NULL, NULL, 0, 0, 0, 0, 0, 0, 0, NULL, NULL, NULL, 'active', 1690269094, 1690269714, NULL),
(2778, 867, 867, 614, 'text_lesson', 0, 'New Normal, Kajian Multidisiplin by Editor Akhsanul In’am Latipun', NULL, 60, 'Asia/Jakarta', '/store/1/ebook/sampul.jpg', '/store/1/default_images/bacapustaka-cover_kategori.jpg', NULL, NULL, 0, NULL, NULL, 0, 0, 0, 0, 0, 0, 0, NULL, NULL, NULL, 'active', 1690269094, 1690269714, NULL),
(2779, 867, 867, 614, 'text_lesson', 0, 'Ngaben Warga Dadya Arya Kubontubuh Tirtha Sari Desa Ulakan Karangasem Perspektif Pendidikan Agama Hindu by Dr. I Ketut Sudarsana, S.Ag., M.Pd.H.', NULL, 60, 'Asia/Jakarta', '/store/1/ebook/sampul.jpg', '/store/1/default_images/bacapustaka-cover_kategori.jpg', NULL, NULL, 0, NULL, NULL, 0, 0, 0, 0, 0, 0, 0, NULL, NULL, NULL, 'active', 1690269094, 1690269714, NULL),
(2780, 867, 867, 614, 'text_lesson', 0, 'Nibbana Sebagai Suatu Pengalaman Hidup', NULL, 60, 'Asia/Jakarta', '/store/1/ebook/sampul.jpg', '/store/1/default_images/bacapustaka-cover_kategori.jpg', NULL, NULL, 0, NULL, NULL, 0, 0, 0, 0, 0, 0, 0, NULL, NULL, NULL, 'active', 1690269094, 1690269714, NULL),
(2781, 867, 867, 614, 'text_lesson', 0, 'Nikah Beda Agama, Solusi Konflik by Percikan Iman', NULL, 60, 'Asia/Jakarta', '/store/1/ebook/sampul.jpg', '/store/1/default_images/bacapustaka-cover_kategori.jpg', NULL, NULL, 0, NULL, NULL, 0, 0, 0, 0, 0, 0, 0, NULL, NULL, NULL, 'active', 1690269094, 1690269714, NULL),
(2782, 867, 867, 614, 'text_lesson', 0, 'Nilai Nilai Spiritual dan Karakter dalam Sastra by I Komang Warsa', NULL, 60, 'Asia/Jakarta', '/store/1/ebook/sampul.jpg', '/store/1/default_images/bacapustaka-cover_kategori.jpg', NULL, NULL, 0, NULL, NULL, 0, 0, 0, 0, 0, 0, 0, NULL, NULL, NULL, 'active', 1690269094, 1690269714, NULL),
(2783, 867, 867, 614, 'text_lesson', 0, 'Obrolan Sufi Untuk Transformasi Hati, Jiwa, dan Ruh by Robert Frager, Ph.D.', NULL, 60, 'Asia/Jakarta', '/store/1/ebook/sampul.jpg', '/store/1/default_images/bacapustaka-cover_kategori.jpg', NULL, NULL, 0, NULL, NULL, 0, 0, 0, 0, 0, 0, 0, NULL, NULL, NULL, 'active', 1690269094, 1690269714, NULL),
(2784, 867, 867, 614, 'text_lesson', 0, 'Origins of Terrorism Tinjauan Psikologi, Ideologi, Teologi dan Sikap Mental by Walter Reich', NULL, 60, 'Asia/Jakarta', '/store/1/ebook/sampul.jpg', '/store/1/default_images/bacapustaka-cover_kategori.jpg', NULL, NULL, 0, NULL, NULL, 0, 0, 0, 0, 0, 0, 0, NULL, NULL, NULL, 'active', 1690269094, 1690269714, NULL),
(2785, 867, 867, 614, 'text_lesson', 0, 'Otobiografi Phra Ajahn Lee Dhammadharo', NULL, 60, 'Asia/Jakarta', '/store/1/ebook/sampul.jpg', '/store/1/default_images/bacapustaka-cover_kategori.jpg', NULL, NULL, 0, NULL, NULL, 0, 0, 0, 0, 0, 0, 0, NULL, NULL, NULL, 'active', 1690269094, 1690269714, NULL),
(2786, 867, 867, 614, 'text_lesson', 0, 'Panca Balikrama Besakih Manajemen, Implikasi, dan Dasar Pelaksanaan by W. Kandi Wijaya', NULL, 60, 'Asia/Jakarta', '/store/1/ebook/sampul.jpg', '/store/1/default_images/bacapustaka-cover_kategori.jpg', NULL, NULL, 0, NULL, NULL, 0, 0, 0, 0, 0, 0, 0, NULL, NULL, NULL, 'active', 1690269094, 1690269714, NULL),
(2787, 867, 867, 614, 'text_lesson', 0, 'Pandangan Benar', NULL, 60, 'Asia/Jakarta', '/store/1/ebook/sampul.jpg', '/store/1/default_images/bacapustaka-cover_kategori.jpg', NULL, NULL, 0, NULL, NULL, 0, 0, 0, 0, 0, 0, 0, NULL, NULL, NULL, 'active', 1690269094, 1690269714, NULL),
(2788, 867, 867, 614, 'text_lesson', 0, 'Pandangan Kejawen Tentang Tuhan', NULL, 60, 'Asia/Jakarta', '/store/1/ebook/sampul.jpg', '/store/1/default_images/bacapustaka-cover_kategori.jpg', NULL, NULL, 0, NULL, NULL, 0, 0, 0, 0, 0, 0, 0, NULL, NULL, NULL, 'active', 1690269094, 1690269714, NULL),
(2789, 867, 867, 614, 'text_lesson', 0, 'Pandangan Sang Buddha Tentang Makan Daging', NULL, 60, 'Asia/Jakarta', '/store/1/ebook/sampul.jpg', '/store/1/default_images/bacapustaka-cover_kategori.jpg', NULL, NULL, 0, NULL, NULL, 0, 0, 0, 0, 0, 0, 0, NULL, NULL, NULL, 'active', 1690269094, 1690269714, NULL),
(2790, 867, 867, 614, 'text_lesson', 0, 'Panduan Mendidik Anak Sesuai Sunnah Nabi SAW. by Syaikh ‘Abdussalâm as Sulaymân', NULL, 60, 'Asia/Jakarta', '/store/1/ebook/sampul.jpg', '/store/1/default_images/bacapustaka-cover_kategori.jpg', NULL, NULL, 0, NULL, NULL, 0, 0, 0, 0, 0, 0, 0, NULL, NULL, NULL, 'active', 1690269094, 1690269714, NULL),
(2791, 867, 867, 614, 'text_lesson', 0, 'Panorama Pemikiran Islam Wawasan tentang Ketuhanan, Kemanusiaan, dan Hari Akhir by Prof. J. Subhani', NULL, 60, 'Asia/Jakarta', '/store/1/ebook/sampul.jpg', '/store/1/default_images/bacapustaka-cover_kategori.jpg', NULL, NULL, 0, NULL, NULL, 0, 0, 0, 0, 0, 0, 0, NULL, NULL, NULL, 'active', 1690269094, 1690269714, NULL),
(2792, 867, 867, 614, 'text_lesson', 0, 'Partai Politik Pendidikan Agama Islam by Yunita Faela Nisa, M. Zaki Mubarak, A. Bakir Ihsan, Suryani, Tasman, Ahmad Al Fajri, Dita Kirana', NULL, 60, 'Asia/Jakarta', '/store/1/ebook/sampul.jpg', '/store/1/default_images/bacapustaka-cover_kategori.jpg', NULL, NULL, 0, NULL, NULL, 0, 0, 0, 0, 0, 0, 0, NULL, NULL, NULL, 'active', 1690269094, 1690269714, NULL),
(2793, 867, 867, 614, 'text_lesson', 0, 'Pasang Surut Rekognisi Agama Leluhur dalam Politik Agama di Indonesia by Samsul Maarif', NULL, 60, 'Asia/Jakarta', '/store/1/ebook/sampul.jpg', '/store/1/default_images/bacapustaka-cover_kategori.jpg', NULL, NULL, 0, NULL, NULL, 0, 0, 0, 0, 0, 0, 0, NULL, NULL, NULL, 'active', 1690269094, 1690269714, NULL),
(2794, 867, 867, 614, 'text_lesson', 0, 'Pasung Jiwa by Okky Madasari', NULL, 60, 'Asia/Jakarta', '/store/1/ebook/sampul.jpg', '/store/1/default_images/bacapustaka-cover_kategori.jpg', NULL, NULL, 0, NULL, NULL, 0, 0, 0, 0, 0, 0, 0, NULL, NULL, NULL, 'active', 1690269094, 1690269714, NULL),
(2795, 867, 867, 614, 'text_lesson', 0, 'Paticcasamuppada (Kemunculan yang Dependen)', NULL, 60, 'Asia/Jakarta', '/store/1/ebook/sampul.jpg', '/store/1/default_images/bacapustaka-cover_kategori.jpg', NULL, NULL, 0, NULL, NULL, 0, 0, 0, 0, 0, 0, 0, NULL, NULL, NULL, 'active', 1690269094, 1690269714, NULL),
(2796, 867, 867, 614, 'text_lesson', 0, 'Paticcasamuppada', NULL, 60, 'Asia/Jakarta', '/store/1/ebook/sampul.jpg', '/store/1/default_images/bacapustaka-cover_kategori.jpg', NULL, NULL, 0, NULL, NULL, 0, 0, 0, 0, 0, 0, 0, NULL, NULL, NULL, 'active', 1690269094, 1690269714, NULL),
(2797, 867, 867, 614, 'text_lesson', 0, 'pelangi dharma', NULL, 60, 'Asia/Jakarta', '/store/1/ebook/sampul.jpg', '/store/1/default_images/bacapustaka-cover_kategori.jpg', NULL, NULL, 0, NULL, NULL, 0, 0, 0, 0, 0, 0, 0, NULL, NULL, NULL, 'active', 1690269094, 1690269714, NULL),
(2798, 867, 867, 614, 'text_lesson', 0, 'Pelintiran Kebencian Rekayasa Ketersinggungan Agama dan Ancamannya bagi Demokrasi by Cherian George', NULL, 60, 'Asia/Jakarta', '/store/1/ebook/sampul.jpg', '/store/1/default_images/bacapustaka-cover_kategori.jpg', NULL, NULL, 0, NULL, NULL, 0, 0, 0, 0, 0, 0, 0, NULL, NULL, NULL, 'active', 1690269094, 1690269714, NULL),
(2799, 867, 867, 614, 'text_lesson', 0, 'pembahasan tuntas peradaban manusia dari awal hingga akhir full final', NULL, 60, 'Asia/Jakarta', '/store/1/ebook/sampul.jpg', '/store/1/default_images/bacapustaka-cover_kategori.jpg', NULL, NULL, 0, NULL, NULL, 0, 0, 0, 0, 0, 0, 0, NULL, NULL, NULL, 'active', 1690269094, 1690269714, NULL),
(2800, 867, 867, 614, 'text_lesson', 0, 'Pembebasan Perempuan Feminisme, Revolusi Kelas, dan Anarkisme by Sara M. Evans Deirdre Hogan', NULL, 60, 'Asia/Jakarta', '/store/1/ebook/sampul.jpg', '/store/1/default_images/bacapustaka-cover_kategori.jpg', NULL, NULL, 0, NULL, NULL, 0, 0, 0, 0, 0, 0, 0, NULL, NULL, NULL, 'active', 1690269094, 1690269714, NULL),
(2801, 867, 867, 614, 'text_lesson', 0, 'Pemeriksaan Fisik dan Aspek Medikolegal Kekerasan Seksual Pada Anak dan Remaja', NULL, 60, 'Asia/Jakarta', '/store/1/ebook/sampul.jpg', '/store/1/default_images/bacapustaka-cover_kategori.jpg', NULL, NULL, 0, NULL, NULL, 0, 0, 0, 0, 0, 0, 0, NULL, NULL, NULL, 'active', 1690269094, 1690269714, NULL),
(2802, 867, 867, 614, 'text_lesson', 0, 'Pemikiran Politik Konfusius, Mencius Xunzi by Kristan, S.E., M.A.', NULL, 60, 'Asia/Jakarta', '/store/1/ebook/sampul.jpg', '/store/1/default_images/bacapustaka-cover_kategori.jpg', NULL, NULL, 0, NULL, NULL, 0, 0, 0, 0, 0, 0, 0, NULL, NULL, NULL, 'active', 1690269094, 1690269714, NULL),
(2803, 867, 867, 614, 'text_lesson', 0, 'Pemikiran Tasawuf KH. Saleh Darat Al Samarani Maha Guru Para Ulama Nusantara by Prof. Dr. Ali Mas’ud Kholqillah, M.Ag.', NULL, 60, 'Asia/Jakarta', '/store/1/ebook/sampul.jpg', '/store/1/default_images/bacapustaka-cover_kategori.jpg', NULL, NULL, 0, NULL, NULL, 0, 0, 0, 0, 0, 0, 0, NULL, NULL, NULL, 'active', 1690269094, 1690269714, NULL),
(2804, 867, 867, 614, 'text_lesson', 0, 'Penafsiran terhadap Pasal 156a KUHP tentang Penodaan Agama (Analisis Hukum dan Hak Asasi Manusia)', NULL, 60, 'Asia/Jakarta', '/store/1/ebook/sampul.jpg', '/store/1/default_images/bacapustaka-cover_kategori.jpg', NULL, NULL, 0, NULL, NULL, 0, 0, 0, 0, 0, 0, 0, NULL, NULL, NULL, 'active', 1690269094, 1690269714, NULL),
(2805, 867, 867, 614, 'text_lesson', 0, 'Pencerahan Sufi (Fathur Rabbani) by Syekh Abdul Qadir Jaelani', NULL, 60, 'Asia/Jakarta', '/store/1/ebook/sampul.jpg', '/store/1/default_images/bacapustaka-cover_kategori.jpg', NULL, NULL, 0, NULL, NULL, 0, 0, 0, 0, 0, 0, 0, NULL, NULL, NULL, 'active', 1690269094, 1690269714, NULL),
(2806, 867, 867, 614, 'text_lesson', 0, 'PENCERAHAN WACANA', NULL, 60, 'Asia/Jakarta', '/store/1/ebook/sampul.jpg', '/store/1/default_images/bacapustaka-cover_kategori.jpg', NULL, NULL, 0, NULL, NULL, 0, 0, 0, 0, 0, 0, 0, NULL, NULL, NULL, 'active', 1690269094, 1690269714, NULL),
(2807, 867, 867, 614, 'text_lesson', 0, 'Pendekatan Psikologi Kontemporer Perilaku Masyarakat pada Aras Kekinian by Akhmad Mukhlis, M.A. Sadid Al Muqim, S.Psi (editor)', NULL, 60, 'Asia/Jakarta', '/store/1/ebook/sampul.jpg', '/store/1/default_images/bacapustaka-cover_kategori.jpg', NULL, NULL, 0, NULL, NULL, 0, 0, 0, 0, 0, 0, 0, NULL, NULL, NULL, 'active', 1690269094, 1690269714, NULL),
(2808, 867, 867, 614, 'text_lesson', 0, 'Pendidikan Agama Islam di Perguruan Tinggi Umum by Dr. Hj. Nurhasanah Bakhtiar, M.Ag.', NULL, 60, 'Asia/Jakarta', '/store/1/ebook/sampul.jpg', '/store/1/default_images/bacapustaka-cover_kategori.jpg', NULL, NULL, 0, NULL, NULL, 0, 0, 0, 0, 0, 0, 0, NULL, NULL, NULL, 'active', 1690269094, 1690269714, NULL),
(2809, 867, 867, 614, 'text_lesson', 0, 'Pendidikan Islam Membentuk Manusia Berkarakter Beradab by Dr. Adian Husaini', NULL, 60, 'Asia/Jakarta', '/store/1/ebook/sampul.jpg', '/store/1/default_images/bacapustaka-cover_kategori.jpg', NULL, NULL, 0, NULL, NULL, 0, 0, 0, 0, 0, 0, 0, NULL, NULL, NULL, 'active', 1690269094, 1690269714, NULL),
(2810, 867, 867, 614, 'text_lesson', 0, 'Pendidikan Karakter Anak Sesuai Pembelajaran Abad ke 21 by Dr. Otib Satibi Hidayat, M.Pd.', NULL, 60, 'Asia/Jakarta', '/store/1/ebook/sampul.jpg', '/store/1/default_images/bacapustaka-cover_kategori.jpg', NULL, NULL, 0, NULL, NULL, 0, 0, 0, 0, 0, 0, 0, NULL, NULL, NULL, 'active', 1690269094, 1690269714, NULL),
(2811, 867, 867, 614, 'text_lesson', 0, 'Pendidikan Karakter by Ersis Warmansyah Abbas', NULL, 60, 'Asia/Jakarta', '/store/1/ebook/sampul.jpg', '/store/1/default_images/bacapustaka-cover_kategori.jpg', NULL, NULL, 0, NULL, NULL, 0, 0, 0, 0, 0, 0, 0, NULL, NULL, NULL, 'active', 1690269094, 1690269714, NULL),
(2812, 867, 867, 614, 'text_lesson', 0, 'Pendidikan Ruhani by Syaikh Ali Abdul Halim Mahmud', NULL, 60, 'Asia/Jakarta', '/store/1/ebook/sampul.jpg', '/store/1/default_images/bacapustaka-cover_kategori.jpg', NULL, NULL, 0, NULL, NULL, 0, 0, 0, 0, 0, 0, 0, NULL, NULL, NULL, 'active', 1690269094, 1690269714, NULL),
(2813, 867, 867, 614, 'text_lesson', 0, 'Pendidikan Sufistik Mengungkap Tarekat Guru Murid by M. Rikza Chamami, M.Si.', NULL, 60, 'Asia/Jakarta', '/store/1/ebook/sampul.jpg', '/store/1/default_images/bacapustaka-cover_kategori.jpg', NULL, NULL, 0, NULL, NULL, 0, 0, 0, 0, 0, 0, 0, NULL, NULL, NULL, 'active', 1690269094, 1690269714, NULL),
(2814, 867, 867, 614, 'text_lesson', 0, 'Penelitian Historis Keberadaan Budaya Keagamaan Khonghuchu', NULL, 60, 'Asia/Jakarta', '/store/1/ebook/sampul.jpg', '/store/1/default_images/bacapustaka-cover_kategori.jpg', NULL, NULL, 0, NULL, NULL, 0, 0, 0, 0, 0, 0, 0, NULL, NULL, NULL, 'active', 1690269094, 1690269714, NULL),
(2815, 867, 867, 614, 'text_lesson', 0, 'Penelitian Ilmiah dan Martabat Manusia by Reza Alexander Antonius Wattimena', NULL, 60, 'Asia/Jakarta', '/store/1/ebook/sampul.jpg', '/store/1/default_images/bacapustaka-cover_kategori.jpg', NULL, NULL, 0, NULL, NULL, 0, 0, 0, 0, 0, 0, 0, NULL, NULL, NULL, 'active', 1690269094, 1690269714, NULL),
(2816, 867, 867, 614, 'text_lesson', 0, 'Pengantar Filsafat Islam Filsafat Teoretis dan Filsafat Praktis by Murtadha Muthahhari', NULL, 60, 'Asia/Jakarta', '/store/1/ebook/sampul.jpg', '/store/1/default_images/bacapustaka-cover_kategori.jpg', NULL, NULL, 0, NULL, NULL, 0, 0, 0, 0, 0, 0, 0, NULL, NULL, NULL, 'active', 1690269094, 1690269714, NULL),
(2817, 867, 867, 614, 'text_lesson', 0, 'Pengantar Filsafat Pendidikan Islam by Ahmad D Marimba', NULL, 60, 'Asia/Jakarta', '/store/1/ebook/sampul.jpg', '/store/1/default_images/bacapustaka-cover_kategori.jpg', NULL, NULL, 0, NULL, NULL, 0, 0, 0, 0, 0, 0, 0, NULL, NULL, NULL, 'active', 1690269094, 1690269714, NULL),
(2818, 867, 867, 614, 'text_lesson', 0, 'Pengantar Ilmu Tarekat (Uraian Tentang Mistik) by Atjeh Aboebakar H.', NULL, 60, 'Asia/Jakarta', '/store/1/ebook/sampul.jpg', '/store/1/default_images/bacapustaka-cover_kategori.jpg', NULL, NULL, 0, NULL, NULL, 0, 0, 0, 0, 0, 0, 0, NULL, NULL, NULL, 'active', 1690269094, 1690269714, NULL),
(2819, 867, 867, 614, 'text_lesson', 0, 'Pengantar Memahami Buku Daras Filsafat Islam Penjelasan untuk Mendekati Analisis Teori Filsafat Islam by Prof. Mohsen Gharaviyan', NULL, 60, 'Asia/Jakarta', '/store/1/ebook/sampul.jpg', '/store/1/default_images/bacapustaka-cover_kategori.jpg', NULL, NULL, 0, NULL, NULL, 0, 0, 0, 0, 0, 0, 0, NULL, NULL, NULL, 'active', 1690269094, 1690269714, NULL),
(2820, 867, 867, 614, 'text_lesson', 0, 'Pengantar Metode metode Filsafat by Chris Daly', NULL, 60, 'Asia/Jakarta', '/store/1/ebook/sampul.jpg', '/store/1/default_images/bacapustaka-cover_kategori.jpg', NULL, NULL, 0, NULL, NULL, 0, 0, 0, 0, 0, 0, 0, NULL, NULL, NULL, 'active', 1690269094, 1690269714, NULL),
(2821, 867, 867, 614, 'text_lesson', 0, 'Pengantar Sosiologi Agama by Abdi Rahmat, M.Si. Rosita Adiani, MA.', NULL, 60, 'Asia/Jakarta', '/store/1/ebook/sampul.jpg', '/store/1/default_images/bacapustaka-cover_kategori.jpg', NULL, NULL, 0, NULL, NULL, 0, 0, 0, 0, 0, 0, 0, NULL, NULL, NULL, 'active', 1690269094, 1690269714, NULL),
(2822, 867, 867, 614, 'text_lesson', 0, 'Pengantar Sosiologi Dasar Analisis, Teori Pendekatan Menuju Analisis Masalah Masalah Sosial, Perubahan Sosial, Kajian Kajian Strategis by Nurani Soyomukti', NULL, 60, 'Asia/Jakarta', '/store/1/ebook/sampul.jpg', '/store/1/default_images/bacapustaka-cover_kategori.jpg', NULL, NULL, 0, NULL, NULL, 0, 0, 0, 0, 0, 0, 0, NULL, NULL, NULL, 'active', 1690269094, 1690269714, NULL),
(2823, 867, 867, 614, 'text_lesson', 0, 'Pengantar Teori Teori Filsafat by Ferry Hidayat', NULL, 60, 'Asia/Jakarta', '/store/1/ebook/sampul.jpg', '/store/1/default_images/bacapustaka-cover_kategori.jpg', NULL, NULL, 0, NULL, NULL, 0, 0, 0, 0, 0, 0, 0, NULL, NULL, NULL, 'active', 1690269094, 1690269714, NULL),
(2824, 867, 867, 614, 'text_lesson', 0, 'pengantar theosophy', NULL, 60, 'Asia/Jakarta', '/store/1/ebook/sampul.jpg', '/store/1/default_images/bacapustaka-cover_kategori.jpg', NULL, NULL, 0, NULL, NULL, 0, 0, 0, 0, 0, 0, 0, NULL, NULL, NULL, 'active', 1690269094, 1690269714, NULL),
(2825, 867, 867, 614, 'text_lesson', 0, 'Pengaruh Paham Keagamaan Terhadap Etos Kerja Pedagang Muslim Suatu Kajian Teologis by Dr. Muliati, M.Ag.', NULL, 60, 'Asia/Jakarta', '/store/1/ebook/sampul.jpg', '/store/1/default_images/bacapustaka-cover_kategori.jpg', NULL, NULL, 0, NULL, NULL, 0, 0, 0, 0, 0, 0, 0, NULL, NULL, NULL, 'active', 1690269094, 1690269714, NULL),
(2826, 867, 867, 614, 'text_lesson', 0, 'Pengetahuan dan Kesucian by Seyyed Hossein Nasr', NULL, 60, 'Asia/Jakarta', '/store/1/ebook/sampul.jpg', '/store/1/default_images/bacapustaka-cover_kategori.jpg', NULL, NULL, 0, NULL, NULL, 0, 0, 0, 0, 0, 0, 0, NULL, NULL, NULL, 'active', 1690269094, 1690269714, NULL),
(2827, 867, 867, 614, 'text_lesson', 0, 'Penghidupan Benar', NULL, 60, 'Asia/Jakarta', '/store/1/ebook/sampul.jpg', '/store/1/default_images/bacapustaka-cover_kategori.jpg', NULL, NULL, 0, NULL, NULL, 0, 0, 0, 0, 0, 0, 0, NULL, NULL, NULL, 'active', 1690269094, 1690269714, NULL),
(2828, 867, 867, 614, 'text_lesson', 0, 'Penjabaran kitab Yi Jing dan penggunaannya by Dr. Oesman Arif M.Pd', NULL, 60, 'Asia/Jakarta', '/store/1/ebook/sampul.jpg', '/store/1/default_images/bacapustaka-cover_kategori.jpg', NULL, NULL, 0, NULL, NULL, 0, 0, 0, 0, 0, 0, 0, NULL, NULL, NULL, 'active', 1690269094, 1690269714, NULL),
(2829, 867, 867, 614, 'text_lesson', 0, 'Penjara Kehidupan', NULL, 60, 'Asia/Jakarta', '/store/1/ebook/sampul.jpg', '/store/1/default_images/bacapustaka-cover_kategori.jpg', NULL, NULL, 0, NULL, NULL, 0, 0, 0, 0, 0, 0, 0, NULL, NULL, NULL, 'active', 1690269094, 1690269714, NULL),
(2830, 867, 867, 614, 'text_lesson', 0, 'Perbandingan Agama (Pengantar Studi Memahami Agama Agama) by Khotimah, M.Ag.', NULL, 60, 'Asia/Jakarta', '/store/1/ebook/sampul.jpg', '/store/1/default_images/bacapustaka-cover_kategori.jpg', NULL, NULL, 0, NULL, NULL, 0, 0, 0, 0, 0, 0, 0, NULL, NULL, NULL, 'active', 1690269094, 1690269714, NULL),
(2831, 867, 867, 614, 'text_lesson', 0, 'Perbandingan Mazhab', NULL, 60, 'Asia/Jakarta', '/store/1/ebook/sampul.jpg', '/store/1/default_images/bacapustaka-cover_kategori.jpg', NULL, NULL, 0, NULL, NULL, 0, 0, 0, 0, 0, 0, 0, NULL, NULL, NULL, 'active', 1690269094, 1690269714, NULL),
(2832, 867, 867, 614, 'text_lesson', 0, 'Perbandingan Pemikiran Islam (Teologi, Fiqih dan Tasawuf) by Dr. Abdul Quddus, MA', NULL, 60, 'Asia/Jakarta', '/store/1/ebook/sampul.jpg', '/store/1/default_images/bacapustaka-cover_kategori.jpg', NULL, NULL, 0, NULL, NULL, 0, 0, 0, 0, 0, 0, 0, NULL, NULL, NULL, 'active', 1690269094, 1690269714, NULL),
(2833, 867, 867, 614, 'text_lesson', 0, 'Perempuan Khonghucu dalam Kitab Suci Si Shu by Dewi Riawati Saputra', NULL, 60, 'Asia/Jakarta', '/store/1/ebook/sampul.jpg', '/store/1/default_images/bacapustaka-cover_kategori.jpg', NULL, NULL, 0, NULL, NULL, 0, 0, 0, 0, 0, 0, 0, NULL, NULL, NULL, 'active', 1690269094, 1690269714, NULL),
(2834, 867, 867, 614, 'text_lesson', 0, 'Perempuan, Masyarakat Patriarki Kesetaraan Gender by Lusia Palulungan, M. Ghufran H. Kordi K., Muhammad Taufan Ramli (editor)', NULL, 60, 'Asia/Jakarta', '/store/1/ebook/sampul.jpg', '/store/1/default_images/bacapustaka-cover_kategori.jpg', NULL, NULL, 0, NULL, NULL, 0, 0, 0, 0, 0, 0, 0, NULL, NULL, NULL, 'active', 1690269094, 1690269714, NULL),
(2835, 867, 867, 614, 'text_lesson', 0, 'Pergaulan Buddhis', NULL, 60, 'Asia/Jakarta', '/store/1/ebook/sampul.jpg', '/store/1/default_images/bacapustaka-cover_kategori.jpg', NULL, NULL, 0, NULL, NULL, 0, 0, 0, 0, 0, 0, 0, NULL, NULL, NULL, 'active', 1690269094, 1690269714, NULL),
(2836, 867, 867, 614, 'text_lesson', 0, 'Pergi Berlindung', NULL, 60, 'Asia/Jakarta', '/store/1/ebook/sampul.jpg', '/store/1/default_images/bacapustaka-cover_kategori.jpg', NULL, NULL, 0, NULL, NULL, 0, 0, 0, 0, 0, 0, 0, NULL, NULL, NULL, 'active', 1690269094, 1690269714, NULL),
(2837, 867, 867, 614, 'text_lesson', 0, 'Perhatian Perenungan Konsentrasi', NULL, 60, 'Asia/Jakarta', '/store/1/ebook/sampul.jpg', '/store/1/default_images/bacapustaka-cover_kategori.jpg', NULL, NULL, 0, NULL, NULL, 0, 0, 0, 0, 0, 0, 0, NULL, NULL, NULL, 'active', 1690269094, 1690269714, NULL),
(2838, 867, 867, 614, 'text_lesson', 0, 'Perjalanan Pulang ke Tuhan by Khawajah Nashirudin Ath Thusi', NULL, 60, 'Asia/Jakarta', '/store/1/ebook/sampul.jpg', '/store/1/default_images/bacapustaka-cover_kategori.jpg', NULL, NULL, 0, NULL, NULL, 0, 0, 0, 0, 0, 0, 0, NULL, NULL, NULL, 'active', 1690269094, 1690269714, NULL);
INSERT INTO `webinars` (`id`, `teacher_id`, `creator_id`, `category_id`, `type`, `private`, `slug`, `start_date`, `duration`, `timezone`, `thumbnail`, `image_cover`, `video_demo`, `video_demo_source`, `capacity`, `price`, `organization_price`, `support`, `certificate`, `downloadable`, `partner_instructor`, `subscribe`, `forum`, `enable_waitlist`, `access_days`, `points`, `message_for_reviewer`, `status`, `created_at`, `updated_at`, `deleted_at`) VALUES
(2839, 867, 867, 614, 'text_lesson', 0, 'Perjalanan Spiritual Menelisik Jejak Satrio Piningit by Tri Budi Marhaen Darmawan', NULL, 60, 'Asia/Jakarta', '/store/1/ebook/sampul.jpg', '/store/1/default_images/bacapustaka-cover_kategori.jpg', NULL, NULL, 0, NULL, NULL, 0, 0, 0, 0, 0, 0, 0, NULL, NULL, NULL, 'active', 1690269094, 1690269714, NULL),
(2840, 867, 867, 614, 'text_lesson', 0, 'Perkembangan Teologi Modern by Dr. Muhaemin Latif', NULL, 60, 'Asia/Jakarta', '/store/1/ebook/sampul.jpg', '/store/1/default_images/bacapustaka-cover_kategori.jpg', NULL, NULL, 0, NULL, NULL, 0, 0, 0, 0, 0, 0, 0, NULL, NULL, NULL, 'active', 1690269094, 1690269714, NULL),
(2841, 867, 867, 614, 'text_lesson', 0, 'Pernikahan Beda Agama Kesaksian, Argumen Keagamaan Analisis Kebijakan by Ahmad Baso Ahmad Nurcholish (editor)', NULL, 60, 'Asia/Jakarta', '/store/1/ebook/sampul.jpg', '/store/1/default_images/bacapustaka-cover_kategori.jpg', NULL, NULL, 0, NULL, NULL, 0, 0, 0, 0, 0, 0, 0, NULL, NULL, NULL, 'active', 1690269094, 1690269714, NULL),
(2842, 867, 867, 614, 'text_lesson', 0, 'Perspektif Teologi Filsafat Al Ghazali dan Hume Kritik Dekonstruktif Nalar Kausalitas dalam Teologi dan Filsafat by Ahmad Nawawi', NULL, 60, 'Asia/Jakarta', '/store/1/ebook/sampul.jpg', '/store/1/default_images/bacapustaka-cover_kategori.jpg', NULL, NULL, 0, NULL, NULL, 0, 0, 0, 0, 0, 0, 0, NULL, NULL, NULL, 'active', 1690269094, 1690269714, NULL),
(2843, 867, 867, 614, 'text_lesson', 0, 'Pertanyaan Baik Jawaban Baik', NULL, 60, 'Asia/Jakarta', '/store/1/ebook/sampul.jpg', '/store/1/default_images/bacapustaka-cover_kategori.jpg', NULL, NULL, 0, NULL, NULL, 0, 0, 0, 0, 0, 0, 0, NULL, NULL, NULL, 'active', 1690269094, 1690269714, NULL),
(2844, 867, 867, 614, 'text_lesson', 0, 'Pertolongan Pertama Psikologis (P3) dalam Menangani Masalah Rumah Tangga bagi Korban Kekerasan Domestik by Nur Alina Saidah Latipun M. Salis Yuniardi', NULL, 60, 'Asia/Jakarta', '/store/1/ebook/sampul.jpg', '/store/1/default_images/bacapustaka-cover_kategori.jpg', NULL, NULL, 0, NULL, NULL, 0, 0, 0, 0, 0, 0, 0, NULL, NULL, NULL, 'active', 1690269094, 1690269714, NULL),
(2845, 867, 867, 614, 'text_lesson', 0, 'Pesan Sang Buddha', NULL, 60, 'Asia/Jakarta', '/store/1/ebook/sampul.jpg', '/store/1/default_images/bacapustaka-cover_kategori.jpg', NULL, NULL, 0, NULL, NULL, 0, 0, 0, 0, 0, 0, 0, NULL, NULL, NULL, 'active', 1690269094, 1690269714, NULL),
(2846, 867, 867, 614, 'text_lesson', 0, 'Petualangan Setelah Kematian Sebuah Kisah Nyata by Najafi Qucani', NULL, 60, 'Asia/Jakarta', '/store/1/ebook/sampul.jpg', '/store/1/default_images/bacapustaka-cover_kategori.jpg', NULL, NULL, 0, NULL, NULL, 0, 0, 0, 0, 0, 0, 0, NULL, NULL, NULL, 'active', 1690269094, 1690269714, NULL),
(2847, 867, 867, 614, 'text_lesson', 0, 'Pijar Filsafat Yunani Klasik by Sandy Hardian Susanto Herho', NULL, 60, 'Asia/Jakarta', '/store/1/ebook/sampul.jpg', '/store/1/default_images/bacapustaka-cover_kategori.jpg', NULL, NULL, 0, NULL, NULL, 0, 0, 0, 0, 0, 0, 0, NULL, NULL, NULL, 'active', 1690269094, 1690269714, NULL),
(2848, 867, 867, 614, 'text_lesson', 0, 'Pikiran Benar', NULL, 60, 'Asia/Jakarta', '/store/1/ebook/sampul.jpg', '/store/1/default_images/bacapustaka-cover_kategori.jpg', NULL, NULL, 0, NULL, NULL, 0, 0, 0, 0, 0, 0, 0, NULL, NULL, NULL, 'active', 1690269094, 1690269714, NULL),
(2849, 867, 867, 614, 'text_lesson', 0, 'Pindapata', NULL, 60, 'Asia/Jakarta', '/store/1/ebook/sampul.jpg', '/store/1/default_images/bacapustaka-cover_kategori.jpg', NULL, NULL, 0, NULL, NULL, 0, 0, 0, 0, 0, 0, 0, NULL, NULL, NULL, 'active', 1690269094, 1690269714, NULL),
(2850, 867, 867, 614, 'text_lesson', 0, 'Pluralisme Agama', NULL, 60, 'Asia/Jakarta', '/store/1/ebook/sampul.jpg', '/store/1/default_images/bacapustaka-cover_kategori.jpg', NULL, NULL, 0, NULL, NULL, 0, 0, 0, 0, 0, 0, 0, NULL, NULL, NULL, 'active', 1690269094, 1690269714, NULL),
(2851, 867, 867, 614, 'text_lesson', 0, 'Pluralisme Buya Syafii Maarif Gagasan dan Pemikiran Sang Guru Bangsa by Muhammad Qorib', NULL, 60, 'Asia/Jakarta', '/store/1/ebook/sampul.jpg', '/store/1/default_images/bacapustaka-cover_kategori.jpg', NULL, NULL, 0, NULL, NULL, 0, 0, 0, 0, 0, 0, 0, NULL, NULL, NULL, 'active', 1690269094, 1690269714, NULL),
(2852, 867, 867, 614, 'text_lesson', 0, 'Pluralisme Kewargaan Arah Baru Politik Keragaman di Indonesia by Zainal Abidin Bagir, AA. GN. Ari Dwipayana, Mustaghfiroh Rahayu, Trisno Sutanto, Farid Wajidi', NULL, 60, 'Asia/Jakarta', '/store/1/ebook/sampul.jpg', '/store/1/default_images/bacapustaka-cover_kategori.jpg', NULL, NULL, 0, NULL, NULL, 0, 0, 0, 0, 0, 0, 0, NULL, NULL, NULL, 'active', 1690269094, 1690269714, NULL),
(2853, 867, 867, 614, 'text_lesson', 0, 'Pluralisme Musuh Agama Agama', NULL, 60, 'Asia/Jakarta', '/store/1/ebook/sampul.jpg', '/store/1/default_images/bacapustaka-cover_kategori.jpg', NULL, NULL, 0, NULL, NULL, 0, 0, 0, 0, 0, 0, 0, NULL, NULL, NULL, 'active', 1690269094, 1690269714, NULL),
(2854, 867, 867, 614, 'text_lesson', 0, 'Pluralisme Positif Konsep dan Implementasi dalam Pendidikan Muhammadiyah by Abdul Muti Azaki Khoirudin', NULL, 60, 'Asia/Jakarta', '/store/1/ebook/sampul.jpg', '/store/1/default_images/bacapustaka-cover_kategori.jpg', NULL, NULL, 0, NULL, NULL, 0, 0, 0, 0, 0, 0, 0, NULL, NULL, NULL, 'active', 1690269094, 1690269714, NULL),
(2855, 867, 867, 614, 'text_lesson', 0, 'Polemik Pemikiran Filsafat Al Ghazali dan Ibnu Rusyd by Mulyadi', NULL, 60, 'Asia/Jakarta', '/store/1/ebook/sampul.jpg', '/store/1/default_images/bacapustaka-cover_kategori.jpg', NULL, NULL, 0, NULL, NULL, 0, 0, 0, 0, 0, 0, 0, NULL, NULL, NULL, 'active', 1690269094, 1690269714, NULL),
(2856, 867, 867, 614, 'text_lesson', 0, 'Politik dan Kebebasan by Tom G. Palmer', NULL, 60, 'Asia/Jakarta', '/store/1/ebook/sampul.jpg', '/store/1/default_images/bacapustaka-cover_kategori.jpg', NULL, NULL, 0, NULL, NULL, 0, 0, 0, 0, 0, 0, 0, NULL, NULL, NULL, 'active', 1690269094, 1690269714, NULL),
(2857, 867, 867, 614, 'text_lesson', 0, 'Postmodernisme tantangan bagi filsafat Oleh I. Bambang Sugiharto', NULL, 60, 'Asia/Jakarta', '/store/1/ebook/sampul.jpg', '/store/1/default_images/bacapustaka-cover_kategori.jpg', NULL, NULL, 0, NULL, NULL, 0, 0, 0, 0, 0, 0, 0, NULL, NULL, NULL, 'active', 1690269094, 1690269714, NULL),
(2858, 867, 867, 614, 'text_lesson', 0, 'poverty Kemiskinan Filsafat', NULL, 60, 'Asia/Jakarta', '/store/1/ebook/sampul.jpg', '/store/1/default_images/bacapustaka-cover_kategori.jpg', NULL, NULL, 0, NULL, NULL, 0, 0, 0, 0, 0, 0, 0, NULL, NULL, NULL, 'active', 1690269094, 1690269714, NULL),
(2859, 867, 867, 614, 'text_lesson', 0, 'Prajurit Kraton Yogyakarta Filosofi dan Nilai Budaya yang Terkandung di Dalamnya by Ir. H. Yuwono Sri Suwito, M.M., dkk.', NULL, 60, 'Asia/Jakarta', '/store/1/ebook/sampul.jpg', '/store/1/default_images/bacapustaka-cover_kategori.jpg', NULL, NULL, 0, NULL, NULL, 0, 0, 0, 0, 0, 0, 0, NULL, NULL, NULL, 'active', 1690269094, 1690269714, NULL),
(2860, 867, 867, 614, 'text_lesson', 0, 'Promosi Toleransi dan Moderasi Beragama by Muhammad Subhi', NULL, 60, 'Asia/Jakarta', '/store/1/ebook/sampul.jpg', '/store/1/default_images/bacapustaka-cover_kategori.jpg', NULL, NULL, 0, NULL, NULL, 0, 0, 0, 0, 0, 0, 0, NULL, NULL, NULL, 'active', 1690269094, 1690269714, NULL),
(2861, 867, 867, 614, 'text_lesson', 0, 'Psikologi Agama Beberapa Materi Pilihan by Dra. Djamiatul Islamiyah, M.Ag.', NULL, 60, 'Asia/Jakarta', '/store/1/ebook/sampul.jpg', '/store/1/default_images/bacapustaka-cover_kategori.jpg', NULL, NULL, 0, NULL, NULL, 0, 0, 0, 0, 0, 0, 0, NULL, NULL, NULL, 'active', 1690269094, 1690269714, NULL),
(2862, 867, 867, 614, 'text_lesson', 0, 'Psikologi Agama Dalam Bingkai Ke Islaman Sebagai Pembentukan Kepribadian Seorang Islam by Ramadan Lubis, M.Ag. ', NULL, 60, 'Asia/Jakarta', '/store/1/ebook/sampul.jpg', '/store/1/default_images/bacapustaka-cover_kategori.jpg', NULL, NULL, 0, NULL, NULL, 0, 0, 0, 0, 0, 0, 0, NULL, NULL, NULL, 'active', 1690269094, 1690269714, NULL),
(2863, 867, 867, 614, 'text_lesson', 0, 'Psikologi Belajar Pendidikan Agama Islam by Drs. Mardianto, M.Pd.', NULL, 60, 'Asia/Jakarta', '/store/1/ebook/sampul.jpg', '/store/1/default_images/bacapustaka-cover_kategori.jpg', NULL, NULL, 0, NULL, NULL, 0, 0, 0, 0, 0, 0, 0, NULL, NULL, NULL, 'active', 1690269094, 1690269714, NULL),
(2864, 867, 867, 614, 'text_lesson', 0, 'Psikologi dan Pendidikan dalam Konteks Kebangsaan', NULL, 60, 'Asia/Jakarta', '/store/1/ebook/sampul.jpg', '/store/1/default_images/bacapustaka-cover_kategori.jpg', NULL, NULL, 0, NULL, NULL, 0, 0, 0, 0, 0, 0, 0, NULL, NULL, NULL, 'active', 1690269094, 1690269714, NULL),
(2865, 867, 867, 614, 'text_lesson', 0, 'Psikologi Ibadah dalam Islam by Safrilsyah', NULL, 60, 'Asia/Jakarta', '/store/1/ebook/sampul.jpg', '/store/1/default_images/bacapustaka-cover_kategori.jpg', NULL, NULL, 0, NULL, NULL, 0, 0, 0, 0, 0, 0, 0, NULL, NULL, NULL, 'active', 1690269094, 1690269714, NULL),
(2866, 867, 867, 614, 'text_lesson', 0, 'Psikologi Ibnu Sina by Ibnu Sina ', NULL, 60, 'Asia/Jakarta', '/store/1/ebook/sampul.jpg', '/store/1/default_images/bacapustaka-cover_kategori.jpg', NULL, NULL, 0, NULL, NULL, 0, 0, 0, 0, 0, 0, 0, NULL, NULL, NULL, 'active', 1690269094, 1690269714, NULL),
(2867, 867, 867, 614, 'text_lesson', 0, 'Psikologi Islam Kajian Teoritik dan Penelitian Empirik by Tim Asosiasi Psikologi Islam', NULL, 60, 'Asia/Jakarta', '/store/1/ebook/sampul.jpg', '/store/1/default_images/bacapustaka-cover_kategori.jpg', NULL, NULL, 0, NULL, NULL, 0, 0, 0, 0, 0, 0, 0, NULL, NULL, NULL, 'active', 1690269094, 1690269714, NULL),
(2868, 867, 867, 614, 'text_lesson', 0, 'Psikologi Islami Teori dan Penelitian (Edisi Kedua) by Saktiyono B. Purwoko', NULL, 60, 'Asia/Jakarta', '/store/1/ebook/sampul.jpg', '/store/1/default_images/bacapustaka-cover_kategori.jpg', NULL, NULL, 0, NULL, NULL, 0, 0, 0, 0, 0, 0, 0, NULL, NULL, NULL, 'active', 1690269094, 1690269714, NULL),
(2869, 867, 867, 614, 'text_lesson', 0, 'Psikologi Keluarga Islam Berwawasan Gender (Edisi Revisi) by Dr. Hj. Mufidah Ch., M.Ag.', NULL, 60, 'Asia/Jakarta', '/store/1/ebook/sampul.jpg', '/store/1/default_images/bacapustaka-cover_kategori.jpg', NULL, NULL, 0, NULL, NULL, 0, 0, 0, 0, 0, 0, 0, NULL, NULL, NULL, 'active', 1690269094, 1690269714, NULL),
(2870, 867, 867, 614, 'text_lesson', 0, 'Psikologi Kepribadian (Paradigma Traits, Kognitif, Behavioristik, dan Humanistik) by Drs. H. Hamim Rosyidi, M.Si.', NULL, 60, 'Asia/Jakarta', '/store/1/ebook/sampul.jpg', '/store/1/default_images/bacapustaka-cover_kategori.jpg', NULL, NULL, 0, NULL, NULL, 0, 0, 0, 0, 0, 0, 0, NULL, NULL, NULL, 'active', 1690269094, 1690269714, NULL),
(2871, 867, 867, 614, 'text_lesson', 0, 'Psikologi Kepribadian by Seto Mulyadi,Warda Lisa dan Astri Nur Kusumastuti', NULL, 60, 'Asia/Jakarta', '/store/1/ebook/sampul.jpg', '/store/1/default_images/bacapustaka-cover_kategori.jpg', NULL, NULL, 0, NULL, NULL, 0, 0, 0, 0, 0, 0, 0, NULL, NULL, NULL, 'active', 1690269094, 1690269714, NULL),
(2872, 867, 867, 614, 'text_lesson', 0, 'Psikologi Komunikasi Persuasi by Herdian Maulana, M.Si. dan Gumgum Gumelar, M.Si.', NULL, 60, 'Asia/Jakarta', '/store/1/ebook/sampul.jpg', '/store/1/default_images/bacapustaka-cover_kategori.jpg', NULL, NULL, 0, NULL, NULL, 0, 0, 0, 0, 0, 0, 0, NULL, NULL, NULL, 'active', 1690269094, 1690269714, NULL),
(2873, 867, 867, 614, 'text_lesson', 0, 'Psikologi Kriminal by Andi Thahir, S.Psi., M.A., Ed.Da.', NULL, 60, 'Asia/Jakarta', '/store/1/ebook/sampul.jpg', '/store/1/default_images/bacapustaka-cover_kategori.jpg', NULL, NULL, 0, NULL, NULL, 0, 0, 0, 0, 0, 0, 0, NULL, NULL, NULL, 'active', 1690269094, 1690269714, NULL),
(2874, 867, 867, 614, 'text_lesson', 0, 'Psikologi Pendidikan Landasan bagi Pengembangan Strategi Pembelajaran by Dr. Mardianto, M.Pd.', NULL, 60, 'Asia/Jakarta', '/store/1/ebook/sampul.jpg', '/store/1/default_images/bacapustaka-cover_kategori.jpg', NULL, NULL, 0, NULL, NULL, 0, 0, 0, 0, 0, 0, 0, NULL, NULL, NULL, 'active', 1690269094, 1690269714, NULL),
(2875, 867, 867, 614, 'text_lesson', 0, 'Psikologi Perempuan dalam Berbagai Perspektif by Dr. Hj. Eti Nurhayati, M.Si.', NULL, 60, 'Asia/Jakarta', '/store/1/ebook/sampul.jpg', '/store/1/default_images/bacapustaka-cover_kategori.jpg', NULL, NULL, 0, NULL, NULL, 0, 0, 0, 0, 0, 0, 0, NULL, NULL, NULL, 'active', 1690269094, 1690269714, NULL),
(2876, 867, 867, 614, 'text_lesson', 0, 'Psikologi Perkembangan by Yudrik Jahja', NULL, 60, 'Asia/Jakarta', '/store/1/ebook/sampul.jpg', '/store/1/default_images/bacapustaka-cover_kategori.jpg', NULL, NULL, 0, NULL, NULL, 0, 0, 0, 0, 0, 0, 0, NULL, NULL, NULL, 'active', 1690269094, 1690269714, NULL),
(2877, 867, 867, 614, 'text_lesson', 0, 'Psikologi Remaja by Ida Umami', NULL, 60, 'Asia/Jakarta', '/store/1/ebook/sampul.jpg', '/store/1/default_images/bacapustaka-cover_kategori.jpg', NULL, NULL, 0, NULL, NULL, 0, 0, 0, 0, 0, 0, 0, NULL, NULL, NULL, 'active', 1690269094, 1690269714, NULL),
(2878, 867, 867, 614, 'text_lesson', 0, 'Psikologi Umum Sebuah Pandangan Apresiatif by Laura A. King', NULL, 60, 'Asia/Jakarta', '/store/1/ebook/sampul.jpg', '/store/1/default_images/bacapustaka-cover_kategori.jpg', NULL, NULL, 0, NULL, NULL, 0, 0, 0, 0, 0, 0, 0, NULL, NULL, NULL, 'active', 1690269094, 1690269714, NULL),
(2879, 867, 867, 614, 'text_lesson', 0, 'Rabiah al Adawiyah Cinta Allah dan Kerinduan Spiritual Manusia by Dr. Makmun Gharib', NULL, 60, 'Asia/Jakarta', '/store/1/ebook/sampul.jpg', '/store/1/default_images/bacapustaka-cover_kategori.jpg', NULL, NULL, 0, NULL, NULL, 0, 0, 0, 0, 0, 0, 0, NULL, NULL, NULL, 'active', 1690269094, 1690269714, NULL),
(2880, 867, 867, 614, 'text_lesson', 0, 'Radikalisme agama di Jabodetabek & jawa Barat', NULL, 60, 'Asia/Jakarta', '/store/1/ebook/sampul.jpg', '/store/1/default_images/bacapustaka-cover_kategori.jpg', NULL, NULL, 0, NULL, NULL, 0, 0, 0, 0, 0, 0, 0, NULL, NULL, NULL, 'active', 1690269094, 1690269714, NULL),
(2881, 867, 867, 614, 'text_lesson', 0, 'Ragam Ekspresi Islam Nusantara by Tim Editor', NULL, 60, 'Asia/Jakarta', '/store/1/ebook/sampul.jpg', '/store/1/default_images/bacapustaka-cover_kategori.jpg', NULL, NULL, 0, NULL, NULL, 0, 0, 0, 0, 0, 0, 0, NULL, NULL, NULL, 'active', 1690269094, 1690269714, NULL),
(2882, 867, 867, 614, 'text_lesson', 0, 'Rahasia kitab I Ching by Joseph Murphy', NULL, 60, 'Asia/Jakarta', '/store/1/ebook/sampul.jpg', '/store/1/default_images/bacapustaka-cover_kategori.jpg', NULL, NULL, 0, NULL, NULL, 0, 0, 0, 0, 0, 0, 0, NULL, NULL, NULL, 'active', 1690269094, 1690269714, NULL),
(2883, 867, 867, 614, 'text_lesson', 0, 'Rahasia ilmu hikmah qurani', NULL, 60, 'Asia/Jakarta', '/store/1/ebook/sampul.jpg', '/store/1/default_images/bacapustaka-cover_kategori.jpg', NULL, NULL, 0, NULL, NULL, 0, 0, 0, 0, 0, 0, 0, NULL, NULL, NULL, 'active', 1690269094, 1690269714, NULL),
(2884, 867, 867, 614, 'text_lesson', 0, 'Refleksi Filosofis atas Teologi dan Politik Islam Kajian Filsafat Islam', NULL, 60, 'Asia/Jakarta', '/store/1/ebook/sampul.jpg', '/store/1/default_images/bacapustaka-cover_kategori.jpg', NULL, NULL, 0, NULL, NULL, 0, 0, 0, 0, 0, 0, 0, NULL, NULL, NULL, 'active', 1690269094, 1690269714, NULL),
(2885, 867, 867, 614, 'text_lesson', 0, 'Refleksi Keberagaman Agama Hukum Sesat dan Menyesatkan Hukum by Agustinus Edy Kristianto A. Patra M. Zen (editor)', NULL, 60, 'Asia/Jakarta', '/store/1/ebook/sampul.jpg', '/store/1/default_images/bacapustaka-cover_kategori.jpg', NULL, NULL, 0, NULL, NULL, 0, 0, 0, 0, 0, 0, 0, NULL, NULL, NULL, 'active', 1690269094, 1690269714, NULL),
(2886, 867, 867, 614, 'text_lesson', 0, 'Refleksi Makna Hidup Manusia Pada Epigrafi Islam Pasa by Drs. Fuadi, M.Hum.', NULL, 60, 'Asia/Jakarta', '/store/1/ebook/sampul.jpg', '/store/1/default_images/bacapustaka-cover_kategori.jpg', NULL, NULL, 0, NULL, NULL, 0, 0, 0, 0, 0, 0, 0, NULL, NULL, NULL, 'active', 1690269094, 1690269714, NULL),
(2887, 867, 867, 614, 'text_lesson', 0, 'Reformasi Bermazhab', NULL, 60, 'Asia/Jakarta', '/store/1/ebook/sampul.jpg', '/store/1/default_images/bacapustaka-cover_kategori.jpg', NULL, NULL, 0, NULL, NULL, 0, 0, 0, 0, 0, 0, 0, NULL, NULL, NULL, 'active', 1690269094, 1690269714, NULL),
(2888, 867, 867, 614, 'text_lesson', 0, 'Regionalisme dalam Periwayatan Hadis Asal Usul Hadis Berdasar Sanad Geografis Kufah by Aceng Abdul Kodir', NULL, 60, 'Asia/Jakarta', '/store/1/ebook/sampul.jpg', '/store/1/default_images/bacapustaka-cover_kategori.jpg', NULL, NULL, 0, NULL, NULL, 0, 0, 0, 0, 0, 0, 0, NULL, NULL, NULL, 'active', 1690269094, 1690269714, NULL),
(2889, 867, 867, 614, 'text_lesson', 0, 'reinkarnasi', NULL, 60, 'Asia/Jakarta', '/store/1/ebook/sampul.jpg', '/store/1/default_images/bacapustaka-cover_kategori.jpg', NULL, NULL, 0, NULL, NULL, 0, 0, 0, 0, 0, 0, 0, NULL, NULL, NULL, 'active', 1690269094, 1690269714, NULL),
(2890, 867, 867, 614, 'text_lesson', 0, 'Rekonstruksi Ilmu Ilmu Agama Islam by M. Amin Abdullah, dkk.', NULL, 60, 'Asia/Jakarta', '/store/1/ebook/sampul.jpg', '/store/1/default_images/bacapustaka-cover_kategori.jpg', NULL, NULL, 0, NULL, NULL, 0, 0, 0, 0, 0, 0, 0, NULL, NULL, NULL, 'active', 1690269094, 1690269714, NULL),
(2891, 867, 867, 614, 'text_lesson', 0, 'Relasi Agama dan Negara Teokrasi Sekuler Tamyiz by Ahmad Sadzali', NULL, 60, 'Asia/Jakarta', '/store/1/ebook/sampul.jpg', '/store/1/default_images/bacapustaka-cover_kategori.jpg', NULL, NULL, 0, NULL, NULL, 0, 0, 0, 0, 0, 0, 0, NULL, NULL, NULL, 'active', 1690269094, 1690269714, NULL),
(2892, 867, 867, 614, 'text_lesson', 0, 'Resepsi Al Quran Bentuk Spiritualitas Jawa Modern by Samsul Ariyadi', NULL, 60, 'Asia/Jakarta', '/store/1/ebook/sampul.jpg', '/store/1/default_images/bacapustaka-cover_kategori.jpg', NULL, NULL, 0, NULL, NULL, 0, 0, 0, 0, 0, 0, 0, NULL, NULL, NULL, 'active', 1690269094, 1690269714, NULL),
(2893, 867, 867, 614, 'text_lesson', 0, 'Revitalisasi Toleransi Beragama Berbasis Kearifan Lokal by DP. Budi Susetyo Mochamad Widjanarko', NULL, 60, 'Asia/Jakarta', '/store/1/ebook/sampul.jpg', '/store/1/default_images/bacapustaka-cover_kategori.jpg', NULL, NULL, 0, NULL, NULL, 0, 0, 0, 0, 0, 0, 0, NULL, NULL, NULL, 'active', 1690269094, 1690269714, NULL),
(2894, 867, 867, 614, 'text_lesson', 0, 'Reviving Gender Awareness Membangun Kembali Semangat Pembebasan Kesetaraan Gender by Rahmawati, Fawziah Zahrawati B, Hikmawati Pathuddin, Khusnul Khatimah', NULL, 60, 'Asia/Jakarta', '/store/1/ebook/sampul.jpg', '/store/1/default_images/bacapustaka-cover_kategori.jpg', NULL, NULL, 0, NULL, NULL, 0, 0, 0, 0, 0, 0, 0, NULL, NULL, NULL, 'active', 1690269094, 1690269714, NULL),
(2895, 867, 867, 614, 'text_lesson', 0, 'Revolusi Agama Menudju Negara (Revolusi Agama Menuju Negara) by Hamka', NULL, 60, 'Asia/Jakarta', '/store/1/ebook/sampul.jpg', '/store/1/default_images/bacapustaka-cover_kategori.jpg', NULL, NULL, 0, NULL, NULL, 0, 0, 0, 0, 0, 0, 0, NULL, NULL, NULL, 'active', 1690269094, 1690269714, NULL),
(2896, 867, 867, 614, 'text_lesson', 0, 'Revolusi Mental Makna dan Realisasi by Hana Panggabean, A. Supratiknya, J. Seno Aditya Utama (editor)', NULL, 60, 'Asia/Jakarta', '/store/1/ebook/sampul.jpg', '/store/1/default_images/bacapustaka-cover_kategori.jpg', NULL, NULL, 0, NULL, NULL, 0, 0, 0, 0, 0, 0, 0, NULL, NULL, NULL, 'active', 1690269094, 1690269714, NULL),
(2897, 867, 867, 614, 'text_lesson', 0, 'revolusi sejarah manusia', NULL, 60, 'Asia/Jakarta', '/store/1/ebook/sampul.jpg', '/store/1/default_images/bacapustaka-cover_kategori.jpg', NULL, NULL, 0, NULL, NULL, 0, 0, 0, 0, 0, 0, 0, NULL, NULL, NULL, 'active', 1690269094, 1690269714, NULL),
(2898, 867, 867, 614, 'text_lesson', 0, 'Risalah Ana Thabiah Mengenal Ego, Menyangkal Filsafat Naturalisme by Badiuzzaman Said Nursi', NULL, 60, 'Asia/Jakarta', '/store/1/ebook/sampul.jpg', '/store/1/default_images/bacapustaka-cover_kategori.jpg', NULL, NULL, 0, NULL, NULL, 0, 0, 0, 0, 0, 0, 0, NULL, NULL, NULL, 'active', 1690269094, 1690269714, NULL),
(2899, 867, 867, 614, 'text_lesson', 0, 'RISALAH QUSYAIRIYAH (SUMBER KAJIAN ILMU TASAWUF) (TASAUF) by Abul Qasim Abdul Karim Hawazin Al Qusyairi An Naisaburi', NULL, 60, 'Asia/Jakarta', '/store/1/ebook/sampul.jpg', '/store/1/default_images/bacapustaka-cover_kategori.jpg', NULL, NULL, 0, NULL, NULL, 0, 0, 0, 0, 0, 0, 0, NULL, NULL, NULL, 'active', 1690269094, 1690269714, NULL),
(2900, 867, 867, 614, 'text_lesson', 0, 'Risalah Singkat Kehidupan Setelah Singkat Ini, Kemana Kita Kan Berlabuh by RAS', NULL, 60, 'Asia/Jakarta', '/store/1/ebook/sampul.jpg', '/store/1/default_images/bacapustaka-cover_kategori.jpg', NULL, NULL, 0, NULL, NULL, 0, 0, 0, 0, 0, 0, 0, NULL, NULL, NULL, 'active', 1690269094, 1690269714, NULL),
(2901, 867, 867, 614, 'text_lesson', 0, 'Risalah Tasawuf Kitab Suci Para Pesuluk by Ibrahim Amini', NULL, 60, 'Asia/Jakarta', '/store/1/ebook/sampul.jpg', '/store/1/default_images/bacapustaka-cover_kategori.jpg', NULL, NULL, 0, NULL, NULL, 0, 0, 0, 0, 0, 0, 0, NULL, NULL, NULL, 'active', 1690269094, 1690269714, NULL),
(2902, 867, 867, 614, 'text_lesson', 0, 'Risalah tentang hukum sihir dan perdukunan 3', NULL, 60, 'Asia/Jakarta', '/store/1/ebook/sampul.jpg', '/store/1/default_images/bacapustaka-cover_kategori.jpg', NULL, NULL, 0, NULL, NULL, 0, 0, 0, 0, 0, 0, 0, NULL, NULL, NULL, 'active', 1690269094, 1690269714, NULL),
(2903, 867, 867, 614, 'text_lesson', 0, 'Risalah tentang Parami Parami dari Kitab Komentar untuk Cariyapitaka', NULL, 60, 'Asia/Jakarta', '/store/1/ebook/sampul.jpg', '/store/1/default_images/bacapustaka-cover_kategori.jpg', NULL, NULL, 0, NULL, NULL, 0, 0, 0, 0, 0, 0, 0, NULL, NULL, NULL, 'active', 1690269094, 1690269714, NULL),
(2904, 867, 867, 614, 'text_lesson', 0, 'Riwayat Agung Para Buddha Buku 2 by Tipitakadhara Mingun Sayadaw', NULL, 60, 'Asia/Jakarta', '/store/1/ebook/sampul.jpg', '/store/1/default_images/bacapustaka-cover_kategori.jpg', NULL, NULL, 0, NULL, NULL, 0, 0, 0, 0, 0, 0, 0, NULL, NULL, NULL, 'active', 1690269094, 1690269714, NULL),
(2905, 867, 867, 614, 'text_lesson', 0, 'Riwayat Agung Para Buddha Buku 3 by Tipitakadhara Mingun Sayadaw', NULL, 60, 'Asia/Jakarta', '/store/1/ebook/sampul.jpg', '/store/1/default_images/bacapustaka-cover_kategori.jpg', NULL, NULL, 0, NULL, NULL, 0, 0, 0, 0, 0, 0, 0, NULL, NULL, NULL, 'active', 1690269094, 1690269714, NULL),
(2906, 867, 867, 614, 'text_lesson', 0, 'Riwayat Agung Para Buddha by Tipitakadhara Mingun Sayadaw', NULL, 60, 'Asia/Jakarta', '/store/1/ebook/sampul.jpg', '/store/1/default_images/bacapustaka-cover_kategori.jpg', NULL, NULL, 0, NULL, NULL, 0, 0, 0, 0, 0, 0, 0, NULL, NULL, NULL, 'active', 1690269094, 1690269714, NULL),
(2907, 867, 867, 614, 'text_lesson', 0, 'riwayat hidup anathapindika by Widyasena production', NULL, 60, 'Asia/Jakarta', '/store/1/ebook/sampul.jpg', '/store/1/default_images/bacapustaka-cover_kategori.jpg', NULL, NULL, 0, NULL, NULL, 0, 0, 0, 0, 0, 0, 0, NULL, NULL, NULL, 'active', 1690269094, 1690269714, NULL),
(2908, 867, 867, 614, 'text_lesson', 0, 'Riwayat Hidup Anathapindika', NULL, 60, 'Asia/Jakarta', '/store/1/ebook/sampul.jpg', '/store/1/default_images/bacapustaka-cover_kategori.jpg', NULL, NULL, 0, NULL, NULL, 0, 0, 0, 0, 0, 0, 0, NULL, NULL, NULL, 'active', 1690269094, 1690269714, NULL),
(2909, 867, 867, 614, 'text_lesson', 0, 'Riwayat Hidup Buddha Gautama', NULL, 60, 'Asia/Jakarta', '/store/1/ebook/sampul.jpg', '/store/1/default_images/bacapustaka-cover_kategori.jpg', NULL, NULL, 0, NULL, NULL, 0, 0, 0, 0, 0, 0, 0, NULL, NULL, NULL, 'active', 1690269094, 1690269714, NULL),
(2910, 867, 867, 614, 'text_lesson', 0, 'riwayat hidup buddha gotama', NULL, 60, 'Asia/Jakarta', '/store/1/ebook/sampul.jpg', '/store/1/default_images/bacapustaka-cover_kategori.jpg', NULL, NULL, 0, NULL, NULL, 0, 0, 0, 0, 0, 0, 0, NULL, NULL, NULL, 'active', 1690269094, 1690269714, NULL),
(2911, 867, 867, 614, 'text_lesson', 0, 'Riwayat Hidup Maha Kassapa', NULL, 60, 'Asia/Jakarta', '/store/1/ebook/sampul.jpg', '/store/1/default_images/bacapustaka-cover_kategori.jpg', NULL, NULL, 0, NULL, NULL, 0, 0, 0, 0, 0, 0, 0, NULL, NULL, NULL, 'active', 1690269094, 1690269714, NULL),
(2912, 867, 867, 614, 'text_lesson', 0, 'Riwayat Hidup Maha Moggallana', NULL, 60, 'Asia/Jakarta', '/store/1/ebook/sampul.jpg', '/store/1/default_images/bacapustaka-cover_kategori.jpg', NULL, NULL, 0, NULL, NULL, 0, 0, 0, 0, 0, 0, 0, NULL, NULL, NULL, 'active', 1690269094, 1690269714, NULL),
(2913, 867, 867, 614, 'text_lesson', 0, 'Riwayat Hidup Yasodhara', NULL, 60, 'Asia/Jakarta', '/store/1/ebook/sampul.jpg', '/store/1/default_images/bacapustaka-cover_kategori.jpg', NULL, NULL, 0, NULL, NULL, 0, 0, 0, 0, 0, 0, 0, NULL, NULL, NULL, 'active', 1690269094, 1690269714, NULL),
(2914, 867, 867, 614, 'text_lesson', 0, 'Rumah Tangga Bahagia', NULL, 60, 'Asia/Jakarta', '/store/1/ebook/sampul.jpg', '/store/1/default_images/bacapustaka-cover_kategori.jpg', NULL, NULL, 0, NULL, NULL, 0, 0, 0, 0, 0, 0, 0, NULL, NULL, NULL, 'active', 1690269094, 1690269714, NULL),
(2915, 867, 867, 614, 'text_lesson', 0, 'Ruqyah Syar\'iyyah', NULL, 60, 'Asia/Jakarta', '/store/1/ebook/sampul.jpg', '/store/1/default_images/bacapustaka-cover_kategori.jpg', NULL, NULL, 0, NULL, NULL, 0, 0, 0, 0, 0, 0, 0, NULL, NULL, NULL, 'active', 1690269094, 1690269714, NULL),
(2916, 867, 867, 614, 'text_lesson', 0, 'ruqyah syariyyah', NULL, 60, 'Asia/Jakarta', '/store/1/ebook/sampul.jpg', '/store/1/default_images/bacapustaka-cover_kategori.jpg', NULL, NULL, 0, NULL, NULL, 0, 0, 0, 0, 0, 0, 0, NULL, NULL, NULL, 'active', 1690269094, 1690269714, NULL),
(2917, 867, 867, 614, 'text_lesson', 0, 'saddharma pundarika sutra (sutra bunga teratai)', NULL, 60, 'Asia/Jakarta', '/store/1/ebook/sampul.jpg', '/store/1/default_images/bacapustaka-cover_kategori.jpg', NULL, NULL, 0, NULL, NULL, 0, 0, 0, 0, 0, 0, 0, NULL, NULL, NULL, 'active', 1690269094, 1690269714, NULL),
(2918, 867, 867, 614, 'text_lesson', 0, 'SADURAN KITAB NEGARA KERTAGAMA', NULL, 60, 'Asia/Jakarta', '/store/1/ebook/sampul.jpg', '/store/1/default_images/bacapustaka-cover_kategori.jpg', NULL, NULL, 0, NULL, NULL, 0, 0, 0, 0, 0, 0, 0, NULL, NULL, NULL, 'active', 1690269094, 1690269714, NULL),
(2919, 867, 867, 614, 'text_lesson', 0, 'Saduran Negarakertagama', NULL, 60, 'Asia/Jakarta', '/store/1/ebook/sampul.jpg', '/store/1/default_images/bacapustaka-cover_kategori.jpg', NULL, NULL, 0, NULL, NULL, 0, 0, 0, 0, 0, 0, 0, NULL, NULL, NULL, 'active', 1690269094, 1690269714, NULL),
(2920, 867, 867, 614, 'text_lesson', 0, 'sahabat sejati', NULL, 60, 'Asia/Jakarta', '/store/1/ebook/sampul.jpg', '/store/1/default_images/bacapustaka-cover_kategori.jpg', NULL, NULL, 0, NULL, NULL, 0, 0, 0, 0, 0, 0, 0, NULL, NULL, NULL, 'active', 1690269094, 1690269714, NULL),
(2921, 867, 867, 614, 'text_lesson', 0, 'Sains, Saintisme, dan Agama by Muhammad Habibi, Dyah Anugrah Pratama, Paisal Akbar, Tengku Imam Syarifuddin (editor)', NULL, 60, 'Asia/Jakarta', '/store/1/ebook/sampul.jpg', '/store/1/default_images/bacapustaka-cover_kategori.jpg', NULL, NULL, 0, NULL, NULL, 0, 0, 0, 0, 0, 0, 0, NULL, NULL, NULL, 'active', 1690269094, 1690269714, NULL),
(2922, 867, 867, 614, 'text_lesson', 0, 'Salahkah Berambisi', NULL, 60, 'Asia/Jakarta', '/store/1/ebook/sampul.jpg', '/store/1/default_images/bacapustaka-cover_kategori.jpg', NULL, NULL, 0, NULL, NULL, 0, 0, 0, 0, 0, 0, 0, NULL, NULL, NULL, 'active', 1690269094, 1690269714, NULL),
(2923, 867, 867, 614, 'text_lesson', 0, 'Samyutta Nikaya 1 Sagatha Vagga by Dhammacitta press', NULL, 60, 'Asia/Jakarta', '/store/1/ebook/sampul.jpg', '/store/1/default_images/bacapustaka-cover_kategori.jpg', NULL, NULL, 0, NULL, NULL, 0, 0, 0, 0, 0, 0, 0, NULL, NULL, NULL, 'active', 1690269094, 1690269714, NULL),
(2924, 867, 867, 614, 'text_lesson', 0, 'Samyutta Nikaya 1 Sagatha Vagga', NULL, 60, 'Asia/Jakarta', '/store/1/ebook/sampul.jpg', '/store/1/default_images/bacapustaka-cover_kategori.jpg', NULL, NULL, 0, NULL, NULL, 0, 0, 0, 0, 0, 0, 0, NULL, NULL, NULL, 'active', 1690269094, 1690269714, NULL),
(2925, 867, 867, 614, 'text_lesson', 0, 'Samyutta Nikaya 2 Nidana Vagga by Dhammacitta press', NULL, 60, 'Asia/Jakarta', '/store/1/ebook/sampul.jpg', '/store/1/default_images/bacapustaka-cover_kategori.jpg', NULL, NULL, 0, NULL, NULL, 0, 0, 0, 0, 0, 0, 0, NULL, NULL, NULL, 'active', 1690269094, 1690269714, NULL),
(2926, 867, 867, 614, 'text_lesson', 0, 'Samyutta Nikaya 2 Nidana Vagga', NULL, 60, 'Asia/Jakarta', '/store/1/ebook/sampul.jpg', '/store/1/default_images/bacapustaka-cover_kategori.jpg', NULL, NULL, 0, NULL, NULL, 0, 0, 0, 0, 0, 0, 0, NULL, NULL, NULL, 'active', 1690269094, 1690269714, NULL),
(2927, 867, 867, 614, 'text_lesson', 0, 'Samyutta Nikaya 3 Khanda Vagga by Dhammacitta press', NULL, 60, 'Asia/Jakarta', '/store/1/ebook/sampul.jpg', '/store/1/default_images/bacapustaka-cover_kategori.jpg', NULL, NULL, 0, NULL, NULL, 0, 0, 0, 0, 0, 0, 0, NULL, NULL, NULL, 'active', 1690269094, 1690269714, NULL),
(2928, 867, 867, 614, 'text_lesson', 0, 'Samyutta Nikaya 3 Khanda Vagga', NULL, 60, 'Asia/Jakarta', '/store/1/ebook/sampul.jpg', '/store/1/default_images/bacapustaka-cover_kategori.jpg', NULL, NULL, 0, NULL, NULL, 0, 0, 0, 0, 0, 0, 0, NULL, NULL, NULL, 'active', 1690269094, 1690269714, NULL),
(2929, 867, 867, 614, 'text_lesson', 0, 'Samyutta Nikaya 4 Sayalatana Vagga by Dhammacitta press', NULL, 60, 'Asia/Jakarta', '/store/1/ebook/sampul.jpg', '/store/1/default_images/bacapustaka-cover_kategori.jpg', NULL, NULL, 0, NULL, NULL, 0, 0, 0, 0, 0, 0, 0, NULL, NULL, NULL, 'active', 1690269094, 1690269714, NULL),
(2930, 867, 867, 614, 'text_lesson', 0, 'Samyutta Nikaya 4 Sayalatana Vagga', NULL, 60, 'Asia/Jakarta', '/store/1/ebook/sampul.jpg', '/store/1/default_images/bacapustaka-cover_kategori.jpg', NULL, NULL, 0, NULL, NULL, 0, 0, 0, 0, 0, 0, 0, NULL, NULL, NULL, 'active', 1690269094, 1690269714, NULL),
(2931, 867, 867, 614, 'text_lesson', 0, 'Samyutta Nikaya 5 Maha Vagga by Dhammacitta press', NULL, 60, 'Asia/Jakarta', '/store/1/ebook/sampul.jpg', '/store/1/default_images/bacapustaka-cover_kategori.jpg', NULL, NULL, 0, NULL, NULL, 0, 0, 0, 0, 0, 0, 0, NULL, NULL, NULL, 'active', 1690269094, 1690269714, NULL),
(2932, 867, 867, 614, 'text_lesson', 0, 'Samyutta Nikaya 5 Maha Vagga', NULL, 60, 'Asia/Jakarta', '/store/1/ebook/sampul.jpg', '/store/1/default_images/bacapustaka-cover_kategori.jpg', NULL, NULL, 0, NULL, NULL, 0, 0, 0, 0, 0, 0, 0, NULL, NULL, NULL, 'active', 1690269094, 1690269714, NULL),
(2933, 867, 867, 614, 'text_lesson', 0, 'Sang Manusia Sempurna Antara Filsafat Islam dan Hindu by Dr. Seyyed Mohsen Miri', NULL, 60, 'Asia/Jakarta', '/store/1/ebook/sampul.jpg', '/store/1/default_images/bacapustaka-cover_kategori.jpg', NULL, NULL, 0, NULL, NULL, 0, 0, 0, 0, 0, 0, 0, NULL, NULL, NULL, 'active', 1690269094, 1690269714, NULL),
(2934, 867, 867, 614, 'text_lesson', 0, 'Sarapan Pagi (Kumpulan motivasi)', NULL, 60, 'Asia/Jakarta', '/store/1/ebook/sampul.jpg', '/store/1/default_images/bacapustaka-cover_kategori.jpg', NULL, NULL, 0, NULL, NULL, 0, 0, 0, 0, 0, 0, 0, NULL, NULL, NULL, 'active', 1690269094, 1690269714, NULL),
(2935, 867, 867, 614, 'text_lesson', 0, 'Sariputta I', NULL, 60, 'Asia/Jakarta', '/store/1/ebook/sampul.jpg', '/store/1/default_images/bacapustaka-cover_kategori.jpg', NULL, NULL, 0, NULL, NULL, 0, 0, 0, 0, 0, 0, 0, NULL, NULL, NULL, 'active', 1690269094, 1690269714, NULL),
(2936, 867, 867, 614, 'text_lesson', 0, 'Sariputta II', NULL, 60, 'Asia/Jakarta', '/store/1/ebook/sampul.jpg', '/store/1/default_images/bacapustaka-cover_kategori.jpg', NULL, NULL, 0, NULL, NULL, 0, 0, 0, 0, 0, 0, 0, NULL, NULL, NULL, 'active', 1690269094, 1690269714, NULL),
(2937, 867, 867, 614, 'text_lesson', 0, 'satipatthana vipassana', NULL, 60, 'Asia/Jakarta', '/store/1/ebook/sampul.jpg', '/store/1/default_images/bacapustaka-cover_kategori.jpg', NULL, NULL, 0, NULL, NULL, 0, 0, 0, 0, 0, 0, 0, NULL, NULL, NULL, 'active', 1690269094, 1690269714, NULL),
(2938, 867, 867, 614, 'text_lesson', 0, 'Satu Bumi Banyak Agama Dialog Multi Agama dan Tanggung Jawab Global by Paul F. Knitter', NULL, 60, 'Asia/Jakarta', '/store/1/ebook/sampul.jpg', '/store/1/default_images/bacapustaka-cover_kategori.jpg', NULL, NULL, 0, NULL, NULL, 0, 0, 0, 0, 0, 0, 0, NULL, NULL, NULL, 'active', 1690269094, 1690269714, NULL),
(2939, 867, 867, 614, 'text_lesson', 0, 'Sebulan Pendalaman Dhamma Vihara Dhamma Rajasa', NULL, 60, 'Asia/Jakarta', '/store/1/ebook/sampul.jpg', '/store/1/default_images/bacapustaka-cover_kategori.jpg', NULL, NULL, 0, NULL, NULL, 0, 0, 0, 0, 0, 0, 0, NULL, NULL, NULL, 'active', 1690269094, 1690269714, NULL),
(2940, 867, 867, 614, 'text_lesson', 0, 'Segenggam Pasir', NULL, 60, 'Asia/Jakarta', '/store/1/ebook/sampul.jpg', '/store/1/default_images/bacapustaka-cover_kategori.jpg', NULL, NULL, 0, NULL, NULL, 0, 0, 0, 0, 0, 0, 0, NULL, NULL, NULL, 'active', 1690269094, 1690269714, NULL),
(2941, 867, 867, 614, 'text_lesson', 0, 'Sejarah Ideologi Dunia Kapitalisme, Sosialisme, Komunisme, Fasisme, Anarkisme, Anarkisme dan Marxisme, Konservatisme', NULL, 60, 'Asia/Jakarta', '/store/1/ebook/sampul.jpg', '/store/1/default_images/bacapustaka-cover_kategori.jpg', NULL, NULL, 0, NULL, NULL, 0, 0, 0, 0, 0, 0, 0, NULL, NULL, NULL, 'active', 1690269094, 1690269714, NULL),
(2942, 867, 867, 614, 'text_lesson', 0, 'Sejarah Teori Krisis Sebuah Pengantar Analisa Marxis by Anwar Shaikh', NULL, 60, 'Asia/Jakarta', '/store/1/ebook/sampul.jpg', '/store/1/default_images/bacapustaka-cover_kategori.jpg', NULL, NULL, 0, NULL, NULL, 0, 0, 0, 0, 0, 0, 0, NULL, NULL, NULL, 'active', 1690269094, 1690269714, NULL),
(2943, 867, 867, 614, 'text_lesson', 0, 'Sejarah Tuhan by Karen Armstrong', NULL, 60, 'Asia/Jakarta', '/store/1/ebook/sampul.jpg', '/store/1/default_images/bacapustaka-cover_kategori.jpg', NULL, NULL, 0, NULL, NULL, 0, 0, 0, 0, 0, 0, 0, NULL, NULL, NULL, 'active', 1690269094, 1690269714, NULL),
(2944, 867, 867, 614, 'text_lesson', 0, 'Seksualitas Dalam Buddhisme', NULL, 60, 'Asia/Jakarta', '/store/1/ebook/sampul.jpg', '/store/1/default_images/bacapustaka-cover_kategori.jpg', NULL, NULL, 0, NULL, NULL, 0, 0, 0, 0, 0, 0, 0, NULL, NULL, NULL, 'active', 1690269094, 1690269714, NULL),
(2945, 867, 867, 614, 'text_lesson', 0, 'Self Driving by Rhenald Kasali', NULL, 60, 'Asia/Jakarta', '/store/1/ebook/sampul.jpg', '/store/1/default_images/bacapustaka-cover_kategori.jpg', NULL, NULL, 0, NULL, NULL, 0, 0, 0, 0, 0, 0, 0, NULL, NULL, NULL, 'active', 1690269094, 1690269714, NULL),
(2946, 867, 867, 614, 'text_lesson', 0, 'seluruh alam bertasbih padaAllah SWT', NULL, 60, 'Asia/Jakarta', '/store/1/ebook/sampul.jpg', '/store/1/default_images/bacapustaka-cover_kategori.jpg', NULL, NULL, 0, NULL, NULL, 0, 0, 0, 0, 0, 0, 0, NULL, NULL, NULL, 'active', 1690269094, 1690269714, NULL),
(2947, 867, 867, 614, 'text_lesson', 0, 'Semua Manusia Bersaudara', NULL, 60, 'Asia/Jakarta', '/store/1/ebook/sampul.jpg', '/store/1/default_images/bacapustaka-cover_kategori.jpg', NULL, NULL, 0, NULL, NULL, 0, 0, 0, 0, 0, 0, 0, NULL, NULL, NULL, 'active', 1690269094, 1690269714, NULL),
(2948, 867, 867, 614, 'text_lesson', 0, 'Seni Budaya by Lukman et. al', NULL, 60, 'Asia/Jakarta', '/store/1/ebook/sampul.jpg', '/store/1/default_images/bacapustaka-cover_kategori.jpg', NULL, NULL, 0, NULL, NULL, 0, 0, 0, 0, 0, 0, 0, NULL, NULL, NULL, 'active', 1690269094, 1690269714, NULL),
(2949, 867, 867, 614, 'text_lesson', 0, 'senyum dong dunia belum kiamat lho', NULL, 60, 'Asia/Jakarta', '/store/1/ebook/sampul.jpg', '/store/1/default_images/bacapustaka-cover_kategori.jpg', NULL, NULL, 0, NULL, NULL, 0, 0, 0, 0, 0, 0, 0, NULL, NULL, NULL, 'active', 1690269094, 1690269714, NULL),
(2950, 867, 867, 614, 'text_lesson', 0, 'Sepasang utusan cepat', NULL, 60, 'Asia/Jakarta', '/store/1/ebook/sampul.jpg', '/store/1/default_images/bacapustaka-cover_kategori.jpg', NULL, NULL, 0, NULL, NULL, 0, 0, 0, 0, 0, 0, 0, NULL, NULL, NULL, 'active', 1690269094, 1690269714, NULL),
(2951, 867, 867, 614, 'text_lesson', 0, 'Sepuluh Ribu Hari Perjalanan Dhamma', NULL, 60, 'Asia/Jakarta', '/store/1/ebook/sampul.jpg', '/store/1/default_images/bacapustaka-cover_kategori.jpg', NULL, NULL, 0, NULL, NULL, 0, 0, 0, 0, 0, 0, 0, NULL, NULL, NULL, 'active', 1690269094, 1690269714, NULL),
(2952, 867, 867, 614, 'text_lesson', 0, 'Seri Studi Kebudayaan 1 Pluralisme, Multikulturalisme, dan Batas Batas Toleransi by Hipolitus K. Kewuel, dkk. (editor)', NULL, 60, 'Asia/Jakarta', '/store/1/ebook/sampul.jpg', '/store/1/default_images/bacapustaka-cover_kategori.jpg', NULL, NULL, 0, NULL, NULL, 0, 0, 0, 0, 0, 0, 0, NULL, NULL, NULL, 'active', 1690269094, 1690269714, NULL),
(2953, 867, 867, 614, 'text_lesson', 0, 'Shinto (World Religions)', NULL, 60, 'Asia/Jakarta', '/store/1/ebook/sampul.jpg', '/store/1/default_images/bacapustaka-cover_kategori.jpg', NULL, NULL, 0, NULL, NULL, 0, 0, 0, 0, 0, 0, 0, NULL, NULL, NULL, 'active', 1690269094, 1690269714, NULL),
(2954, 867, 867, 614, 'text_lesson', 0, 'Siapapun Dapat Ke Surga', NULL, 60, 'Asia/Jakarta', '/store/1/ebook/sampul.jpg', '/store/1/default_images/bacapustaka-cover_kategori.jpg', NULL, NULL, 0, NULL, NULL, 0, 0, 0, 0, 0, 0, 0, NULL, NULL, NULL, 'active', 1690269094, 1690269714, NULL),
(2955, 867, 867, 614, 'text_lesson', 0, 'Siasati Kematian Sebelum Sekarat', NULL, 60, 'Asia/Jakarta', '/store/1/ebook/sampul.jpg', '/store/1/default_images/bacapustaka-cover_kategori.jpg', NULL, NULL, 0, NULL, NULL, 0, 0, 0, 0, 0, 0, 0, NULL, NULL, NULL, 'active', 1690269094, 1690269714, NULL),
(2956, 867, 867, 614, 'text_lesson', 0, 'Siddhartha by Hermann Hesse', NULL, 60, 'Asia/Jakarta', '/store/1/ebook/sampul.jpg', '/store/1/default_images/bacapustaka-cover_kategori.jpg', NULL, NULL, 0, NULL, NULL, 0, 0, 0, 0, 0, 0, 0, NULL, NULL, NULL, 'active', 1690269094, 1690269714, NULL),
(2957, 867, 867, 614, 'text_lesson', 0, 'Siding and Acting Intorelantly Intolerance by Society and Restriction by the State inFreedom of Religion Belief in Indonesia by Ismail Hasani', NULL, 60, 'Asia/Jakarta', '/store/1/ebook/sampul.jpg', '/store/1/default_images/bacapustaka-cover_kategori.jpg', NULL, NULL, 0, NULL, NULL, 0, 0, 0, 0, 0, 0, 0, NULL, NULL, NULL, 'active', 1690269094, 1690269714, NULL),
(2958, 867, 867, 614, 'text_lesson', 0, 'Sihir Ciri ciri dan Penanggulangannya (2)', NULL, 60, 'Asia/Jakarta', '/store/1/ebook/sampul.jpg', '/store/1/default_images/bacapustaka-cover_kategori.jpg', NULL, NULL, 0, NULL, NULL, 0, 0, 0, 0, 0, 0, 0, NULL, NULL, NULL, 'active', 1690269094, 1690269714, NULL),
(2959, 867, 867, 614, 'text_lesson', 0, 'Sihir Ciri Ciri dan Penanggulangannya', NULL, 60, 'Asia/Jakarta', '/store/1/ebook/sampul.jpg', '/store/1/default_images/bacapustaka-cover_kategori.jpg', NULL, NULL, 0, NULL, NULL, 0, 0, 0, 0, 0, 0, 0, NULL, NULL, NULL, 'active', 1690269094, 1690269714, NULL),
(2960, 867, 867, 614, 'text_lesson', 0, 'Simbolisme dan Mistikisme dalam Wayang Sebuah Tinjauan Filosofis by Ir. Sri Mulyono ', NULL, 60, 'Asia/Jakarta', '/store/1/ebook/sampul.jpg', '/store/1/default_images/bacapustaka-cover_kategori.jpg', NULL, NULL, 0, NULL, NULL, 0, 0, 0, 0, 0, 0, 0, NULL, NULL, NULL, 'active', 1690269094, 1690269714, NULL),
(2961, 867, 867, 614, 'text_lesson', 0, 'Sirr al Asrar Secret Of The Secrets Hakikat Segala Rahasia Kehidupan by Syekh Abdul Qadir al Jailani', NULL, 60, 'Asia/Jakarta', '/store/1/ebook/sampul.jpg', '/store/1/default_images/bacapustaka-cover_kategori.jpg', NULL, NULL, 0, NULL, NULL, 0, 0, 0, 0, 0, 0, 0, NULL, NULL, NULL, 'active', 1690269094, 1690269714, NULL),
(2962, 867, 867, 614, 'text_lesson', 0, 'Sosiologi Agama dalam Konteks Indonesia by Muhamad Fajar Pramono', NULL, 60, 'Asia/Jakarta', '/store/1/ebook/sampul.jpg', '/store/1/default_images/bacapustaka-cover_kategori.jpg', NULL, NULL, 0, NULL, NULL, 0, 0, 0, 0, 0, 0, 0, NULL, NULL, NULL, 'active', 1690269094, 1690269714, NULL),
(2963, 867, 867, 614, 'text_lesson', 0, 'Sosiologi Agama Dari Klasik Hingga Postmodern by Dr. Sindung Haryanto, M.Si.', NULL, 60, 'Asia/Jakarta', '/store/1/ebook/sampul.jpg', '/store/1/default_images/bacapustaka-cover_kategori.jpg', NULL, NULL, 0, NULL, NULL, 0, 0, 0, 0, 0, 0, 0, NULL, NULL, NULL, 'active', 1690269094, 1690269714, NULL),
(2964, 867, 867, 614, 'text_lesson', 0, 'Sosiologi Agama Memahami Perkembangan Agama dalam Interaksi Sosial by Prof Dr. H. M. Ridwan Lubis', NULL, 60, 'Asia/Jakarta', '/store/1/ebook/sampul.jpg', '/store/1/default_images/bacapustaka-cover_kategori.jpg', NULL, NULL, 0, NULL, NULL, 0, 0, 0, 0, 0, 0, 0, NULL, NULL, NULL, 'active', 1690269094, 1690269714, NULL),
(2965, 867, 867, 614, 'text_lesson', 0, 'Sosiologi Islam Masyarakat Modern Teori, Fakta, dan Aksi Sosial by Dr. Syarifuddin Jurdi', NULL, 60, 'Asia/Jakarta', '/store/1/ebook/sampul.jpg', '/store/1/default_images/bacapustaka-cover_kategori.jpg', NULL, NULL, 0, NULL, NULL, 0, 0, 0, 0, 0, 0, 0, NULL, NULL, NULL, 'active', 1690269094, 1690269714, NULL),
(2966, 867, 867, 614, 'text_lesson', 0, 'Spiritualitas Agama Kesejatian di Tengah Keterbatasan Fisik by Marwati Biswan, MA.Kes.', NULL, 60, 'Asia/Jakarta', '/store/1/ebook/sampul.jpg', '/store/1/default_images/bacapustaka-cover_kategori.jpg', NULL, NULL, 0, NULL, NULL, 0, 0, 0, 0, 0, 0, 0, NULL, NULL, NULL, 'active', 1690269094, 1690269714, NULL),
(2967, 867, 867, 614, 'text_lesson', 0, 'Strategi Taktis Pendidikan Karakter (Untuk Paud dan Sekolah) by Dr. Zubaedi M.Ag., M.Pd.', NULL, 60, 'Asia/Jakarta', '/store/1/ebook/sampul.jpg', '/store/1/default_images/bacapustaka-cover_kategori.jpg', NULL, NULL, 0, NULL, NULL, 0, 0, 0, 0, 0, 0, 0, NULL, NULL, NULL, 'active', 1690269094, 1690269714, NULL),
(2968, 867, 867, 614, 'text_lesson', 0, 'Studi Dasar Filsafat by Tazkiyah Basa’ad', NULL, 60, 'Asia/Jakarta', '/store/1/ebook/sampul.jpg', '/store/1/default_images/bacapustaka-cover_kategori.jpg', NULL, NULL, 0, NULL, NULL, 0, 0, 0, 0, 0, 0, 0, NULL, NULL, NULL, 'active', 1690269094, 1690269714, NULL),
(2969, 867, 867, 614, 'text_lesson', 0, 'STUDI FILSAFAT 1 Pembacaan Atas Tradisi Islam Kontemporer by Hassan Hanafi', NULL, 60, 'Asia/Jakarta', '/store/1/ebook/sampul.jpg', '/store/1/default_images/bacapustaka-cover_kategori.jpg', NULL, NULL, 0, NULL, NULL, 0, 0, 0, 0, 0, 0, 0, NULL, NULL, NULL, 'active', 1690269094, 1690269714, NULL),
(2970, 867, 867, 614, 'text_lesson', 0, 'STUDI FILSAFAT 2 Pembacaan Atas Tradisi Barat Modern ', NULL, 60, 'Asia/Jakarta', '/store/1/ebook/sampul.jpg', '/store/1/default_images/bacapustaka-cover_kategori.jpg', NULL, NULL, 0, NULL, NULL, 0, 0, 0, 0, 0, 0, 0, NULL, NULL, NULL, 'active', 1690269094, 1690269714, NULL),
(2971, 867, 867, 614, 'text_lesson', 0, 'sudut hukum bukan dosa ternyata dosa', NULL, 60, 'Asia/Jakarta', '/store/1/ebook/sampul.jpg', '/store/1/default_images/bacapustaka-cover_kategori.jpg', NULL, NULL, 0, NULL, NULL, 0, 0, 0, 0, 0, 0, 0, NULL, NULL, NULL, 'active', 1690269094, 1690269714, NULL),
(2972, 867, 867, 614, 'text_lesson', 0, 'sudut hukum bukan salah tuhan mengazab', NULL, 60, 'Asia/Jakarta', '/store/1/ebook/sampul.jpg', '/store/1/default_images/bacapustaka-cover_kategori.jpg', NULL, NULL, 0, NULL, NULL, 0, 0, 0, 0, 0, 0, 0, NULL, NULL, NULL, 'active', 1690269094, 1690269714, NULL),
(2973, 867, 867, 614, 'text_lesson', 0, 'Sufisme Dalam Tafsir Nawawi by Dr. H. Kholilurrohman', NULL, 60, 'Asia/Jakarta', '/store/1/ebook/sampul.jpg', '/store/1/default_images/bacapustaka-cover_kategori.jpg', NULL, NULL, 0, NULL, NULL, 0, 0, 0, 0, 0, 0, 0, NULL, NULL, NULL, 'active', 1690269094, 1690269714, NULL),
(2974, 867, 867, 614, 'text_lesson', 0, 'Sufisme dan Pengembangan Pendidikan Karakter by Abdul Wahab Asy Syarani', NULL, 60, 'Asia/Jakarta', '/store/1/ebook/sampul.jpg', '/store/1/default_images/bacapustaka-cover_kategori.jpg', NULL, NULL, 0, NULL, NULL, 0, 0, 0, 0, 0, 0, 0, NULL, NULL, NULL, 'active', 1690269094, 1690269714, NULL),
(2975, 867, 867, 614, 'text_lesson', 0, 'sufistik dalam zaman pasca moden', NULL, 60, 'Asia/Jakarta', '/store/1/ebook/sampul.jpg', '/store/1/default_images/bacapustaka-cover_kategori.jpg', NULL, NULL, 0, NULL, NULL, 0, 0, 0, 0, 0, 0, 0, NULL, NULL, NULL, 'active', 1690269094, 1690269714, NULL),
(2976, 867, 867, 614, 'text_lesson', 0, 'Sufsime Lokal Mencari Akar Tradisi Tasawuf Indonesia by Drs. H. Suteja, M.Ag', NULL, 60, 'Asia/Jakarta', '/store/1/ebook/sampul.jpg', '/store/1/default_images/bacapustaka-cover_kategori.jpg', NULL, NULL, 0, NULL, NULL, 0, 0, 0, 0, 0, 0, 0, NULL, NULL, NULL, 'active', 1690269094, 1690269714, NULL),
(2977, 867, 867, 614, 'text_lesson', 0, 'SUMBER SUMBER HUKUM ISLAM', NULL, 60, 'Asia/Jakarta', '/store/1/ebook/sampul.jpg', '/store/1/default_images/bacapustaka-cover_kategori.jpg', NULL, NULL, 0, NULL, NULL, 0, 0, 0, 0, 0, 0, 0, NULL, NULL, NULL, 'active', 1690269094, 1690269714, NULL),
(2978, 867, 867, 614, 'text_lesson', 0, 'Super Spiritual Quotient (SSQ) Sosiologi Berpikir Qur`ani dan Revolusi Mental by Dr. Syahrul Akmal Latif, S.Ag, M.Si. dan Alfin el Fikri Ssq', NULL, 60, 'Asia/Jakarta', '/store/1/ebook/sampul.jpg', '/store/1/default_images/bacapustaka-cover_kategori.jpg', NULL, NULL, 0, NULL, NULL, 0, 0, 0, 0, 0, 0, 0, NULL, NULL, NULL, 'active', 1690269094, 1690269714, NULL),
(2979, 867, 867, 614, 'text_lesson', 0, 'surangama sutra', NULL, 60, 'Asia/Jakarta', '/store/1/ebook/sampul.jpg', '/store/1/default_images/bacapustaka-cover_kategori.jpg', NULL, NULL, 0, NULL, NULL, 0, 0, 0, 0, 0, 0, 0, NULL, NULL, NULL, 'active', 1690269094, 1690269714, NULL),
(2980, 867, 867, 614, 'text_lesson', 0, 'sutra altar hui neng (dharma permata) jilid 1', NULL, 60, 'Asia/Jakarta', '/store/1/ebook/sampul.jpg', '/store/1/default_images/bacapustaka-cover_kategori.jpg', NULL, NULL, 0, NULL, NULL, 0, 0, 0, 0, 0, 0, 0, NULL, NULL, NULL, 'active', 1690269094, 1690269714, NULL),
(2981, 867, 867, 614, 'text_lesson', 0, 'sutra altar hui neng (dharma permata) jilid 2', NULL, 60, 'Asia/Jakarta', '/store/1/ebook/sampul.jpg', '/store/1/default_images/bacapustaka-cover_kategori.jpg', NULL, NULL, 0, NULL, NULL, 0, 0, 0, 0, 0, 0, 0, NULL, NULL, NULL, 'active', 1690269094, 1690269714, NULL),
(2982, 867, 867, 614, 'text_lesson', 0, 'sutra bodhisattva maitreya', NULL, 60, 'Asia/Jakarta', '/store/1/ebook/sampul.jpg', '/store/1/default_images/bacapustaka-cover_kategori.jpg', NULL, NULL, 0, NULL, NULL, 0, 0, 0, 0, 0, 0, 0, NULL, NULL, NULL, 'active', 1690269094, 1690269714, NULL),
(2983, 867, 867, 614, 'text_lesson', 0, 'sutra intan', NULL, 60, 'Asia/Jakarta', '/store/1/ebook/sampul.jpg', '/store/1/default_images/bacapustaka-cover_kategori.jpg', NULL, NULL, 0, NULL, NULL, 0, 0, 0, 0, 0, 0, 0, NULL, NULL, NULL, 'active', 1690269094, 1690269714, NULL),
(2984, 867, 867, 614, 'text_lesson', 0, 'sutra ksitigharba bodhisattva', NULL, 60, 'Asia/Jakarta', '/store/1/ebook/sampul.jpg', '/store/1/default_images/bacapustaka-cover_kategori.jpg', NULL, NULL, 0, NULL, NULL, 0, 0, 0, 0, 0, 0, 0, NULL, NULL, NULL, 'active', 1690269094, 1690269714, NULL),
(2985, 867, 867, 614, 'text_lesson', 0, 'sutra pemutaran roda dharma', NULL, 60, 'Asia/Jakarta', '/store/1/ebook/sampul.jpg', '/store/1/default_images/bacapustaka-cover_kategori.jpg', NULL, NULL, 0, NULL, NULL, 0, 0, 0, 0, 0, 0, 0, NULL, NULL, NULL, 'active', 1690269094, 1690269714, NULL),
(2986, 867, 867, 614, 'text_lesson', 0, 'Syekh Baribin Misteri Sekar Jagad dan Atlantis Purba by HAS. Chamidi', NULL, 60, 'Asia/Jakarta', '/store/1/ebook/sampul.jpg', '/store/1/default_images/bacapustaka-cover_kategori.jpg', NULL, NULL, 0, NULL, NULL, 0, 0, 0, 0, 0, 0, 0, NULL, NULL, NULL, 'active', 1690269094, 1690269714, NULL),
(2987, 867, 867, 614, 'text_lesson', 0, 'Syekh Siti Jenar Makrifat dan Makna Kehidupan by Achmad Chodjim', NULL, 60, 'Asia/Jakarta', '/store/1/ebook/sampul.jpg', '/store/1/default_images/bacapustaka-cover_kategori.jpg', NULL, NULL, 0, NULL, NULL, 0, 0, 0, 0, 0, 0, 0, NULL, NULL, NULL, 'active', 1690269094, 1690269714, NULL),
(2988, 867, 867, 614, 'text_lesson', 0, 'Syiah Imamiah Mazhab ke 5', NULL, 60, 'Asia/Jakarta', '/store/1/ebook/sampul.jpg', '/store/1/default_images/bacapustaka-cover_kategori.jpg', NULL, NULL, 0, NULL, NULL, 0, 0, 0, 0, 0, 0, 0, NULL, NULL, NULL, 'active', 1690269094, 1690269714, NULL),
(2989, 867, 867, 614, 'text_lesson', 0, 'SYIAH IMAMIYAH Ideologi dan Ajarannya ', NULL, 60, 'Asia/Jakarta', '/store/1/ebook/sampul.jpg', '/store/1/default_images/bacapustaka-cover_kategori.jpg', NULL, NULL, 0, NULL, NULL, 0, 0, 0, 0, 0, 0, 0, NULL, NULL, NULL, 'active', 1690269094, 1690269714, NULL),
(2990, 867, 867, 614, 'text_lesson', 0, 'Syirik masyarakat indonesia perdana ahmad', NULL, 60, 'Asia/Jakarta', '/store/1/ebook/sampul.jpg', '/store/1/default_images/bacapustaka-cover_kategori.jpg', NULL, NULL, 0, NULL, NULL, 0, 0, 0, 0, 0, 0, 0, NULL, NULL, NULL, 'active', 1690269094, 1690269714, NULL),
(2991, 867, 867, 614, 'text_lesson', 0, 'Syukur Kepada Orang Tua', NULL, 60, 'Asia/Jakarta', '/store/1/ebook/sampul.jpg', '/store/1/default_images/bacapustaka-cover_kategori.jpg', NULL, NULL, 0, NULL, NULL, 0, 0, 0, 0, 0, 0, 0, NULL, NULL, NULL, 'active', 1690269094, 1690269714, NULL),
(2992, 867, 867, 614, 'text_lesson', 0, 'Tadabbur Al Quran Isu dan Cabaran Semasa by Sedek Ariffin, Khadher Ahmad, Selamat Amir', NULL, 60, 'Asia/Jakarta', '/store/1/ebook/sampul.jpg', '/store/1/default_images/bacapustaka-cover_kategori.jpg', NULL, NULL, 0, NULL, NULL, 0, 0, 0, 0, 0, 0, 0, NULL, NULL, NULL, 'active', 1690269094, 1690269714, NULL),
(2993, 867, 867, 614, 'text_lesson', 0, 'Tafsir Ayat Ayat Sufistik (Studi Komparatif Tafsir Al Qusyairi dan Al Jailani) by Irwan Muhibudin', NULL, 60, 'Asia/Jakarta', '/store/1/ebook/sampul.jpg', '/store/1/default_images/bacapustaka-cover_kategori.jpg', NULL, NULL, 0, NULL, NULL, 0, 0, 0, 0, 0, 0, 0, NULL, NULL, NULL, 'active', 1690269094, 1690269714, NULL);
INSERT INTO `webinars` (`id`, `teacher_id`, `creator_id`, `category_id`, `type`, `private`, `slug`, `start_date`, `duration`, `timezone`, `thumbnail`, `image_cover`, `video_demo`, `video_demo_source`, `capacity`, `price`, `organization_price`, `support`, `certificate`, `downloadable`, `partner_instructor`, `subscribe`, `forum`, `enable_waitlist`, `access_days`, `points`, `message_for_reviewer`, `status`, `created_at`, `updated_at`, `deleted_at`) VALUES
(2994, 867, 867, 614, 'text_lesson', 0, 'Tafsir Filsafat atas Kehidupan Risalah Seputar Wacana Filsafat dan Keislaman by M. Zainal Abidin', NULL, 60, 'Asia/Jakarta', '/store/1/ebook/sampul.jpg', '/store/1/default_images/bacapustaka-cover_kategori.jpg', NULL, NULL, 0, NULL, NULL, 0, 0, 0, 0, 0, 0, 0, NULL, NULL, NULL, 'active', 1690269094, 1690269714, NULL),
(2995, 867, 867, 614, 'text_lesson', 0, 'Tahlilan dan Haul Ritual Islam by Abu Ubaidah Yusuf bin Mukhtar As Sidawi', NULL, 60, 'Asia/Jakarta', '/store/1/ebook/sampul.jpg', '/store/1/default_images/bacapustaka-cover_kategori.jpg', NULL, NULL, 0, NULL, NULL, 0, 0, 0, 0, 0, 0, 0, NULL, NULL, NULL, 'active', 1690269094, 1690269714, NULL),
(2996, 867, 867, 614, 'text_lesson', 0, 'Tanggung Jawab Bersama', NULL, 60, 'Asia/Jakarta', '/store/1/ebook/sampul.jpg', '/store/1/default_images/bacapustaka-cover_kategori.jpg', NULL, NULL, 0, NULL, NULL, 0, 0, 0, 0, 0, 0, 0, NULL, NULL, NULL, 'active', 1690269094, 1690269714, NULL),
(2997, 867, 867, 614, 'text_lesson', 0, 'Tantra Tibet', NULL, 60, 'Asia/Jakarta', '/store/1/ebook/sampul.jpg', '/store/1/default_images/bacapustaka-cover_kategori.jpg', NULL, NULL, 0, NULL, NULL, 0, 0, 0, 0, 0, 0, 0, NULL, NULL, NULL, 'active', 1690269094, 1690269714, NULL),
(2998, 867, 867, 614, 'text_lesson', 0, 'tao te ching', NULL, 60, 'Asia/Jakarta', '/store/1/ebook/sampul.jpg', '/store/1/default_images/bacapustaka-cover_kategori.jpg', NULL, NULL, 0, NULL, NULL, 0, 0, 0, 0, 0, 0, 0, NULL, NULL, NULL, 'active', 1690269094, 1690269714, NULL),
(2999, 867, 867, 614, 'text_lesson', 0, 'Tarekat dalam Tasawwuf by Prof. Dr. H. Aboebakar Atjeh', NULL, 60, 'Asia/Jakarta', '/store/1/ebook/sampul.jpg', '/store/1/default_images/bacapustaka-cover_kategori.jpg', NULL, NULL, 0, NULL, NULL, 0, 0, 0, 0, 0, 0, 0, NULL, NULL, NULL, 'active', 1690269094, 1690269714, NULL),
(3000, 867, 867, 614, 'text_lesson', 0, 'Tarekat dan Mistisme dalam Islam by Awaliah Musgamy', NULL, 60, 'Asia/Jakarta', '/store/1/ebook/sampul.jpg', '/store/1/default_images/bacapustaka-cover_kategori.jpg', NULL, NULL, 0, NULL, NULL, 0, 0, 0, 0, 0, 0, 0, NULL, NULL, NULL, 'active', 1690269094, 1690269714, NULL),
(3001, 867, 867, 614, 'text_lesson', 0, 'Tarekat Naqsabandiyah di Kepulauan Melayu Kajian Atas Naskah Kaifiyah Al Zikir ‘Ala Tharīqah An Naqsabandiyah Al Mujaddidiyah Al Ahmadiyah by Dr Muhammad Faisal, M.Ag.', NULL, 60, 'Asia/Jakarta', '/store/1/ebook/sampul.jpg', '/store/1/default_images/bacapustaka-cover_kategori.jpg', NULL, NULL, 0, NULL, NULL, 0, 0, 0, 0, 0, 0, 0, NULL, NULL, NULL, 'active', 1690269094, 1690269714, NULL),
(3002, 867, 867, 614, 'text_lesson', 0, 'Tarekat Naqsyabandiyah Khalidiyah Babussalam (TNKB) Dari Doktrin, Seni hingga Arsitektur by Ziaulhaq Hidayat (editor)', NULL, 60, 'Asia/Jakarta', '/store/1/ebook/sampul.jpg', '/store/1/default_images/bacapustaka-cover_kategori.jpg', NULL, NULL, 0, NULL, NULL, 0, 0, 0, 0, 0, 0, 0, NULL, NULL, NULL, 'active', 1690269094, 1690269714, NULL),
(3003, 867, 867, 614, 'text_lesson', 0, 'Tasawuf Amali Bagi Pencari Tuhan by Dr. A. Gani, S.Ag., S.H., M.Ag.', NULL, 60, 'Asia/Jakarta', '/store/1/ebook/sampul.jpg', '/store/1/default_images/bacapustaka-cover_kategori.jpg', NULL, NULL, 0, NULL, NULL, 0, 0, 0, 0, 0, 0, 0, NULL, NULL, NULL, 'active', 1690269094, 1690269714, NULL),
(3004, 867, 867, 614, 'text_lesson', 0, 'TASAWUF ANTARA AL GHAZALI DAN IBNU TAIMIYAH by Dr. Abdul Fattah Sayyid Ahmad ', NULL, 60, 'Asia/Jakarta', '/store/1/ebook/sampul.jpg', '/store/1/default_images/bacapustaka-cover_kategori.jpg', NULL, NULL, 0, NULL, NULL, 0, 0, 0, 0, 0, 0, 0, NULL, NULL, NULL, 'active', 1690269094, 1690269714, NULL),
(3005, 867, 867, 614, 'text_lesson', 0, 'Tasawuf dan pluralisme by Yasin, H', NULL, 60, 'Asia/Jakarta', '/store/1/ebook/sampul.jpg', '/store/1/default_images/bacapustaka-cover_kategori.jpg', NULL, NULL, 0, NULL, NULL, 0, 0, 0, 0, 0, 0, 0, NULL, NULL, NULL, 'active', 1690269094, 1690269714, NULL),
(3006, 867, 867, 614, 'text_lesson', 0, 'Tasawuf di Nusantara Tadarus Tasawuf Tarekat by DR. H. Suteja, M.Ag.', NULL, 60, 'Asia/Jakarta', '/store/1/ebook/sampul.jpg', '/store/1/default_images/bacapustaka-cover_kategori.jpg', NULL, NULL, 0, NULL, NULL, 0, 0, 0, 0, 0, 0, 0, NULL, NULL, NULL, 'active', 1690269094, 1690269714, NULL),
(3007, 867, 867, 614, 'text_lesson', 0, 'Tasawuf for Beginner', NULL, 60, 'Asia/Jakarta', '/store/1/ebook/sampul.jpg', '/store/1/default_images/bacapustaka-cover_kategori.jpg', NULL, NULL, 0, NULL, NULL, 0, 0, 0, 0, 0, 0, 0, NULL, NULL, NULL, 'active', 1690269094, 1690269714, NULL),
(3008, 867, 867, 614, 'text_lesson', 0, 'Tasawuf Mulla Shadra by Khalid Al Walid', NULL, 60, 'Asia/Jakarta', '/store/1/ebook/sampul.jpg', '/store/1/default_images/bacapustaka-cover_kategori.jpg', NULL, NULL, 0, NULL, NULL, 0, 0, 0, 0, 0, 0, 0, NULL, NULL, NULL, 'active', 1690269094, 1690269714, NULL),
(3009, 867, 867, 614, 'text_lesson', 0, 'Tashawuf dan Ahli ahli Tashawuf', NULL, 60, 'Asia/Jakarta', '/store/1/ebook/sampul.jpg', '/store/1/default_images/bacapustaka-cover_kategori.jpg', NULL, NULL, 0, NULL, NULL, 0, 0, 0, 0, 0, 0, 0, NULL, NULL, NULL, 'active', 1690269094, 1690269714, NULL),
(3010, 867, 867, 614, 'text_lesson', 0, 'tata cara qurban tuntunan nabi al utsaimin', NULL, 60, 'Asia/Jakarta', '/store/1/ebook/sampul.jpg', '/store/1/default_images/bacapustaka-cover_kategori.jpg', NULL, NULL, 0, NULL, NULL, 0, 0, 0, 0, 0, 0, 0, NULL, NULL, NULL, 'active', 1690269094, 1690269714, NULL),
(3011, 867, 867, 614, 'text_lesson', 0, 'Tawasul Mencari Allah dan Rasul Lewat Jalan Guru by Muhammad Luthfi Ghozali', NULL, 60, 'Asia/Jakarta', '/store/1/ebook/sampul.jpg', '/store/1/default_images/bacapustaka-cover_kategori.jpg', NULL, NULL, 0, NULL, NULL, 0, 0, 0, 0, 0, 0, 0, NULL, NULL, NULL, 'active', 1690269094, 1690269714, NULL),
(3012, 867, 867, 614, 'text_lesson', 0, 'Tentang Manusia Dari Pikiran, Pemahaman sampai dengan Perdamaian Dunia by Reza Alexander Antonius Wattimena', NULL, 60, 'Asia/Jakarta', '/store/1/ebook/sampul.jpg', '/store/1/default_images/bacapustaka-cover_kategori.jpg', NULL, NULL, 0, NULL, NULL, 0, 0, 0, 0, 0, 0, 0, NULL, NULL, NULL, 'active', 1690269094, 1690269714, NULL),
(3013, 867, 867, 614, 'text_lesson', 0, 'Teokrasi Kontemporer Integrasi Teologi dan Politik dalam Negara Islam by Salamuddin Candiki Repantu', NULL, 60, 'Asia/Jakarta', '/store/1/ebook/sampul.jpg', '/store/1/default_images/bacapustaka-cover_kategori.jpg', NULL, NULL, 0, NULL, NULL, 0, 0, 0, 0, 0, 0, 0, NULL, NULL, NULL, 'active', 1690269094, 1690269714, NULL),
(3014, 867, 867, 614, 'text_lesson', 0, 'Teolog Versus Filosof Debat tentang Tuhan dan Alam antara Teolog dengan Filsuf Peripatetik by Dr. Mambaul Ngadhimah, M.Ag.', NULL, 60, 'Asia/Jakarta', '/store/1/ebook/sampul.jpg', '/store/1/default_images/bacapustaka-cover_kategori.jpg', NULL, NULL, 0, NULL, NULL, 0, 0, 0, 0, 0, 0, 0, NULL, NULL, NULL, 'active', 1690269094, 1690269714, NULL),
(3015, 867, 867, 614, 'text_lesson', 0, 'Teologi Damai Rekonstruksi Paradigmatik Relasi Kristen dan Islam by Dr. Abdullah, M.Ag.', NULL, 60, 'Asia/Jakarta', '/store/1/ebook/sampul.jpg', '/store/1/default_images/bacapustaka-cover_kategori.jpg', NULL, NULL, 0, NULL, NULL, 0, 0, 0, 0, 0, 0, 0, NULL, NULL, NULL, 'active', 1690269094, 1690269714, NULL),
(3016, 867, 867, 614, 'text_lesson', 0, 'Teologi Feminisme Islam by Syarif Hidayatullah, M.Ag., M.A.', NULL, 60, 'Asia/Jakarta', '/store/1/ebook/sampul.jpg', '/store/1/default_images/bacapustaka-cover_kategori.jpg', NULL, NULL, 0, NULL, NULL, 0, 0, 0, 0, 0, 0, 0, NULL, NULL, NULL, 'active', 1690269094, 1690269714, NULL),
(3017, 867, 867, 614, 'text_lesson', 0, 'Teologi Kaum Tarekat by Dr. H. Ahmad Amir Aziz, M.Ag.', NULL, 60, 'Asia/Jakarta', '/store/1/ebook/sampul.jpg', '/store/1/default_images/bacapustaka-cover_kategori.jpg', NULL, NULL, 0, NULL, NULL, 0, 0, 0, 0, 0, 0, 0, NULL, NULL, NULL, 'active', 1690269094, 1690269714, NULL),
(3018, 867, 867, 614, 'text_lesson', 0, 'TEOLOGI MUSLIM PURITAN (Genealogi dan Ajaran Salafi) by Dr. Arrazy Hasyim, MA', NULL, 60, 'Asia/Jakarta', '/store/1/ebook/sampul.jpg', '/store/1/default_images/bacapustaka-cover_kategori.jpg', NULL, NULL, 0, NULL, NULL, 0, 0, 0, 0, 0, 0, 0, NULL, NULL, NULL, 'active', 1690269094, 1690269714, NULL),
(3019, 867, 867, 614, 'text_lesson', 0, 'Teologi Pembebasan Kritik Marxisme Marxisme Kritis by Michael Lowy', NULL, 60, 'Asia/Jakarta', '/store/1/ebook/sampul.jpg', '/store/1/default_images/bacapustaka-cover_kategori.jpg', NULL, NULL, 0, NULL, NULL, 0, 0, 0, 0, 0, 0, 0, NULL, NULL, NULL, 'active', 1690269094, 1690269714, NULL),
(3020, 867, 867, 614, 'text_lesson', 0, 'Teologi Perjanjian Baru by Leon Morris', NULL, 60, 'Asia/Jakarta', '/store/1/ebook/sampul.jpg', '/store/1/default_images/bacapustaka-cover_kategori.jpg', NULL, NULL, 0, NULL, NULL, 0, 0, 0, 0, 0, 0, 0, NULL, NULL, NULL, 'active', 1690269094, 1690269714, NULL),
(3021, 867, 867, 614, 'text_lesson', 0, 'Teologi Sistematika by Henry Theissen', NULL, 60, 'Asia/Jakarta', '/store/1/ebook/sampul.jpg', '/store/1/default_images/bacapustaka-cover_kategori.jpg', NULL, NULL, 0, NULL, NULL, 0, 0, 0, 0, 0, 0, 0, NULL, NULL, NULL, 'active', 1690269094, 1690269714, NULL),
(3022, 867, 867, 614, 'text_lesson', 0, 'Teori dasar Qi Gong dalam Agama Tao by Dr. I. D. Lika, Msc, ', NULL, 60, 'Asia/Jakarta', '/store/1/ebook/sampul.jpg', '/store/1/default_images/bacapustaka-cover_kategori.jpg', NULL, NULL, 0, NULL, NULL, 0, 0, 0, 0, 0, 0, 0, NULL, NULL, NULL, 'active', 1690269094, 1690269714, NULL),
(3023, 867, 867, 614, 'text_lesson', 0, 'Teori Pergerakan Sosial by Robert Mirsel', NULL, 60, 'Asia/Jakarta', '/store/1/ebook/sampul.jpg', '/store/1/default_images/bacapustaka-cover_kategori.jpg', NULL, NULL, 0, NULL, NULL, 0, 0, 0, 0, 0, 0, 0, NULL, NULL, NULL, 'active', 1690269094, 1690269714, NULL),
(3024, 867, 867, 614, 'text_lesson', 0, 'Teori Sosiologi Modern by George Ritzer, Douglas J Goodman', NULL, 60, 'Asia/Jakarta', '/store/1/ebook/sampul.jpg', '/store/1/default_images/bacapustaka-cover_kategori.jpg', NULL, NULL, 0, NULL, NULL, 0, 0, 0, 0, 0, 0, 0, NULL, NULL, NULL, 'active', 1690269094, 1690269714, NULL),
(3025, 867, 867, 614, 'text_lesson', 0, 'Teori teori Sosial dalam Tiga Paradigma by Prof. Dr. I.B. Wirawan', NULL, 60, 'Asia/Jakarta', '/store/1/ebook/sampul.jpg', '/store/1/default_images/bacapustaka-cover_kategori.jpg', NULL, NULL, 0, NULL, NULL, 0, 0, 0, 0, 0, 0, 0, NULL, NULL, NULL, 'active', 1690269094, 1690269714, NULL),
(3026, 867, 867, 614, 'text_lesson', 0, 'tercecer dari dialog dengan alam spiritual', NULL, 60, 'Asia/Jakarta', '/store/1/ebook/sampul.jpg', '/store/1/default_images/bacapustaka-cover_kategori.jpg', NULL, NULL, 0, NULL, NULL, 0, 0, 0, 0, 0, 0, 0, NULL, NULL, NULL, 'active', 1690269094, 1690269714, NULL),
(3027, 867, 867, 614, 'text_lesson', 0, 'Terjemah Daqoiqul Akhbar', NULL, 60, 'Asia/Jakarta', '/store/1/ebook/sampul.jpg', '/store/1/default_images/bacapustaka-cover_kategori.jpg', NULL, NULL, 0, NULL, NULL, 0, 0, 0, 0, 0, 0, 0, NULL, NULL, NULL, 'active', 1690269094, 1690269714, NULL),
(3028, 867, 867, 614, 'text_lesson', 0, 'The God Delusion by Richard Dawkins', NULL, 60, 'Asia/Jakarta', '/store/1/ebook/sampul.jpg', '/store/1/default_images/bacapustaka-cover_kategori.jpg', NULL, NULL, 0, NULL, NULL, 0, 0, 0, 0, 0, 0, 0, NULL, NULL, NULL, 'active', 1690269094, 1690269714, NULL),
(3029, 867, 867, 614, 'text_lesson', 0, 'The Greatest Philosophers 100 Tokoh Filsuf Barat dari Abad 6 SM Abad 21 yang Menginspirasi Dunia Bisnis by Kumara Ari Yuana', NULL, 60, 'Asia/Jakarta', '/store/1/ebook/sampul.jpg', '/store/1/default_images/bacapustaka-cover_kategori.jpg', NULL, NULL, 0, NULL, NULL, 0, 0, 0, 0, 0, 0, 0, NULL, NULL, NULL, 'active', 1690269094, 1690269714, NULL),
(3030, 867, 867, 614, 'text_lesson', 0, 'The Power of Story (100 Kisah Inspiratif Penghidup Hati) by Imron Fauzi', NULL, 60, 'Asia/Jakarta', '/store/1/ebook/sampul.jpg', '/store/1/default_images/bacapustaka-cover_kategori.jpg', NULL, NULL, 0, NULL, NULL, 0, 0, 0, 0, 0, 0, 0, NULL, NULL, NULL, 'active', 1690269094, 1690269714, NULL),
(3031, 867, 867, 614, 'text_lesson', 0, 'Theologi Islam Ilmu Tauhid by Drs. Hadis Purba, MA. dan Dr. Sakamuddin, MA', NULL, 60, 'Asia/Jakarta', '/store/1/ebook/sampul.jpg', '/store/1/default_images/bacapustaka-cover_kategori.jpg', NULL, NULL, 0, NULL, NULL, 0, 0, 0, 0, 0, 0, 0, NULL, NULL, NULL, 'active', 1690269094, 1690269714, NULL),
(3032, 867, 867, 614, 'text_lesson', 0, 'Theragatha Syair Syair Bhikkhu Senior', NULL, 60, 'Asia/Jakarta', '/store/1/ebook/sampul.jpg', '/store/1/default_images/bacapustaka-cover_kategori.jpg', NULL, NULL, 0, NULL, NULL, 0, 0, 0, 0, 0, 0, 0, NULL, NULL, NULL, 'active', 1690269094, 1690269714, NULL),
(3033, 867, 867, 614, 'text_lesson', 0, 'tidak ada ajahn chah', NULL, 60, 'Asia/Jakarta', '/store/1/ebook/sampul.jpg', '/store/1/default_images/bacapustaka-cover_kategori.jpg', NULL, NULL, 0, NULL, NULL, 0, 0, 0, 0, 0, 0, 0, NULL, NULL, NULL, 'active', 1690269094, 1690269714, NULL),
(3034, 867, 867, 614, 'text_lesson', 0, 'Tokoh Filsuf dan Era Keemasan Filsafat by Nurnaningsih Nawawi', NULL, 60, 'Asia/Jakarta', '/store/1/ebook/sampul.jpg', '/store/1/default_images/bacapustaka-cover_kategori.jpg', NULL, NULL, 0, NULL, NULL, 0, 0, 0, 0, 0, 0, 0, NULL, NULL, NULL, 'active', 1690269094, 1690269714, NULL),
(3035, 867, 867, 614, 'text_lesson', 0, 'Tokoh Sabdopalon Rekonstruksi Pemaknaan Politik Kebudayaan Hindu Islam di Jawa by I Nengah Duija', NULL, 60, 'Asia/Jakarta', '/store/1/ebook/sampul.jpg', '/store/1/default_images/bacapustaka-cover_kategori.jpg', NULL, NULL, 0, NULL, NULL, 0, 0, 0, 0, 0, 0, 0, NULL, NULL, NULL, 'active', 1690269094, 1690269714, NULL),
(3036, 867, 867, 614, 'text_lesson', 0, 'Toleransi dan Perkauman Keberagaman dalam Perspektif Agama Agama dan Etnis Etnis by TM. Dhani Iqbal (editor)', NULL, 60, 'Asia/Jakarta', '/store/1/ebook/sampul.jpg', '/store/1/default_images/bacapustaka-cover_kategori.jpg', NULL, NULL, 0, NULL, NULL, 0, 0, 0, 0, 0, 0, 0, NULL, NULL, NULL, 'active', 1690269094, 1690269714, NULL),
(3037, 867, 867, 614, 'text_lesson', 0, 'Toleransi yang Otentik by Abdul Mu’ti', NULL, 60, 'Asia/Jakarta', '/store/1/ebook/sampul.jpg', '/store/1/default_images/bacapustaka-cover_kategori.jpg', NULL, NULL, 0, NULL, NULL, 0, 0, 0, 0, 0, 0, 0, NULL, NULL, NULL, 'active', 1690269094, 1690269714, NULL),
(3038, 867, 867, 614, 'text_lesson', 0, 'Tradisi Kebudayaan Nusantara by Sumanto Al Qurtuby Izak Y.M. Lattu (editor)', NULL, 60, 'Asia/Jakarta', '/store/1/ebook/sampul.jpg', '/store/1/default_images/bacapustaka-cover_kategori.jpg', NULL, NULL, 0, NULL, NULL, 0, 0, 0, 0, 0, 0, 0, NULL, NULL, NULL, 'active', 1690269094, 1690269714, NULL),
(3039, 867, 867, 614, 'text_lesson', 0, 'Tradisi Amaliyah Warga NU Tahlilan, Hadiyuan, Dzikir, Yasinan, Ziarah Kubur by Sutejo Ibnu Pakar', NULL, 60, 'Asia/Jakarta', '/store/1/ebook/sampul.jpg', '/store/1/default_images/bacapustaka-cover_kategori.jpg', NULL, NULL, 0, NULL, NULL, 0, 0, 0, 0, 0, 0, 0, NULL, NULL, NULL, 'active', 1690269094, 1690269714, NULL),
(3040, 867, 867, 614, 'text_lesson', 0, 'Tradisi Utama Buddhisme', NULL, 60, 'Asia/Jakarta', '/store/1/ebook/sampul.jpg', '/store/1/default_images/bacapustaka-cover_kategori.jpg', NULL, NULL, 0, NULL, NULL, 0, 0, 0, 0, 0, 0, 0, NULL, NULL, NULL, 'active', 1690269094, 1690269714, NULL),
(3041, 867, 867, 614, 'text_lesson', 0, 'trilogi jalan keselamatan', NULL, 60, 'Asia/Jakarta', '/store/1/ebook/sampul.jpg', '/store/1/default_images/bacapustaka-cover_kategori.jpg', NULL, NULL, 0, NULL, NULL, 0, 0, 0, 0, 0, 0, 0, NULL, NULL, NULL, 'active', 1690269094, 1690269714, NULL),
(3042, 867, 867, 614, 'text_lesson', 0, 'Tujuh Filsuf Muslim', NULL, 60, 'Asia/Jakarta', '/store/1/ebook/sampul.jpg', '/store/1/default_images/bacapustaka-cover_kategori.jpg', NULL, NULL, 0, NULL, NULL, 0, 0, 0, 0, 0, 0, 0, NULL, NULL, NULL, 'active', 1690269094, 1690269714, NULL),
(3043, 867, 867, 614, 'text_lesson', 0, 'Ucapan Benar', NULL, 60, 'Asia/Jakarta', '/store/1/ebook/sampul.jpg', '/store/1/default_images/bacapustaka-cover_kategori.jpg', NULL, NULL, 0, NULL, NULL, 0, 0, 0, 0, 0, 0, 0, NULL, NULL, NULL, 'active', 1690269094, 1690269714, NULL),
(3044, 867, 867, 614, 'text_lesson', 0, 'Umar Tilmatsani Pemerintahan Agama', NULL, 60, 'Asia/Jakarta', '/store/1/ebook/sampul.jpg', '/store/1/default_images/bacapustaka-cover_kategori.jpg', NULL, NULL, 0, NULL, NULL, 0, 0, 0, 0, 0, 0, 0, NULL, NULL, NULL, 'active', 1690269094, 1690269714, NULL),
(3045, 867, 867, 614, 'text_lesson', 0, 'Umat Bergerak Mobilisasi Damai Kaum Islamis di Indonesia, Malaysia, dan Turki by Dr. Julie Chernov Hwang PhD', NULL, 60, 'Asia/Jakarta', '/store/1/ebook/sampul.jpg', '/store/1/default_images/bacapustaka-cover_kategori.jpg', NULL, NULL, 0, NULL, NULL, 0, 0, 0, 0, 0, 0, 0, NULL, NULL, NULL, 'active', 1690269094, 1690269714, NULL),
(3046, 867, 867, 614, 'text_lesson', 0, 'Unravelling the Mysteries of Mind Body through Abhidhamma (Mengungkap Misteri Batin dan Jasmani Melalui Abhidhamma) by Sayalay Susila', NULL, 60, 'Asia/Jakarta', '/store/1/ebook/sampul.jpg', '/store/1/default_images/bacapustaka-cover_kategori.jpg', NULL, NULL, 0, NULL, NULL, 0, 0, 0, 0, 0, 0, 0, NULL, NULL, NULL, 'active', 1690269094, 1690269714, NULL),
(3047, 867, 867, 614, 'text_lesson', 0, 'Upasaka & Upasika Ariya', NULL, 60, 'Asia/Jakarta', '/store/1/ebook/sampul.jpg', '/store/1/default_images/bacapustaka-cover_kategori.jpg', NULL, NULL, 0, NULL, NULL, 0, 0, 0, 0, 0, 0, 0, NULL, NULL, NULL, 'active', 1690269094, 1690269714, NULL),
(3048, 867, 867, 614, 'text_lesson', 0, 'Uraian Mengenai Tumbuhan', NULL, 60, 'Asia/Jakarta', '/store/1/ebook/sampul.jpg', '/store/1/default_images/bacapustaka-cover_kategori.jpg', NULL, NULL, 0, NULL, NULL, 0, 0, 0, 0, 0, 0, 0, NULL, NULL, NULL, 'active', 1690269094, 1690269714, NULL),
(3049, 867, 867, 614, 'text_lesson', 0, 'Venerable Acariya Man Bhuridatta Thera A Spiritual Biography', NULL, 60, 'Asia/Jakarta', '/store/1/ebook/sampul.jpg', '/store/1/default_images/bacapustaka-cover_kategori.jpg', NULL, NULL, 0, NULL, NULL, 0, 0, 0, 0, 0, 0, 0, NULL, NULL, NULL, 'active', 1690269094, 1690269714, NULL),
(3050, 867, 867, 614, 'text_lesson', 0, 'vinaya pitaka volume i suttavibhanga', NULL, 60, 'Asia/Jakarta', '/store/1/ebook/sampul.jpg', '/store/1/default_images/bacapustaka-cover_kategori.jpg', NULL, NULL, 0, NULL, NULL, 0, 0, 0, 0, 0, 0, 0, NULL, NULL, NULL, 'active', 1690269094, 1690269714, NULL),
(3051, 867, 867, 614, 'text_lesson', 0, 'VISUDDHI MAGGA INA', NULL, 60, 'Asia/Jakarta', '/store/1/ebook/sampul.jpg', '/store/1/default_images/bacapustaka-cover_kategori.jpg', NULL, NULL, 0, NULL, NULL, 0, 0, 0, 0, 0, 0, 0, NULL, NULL, NULL, 'active', 1690269094, 1690269714, NULL),
(3052, 867, 867, 614, 'text_lesson', 0, 'Wacana Praktik Pluralisme Keagamaan di Indonesia by Ahmad Zainul Hamdi Muktafi', NULL, 60, 'Asia/Jakarta', '/store/1/ebook/sampul.jpg', '/store/1/default_images/bacapustaka-cover_kategori.jpg', NULL, NULL, 0, NULL, NULL, 0, 0, 0, 0, 0, 0, 0, NULL, NULL, NULL, 'active', 1690269094, 1690269714, NULL),
(3053, 867, 867, 614, 'text_lesson', 0, 'Wanita Dalam Sutta', NULL, 60, 'Asia/Jakarta', '/store/1/ebook/sampul.jpg', '/store/1/default_images/bacapustaka-cover_kategori.jpg', NULL, NULL, 0, NULL, NULL, 0, 0, 0, 0, 0, 0, 0, NULL, NULL, NULL, 'active', 1690269094, 1690269714, NULL),
(3054, 867, 867, 614, 'text_lesson', 0, 'Wasiat Ibn Arabi Kupasan Hakekat dan Marifat dalam Tasawwuf Islam by Atjeh Aboebakar H.', NULL, 60, 'Asia/Jakarta', '/store/1/ebook/sampul.jpg', '/store/1/default_images/bacapustaka-cover_kategori.jpg', NULL, NULL, 0, NULL, NULL, 0, 0, 0, 0, 0, 0, 0, NULL, NULL, NULL, 'active', 1690269094, 1690269714, NULL),
(3055, 867, 867, 614, 'text_lesson', 0, 'Wawasan Al Quran Tafsir tematik Quraish Shihab ', NULL, 60, 'Asia/Jakarta', '/store/1/ebook/sampul.jpg', '/store/1/default_images/bacapustaka-cover_kategori.jpg', NULL, NULL, 0, NULL, NULL, 0, 0, 0, 0, 0, 0, 0, NULL, NULL, NULL, 'active', 1690269094, 1690269714, NULL),
(3056, 867, 867, 614, 'text_lesson', 0, 'Weddhatama Jinarwa R. Tanojo TB. Pelajar', NULL, 60, 'Asia/Jakarta', '/store/1/ebook/sampul.jpg', '/store/1/default_images/bacapustaka-cover_kategori.jpg', NULL, NULL, 0, NULL, NULL, 0, 0, 0, 0, 0, 0, 0, NULL, NULL, NULL, 'active', 1690269094, 1690269714, NULL),
(3057, 867, 867, 614, 'text_lesson', 0, 'Who Am I Kenali Diri Anda dan Raihlah Kesuksesan Dunia Akhirat by Antye Al Inqilabi', NULL, 60, 'Asia/Jakarta', '/store/1/ebook/sampul.jpg', '/store/1/default_images/bacapustaka-cover_kategori.jpg', NULL, NULL, 0, NULL, NULL, 0, 0, 0, 0, 0, 0, 0, NULL, NULL, NULL, 'active', 1690269094, 1690269714, NULL),
(3058, 867, 867, 614, 'text_lesson', 0, 'Wujud Wanita Avalokitesvara', NULL, 60, 'Asia/Jakarta', '/store/1/ebook/sampul.jpg', '/store/1/default_images/bacapustaka-cover_kategori.jpg', NULL, NULL, 0, NULL, NULL, 0, 0, 0, 0, 0, 0, 0, NULL, NULL, NULL, 'active', 1690269094, 1690269714, NULL),
(3059, 867, 867, 614, 'text_lesson', 0, 'Xu Yun (Awan Kosong) Otobiografi Seorang Chinese Zen Master by Ivan Taniputera (penerjemah) ', NULL, 60, 'Asia/Jakarta', '/store/1/ebook/sampul.jpg', '/store/1/default_images/bacapustaka-cover_kategori.jpg', NULL, NULL, 0, NULL, NULL, 0, 0, 0, 0, 0, 0, 0, NULL, NULL, NULL, 'active', 1690269094, 1690269714, NULL),
(3060, 867, 867, 614, 'text_lesson', 0, 'Yang Mengenal Dirinya Yang Mengenal Tuhannya by Jalaluddin Rumi', NULL, 60, 'Asia/Jakarta', '/store/1/ebook/sampul.jpg', '/store/1/default_images/bacapustaka-cover_kategori.jpg', NULL, NULL, 0, NULL, NULL, 0, 0, 0, 0, 0, 0, 0, NULL, NULL, NULL, 'active', 1690269094, 1690269714, NULL),
(3061, 867, 867, 614, 'text_lesson', 0, 'zen kunci menuju kebahagiaan tersembunyi', NULL, 60, 'Asia/Jakarta', '/store/1/ebook/sampul.jpg', '/store/1/default_images/bacapustaka-cover_kategori.jpg', NULL, NULL, 0, NULL, NULL, 0, 0, 0, 0, 0, 0, 0, NULL, NULL, NULL, 'active', 1690269094, 1690269714, NULL);

-- --------------------------------------------------------

--
-- Table structure for table `webinar_assignments`
--

CREATE TABLE `webinar_assignments` (
  `id` int(10) UNSIGNED NOT NULL,
  `creator_id` int(10) UNSIGNED NOT NULL,
  `webinar_id` int(10) UNSIGNED NOT NULL,
  `chapter_id` int(10) UNSIGNED NOT NULL,
  `grade` int(10) UNSIGNED DEFAULT NULL,
  `pass_grade` int(10) UNSIGNED DEFAULT NULL,
  `deadline` int(10) UNSIGNED DEFAULT NULL,
  `attempts` int(10) UNSIGNED DEFAULT NULL,
  `check_previous_parts` tinyint(1) NOT NULL DEFAULT 0,
  `access_after_day` int(10) UNSIGNED DEFAULT NULL,
  `status` enum('active','inactive') NOT NULL,
  `created_at` bigint(20) UNSIGNED NOT NULL
) ENGINE=InnoDB DEFAULT CHARSET=utf8mb4 COLLATE=utf8mb4_unicode_ci;

-- --------------------------------------------------------

--
-- Table structure for table `webinar_assignment_attachments`
--

CREATE TABLE `webinar_assignment_attachments` (
  `id` bigint(20) UNSIGNED NOT NULL,
  `creator_id` int(10) UNSIGNED NOT NULL,
  `assignment_id` int(10) UNSIGNED NOT NULL,
  `title` varchar(255) NOT NULL,
  `attach` varchar(255) NOT NULL
) ENGINE=InnoDB DEFAULT CHARSET=utf8mb4 COLLATE=utf8mb4_unicode_ci;

-- --------------------------------------------------------

--
-- Table structure for table `webinar_assignment_history`
--

CREATE TABLE `webinar_assignment_history` (
  `id` int(10) UNSIGNED NOT NULL,
  `instructor_id` int(10) UNSIGNED NOT NULL,
  `student_id` int(10) UNSIGNED NOT NULL,
  `assignment_id` int(10) UNSIGNED NOT NULL,
  `grade` int(10) UNSIGNED DEFAULT NULL,
  `status` enum('pending','passed','not_passed','not_submitted') NOT NULL,
  `created_at` bigint(20) UNSIGNED NOT NULL
) ENGINE=InnoDB DEFAULT CHARSET=utf8mb4 COLLATE=utf8mb4_unicode_ci;

-- --------------------------------------------------------

--
-- Table structure for table `webinar_assignment_history_messages`
--

CREATE TABLE `webinar_assignment_history_messages` (
  `id` int(10) UNSIGNED NOT NULL,
  `assignment_history_id` int(10) UNSIGNED NOT NULL,
  `sender_id` int(10) UNSIGNED NOT NULL,
  `message` text NOT NULL,
  `file_title` varchar(255) DEFAULT NULL,
  `file_path` varchar(255) DEFAULT NULL,
  `created_at` bigint(20) UNSIGNED NOT NULL
) ENGINE=InnoDB DEFAULT CHARSET=utf8mb4 COLLATE=utf8mb4_unicode_ci;

-- --------------------------------------------------------

--
-- Table structure for table `webinar_assignment_translations`
--

CREATE TABLE `webinar_assignment_translations` (
  `id` bigint(20) UNSIGNED NOT NULL,
  `locale` varchar(255) NOT NULL,
  `webinar_assignment_id` int(10) UNSIGNED NOT NULL,
  `title` text NOT NULL,
  `description` text NOT NULL
) ENGINE=InnoDB DEFAULT CHARSET=utf8mb4 COLLATE=utf8mb4_unicode_ci;

-- --------------------------------------------------------

--
-- Table structure for table `webinar_chapters`
--

CREATE TABLE `webinar_chapters` (
  `id` int(10) UNSIGNED NOT NULL,
  `user_id` int(10) UNSIGNED NOT NULL,
  `webinar_id` int(10) UNSIGNED NOT NULL,
  `order` int(10) UNSIGNED DEFAULT NULL,
  `check_all_contents_pass` tinyint(1) NOT NULL DEFAULT 0,
  `status` enum('active','inactive') NOT NULL DEFAULT 'active',
  `created_at` int(10) UNSIGNED NOT NULL
) ENGINE=InnoDB DEFAULT CHARSET=utf8mb4 COLLATE=utf8mb4_unicode_ci;

--
-- Dumping data for table `webinar_chapters`
--

INSERT INTO `webinar_chapters` (`id`, `user_id`, `webinar_id`, `order`, `check_all_contents_pass`, `status`, `created_at`) VALUES
(53, 859, 2034, NULL, 0, 'active', 1690254208),
(55, 867, 2038, NULL, 0, 'active', 1690268049),
(56, 867, 2039, NULL, 0, 'active', 1690269122),
(57, 867, 2040, NULL, 0, 'active', 1690270001),
(58, 867, 2040, NULL, 0, 'active', 1690270096),
(59, 867, 2041, 1, 0, 'active', 1690270782),
(60, 867, 2041, 2, 0, 'active', 1690270788),
(61, 867, 2041, 3, 0, 'active', 1690270798),
(62, 867, 2041, 4, 0, 'active', 1690270803),
(63, 867, 2041, 5, 0, 'active', 1690270807),
(64, 867, 2041, 6, 0, 'active', 1690270813),
(65, 867, 2041, 7, 0, 'active', 1690270818),
(66, 867, 2041, 8, 0, 'active', 1690270823),
(67, 867, 2041, 9, 0, 'active', 1690270827),
(68, 867, 2041, 10, 0, 'active', 1690270839),
(69, 867, 2041, 11, 0, 'active', 1690270844),
(70, 3, 2042, NULL, 0, 'active', 1690346016),
(72, 867, 2044, NULL, 0, 'active', 1690269122),
(73, 867, 2045, 1, 0, 'active', 1690270782),
(74, 867, 2046, 1, 0, 'active', 1690270782),
(75, 867, 2047, 1, 0, 'active', 1690270782),
(76, 867, 2048, 1, 0, 'active', 1690270782),
(77, 867, 2049, 1, 0, 'active', 1690270782),
(78, 867, 2050, 1, 0, 'active', 1690270782),
(79, 867, 2051, 1, 0, 'active', 1690270782),
(80, 867, 2052, 1, 0, 'active', 1690270782),
(81, 867, 2053, 1, 0, 'active', 1690270782),
(82, 867, 2054, 1, 0, 'active', 1690270782),
(83, 867, 2055, 1, 0, 'active', 1690270782),
(84, 867, 2056, 1, 0, 'active', 1690270782),
(85, 867, 2057, 1, 0, 'active', 1690270782),
(86, 867, 2058, 1, 0, 'active', 1690270782),
(87, 867, 2059, 1, 0, 'active', 1690270782),
(88, 867, 2060, 1, 0, 'active', 1690270782),
(89, 867, 2061, 1, 0, 'active', 1690270782),
(90, 867, 2062, 1, 0, 'active', 1690270782),
(91, 867, 2063, 1, 0, 'active', 1690270782),
(92, 867, 2064, 1, 0, 'active', 1690270782),
(93, 867, 2065, 1, 0, 'active', 1690270782),
(94, 867, 2066, 1, 0, 'active', 1690270782),
(95, 867, 2067, 1, 0, 'active', 1690270782),
(96, 867, 2068, 1, 0, 'active', 1690270782),
(97, 867, 2069, 1, 0, 'active', 1690270782),
(98, 867, 2070, 1, 0, 'active', 1690270782),
(99, 867, 2071, 1, 0, 'active', 1690270782),
(100, 867, 2072, 1, 0, 'active', 1690270782),
(101, 867, 2073, 1, 0, 'active', 1690270782),
(102, 867, 2074, 1, 0, 'active', 1690270782),
(103, 867, 2075, 1, 0, 'active', 1690270782),
(104, 867, 2076, 1, 0, 'active', 1690270782),
(105, 867, 2077, 1, 0, 'active', 1690270782),
(106, 867, 2078, 1, 0, 'active', 1690270782),
(107, 867, 2079, 1, 0, 'active', 1690270782),
(108, 867, 2080, 1, 0, 'active', 1690270782),
(109, 867, 2081, 1, 0, 'active', 1690270782),
(110, 867, 2082, 1, 0, 'active', 1690270782),
(111, 867, 2083, 1, 0, 'active', 1690270782),
(112, 867, 2084, 1, 0, 'active', 1690270782),
(113, 867, 2085, 1, 0, 'active', 1690270782),
(114, 867, 2086, 1, 0, 'active', 1690270782),
(115, 867, 2087, 1, 0, 'active', 1690270782),
(116, 867, 2088, 1, 0, 'active', 1690270782),
(117, 867, 2089, 1, 0, 'active', 1690270782),
(118, 867, 2090, 1, 0, 'active', 1690270782),
(119, 867, 2091, 1, 0, 'active', 1690270782),
(120, 867, 2092, 1, 0, 'active', 1690270782),
(121, 867, 2093, 1, 0, 'active', 1690270782),
(122, 867, 2094, 1, 0, 'active', 1690270782),
(123, 867, 2095, 1, 0, 'active', 1690270782),
(124, 867, 2096, 1, 0, 'active', 1690270782),
(125, 867, 2097, 1, 0, 'active', 1690270782),
(126, 867, 2098, 1, 0, 'active', 1690270782),
(127, 867, 2099, 1, 0, 'active', 1690270782),
(128, 867, 2100, 1, 0, 'active', 1690270782),
(129, 867, 2101, 1, 0, 'active', 1690270782),
(130, 867, 2102, 1, 0, 'active', 1690270782),
(131, 867, 2103, 1, 0, 'active', 1690270782),
(132, 867, 2104, 1, 0, 'active', 1690270782),
(133, 867, 2105, 1, 0, 'active', 1690270782),
(134, 867, 2106, 1, 0, 'active', 1690270782),
(135, 867, 2107, 1, 0, 'active', 1690270782),
(136, 867, 2108, 1, 0, 'active', 1690270782),
(137, 867, 2109, 1, 0, 'active', 1690270782),
(138, 867, 2110, 1, 0, 'active', 1690270782),
(139, 867, 2111, 1, 0, 'active', 1690270782),
(140, 867, 2112, 1, 0, 'active', 1690270782),
(141, 867, 2113, 1, 0, 'active', 1690270782),
(142, 867, 2114, 1, 0, 'active', 1690270782),
(143, 867, 2115, 1, 0, 'active', 1690270782),
(144, 867, 2116, 1, 0, 'active', 1690270782),
(145, 867, 2117, 1, 0, 'active', 1690270782),
(146, 867, 2118, 1, 0, 'active', 1690270782),
(147, 867, 2119, 1, 0, 'active', 1690270782),
(148, 867, 2120, 1, 0, 'active', 1690270782),
(149, 867, 2121, 1, 0, 'active', 1690270782),
(150, 867, 2122, 1, 0, 'active', 1690270782),
(151, 867, 2123, 1, 0, 'active', 1690270782),
(152, 867, 2124, 1, 0, 'active', 1690270782),
(153, 867, 2125, 1, 0, 'active', 1690270782),
(154, 867, 2126, 1, 0, 'active', 1690270782),
(155, 867, 2127, 1, 0, 'active', 1690270782),
(156, 867, 2128, 1, 0, 'active', 1690270782),
(157, 867, 2129, 1, 0, 'active', 1690270782),
(158, 867, 2130, 1, 0, 'active', 1690270782),
(159, 867, 2131, 1, 0, 'active', 1690270782),
(160, 867, 2132, 1, 0, 'active', 1690270782),
(161, 867, 2133, 1, 0, 'active', 1690270782),
(162, 867, 2134, 1, 0, 'active', 1690270782),
(163, 867, 2135, 1, 0, 'active', 1690270782),
(164, 867, 2136, 1, 0, 'active', 1690270782),
(165, 867, 2137, 1, 0, 'active', 1690270782),
(166, 867, 2138, 1, 0, 'active', 1690270782),
(167, 867, 2139, 1, 0, 'active', 1690270782),
(168, 867, 2140, 1, 0, 'active', 1690270782),
(169, 867, 2141, 1, 0, 'active', 1690270782),
(170, 867, 2142, 1, 0, 'active', 1690270782),
(171, 867, 2143, 1, 0, 'active', 1690270782),
(172, 867, 2144, 1, 0, 'active', 1690270782),
(173, 867, 2145, 1, 0, 'active', 1690270782),
(174, 867, 2146, 1, 0, 'active', 1690270782),
(175, 867, 2147, 1, 0, 'active', 1690270782),
(176, 867, 2148, 1, 0, 'active', 1690270782),
(177, 867, 2149, 1, 0, 'active', 1690270782),
(178, 867, 2150, 1, 0, 'active', 1690270782),
(179, 867, 2151, 1, 0, 'active', 1690270782),
(180, 867, 2152, 1, 0, 'active', 1690270782),
(181, 867, 2153, 1, 0, 'active', 1690270782),
(182, 867, 2154, 1, 0, 'active', 1690270782),
(183, 867, 2155, 1, 0, 'active', 1690270782),
(184, 867, 2156, 1, 0, 'active', 1690270782),
(185, 867, 2157, 1, 0, 'active', 1690270782),
(186, 867, 2158, 1, 0, 'active', 1690270782),
(187, 867, 2159, 1, 0, 'active', 1690270782),
(188, 867, 2160, 1, 0, 'active', 1690270782),
(189, 867, 2161, 1, 0, 'active', 1690270782),
(190, 867, 2162, 1, 0, 'active', 1690270782),
(191, 867, 2163, 1, 0, 'active', 1690270782),
(192, 867, 2164, 1, 0, 'active', 1690270782),
(193, 867, 2165, 1, 0, 'active', 1690270782),
(194, 867, 2166, 1, 0, 'active', 1690270782),
(195, 867, 2167, 1, 0, 'active', 1690270782),
(196, 867, 2168, 1, 0, 'active', 1690270782),
(197, 867, 2169, 1, 0, 'active', 1690270782),
(198, 867, 2170, 1, 0, 'active', 1690270782),
(199, 867, 2171, 1, 0, 'active', 1690270782),
(200, 867, 2172, 1, 0, 'active', 1690270782),
(201, 867, 2173, 1, 0, 'active', 1690270782),
(202, 867, 2174, 1, 0, 'active', 1690270782),
(203, 867, 2175, 1, 0, 'active', 1690270782),
(204, 867, 2176, 1, 0, 'active', 1690270782),
(205, 867, 2177, 1, 0, 'active', 1690270782),
(206, 867, 2178, 1, 0, 'active', 1690270782),
(207, 867, 2179, 1, 0, 'active', 1690270782),
(208, 867, 2180, 1, 0, 'active', 1690270782),
(209, 867, 2181, 1, 0, 'active', 1690270782),
(210, 867, 2182, 1, 0, 'active', 1690270782),
(211, 867, 2183, 1, 0, 'active', 1690270782),
(212, 867, 2184, 1, 0, 'active', 1690270782),
(213, 867, 2185, 1, 0, 'active', 1690270782),
(214, 867, 2186, 1, 0, 'active', 1690270782),
(215, 867, 2187, 1, 0, 'active', 1690270782),
(216, 867, 2188, 1, 0, 'active', 1690270782),
(217, 867, 2189, 1, 0, 'active', 1690270782),
(218, 867, 2190, 1, 0, 'active', 1690270782),
(219, 867, 2191, 1, 0, 'active', 1690270782),
(220, 867, 2192, 1, 0, 'active', 1690270782),
(221, 867, 2193, 1, 0, 'active', 1690270782),
(222, 867, 2194, 1, 0, 'active', 1690270782),
(223, 867, 2195, 1, 0, 'active', 1690270782),
(224, 867, 2196, 1, 0, 'active', 1690270782),
(225, 867, 2197, 1, 0, 'active', 1690270782),
(226, 867, 2198, 1, 0, 'active', 1690270782),
(227, 867, 2199, 1, 0, 'active', 1690270782),
(228, 867, 2200, 1, 0, 'active', 1690270782),
(229, 867, 2201, 1, 0, 'active', 1690270782),
(230, 867, 2202, 1, 0, 'active', 1690270782),
(231, 867, 2203, 1, 0, 'active', 1690270782),
(232, 867, 2204, 1, 0, 'active', 1690270782),
(233, 867, 2205, 1, 0, 'active', 1690270782),
(234, 867, 2206, 1, 0, 'active', 1690270782),
(235, 867, 2207, 1, 0, 'active', 1690270782),
(236, 867, 2208, 1, 0, 'active', 1690270782),
(237, 867, 2209, 1, 0, 'active', 1690270782),
(238, 867, 2210, 1, 0, 'active', 1690270782),
(239, 867, 2211, 1, 0, 'active', 1690270782),
(240, 867, 2212, 1, 0, 'active', 1690270782),
(241, 867, 2213, 1, 0, 'active', 1690270782),
(242, 867, 2214, 1, 0, 'active', 1690270782),
(243, 867, 2215, 1, 0, 'active', 1690270782),
(244, 867, 2216, 1, 0, 'active', 1690270782),
(245, 867, 2217, 1, 0, 'active', 1690270782),
(246, 867, 2218, 1, 0, 'active', 1690270782),
(247, 867, 2219, 1, 0, 'active', 1690270782),
(248, 867, 2220, 1, 0, 'active', 1690270782),
(249, 867, 2221, 1, 0, 'active', 1690270782),
(250, 867, 2222, 1, 0, 'active', 1690270782),
(251, 867, 2223, 1, 0, 'active', 1690270782),
(252, 867, 2224, 1, 0, 'active', 1690270782),
(253, 867, 2225, 1, 0, 'active', 1690270782),
(254, 867, 2226, 1, 0, 'active', 1690270782),
(255, 867, 2227, 1, 0, 'active', 1690270782),
(256, 867, 2228, 1, 0, 'active', 1690270782),
(257, 867, 2229, 1, 0, 'active', 1690270782),
(258, 867, 2230, 1, 0, 'active', 1690270782),
(259, 867, 2231, 1, 0, 'active', 1690270782),
(260, 867, 2232, 1, 0, 'active', 1690270782),
(261, 867, 2233, 1, 0, 'active', 1690270782),
(262, 867, 2234, 1, 0, 'active', 1690270782),
(263, 867, 2235, 1, 0, 'active', 1690270782),
(264, 867, 2236, 1, 0, 'active', 1690270782),
(265, 867, 2237, 1, 0, 'active', 1690270782),
(266, 867, 2238, 1, 0, 'active', 1690270782),
(267, 867, 2239, 1, 0, 'active', 1690270782),
(268, 867, 2240, 1, 0, 'active', 1690270782),
(269, 867, 2241, 1, 0, 'active', 1690270782),
(270, 867, 2242, 1, 0, 'active', 1690270782),
(271, 867, 2243, 1, 0, 'active', 1690270782),
(272, 867, 2244, 1, 0, 'active', 1690270782),
(273, 867, 2245, 1, 0, 'active', 1690270782),
(274, 867, 2246, 1, 0, 'active', 1690270782),
(275, 867, 2247, 1, 0, 'active', 1690270782),
(276, 867, 2248, 1, 0, 'active', 1690270782),
(277, 867, 2249, 1, 0, 'active', 1690270782),
(278, 867, 2250, 1, 0, 'active', 1690270782),
(279, 867, 2251, 1, 0, 'active', 1690270782),
(280, 867, 2252, 1, 0, 'active', 1690270782),
(281, 867, 2253, 1, 0, 'active', 1690270782),
(282, 867, 2254, 1, 0, 'active', 1690270782),
(283, 867, 2255, 1, 0, 'active', 1690270782),
(284, 867, 2256, 1, 0, 'active', 1690270782),
(285, 867, 2257, 1, 0, 'active', 1690270782),
(286, 867, 2258, 1, 0, 'active', 1690270782),
(287, 867, 2259, 1, 0, 'active', 1690270782),
(288, 867, 2260, 1, 0, 'active', 1690270782),
(289, 867, 2261, 1, 0, 'active', 1690270782),
(290, 867, 2262, 1, 0, 'active', 1690270782),
(291, 867, 2263, 1, 0, 'active', 1690270782),
(292, 867, 2264, 1, 0, 'active', 1690270782),
(293, 867, 2265, 1, 0, 'active', 1690270782),
(294, 867, 2266, 1, 0, 'active', 1690270782),
(295, 867, 2267, 1, 0, 'active', 1690270782),
(296, 867, 2268, 1, 0, 'active', 1690270782),
(297, 867, 2269, 1, 0, 'active', 1690270782),
(298, 867, 2270, 1, 0, 'active', 1690270782),
(299, 867, 2271, 1, 0, 'active', 1690270782),
(300, 867, 2272, 1, 0, 'active', 1690270782),
(301, 867, 2273, 1, 0, 'active', 1690270782),
(302, 867, 2274, 1, 0, 'active', 1690270782),
(303, 867, 2275, 1, 0, 'active', 1690270782),
(304, 867, 2276, 1, 0, 'active', 1690270782),
(305, 867, 2277, 1, 0, 'active', 1690270782),
(306, 867, 2278, 1, 0, 'active', 1690270782),
(307, 867, 2279, 1, 0, 'active', 1690270782),
(308, 867, 2280, 1, 0, 'active', 1690270782),
(309, 867, 2281, 1, 0, 'active', 1690270782),
(310, 867, 2282, 1, 0, 'active', 1690270782),
(311, 867, 2283, 1, 0, 'active', 1690270782),
(312, 867, 2284, 1, 0, 'active', 1690270782),
(313, 867, 2285, 1, 0, 'active', 1690270782),
(314, 867, 2286, 1, 0, 'active', 1690270782),
(315, 867, 2287, 1, 0, 'active', 1690270782),
(316, 867, 2288, 1, 0, 'active', 1690270782),
(317, 867, 2289, 1, 0, 'active', 1690270782),
(318, 867, 2290, 1, 0, 'active', 1690270782),
(319, 867, 2291, 1, 0, 'active', 1690270782),
(320, 867, 2292, 1, 0, 'active', 1690270782),
(321, 867, 2293, 1, 0, 'active', 1690270782),
(322, 867, 2294, 1, 0, 'active', 1690270782),
(323, 867, 2295, 1, 0, 'active', 1690270782),
(324, 867, 2296, 1, 0, 'active', 1690270782),
(325, 867, 2297, 1, 0, 'active', 1690270782),
(326, 867, 2298, 1, 0, 'active', 1690270782),
(327, 867, 2299, 1, 0, 'active', 1690270782),
(328, 867, 2300, 1, 0, 'active', 1690270782),
(329, 867, 2301, 1, 0, 'active', 1690270782),
(330, 867, 2302, 1, 0, 'active', 1690270782),
(331, 867, 2303, 1, 0, 'active', 1690270782),
(332, 867, 2304, 1, 0, 'active', 1690270782),
(333, 867, 2305, 1, 0, 'active', 1690270782),
(334, 867, 2306, 1, 0, 'active', 1690270782),
(335, 867, 2307, 1, 0, 'active', 1690270782),
(336, 867, 2308, 1, 0, 'active', 1690270782),
(337, 867, 2309, 1, 0, 'active', 1690270782),
(338, 867, 2310, 1, 0, 'active', 1690270782),
(339, 867, 2311, 1, 0, 'active', 1690270782),
(340, 867, 2312, 1, 0, 'active', 1690270782),
(341, 867, 2313, 1, 0, 'active', 1690270782),
(342, 867, 2314, 1, 0, 'active', 1690270782),
(343, 867, 2315, 1, 0, 'active', 1690270782),
(344, 867, 2316, 1, 0, 'active', 1690270782),
(345, 867, 2317, 1, 0, 'active', 1690270782),
(346, 867, 2318, 1, 0, 'active', 1690270782),
(347, 867, 2319, 1, 0, 'active', 1690270782),
(348, 867, 2320, 1, 0, 'active', 1690270782),
(349, 867, 2321, 1, 0, 'active', 1690270782),
(350, 867, 2322, 1, 0, 'active', 1690270782),
(351, 867, 2323, 1, 0, 'active', 1690270782),
(352, 867, 2324, 1, 0, 'active', 1690270782),
(353, 867, 2325, 1, 0, 'active', 1690270782),
(354, 867, 2326, 1, 0, 'active', 1690270782),
(355, 867, 2327, 1, 0, 'active', 1690270782),
(356, 867, 2328, 1, 0, 'active', 1690270782),
(357, 867, 2329, 1, 0, 'active', 1690270782),
(358, 867, 2330, 1, 0, 'active', 1690270782),
(359, 867, 2331, 1, 0, 'active', 1690270782),
(360, 867, 2332, 1, 0, 'active', 1690270782),
(361, 867, 2333, 1, 0, 'active', 1690270782),
(362, 867, 2334, 1, 0, 'active', 1690270782),
(363, 867, 2335, 1, 0, 'active', 1690270782),
(364, 867, 2336, 1, 0, 'active', 1690270782),
(365, 867, 2337, 1, 0, 'active', 1690270782),
(366, 867, 2338, 1, 0, 'active', 1690270782),
(367, 867, 2339, 1, 0, 'active', 1690270782),
(368, 867, 2340, 1, 0, 'active', 1690270782),
(369, 867, 2341, 1, 0, 'active', 1690270782),
(370, 867, 2342, 1, 0, 'active', 1690270782),
(371, 867, 2343, 1, 0, 'active', 1690270782),
(372, 867, 2344, 1, 0, 'active', 1690270782),
(373, 867, 2345, 1, 0, 'active', 1690270782),
(374, 867, 2346, 1, 0, 'active', 1690270782),
(375, 867, 2347, 1, 0, 'active', 1690270782),
(376, 867, 2348, 1, 0, 'active', 1690270782),
(377, 867, 2349, 1, 0, 'active', 1690270782),
(378, 867, 2350, 1, 0, 'active', 1690270782),
(379, 867, 2351, 1, 0, 'active', 1690270782),
(380, 867, 2352, 1, 0, 'active', 1690270782),
(381, 867, 2353, 1, 0, 'active', 1690270782),
(382, 867, 2354, 1, 0, 'active', 1690270782),
(383, 867, 2355, 1, 0, 'active', 1690270782),
(384, 867, 2356, 1, 0, 'active', 1690270782),
(385, 867, 2357, 1, 0, 'active', 1690270782),
(386, 867, 2358, 1, 0, 'active', 1690270782),
(387, 867, 2359, 1, 0, 'active', 1690270782),
(388, 867, 2360, 1, 0, 'active', 1690270782),
(389, 867, 2361, 1, 0, 'active', 1690270782),
(390, 867, 2362, 1, 0, 'active', 1690270782),
(391, 867, 2363, 1, 0, 'active', 1690270782),
(392, 867, 2364, 1, 0, 'active', 1690270782),
(393, 867, 2365, 1, 0, 'active', 1690270782),
(394, 867, 2366, 1, 0, 'active', 1690270782),
(395, 867, 2367, 1, 0, 'active', 1690270782),
(396, 867, 2368, 1, 0, 'active', 1690270782),
(397, 867, 2369, 1, 0, 'active', 1690270782),
(398, 867, 2370, 1, 0, 'active', 1690270782),
(399, 867, 2371, 1, 0, 'active', 1690270782),
(400, 867, 2372, 1, 0, 'active', 1690270782),
(401, 867, 2373, 1, 0, 'active', 1690270782),
(402, 867, 2374, 1, 0, 'active', 1690270782),
(403, 867, 2375, 1, 0, 'active', 1690270782),
(404, 867, 2376, 1, 0, 'active', 1690270782),
(405, 867, 2377, 1, 0, 'active', 1690270782),
(406, 867, 2378, 1, 0, 'active', 1690270782),
(407, 867, 2379, 1, 0, 'active', 1690270782),
(408, 867, 2380, 1, 0, 'active', 1690270782),
(409, 867, 2381, 1, 0, 'active', 1690270782),
(410, 867, 2382, 1, 0, 'active', 1690270782),
(411, 867, 2383, 1, 0, 'active', 1690270782),
(412, 867, 2384, 1, 0, 'active', 1690270782),
(413, 867, 2385, 1, 0, 'active', 1690270782),
(414, 867, 2386, 1, 0, 'active', 1690270782),
(415, 867, 2387, 1, 0, 'active', 1690270782),
(416, 867, 2388, 1, 0, 'active', 1690270782),
(417, 867, 2389, 1, 0, 'active', 1690270782),
(418, 867, 2390, 1, 0, 'active', 1690270782),
(419, 867, 2391, 1, 0, 'active', 1690270782),
(420, 867, 2392, 1, 0, 'active', 1690270782),
(421, 867, 2393, 1, 0, 'active', 1690270782),
(422, 867, 2394, 1, 0, 'active', 1690270782),
(423, 867, 2395, 1, 0, 'active', 1690270782),
(424, 867, 2396, 1, 0, 'active', 1690270782),
(425, 867, 2397, 1, 0, 'active', 1690270782),
(426, 867, 2398, 1, 0, 'active', 1690270782),
(427, 867, 2399, 1, 0, 'active', 1690270782),
(428, 867, 2400, 1, 0, 'active', 1690270782),
(429, 867, 2401, 1, 0, 'active', 1690270782),
(430, 867, 2402, 1, 0, 'active', 1690270782),
(431, 867, 2403, 1, 0, 'active', 1690270782),
(432, 867, 2404, 1, 0, 'active', 1690270782),
(433, 867, 2405, 1, 0, 'active', 1690270782),
(434, 867, 2406, 1, 0, 'active', 1690270782),
(435, 867, 2407, 1, 0, 'active', 1690270782),
(436, 867, 2408, 1, 0, 'active', 1690270782),
(437, 867, 2409, 1, 0, 'active', 1690270782),
(438, 867, 2410, 1, 0, 'active', 1690270782),
(439, 867, 2411, 1, 0, 'active', 1690270782),
(440, 867, 2412, 1, 0, 'active', 1690270782),
(441, 867, 2413, 1, 0, 'active', 1690270782),
(442, 867, 2414, 1, 0, 'active', 1690270782),
(443, 867, 2415, 1, 0, 'active', 1690270782),
(444, 867, 2416, 1, 0, 'active', 1690270782),
(445, 867, 2417, 1, 0, 'active', 1690270782),
(446, 867, 2418, 1, 0, 'active', 1690270782),
(447, 867, 2419, 1, 0, 'active', 1690270782),
(448, 867, 2420, 1, 0, 'active', 1690270782),
(449, 867, 2421, 1, 0, 'active', 1690270782),
(450, 867, 2422, 1, 0, 'active', 1690270782),
(451, 867, 2423, 1, 0, 'active', 1690270782),
(452, 867, 2424, 1, 0, 'active', 1690270782),
(453, 867, 2425, 1, 0, 'active', 1690270782),
(454, 867, 2426, 1, 0, 'active', 1690270782),
(455, 867, 2427, 1, 0, 'active', 1690270782),
(456, 867, 2428, 1, 0, 'active', 1690270782),
(457, 867, 2429, 1, 0, 'active', 1690270782),
(458, 867, 2430, 1, 0, 'active', 1690270782),
(459, 867, 2431, 1, 0, 'active', 1690270782),
(460, 867, 2432, 1, 0, 'active', 1690270782),
(461, 867, 2433, 1, 0, 'active', 1690270782),
(462, 867, 2434, 1, 0, 'active', 1690270782),
(463, 867, 2435, 1, 0, 'active', 1690270782),
(464, 867, 2436, 1, 0, 'active', 1690270782),
(465, 867, 2437, 1, 0, 'active', 1690270782),
(466, 867, 2438, 1, 0, 'active', 1690270782),
(467, 867, 2439, 1, 0, 'active', 1690270782),
(468, 867, 2440, 1, 0, 'active', 1690270782),
(469, 867, 2441, 1, 0, 'active', 1690270782),
(470, 867, 2442, 1, 0, 'active', 1690270782),
(471, 867, 2443, 1, 0, 'active', 1690270782),
(472, 867, 2444, 1, 0, 'active', 1690270782),
(473, 867, 2445, 1, 0, 'active', 1690270782),
(474, 867, 2446, 1, 0, 'active', 1690270782),
(475, 867, 2447, 1, 0, 'active', 1690270782),
(476, 867, 2448, 1, 0, 'active', 1690270782),
(477, 867, 2449, 1, 0, 'active', 1690270782),
(478, 867, 2450, 1, 0, 'active', 1690270782),
(479, 867, 2451, 1, 0, 'active', 1690270782),
(480, 867, 2452, 1, 0, 'active', 1690270782),
(481, 867, 2453, 1, 0, 'active', 1690270782),
(482, 867, 2454, 1, 0, 'active', 1690270782),
(483, 867, 2455, 1, 0, 'active', 1690270782),
(484, 867, 2456, 1, 0, 'active', 1690270782),
(485, 867, 2457, 1, 0, 'active', 1690270782),
(486, 867, 2458, 1, 0, 'active', 1690270782),
(487, 867, 2459, 1, 0, 'active', 1690270782),
(488, 867, 2460, 1, 0, 'active', 1690270782),
(489, 867, 2461, 1, 0, 'active', 1690270782),
(490, 867, 2462, 1, 0, 'active', 1690270782),
(491, 867, 2463, 1, 0, 'active', 1690270782),
(492, 867, 2464, 1, 0, 'active', 1690270782),
(493, 867, 2465, 1, 0, 'active', 1690270782),
(494, 867, 2466, 1, 0, 'active', 1690270782),
(495, 867, 2467, 1, 0, 'active', 1690270782),
(496, 867, 2468, 1, 0, 'active', 1690270782),
(497, 867, 2469, 1, 0, 'active', 1690270782),
(498, 867, 2470, 1, 0, 'active', 1690270782),
(499, 867, 2471, 1, 0, 'active', 1690270782),
(500, 867, 2472, 1, 0, 'active', 1690270782),
(501, 867, 2473, 1, 0, 'active', 1690270782),
(502, 867, 2474, 1, 0, 'active', 1690270782),
(503, 867, 2475, 1, 0, 'active', 1690270782),
(504, 867, 2476, 1, 0, 'active', 1690270782),
(505, 867, 2477, 1, 0, 'active', 1690270782),
(506, 867, 2478, 1, 0, 'active', 1690270782),
(507, 867, 2479, 1, 0, 'active', 1690270782),
(508, 867, 2480, 1, 0, 'active', 1690270782),
(509, 867, 2481, 1, 0, 'active', 1690270782),
(510, 867, 2482, 1, 0, 'active', 1690270782),
(511, 867, 2483, 1, 0, 'active', 1690270782),
(512, 867, 2484, 1, 0, 'active', 1690270782),
(513, 867, 2485, 1, 0, 'active', 1690270782),
(514, 867, 2486, 1, 0, 'active', 1690270782),
(515, 867, 2487, 1, 0, 'active', 1690270782),
(516, 867, 2488, 1, 0, 'active', 1690270782),
(517, 867, 2489, 1, 0, 'active', 1690270782),
(518, 867, 2490, 1, 0, 'active', 1690270782),
(519, 867, 2491, 1, 0, 'active', 1690270782),
(520, 867, 2492, 1, 0, 'active', 1690270782),
(521, 867, 2493, 1, 0, 'active', 1690270782),
(522, 867, 2494, 1, 0, 'active', 1690270782),
(523, 867, 2495, 1, 0, 'active', 1690270782),
(524, 867, 2496, 1, 0, 'active', 1690270782),
(525, 867, 2497, 1, 0, 'active', 1690270782),
(526, 867, 2498, 1, 0, 'active', 1690270782),
(527, 867, 2499, 1, 0, 'active', 1690270782),
(528, 867, 2500, 1, 0, 'active', 1690270782),
(529, 867, 2501, 1, 0, 'active', 1690270782),
(530, 867, 2502, 1, 0, 'active', 1690270782),
(531, 867, 2503, 1, 0, 'active', 1690270782),
(532, 867, 2504, 1, 0, 'active', 1690270782),
(533, 867, 2505, 1, 0, 'active', 1690270782),
(534, 867, 2506, 1, 0, 'active', 1690270782),
(535, 867, 2507, 1, 0, 'active', 1690270782),
(536, 867, 2508, 1, 0, 'active', 1690270782),
(537, 867, 2509, 1, 0, 'active', 1690270782),
(538, 867, 2510, 1, 0, 'active', 1690270782),
(539, 867, 2511, 1, 0, 'active', 1690270782),
(540, 867, 2512, 1, 0, 'active', 1690270782),
(541, 867, 2513, 1, 0, 'active', 1690270782),
(542, 867, 2514, 1, 0, 'active', 1690270782),
(543, 867, 2515, 1, 0, 'active', 1690270782),
(544, 867, 2516, 1, 0, 'active', 1690270782),
(545, 867, 2517, 1, 0, 'active', 1690270782),
(546, 867, 2518, 1, 0, 'active', 1690270782),
(547, 867, 2519, 1, 0, 'active', 1690270782),
(548, 867, 2520, 1, 0, 'active', 1690270782),
(549, 867, 2521, 1, 0, 'active', 1690270782),
(550, 867, 2522, 1, 0, 'active', 1690270782),
(551, 867, 2523, 1, 0, 'active', 1690270782),
(552, 867, 2524, 1, 0, 'active', 1690270782),
(553, 867, 2525, 1, 0, 'active', 1690270782),
(554, 867, 2526, 1, 0, 'active', 1690270782),
(555, 867, 2527, 1, 0, 'active', 1690270782),
(556, 867, 2528, 1, 0, 'active', 1690270782),
(557, 867, 2529, 1, 0, 'active', 1690270782),
(558, 867, 2530, 1, 0, 'active', 1690270782),
(559, 867, 2531, 1, 0, 'active', 1690270782),
(560, 867, 2532, 1, 0, 'active', 1690270782),
(561, 867, 2533, 1, 0, 'active', 1690270782),
(562, 867, 2534, 1, 0, 'active', 1690270782),
(563, 867, 2535, 1, 0, 'active', 1690270782),
(564, 867, 2536, 1, 0, 'active', 1690270782),
(565, 867, 2537, 1, 0, 'active', 1690270782),
(566, 867, 2538, 1, 0, 'active', 1690270782),
(567, 867, 2539, 1, 0, 'active', 1690270782),
(568, 867, 2540, 1, 0, 'active', 1690270782),
(569, 867, 2541, 1, 0, 'active', 1690270782),
(570, 867, 2542, 1, 0, 'active', 1690270782),
(571, 867, 2543, 1, 0, 'active', 1690270782),
(572, 867, 2544, 1, 0, 'active', 1690270782),
(573, 867, 2545, 1, 0, 'active', 1690270782),
(574, 867, 2546, 1, 0, 'active', 1690270782),
(575, 867, 2547, 1, 0, 'active', 1690270782),
(576, 867, 2548, 1, 0, 'active', 1690270782),
(577, 867, 2549, 1, 0, 'active', 1690270782),
(578, 867, 2550, 1, 0, 'active', 1690270782),
(579, 867, 2551, 1, 0, 'active', 1690270782),
(580, 867, 2552, 1, 0, 'active', 1690270782),
(581, 867, 2553, 1, 0, 'active', 1690270782),
(582, 867, 2554, 1, 0, 'active', 1690270782),
(583, 867, 2555, 1, 0, 'active', 1690270782),
(584, 867, 2556, 1, 0, 'active', 1690270782),
(585, 867, 2557, 1, 0, 'active', 1690270782),
(586, 867, 2558, 1, 0, 'active', 1690270782),
(587, 867, 2559, 1, 0, 'active', 1690270782),
(588, 867, 2560, 1, 0, 'active', 1690270782),
(589, 867, 2561, 1, 0, 'active', 1690270782),
(590, 867, 2562, 1, 0, 'active', 1690270782),
(591, 867, 2563, 1, 0, 'active', 1690270782),
(592, 867, 2564, 1, 0, 'active', 1690270782),
(593, 867, 2565, 1, 0, 'active', 1690270782),
(594, 867, 2566, 1, 0, 'active', 1690270782),
(595, 867, 2567, 1, 0, 'active', 1690270782),
(596, 867, 2568, 1, 0, 'active', 1690270782),
(597, 867, 2569, 1, 0, 'active', 1690270782),
(598, 867, 2570, 1, 0, 'active', 1690270782),
(599, 867, 2571, 1, 0, 'active', 1690270782),
(600, 867, 2572, 1, 0, 'active', 1690270782),
(601, 867, 2573, 1, 0, 'active', 1690270782),
(602, 867, 2574, 1, 0, 'active', 1690270782),
(603, 867, 2575, 1, 0, 'active', 1690270782),
(604, 867, 2576, 1, 0, 'active', 1690270782),
(605, 867, 2577, 1, 0, 'active', 1690270782),
(606, 867, 2578, 1, 0, 'active', 1690270782),
(607, 867, 2579, 1, 0, 'active', 1690270782),
(608, 867, 2580, 1, 0, 'active', 1690270782),
(609, 867, 2581, 1, 0, 'active', 1690270782),
(610, 867, 2582, 1, 0, 'active', 1690270782),
(611, 867, 2583, 1, 0, 'active', 1690270782),
(612, 867, 2584, 1, 0, 'active', 1690270782),
(613, 867, 2585, 1, 0, 'active', 1690270782),
(614, 867, 2586, 1, 0, 'active', 1690270782),
(615, 867, 2587, 1, 0, 'active', 1690270782),
(616, 867, 2588, 1, 0, 'active', 1690270782),
(617, 867, 2589, 1, 0, 'active', 1690270782),
(618, 867, 2590, 1, 0, 'active', 1690270782),
(619, 867, 2591, 1, 0, 'active', 1690270782),
(620, 867, 2592, 1, 0, 'active', 1690270782),
(621, 867, 2593, 1, 0, 'active', 1690270782),
(622, 867, 2594, 1, 0, 'active', 1690270782),
(623, 867, 2595, 1, 0, 'active', 1690270782),
(624, 867, 2596, 1, 0, 'active', 1690270782),
(625, 867, 2597, 1, 0, 'active', 1690270782),
(626, 867, 2598, 1, 0, 'active', 1690270782),
(627, 867, 2599, 1, 0, 'active', 1690270782),
(628, 867, 2600, 1, 0, 'active', 1690270782),
(629, 867, 2601, 1, 0, 'active', 1690270782),
(630, 867, 2602, 1, 0, 'active', 1690270782),
(631, 867, 2603, 1, 0, 'active', 1690270782),
(632, 867, 2604, 1, 0, 'active', 1690270782),
(633, 867, 2605, 1, 0, 'active', 1690270782),
(634, 867, 2606, 1, 0, 'active', 1690270782),
(635, 867, 2607, 1, 0, 'active', 1690270782),
(636, 867, 2608, 1, 0, 'active', 1690270782),
(637, 867, 2609, 1, 0, 'active', 1690270782),
(638, 867, 2610, 1, 0, 'active', 1690270782),
(639, 867, 2611, 1, 0, 'active', 1690270782),
(640, 867, 2612, 1, 0, 'active', 1690270782),
(641, 867, 2613, 1, 0, 'active', 1690270782),
(642, 867, 2614, 1, 0, 'active', 1690270782),
(643, 867, 2615, 1, 0, 'active', 1690270782),
(644, 867, 2616, 1, 0, 'active', 1690270782),
(645, 867, 2617, 1, 0, 'active', 1690270782),
(646, 867, 2618, 1, 0, 'active', 1690270782),
(647, 867, 2619, 1, 0, 'active', 1690270782),
(648, 867, 2620, 1, 0, 'active', 1690270782),
(649, 867, 2621, 1, 0, 'active', 1690270782),
(650, 867, 2622, 1, 0, 'active', 1690270782),
(651, 867, 2623, 1, 0, 'active', 1690270782),
(652, 867, 2624, 1, 0, 'active', 1690270782),
(653, 867, 2625, 1, 0, 'active', 1690270782),
(654, 867, 2626, 1, 0, 'active', 1690270782),
(655, 867, 2627, 1, 0, 'active', 1690270782),
(656, 867, 2628, 1, 0, 'active', 1690270782),
(657, 867, 2629, 1, 0, 'active', 1690270782),
(658, 867, 2630, 1, 0, 'active', 1690270782),
(659, 867, 2631, 1, 0, 'active', 1690270782),
(660, 867, 2632, 1, 0, 'active', 1690270782),
(661, 867, 2633, 1, 0, 'active', 1690270782),
(662, 867, 2634, 1, 0, 'active', 1690270782),
(663, 867, 2635, 1, 0, 'active', 1690270782),
(664, 867, 2636, 1, 0, 'active', 1690270782),
(665, 867, 2637, 1, 0, 'active', 1690270782),
(666, 867, 2638, 1, 0, 'active', 1690270782),
(667, 867, 2639, 1, 0, 'active', 1690270782),
(668, 867, 2640, 1, 0, 'active', 1690270782),
(669, 867, 2641, 1, 0, 'active', 1690270782),
(670, 867, 2642, 1, 0, 'active', 1690270782),
(671, 867, 2643, 1, 0, 'active', 1690270782),
(672, 867, 2644, 1, 0, 'active', 1690270782),
(673, 867, 2645, 1, 0, 'active', 1690270782),
(674, 867, 2646, 1, 0, 'active', 1690270782),
(675, 867, 2647, 1, 0, 'active', 1690270782),
(676, 867, 2648, 1, 0, 'active', 1690270782),
(677, 867, 2649, 1, 0, 'active', 1690270782),
(678, 867, 2650, 1, 0, 'active', 1690270782),
(679, 867, 2651, 1, 0, 'active', 1690270782),
(680, 867, 2652, 1, 0, 'active', 1690270782),
(681, 867, 2653, 1, 0, 'active', 1690270782),
(682, 867, 2654, 1, 0, 'active', 1690270782),
(683, 867, 2655, 1, 0, 'active', 1690270782),
(684, 867, 2656, 1, 0, 'active', 1690270782),
(685, 867, 2657, 1, 0, 'active', 1690270782),
(686, 867, 2658, 1, 0, 'active', 1690270782),
(687, 867, 2659, 1, 0, 'active', 1690270782),
(688, 867, 2660, 1, 0, 'active', 1690270782),
(689, 867, 2661, 1, 0, 'active', 1690270782),
(690, 867, 2662, 1, 0, 'active', 1690270782),
(691, 867, 2663, 1, 0, 'active', 1690270782),
(692, 867, 2664, 1, 0, 'active', 1690270782),
(693, 867, 2665, 1, 0, 'active', 1690270782),
(694, 867, 2666, 1, 0, 'active', 1690270782),
(695, 867, 2667, 1, 0, 'active', 1690270782),
(696, 867, 2668, 1, 0, 'active', 1690270782),
(697, 867, 2669, 1, 0, 'active', 1690270782),
(698, 867, 2670, 1, 0, 'active', 1690270782),
(699, 867, 2671, 1, 0, 'active', 1690270782),
(700, 867, 2672, 1, 0, 'active', 1690270782),
(701, 867, 2673, 1, 0, 'active', 1690270782),
(702, 867, 2674, 1, 0, 'active', 1690270782),
(703, 867, 2675, 1, 0, 'active', 1690270782),
(704, 867, 2676, 1, 0, 'active', 1690270782),
(705, 867, 2677, 1, 0, 'active', 1690270782),
(706, 867, 2678, 1, 0, 'active', 1690270782),
(707, 867, 2679, 1, 0, 'active', 1690270782),
(708, 867, 2680, 1, 0, 'active', 1690270782),
(709, 867, 2681, 1, 0, 'active', 1690270782),
(710, 867, 2682, 1, 0, 'active', 1690270782),
(711, 867, 2683, 1, 0, 'active', 1690270782),
(712, 867, 2684, 1, 0, 'active', 1690270782),
(713, 867, 2685, 1, 0, 'active', 1690270782),
(714, 867, 2686, 1, 0, 'active', 1690270782),
(715, 867, 2687, 1, 0, 'active', 1690270782),
(716, 867, 2688, 1, 0, 'active', 1690270782),
(717, 867, 2689, 1, 0, 'active', 1690270782),
(718, 867, 2690, 1, 0, 'active', 1690270782),
(719, 867, 2691, 1, 0, 'active', 1690270782),
(720, 867, 2692, 1, 0, 'active', 1690270782),
(721, 867, 2693, 1, 0, 'active', 1690270782),
(722, 867, 2694, 1, 0, 'active', 1690270782),
(723, 867, 2695, 1, 0, 'active', 1690270782),
(724, 867, 2696, 1, 0, 'active', 1690270782),
(725, 867, 2697, 1, 0, 'active', 1690270782),
(726, 867, 2698, 1, 0, 'active', 1690270782),
(727, 867, 2699, 1, 0, 'active', 1690270782),
(728, 867, 2700, 1, 0, 'active', 1690270782),
(729, 867, 2701, 1, 0, 'active', 1690270782),
(730, 867, 2702, 1, 0, 'active', 1690270782),
(731, 867, 2703, 1, 0, 'active', 1690270782),
(732, 867, 2704, 1, 0, 'active', 1690270782),
(733, 867, 2705, 1, 0, 'active', 1690270782),
(734, 867, 2706, 1, 0, 'active', 1690270782),
(735, 867, 2707, 1, 0, 'active', 1690270782),
(736, 867, 2708, 1, 0, 'active', 1690270782),
(737, 867, 2709, 1, 0, 'active', 1690270782),
(738, 867, 2710, 1, 0, 'active', 1690270782),
(739, 867, 2711, 1, 0, 'active', 1690270782),
(740, 867, 2712, 1, 0, 'active', 1690270782),
(741, 867, 2713, 1, 0, 'active', 1690270782),
(742, 867, 2714, 1, 0, 'active', 1690270782),
(743, 867, 2715, 1, 0, 'active', 1690270782),
(744, 867, 2716, 1, 0, 'active', 1690270782),
(745, 867, 2717, 1, 0, 'active', 1690270782),
(746, 867, 2718, 1, 0, 'active', 1690270782),
(747, 867, 2719, 1, 0, 'active', 1690270782),
(748, 867, 2720, 1, 0, 'active', 1690270782),
(749, 867, 2721, 1, 0, 'active', 1690270782),
(750, 867, 2722, 1, 0, 'active', 1690270782),
(751, 867, 2723, 1, 0, 'active', 1690270782),
(752, 867, 2724, 1, 0, 'active', 1690270782),
(753, 867, 2725, 1, 0, 'active', 1690270782),
(754, 867, 2726, 1, 0, 'active', 1690270782),
(755, 867, 2727, 1, 0, 'active', 1690270782),
(756, 867, 2728, 1, 0, 'active', 1690270782),
(757, 867, 2729, 1, 0, 'active', 1690270782),
(758, 867, 2730, 1, 0, 'active', 1690270782),
(759, 867, 2731, 1, 0, 'active', 1690270782),
(760, 867, 2732, 1, 0, 'active', 1690270782),
(761, 867, 2733, 1, 0, 'active', 1690270782),
(762, 867, 2734, 1, 0, 'active', 1690270782),
(763, 867, 2735, 1, 0, 'active', 1690270782),
(764, 867, 2736, 1, 0, 'active', 1690270782),
(765, 867, 2737, 1, 0, 'active', 1690270782),
(766, 867, 2738, 1, 0, 'active', 1690270782),
(767, 867, 2739, 1, 0, 'active', 1690270782),
(768, 867, 2740, 1, 0, 'active', 1690270782),
(769, 867, 2741, 1, 0, 'active', 1690270782),
(770, 867, 2742, 1, 0, 'active', 1690270782),
(771, 867, 2743, 1, 0, 'active', 1690270782),
(772, 867, 2744, 1, 0, 'active', 1690270782),
(773, 867, 2745, 1, 0, 'active', 1690270782),
(774, 867, 2746, 1, 0, 'active', 1690270782),
(775, 867, 2747, 1, 0, 'active', 1690270782),
(776, 867, 2748, 1, 0, 'active', 1690270782),
(777, 867, 2749, 1, 0, 'active', 1690270782),
(778, 867, 2750, 1, 0, 'active', 1690270782),
(779, 867, 2751, 1, 0, 'active', 1690270782),
(780, 867, 2752, 1, 0, 'active', 1690270782),
(781, 867, 2753, 1, 0, 'active', 1690270782),
(782, 867, 2754, 1, 0, 'active', 1690270782),
(783, 867, 2755, 1, 0, 'active', 1690270782),
(784, 867, 2756, 1, 0, 'active', 1690270782),
(785, 867, 2757, 1, 0, 'active', 1690270782),
(786, 867, 2758, 1, 0, 'active', 1690270782),
(787, 867, 2759, 1, 0, 'active', 1690270782),
(788, 867, 2760, 1, 0, 'active', 1690270782),
(789, 867, 2761, 1, 0, 'active', 1690270782),
(790, 867, 2762, 1, 0, 'active', 1690270782),
(791, 867, 2763, 1, 0, 'active', 1690270782),
(792, 867, 2764, 1, 0, 'active', 1690270782),
(793, 867, 2765, 1, 0, 'active', 1690270782),
(794, 867, 2766, 1, 0, 'active', 1690270782),
(795, 867, 2767, 1, 0, 'active', 1690270782),
(796, 867, 2768, 1, 0, 'active', 1690270782),
(797, 867, 2769, 1, 0, 'active', 1690270782),
(798, 867, 2770, 1, 0, 'active', 1690270782),
(799, 867, 2771, 1, 0, 'active', 1690270782),
(800, 867, 2772, 1, 0, 'active', 1690270782),
(801, 867, 2773, 1, 0, 'active', 1690270782),
(802, 867, 2774, 1, 0, 'active', 1690270782),
(803, 867, 2775, 1, 0, 'active', 1690270782),
(804, 867, 2776, 1, 0, 'active', 1690270782),
(805, 867, 2777, 1, 0, 'active', 1690270782),
(806, 867, 2778, 1, 0, 'active', 1690270782),
(807, 867, 2779, 1, 0, 'active', 1690270782),
(808, 867, 2780, 1, 0, 'active', 1690270782),
(809, 867, 2781, 1, 0, 'active', 1690270782),
(810, 867, 2782, 1, 0, 'active', 1690270782),
(811, 867, 2783, 1, 0, 'active', 1690270782),
(812, 867, 2784, 1, 0, 'active', 1690270782),
(813, 867, 2785, 1, 0, 'active', 1690270782),
(814, 867, 2786, 1, 0, 'active', 1690270782),
(815, 867, 2787, 1, 0, 'active', 1690270782),
(816, 867, 2788, 1, 0, 'active', 1690270782),
(817, 867, 2789, 1, 0, 'active', 1690270782),
(818, 867, 2790, 1, 0, 'active', 1690270782),
(819, 867, 2791, 1, 0, 'active', 1690270782),
(820, 867, 2792, 1, 0, 'active', 1690270782),
(821, 867, 2793, 1, 0, 'active', 1690270782),
(822, 867, 2794, 1, 0, 'active', 1690270782),
(823, 867, 2795, 1, 0, 'active', 1690270782),
(824, 867, 2796, 1, 0, 'active', 1690270782),
(825, 867, 2797, 1, 0, 'active', 1690270782),
(826, 867, 2798, 1, 0, 'active', 1690270782),
(827, 867, 2799, 1, 0, 'active', 1690270782),
(828, 867, 2800, 1, 0, 'active', 1690270782),
(829, 867, 2801, 1, 0, 'active', 1690270782),
(830, 867, 2802, 1, 0, 'active', 1690270782),
(831, 867, 2803, 1, 0, 'active', 1690270782),
(832, 867, 2804, 1, 0, 'active', 1690270782),
(833, 867, 2805, 1, 0, 'active', 1690270782),
(834, 867, 2806, 1, 0, 'active', 1690270782),
(835, 867, 2807, 1, 0, 'active', 1690270782),
(836, 867, 2808, 1, 0, 'active', 1690270782),
(837, 867, 2809, 1, 0, 'active', 1690270782),
(838, 867, 2810, 1, 0, 'active', 1690270782),
(839, 867, 2811, 1, 0, 'active', 1690270782),
(840, 867, 2812, 1, 0, 'active', 1690270782),
(841, 867, 2813, 1, 0, 'active', 1690270782),
(842, 867, 2814, 1, 0, 'active', 1690270782),
(843, 867, 2815, 1, 0, 'active', 1690270782),
(844, 867, 2816, 1, 0, 'active', 1690270782),
(845, 867, 2817, 1, 0, 'active', 1690270782),
(846, 867, 2818, 1, 0, 'active', 1690270782),
(847, 867, 2819, 1, 0, 'active', 1690270782),
(848, 867, 2820, 1, 0, 'active', 1690270782),
(849, 867, 2821, 1, 0, 'active', 1690270782),
(850, 867, 2822, 1, 0, 'active', 1690270782),
(851, 867, 2823, 1, 0, 'active', 1690270782),
(852, 867, 2824, 1, 0, 'active', 1690270782),
(853, 867, 2825, 1, 0, 'active', 1690270782),
(854, 867, 2826, 1, 0, 'active', 1690270782),
(855, 867, 2827, 1, 0, 'active', 1690270782),
(856, 867, 2828, 1, 0, 'active', 1690270782),
(857, 867, 2829, 1, 0, 'active', 1690270782),
(858, 867, 2830, 1, 0, 'active', 1690270782),
(859, 867, 2831, 1, 0, 'active', 1690270782),
(860, 867, 2832, 1, 0, 'active', 1690270782),
(861, 867, 2833, 1, 0, 'active', 1690270782),
(862, 867, 2834, 1, 0, 'active', 1690270782),
(863, 867, 2835, 1, 0, 'active', 1690270782),
(864, 867, 2836, 1, 0, 'active', 1690270782),
(865, 867, 2837, 1, 0, 'active', 1690270782),
(866, 867, 2838, 1, 0, 'active', 1690270782),
(867, 867, 2839, 1, 0, 'active', 1690270782),
(868, 867, 2840, 1, 0, 'active', 1690270782),
(869, 867, 2841, 1, 0, 'active', 1690270782),
(870, 867, 2842, 1, 0, 'active', 1690270782),
(871, 867, 2843, 1, 0, 'active', 1690270782),
(872, 867, 2844, 1, 0, 'active', 1690270782),
(873, 867, 2845, 1, 0, 'active', 1690270782),
(874, 867, 2846, 1, 0, 'active', 1690270782),
(875, 867, 2847, 1, 0, 'active', 1690270782),
(876, 867, 2848, 1, 0, 'active', 1690270782),
(877, 867, 2849, 1, 0, 'active', 1690270782),
(878, 867, 2850, 1, 0, 'active', 1690270782),
(879, 867, 2851, 1, 0, 'active', 1690270782),
(880, 867, 2852, 1, 0, 'active', 1690270782),
(881, 867, 2853, 1, 0, 'active', 1690270782),
(882, 867, 2854, 1, 0, 'active', 1690270782),
(883, 867, 2855, 1, 0, 'active', 1690270782),
(884, 867, 2856, 1, 0, 'active', 1690270782),
(885, 867, 2857, 1, 0, 'active', 1690270782),
(886, 867, 2858, 1, 0, 'active', 1690270782),
(887, 867, 2859, 1, 0, 'active', 1690270782),
(888, 867, 2860, 1, 0, 'active', 1690270782),
(889, 867, 2861, 1, 0, 'active', 1690270782),
(890, 867, 2862, 1, 0, 'active', 1690270782),
(891, 867, 2863, 1, 0, 'active', 1690270782),
(892, 867, 2864, 1, 0, 'active', 1690270782),
(893, 867, 2865, 1, 0, 'active', 1690270782),
(894, 867, 2866, 1, 0, 'active', 1690270782),
(895, 867, 2867, 1, 0, 'active', 1690270782),
(896, 867, 2868, 1, 0, 'active', 1690270782),
(897, 867, 2869, 1, 0, 'active', 1690270782),
(898, 867, 2870, 1, 0, 'active', 1690270782),
(899, 867, 2871, 1, 0, 'active', 1690270782),
(900, 867, 2872, 1, 0, 'active', 1690270782),
(901, 867, 2873, 1, 0, 'active', 1690270782),
(902, 867, 2874, 1, 0, 'active', 1690270782),
(903, 867, 2875, 1, 0, 'active', 1690270782),
(904, 867, 2876, 1, 0, 'active', 1690270782),
(905, 867, 2877, 1, 0, 'active', 1690270782),
(906, 867, 2878, 1, 0, 'active', 1690270782),
(907, 867, 2879, 1, 0, 'active', 1690270782),
(908, 867, 2880, 1, 0, 'active', 1690270782),
(909, 867, 2881, 1, 0, 'active', 1690270782),
(910, 867, 2882, 1, 0, 'active', 1690270782),
(911, 867, 2883, 1, 0, 'active', 1690270782),
(912, 867, 2884, 1, 0, 'active', 1690270782),
(913, 867, 2885, 1, 0, 'active', 1690270782),
(914, 867, 2886, 1, 0, 'active', 1690270782),
(915, 867, 2887, 1, 0, 'active', 1690270782),
(916, 867, 2888, 1, 0, 'active', 1690270782),
(917, 867, 2889, 1, 0, 'active', 1690270782),
(918, 867, 2890, 1, 0, 'active', 1690270782),
(919, 867, 2891, 1, 0, 'active', 1690270782),
(920, 867, 2892, 1, 0, 'active', 1690270782),
(921, 867, 2893, 1, 0, 'active', 1690270782),
(922, 867, 2894, 1, 0, 'active', 1690270782),
(923, 867, 2895, 1, 0, 'active', 1690270782),
(924, 867, 2896, 1, 0, 'active', 1690270782),
(925, 867, 2897, 1, 0, 'active', 1690270782),
(926, 867, 2898, 1, 0, 'active', 1690270782),
(927, 867, 2899, 1, 0, 'active', 1690270782),
(928, 867, 2900, 1, 0, 'active', 1690270782),
(929, 867, 2901, 1, 0, 'active', 1690270782),
(930, 867, 2902, 1, 0, 'active', 1690270782),
(931, 867, 2903, 1, 0, 'active', 1690270782),
(932, 867, 2904, 1, 0, 'active', 1690270782),
(933, 867, 2905, 1, 0, 'active', 1690270782),
(934, 867, 2906, 1, 0, 'active', 1690270782),
(935, 867, 2907, 1, 0, 'active', 1690270782),
(936, 867, 2908, 1, 0, 'active', 1690270782),
(937, 867, 2909, 1, 0, 'active', 1690270782),
(938, 867, 2910, 1, 0, 'active', 1690270782),
(939, 867, 2911, 1, 0, 'active', 1690270782),
(940, 867, 2912, 1, 0, 'active', 1690270782),
(941, 867, 2913, 1, 0, 'active', 1690270782),
(942, 867, 2914, 1, 0, 'active', 1690270782),
(943, 867, 2915, 1, 0, 'active', 1690270782),
(944, 867, 2916, 1, 0, 'active', 1690270782),
(945, 867, 2917, 1, 0, 'active', 1690270782),
(946, 867, 2918, 1, 0, 'active', 1690270782),
(947, 867, 2919, 1, 0, 'active', 1690270782),
(948, 867, 2920, 1, 0, 'active', 1690270782),
(949, 867, 2921, 1, 0, 'active', 1690270782),
(950, 867, 2922, 1, 0, 'active', 1690270782),
(951, 867, 2923, 1, 0, 'active', 1690270782),
(952, 867, 2924, 1, 0, 'active', 1690270782),
(953, 867, 2925, 1, 0, 'active', 1690270782),
(954, 867, 2926, 1, 0, 'active', 1690270782),
(955, 867, 2927, 1, 0, 'active', 1690270782),
(956, 867, 2928, 1, 0, 'active', 1690270782),
(957, 867, 2929, 1, 0, 'active', 1690270782),
(958, 867, 2930, 1, 0, 'active', 1690270782),
(959, 867, 2931, 1, 0, 'active', 1690270782),
(960, 867, 2932, 1, 0, 'active', 1690270782),
(961, 867, 2933, 1, 0, 'active', 1690270782),
(962, 867, 2934, 1, 0, 'active', 1690270782),
(963, 867, 2935, 1, 0, 'active', 1690270782),
(964, 867, 2936, 1, 0, 'active', 1690270782),
(965, 867, 2937, 1, 0, 'active', 1690270782),
(966, 867, 2938, 1, 0, 'active', 1690270782),
(967, 867, 2939, 1, 0, 'active', 1690270782),
(968, 867, 2940, 1, 0, 'active', 1690270782),
(969, 867, 2941, 1, 0, 'active', 1690270782),
(970, 867, 2942, 1, 0, 'active', 1690270782),
(971, 867, 2943, 1, 0, 'active', 1690270782),
(972, 867, 2944, 1, 0, 'active', 1690270782),
(973, 867, 2945, 1, 0, 'active', 1690270782),
(974, 867, 2946, 1, 0, 'active', 1690270782),
(975, 867, 2947, 1, 0, 'active', 1690270782),
(976, 867, 2948, 1, 0, 'active', 1690270782),
(977, 867, 2949, 1, 0, 'active', 1690270782),
(978, 867, 2950, 1, 0, 'active', 1690270782),
(979, 867, 2951, 1, 0, 'active', 1690270782),
(980, 867, 2952, 1, 0, 'active', 1690270782),
(981, 867, 2953, 1, 0, 'active', 1690270782),
(982, 867, 2954, 1, 0, 'active', 1690270782),
(983, 867, 2955, 1, 0, 'active', 1690270782),
(984, 867, 2956, 1, 0, 'active', 1690270782),
(985, 867, 2957, 1, 0, 'active', 1690270782),
(986, 867, 2958, 1, 0, 'active', 1690270782),
(987, 867, 2959, 1, 0, 'active', 1690270782),
(988, 867, 2960, 1, 0, 'active', 1690270782),
(989, 867, 2961, 1, 0, 'active', 1690270782),
(990, 867, 2962, 1, 0, 'active', 1690270782),
(991, 867, 2963, 1, 0, 'active', 1690270782),
(992, 867, 2964, 1, 0, 'active', 1690270782),
(993, 867, 2965, 1, 0, 'active', 1690270782),
(994, 867, 2966, 1, 0, 'active', 1690270782),
(995, 867, 2967, 1, 0, 'active', 1690270782),
(996, 867, 2968, 1, 0, 'active', 1690270782),
(997, 867, 2969, 1, 0, 'active', 1690270782),
(998, 867, 2970, 1, 0, 'active', 1690270782),
(999, 867, 2971, 1, 0, 'active', 1690270782),
(1000, 867, 2972, 1, 0, 'active', 1690270782),
(1001, 867, 2973, 1, 0, 'active', 1690270782),
(1002, 867, 2974, 1, 0, 'active', 1690270782),
(1003, 867, 2975, 1, 0, 'active', 1690270782),
(1004, 867, 2976, 1, 0, 'active', 1690270782),
(1005, 867, 2977, 1, 0, 'active', 1690270782),
(1006, 867, 2978, 1, 0, 'active', 1690270782),
(1007, 867, 2979, 1, 0, 'active', 1690270782),
(1008, 867, 2980, 1, 0, 'active', 1690270782),
(1009, 867, 2981, 1, 0, 'active', 1690270782),
(1010, 867, 2982, 1, 0, 'active', 1690270782),
(1011, 867, 2983, 1, 0, 'active', 1690270782),
(1012, 867, 2984, 1, 0, 'active', 1690270782),
(1013, 867, 2985, 1, 0, 'active', 1690270782),
(1014, 867, 2986, 1, 0, 'active', 1690270782),
(1015, 867, 2987, 1, 0, 'active', 1690270782),
(1016, 867, 2988, 1, 0, 'active', 1690270782),
(1017, 867, 2989, 1, 0, 'active', 1690270782),
(1018, 867, 2990, 1, 0, 'active', 1690270782),
(1019, 867, 2991, 1, 0, 'active', 1690270782),
(1020, 867, 2992, 1, 0, 'active', 1690270782),
(1021, 867, 2993, 1, 0, 'active', 1690270782),
(1022, 867, 2994, 1, 0, 'active', 1690270782),
(1023, 867, 2995, 1, 0, 'active', 1690270782),
(1024, 867, 2996, 1, 0, 'active', 1690270782),
(1025, 867, 2997, 1, 0, 'active', 1690270782),
(1026, 867, 2998, 1, 0, 'active', 1690270782),
(1027, 867, 2999, 1, 0, 'active', 1690270782),
(1028, 867, 3000, 1, 0, 'active', 1690270782),
(1029, 867, 3001, 1, 0, 'active', 1690270782),
(1030, 867, 3002, 1, 0, 'active', 1690270782),
(1031, 867, 3003, 1, 0, 'active', 1690270782),
(1032, 867, 3004, 1, 0, 'active', 1690270782),
(1033, 867, 3005, 1, 0, 'active', 1690270782),
(1034, 867, 3006, 1, 0, 'active', 1690270782),
(1035, 867, 3007, 1, 0, 'active', 1690270782),
(1036, 867, 3008, 1, 0, 'active', 1690270782),
(1037, 867, 3009, 1, 0, 'active', 1690270782),
(1038, 867, 3010, 1, 0, 'active', 1690270782),
(1039, 867, 3011, 1, 0, 'active', 1690270782),
(1040, 867, 3012, 1, 0, 'active', 1690270782),
(1041, 867, 3013, 1, 0, 'active', 1690270782),
(1042, 867, 3014, 1, 0, 'active', 1690270782),
(1043, 867, 3015, 1, 0, 'active', 1690270782),
(1044, 867, 3016, 1, 0, 'active', 1690270782),
(1045, 867, 3017, 1, 0, 'active', 1690270782),
(1046, 867, 3018, 1, 0, 'active', 1690270782),
(1047, 867, 3019, 1, 0, 'active', 1690270782),
(1048, 867, 3020, 1, 0, 'active', 1690270782),
(1049, 867, 3021, 1, 0, 'active', 1690270782),
(1050, 867, 3022, 1, 0, 'active', 1690270782),
(1051, 867, 3023, 1, 0, 'active', 1690270782),
(1052, 867, 3024, 1, 0, 'active', 1690270782),
(1053, 867, 3025, 1, 0, 'active', 1690270782),
(1054, 867, 3026, 1, 0, 'active', 1690270782),
(1055, 867, 3027, 1, 0, 'active', 1690270782),
(1056, 867, 3028, 1, 0, 'active', 1690270782),
(1057, 867, 3029, 1, 0, 'active', 1690270782),
(1058, 867, 3030, 1, 0, 'active', 1690270782),
(1059, 867, 3031, 1, 0, 'active', 1690270782),
(1060, 867, 3032, 1, 0, 'active', 1690270782),
(1061, 867, 3033, 1, 0, 'active', 1690270782),
(1062, 867, 3034, 1, 0, 'active', 1690270782),
(1063, 867, 3035, 1, 0, 'active', 1690270782),
(1064, 867, 3036, 1, 0, 'active', 1690270782),
(1065, 867, 3037, 1, 0, 'active', 1690270782),
(1066, 867, 3038, 1, 0, 'active', 1690270782),
(1067, 867, 3039, 1, 0, 'active', 1690270782),
(1068, 867, 3040, 1, 0, 'active', 1690270782),
(1069, 867, 3041, 1, 0, 'active', 1690270782),
(1070, 867, 3042, 1, 0, 'active', 1690270782),
(1071, 867, 3043, 1, 0, 'active', 1690270782),
(1072, 867, 3044, 1, 0, 'active', 1690270782),
(1073, 867, 3045, 1, 0, 'active', 1690270782),
(1074, 867, 3046, 1, 0, 'active', 1690270782),
(1075, 867, 3047, 1, 0, 'active', 1690270782),
(1076, 867, 3048, 1, 0, 'active', 1690270782),
(1077, 867, 3049, 1, 0, 'active', 1690270782),
(1078, 867, 3050, 1, 0, 'active', 1690270782),
(1079, 867, 3051, 1, 0, 'active', 1690270782),
(1080, 867, 3052, 1, 0, 'active', 1690270782),
(1081, 867, 3053, 1, 0, 'active', 1690270782),
(1082, 867, 3054, 1, 0, 'active', 1690270782),
(1083, 867, 3055, 1, 0, 'active', 1690270782),
(1084, 867, 3056, 1, 0, 'active', 1690270782),
(1085, 867, 3057, 1, 0, 'active', 1690270782),
(1086, 867, 3058, 1, 0, 'active', 1690270782),
(1087, 867, 3059, 1, 0, 'active', 1690270782),
(1088, 867, 3060, 1, 0, 'active', 1690270782),
(1089, 867, 3061, 1, 0, 'active', 1690270782);

-- --------------------------------------------------------

--
-- Table structure for table `webinar_chapter_items`
--

CREATE TABLE `webinar_chapter_items` (
  `id` bigint(20) UNSIGNED NOT NULL,
  `user_id` int(10) UNSIGNED NOT NULL,
  `chapter_id` int(10) UNSIGNED NOT NULL,
  `item_id` int(10) UNSIGNED NOT NULL,
  `type` enum('file','session','text_lesson','quiz','assignment') NOT NULL,
  `order` int(10) UNSIGNED DEFAULT NULL,
  `created_at` bigint(20) UNSIGNED NOT NULL
) ENGINE=InnoDB DEFAULT CHARSET=utf8mb4 COLLATE=utf8mb4_unicode_ci;

--
-- Dumping data for table `webinar_chapter_items`
--

INSERT INTO `webinar_chapter_items` (`id`, `user_id`, `chapter_id`, `item_id`, `type`, `order`, `created_at`) VALUES
(238, 859, 53, 100, 'file', 1, 1690254271),
(244, 859, 53, 101, 'file', 2, 1690254810),
(249, 867, 55, 105, 'file', 1, 1690268186),
(250, 867, 56, 106, 'file', 1, 1690269207),
(251, 867, 57, 107, 'file', 1, 1690270051),
(252, 867, 58, 108, 'file', 1, 1690270134),
(257, 867, 59, 109, 'file', 1, 1690271060),
(260, 867, 62, 112, 'file', 1, 1690271238),
(262, 867, 68, 110, 'file', 1, 1690271289),
(263, 867, 67, 111, 'file', 1, 1690271315),
(264, 867, 60, 113, 'file', 1, 1690271478),
(265, 867, 61, 114, 'file', 1, 1690271514),
(266, 3, 70, 115, 'file', 1, 1690346071),
(267, 867, 72, 116, 'file', 1, 1690269207),
(268, 867, 73, 117, 'file', 1, 1690269207),
(269, 867, 74, 118, 'file', 1, 1690269207),
(270, 867, 75, 119, 'file', 1, 1690269207),
(271, 867, 76, 120, 'file', 1, 1690269207),
(272, 867, 77, 121, 'file', 1, 1690269207),
(273, 867, 78, 122, 'file', 1, 1690269207),
(274, 867, 79, 123, 'file', 1, 1690269207),
(275, 867, 80, 124, 'file', 1, 1690269207),
(276, 867, 81, 125, 'file', 1, 1690269207),
(277, 867, 82, 126, 'file', 1, 1690269207),
(278, 867, 83, 127, 'file', 1, 1690269207),
(279, 867, 84, 128, 'file', 1, 1690269207),
(280, 867, 85, 129, 'file', 1, 1690269207),
(281, 867, 86, 130, 'file', 1, 1690269207),
(282, 867, 87, 131, 'file', 1, 1690269207),
(283, 867, 88, 132, 'file', 1, 1690269207),
(284, 867, 89, 133, 'file', 1, 1690269207),
(285, 867, 90, 134, 'file', 1, 1690269207),
(286, 867, 91, 135, 'file', 1, 1690269207),
(287, 867, 92, 136, 'file', 1, 1690269207),
(288, 867, 93, 137, 'file', 1, 1690269207),
(289, 867, 94, 138, 'file', 1, 1690269207),
(290, 867, 95, 139, 'file', 1, 1690269207),
(291, 867, 96, 140, 'file', 1, 1690269207),
(292, 867, 97, 141, 'file', 1, 1690269207),
(293, 867, 98, 142, 'file', 1, 1690269207),
(294, 867, 99, 143, 'file', 1, 1690269207),
(295, 867, 100, 144, 'file', 1, 1690269207),
(296, 867, 101, 145, 'file', 1, 1690269207),
(297, 867, 102, 146, 'file', 1, 1690269207),
(298, 867, 103, 147, 'file', 1, 1690269207),
(299, 867, 104, 148, 'file', 1, 1690269207),
(300, 867, 105, 149, 'file', 1, 1690269207),
(301, 867, 106, 150, 'file', 1, 1690269207),
(302, 867, 107, 151, 'file', 1, 1690269207),
(303, 867, 108, 152, 'file', 1, 1690269207),
(304, 867, 109, 153, 'file', 1, 1690269207),
(305, 867, 110, 154, 'file', 1, 1690269207),
(306, 867, 111, 155, 'file', 1, 1690269207),
(307, 867, 112, 156, 'file', 1, 1690269207),
(308, 867, 113, 157, 'file', 1, 1690269207),
(309, 867, 114, 158, 'file', 1, 1690269207),
(310, 867, 115, 159, 'file', 1, 1690269207),
(311, 867, 116, 160, 'file', 1, 1690269207),
(312, 867, 117, 161, 'file', 1, 1690269207),
(313, 867, 118, 162, 'file', 1, 1690269207),
(314, 867, 119, 163, 'file', 1, 1690269207),
(315, 867, 120, 164, 'file', 1, 1690269207),
(316, 867, 121, 165, 'file', 1, 1690269207),
(317, 867, 122, 166, 'file', 1, 1690269207),
(318, 867, 123, 167, 'file', 1, 1690269207),
(319, 867, 124, 168, 'file', 1, 1690269207),
(320, 867, 125, 169, 'file', 1, 1690269207),
(321, 867, 126, 170, 'file', 1, 1690269207),
(322, 867, 127, 171, 'file', 1, 1690269207),
(323, 867, 128, 172, 'file', 1, 1690269207),
(324, 867, 129, 173, 'file', 1, 1690269207),
(325, 867, 130, 174, 'file', 1, 1690269207),
(326, 867, 131, 175, 'file', 1, 1690269207),
(327, 867, 132, 176, 'file', 1, 1690269207),
(328, 867, 133, 177, 'file', 1, 1690269207),
(329, 867, 134, 178, 'file', 1, 1690269207),
(330, 867, 135, 179, 'file', 1, 1690269207),
(331, 867, 136, 180, 'file', 1, 1690269207),
(332, 867, 137, 181, 'file', 1, 1690269207),
(333, 867, 138, 182, 'file', 1, 1690269207),
(334, 867, 139, 183, 'file', 1, 1690269207),
(335, 867, 140, 184, 'file', 1, 1690269207),
(336, 867, 141, 185, 'file', 1, 1690269207),
(337, 867, 142, 186, 'file', 1, 1690269207),
(338, 867, 143, 187, 'file', 1, 1690269207),
(339, 867, 144, 188, 'file', 1, 1690269207),
(340, 867, 145, 189, 'file', 1, 1690269207),
(341, 867, 146, 190, 'file', 1, 1690269207),
(342, 867, 147, 191, 'file', 1, 1690269207),
(343, 867, 148, 192, 'file', 1, 1690269207),
(344, 867, 149, 193, 'file', 1, 1690269207),
(345, 867, 150, 194, 'file', 1, 1690269207),
(346, 867, 151, 195, 'file', 1, 1690269207),
(347, 867, 152, 196, 'file', 1, 1690269207),
(348, 867, 153, 197, 'file', 1, 1690269207),
(349, 867, 154, 198, 'file', 1, 1690269207),
(350, 867, 155, 199, 'file', 1, 1690269207),
(351, 867, 156, 200, 'file', 1, 1690269207),
(352, 867, 157, 201, 'file', 1, 1690269207),
(353, 867, 158, 202, 'file', 1, 1690269207),
(354, 867, 159, 203, 'file', 1, 1690269207),
(355, 867, 160, 204, 'file', 1, 1690269207),
(356, 867, 161, 205, 'file', 1, 1690269207),
(357, 867, 162, 206, 'file', 1, 1690269207),
(358, 867, 163, 207, 'file', 1, 1690269207),
(359, 867, 164, 208, 'file', 1, 1690269207),
(360, 867, 165, 209, 'file', 1, 1690269207),
(361, 867, 166, 210, 'file', 1, 1690269207),
(362, 867, 167, 211, 'file', 1, 1690269207),
(363, 867, 168, 212, 'file', 1, 1690269207),
(364, 867, 169, 213, 'file', 1, 1690269207),
(365, 867, 170, 214, 'file', 1, 1690269207),
(366, 867, 171, 215, 'file', 1, 1690269207),
(367, 867, 172, 216, 'file', 1, 1690269207),
(368, 867, 173, 217, 'file', 1, 1690269207),
(369, 867, 174, 218, 'file', 1, 1690269207),
(370, 867, 175, 219, 'file', 1, 1690269207),
(371, 867, 176, 220, 'file', 1, 1690269207),
(372, 867, 177, 221, 'file', 1, 1690269207),
(373, 867, 178, 222, 'file', 1, 1690269207),
(374, 867, 179, 223, 'file', 1, 1690269207),
(375, 867, 180, 224, 'file', 1, 1690269207),
(376, 867, 181, 225, 'file', 1, 1690269207),
(377, 867, 182, 226, 'file', 1, 1690269207),
(378, 867, 183, 227, 'file', 1, 1690269207),
(379, 867, 184, 228, 'file', 1, 1690269207),
(380, 867, 185, 229, 'file', 1, 1690269207),
(381, 867, 186, 230, 'file', 1, 1690269207),
(382, 867, 187, 231, 'file', 1, 1690269207),
(383, 867, 188, 232, 'file', 1, 1690269207),
(384, 867, 189, 233, 'file', 1, 1690269207),
(385, 867, 190, 234, 'file', 1, 1690269207),
(386, 867, 191, 235, 'file', 1, 1690269207),
(387, 867, 192, 236, 'file', 1, 1690269207),
(388, 867, 193, 237, 'file', 1, 1690269207),
(389, 867, 194, 238, 'file', 1, 1690269207),
(390, 867, 195, 239, 'file', 1, 1690269207),
(391, 867, 196, 240, 'file', 1, 1690269207),
(392, 867, 197, 241, 'file', 1, 1690269207),
(393, 867, 198, 242, 'file', 1, 1690269207),
(394, 867, 199, 243, 'file', 1, 1690269207),
(395, 867, 200, 244, 'file', 1, 1690269207),
(396, 867, 201, 245, 'file', 1, 1690269207),
(397, 867, 202, 246, 'file', 1, 1690269207),
(398, 867, 203, 247, 'file', 1, 1690269207),
(399, 867, 204, 248, 'file', 1, 1690269207),
(400, 867, 205, 249, 'file', 1, 1690269207),
(401, 867, 206, 250, 'file', 1, 1690269207),
(402, 867, 207, 251, 'file', 1, 1690269207),
(403, 867, 208, 252, 'file', 1, 1690269207),
(404, 867, 209, 253, 'file', 1, 1690269207),
(405, 867, 210, 254, 'file', 1, 1690269207),
(406, 867, 211, 255, 'file', 1, 1690269207),
(407, 867, 212, 256, 'file', 1, 1690269207),
(408, 867, 213, 257, 'file', 1, 1690269207),
(409, 867, 214, 258, 'file', 1, 1690269207),
(410, 867, 215, 259, 'file', 1, 1690269207),
(411, 867, 216, 260, 'file', 1, 1690269207),
(412, 867, 217, 261, 'file', 1, 1690269207),
(413, 867, 218, 262, 'file', 1, 1690269207),
(414, 867, 219, 263, 'file', 1, 1690269207),
(415, 867, 220, 264, 'file', 1, 1690269207),
(416, 867, 221, 265, 'file', 1, 1690269207),
(417, 867, 222, 266, 'file', 1, 1690269207),
(418, 867, 223, 267, 'file', 1, 1690269207),
(419, 867, 224, 268, 'file', 1, 1690269207),
(420, 867, 225, 269, 'file', 1, 1690269207),
(421, 867, 226, 270, 'file', 1, 1690269207),
(422, 867, 227, 271, 'file', 1, 1690269207),
(423, 867, 228, 272, 'file', 1, 1690269207),
(424, 867, 229, 273, 'file', 1, 1690269207),
(425, 867, 230, 274, 'file', 1, 1690269207),
(426, 867, 231, 275, 'file', 1, 1690269207),
(427, 867, 232, 276, 'file', 1, 1690269207),
(428, 867, 233, 277, 'file', 1, 1690269207),
(429, 867, 234, 278, 'file', 1, 1690269207),
(430, 867, 235, 279, 'file', 1, 1690269207),
(431, 867, 236, 280, 'file', 1, 1690269207),
(432, 867, 237, 281, 'file', 1, 1690269207),
(433, 867, 238, 282, 'file', 1, 1690269207),
(434, 867, 239, 283, 'file', 1, 1690269207),
(435, 867, 240, 284, 'file', 1, 1690269207),
(436, 867, 241, 285, 'file', 1, 1690269207),
(437, 867, 242, 286, 'file', 1, 1690269207),
(438, 867, 243, 287, 'file', 1, 1690269207),
(439, 867, 244, 288, 'file', 1, 1690269207),
(440, 867, 245, 289, 'file', 1, 1690269207),
(441, 867, 246, 290, 'file', 1, 1690269207),
(442, 867, 247, 291, 'file', 1, 1690269207),
(443, 867, 248, 292, 'file', 1, 1690269207),
(444, 867, 249, 293, 'file', 1, 1690269207),
(445, 867, 250, 294, 'file', 1, 1690269207),
(446, 867, 251, 295, 'file', 1, 1690269207),
(447, 867, 252, 296, 'file', 1, 1690269207),
(448, 867, 253, 297, 'file', 1, 1690269207),
(449, 867, 254, 298, 'file', 1, 1690269207),
(450, 867, 255, 299, 'file', 1, 1690269207),
(451, 867, 256, 300, 'file', 1, 1690269207),
(452, 867, 257, 301, 'file', 1, 1690269207),
(453, 867, 258, 302, 'file', 1, 1690269207),
(454, 867, 259, 303, 'file', 1, 1690269207),
(455, 867, 260, 304, 'file', 1, 1690269207),
(456, 867, 261, 305, 'file', 1, 1690269207),
(457, 867, 262, 306, 'file', 1, 1690269207),
(458, 867, 263, 307, 'file', 1, 1690269207),
(459, 867, 264, 308, 'file', 1, 1690269207),
(460, 867, 265, 309, 'file', 1, 1690269207),
(461, 867, 266, 310, 'file', 1, 1690269207),
(462, 867, 267, 311, 'file', 1, 1690269207),
(463, 867, 268, 312, 'file', 1, 1690269207),
(464, 867, 269, 313, 'file', 1, 1690269207),
(465, 867, 270, 314, 'file', 1, 1690269207),
(466, 867, 271, 315, 'file', 1, 1690269207),
(467, 867, 272, 316, 'file', 1, 1690269207),
(468, 867, 273, 317, 'file', 1, 1690269207),
(469, 867, 274, 318, 'file', 1, 1690269207),
(470, 867, 275, 319, 'file', 1, 1690269207),
(471, 867, 276, 320, 'file', 1, 1690269207),
(472, 867, 277, 321, 'file', 1, 1690269207),
(473, 867, 278, 322, 'file', 1, 1690269207),
(474, 867, 279, 323, 'file', 1, 1690269207),
(475, 867, 280, 324, 'file', 1, 1690269207),
(476, 867, 281, 325, 'file', 1, 1690269207),
(477, 867, 282, 326, 'file', 1, 1690269207),
(478, 867, 283, 327, 'file', 1, 1690269207),
(479, 867, 284, 328, 'file', 1, 1690269207),
(480, 867, 285, 329, 'file', 1, 1690269207),
(481, 867, 286, 330, 'file', 1, 1690269207),
(482, 867, 287, 331, 'file', 1, 1690269207),
(483, 867, 288, 332, 'file', 1, 1690269207),
(484, 867, 289, 333, 'file', 1, 1690269207),
(485, 867, 290, 334, 'file', 1, 1690269207),
(486, 867, 291, 335, 'file', 1, 1690269207),
(487, 867, 292, 336, 'file', 1, 1690269207),
(488, 867, 293, 337, 'file', 1, 1690269207),
(489, 867, 294, 338, 'file', 1, 1690269207),
(490, 867, 295, 339, 'file', 1, 1690269207),
(491, 867, 296, 340, 'file', 1, 1690269207),
(492, 867, 297, 341, 'file', 1, 1690269207),
(493, 867, 298, 342, 'file', 1, 1690269207),
(494, 867, 299, 343, 'file', 1, 1690269207),
(495, 867, 300, 344, 'file', 1, 1690269207),
(496, 867, 301, 345, 'file', 1, 1690269207),
(497, 867, 302, 346, 'file', 1, 1690269207),
(498, 867, 303, 347, 'file', 1, 1690269207),
(499, 867, 304, 348, 'file', 1, 1690269207),
(500, 867, 305, 349, 'file', 1, 1690269207),
(501, 867, 306, 350, 'file', 1, 1690269207),
(502, 867, 307, 351, 'file', 1, 1690269207),
(503, 867, 308, 352, 'file', 1, 1690269207),
(504, 867, 309, 353, 'file', 1, 1690269207),
(505, 867, 310, 354, 'file', 1, 1690269207),
(506, 867, 311, 355, 'file', 1, 1690269207),
(507, 867, 312, 356, 'file', 1, 1690269207),
(508, 867, 313, 357, 'file', 1, 1690269207),
(509, 867, 314, 358, 'file', 1, 1690269207),
(510, 867, 315, 359, 'file', 1, 1690269207),
(511, 867, 316, 360, 'file', 1, 1690269207),
(512, 867, 317, 361, 'file', 1, 1690269207),
(513, 867, 318, 362, 'file', 1, 1690269207),
(514, 867, 319, 363, 'file', 1, 1690269207),
(515, 867, 320, 364, 'file', 1, 1690269207),
(516, 867, 321, 365, 'file', 1, 1690269207),
(517, 867, 322, 366, 'file', 1, 1690269207),
(518, 867, 323, 367, 'file', 1, 1690269207),
(519, 867, 324, 368, 'file', 1, 1690269207),
(520, 867, 325, 369, 'file', 1, 1690269207),
(521, 867, 326, 370, 'file', 1, 1690269207),
(522, 867, 327, 371, 'file', 1, 1690269207),
(523, 867, 328, 372, 'file', 1, 1690269207),
(524, 867, 329, 373, 'file', 1, 1690269207),
(525, 867, 330, 374, 'file', 1, 1690269207),
(526, 867, 331, 375, 'file', 1, 1690269207),
(527, 867, 332, 376, 'file', 1, 1690269207),
(528, 867, 333, 377, 'file', 1, 1690269207),
(529, 867, 334, 378, 'file', 1, 1690269207),
(530, 867, 335, 379, 'file', 1, 1690269207),
(531, 867, 336, 380, 'file', 1, 1690269207),
(532, 867, 337, 381, 'file', 1, 1690269207),
(533, 867, 338, 382, 'file', 1, 1690269207),
(534, 867, 339, 383, 'file', 1, 1690269207),
(535, 867, 340, 384, 'file', 1, 1690269207),
(536, 867, 341, 385, 'file', 1, 1690269207),
(537, 867, 342, 386, 'file', 1, 1690269207),
(538, 867, 343, 387, 'file', 1, 1690269207),
(539, 867, 344, 388, 'file', 1, 1690269207),
(540, 867, 345, 389, 'file', 1, 1690269207),
(541, 867, 346, 390, 'file', 1, 1690269207),
(542, 867, 347, 391, 'file', 1, 1690269207),
(543, 867, 348, 392, 'file', 1, 1690269207),
(544, 867, 349, 393, 'file', 1, 1690269207),
(545, 867, 350, 394, 'file', 1, 1690269207),
(546, 867, 351, 395, 'file', 1, 1690269207),
(547, 867, 352, 396, 'file', 1, 1690269207),
(548, 867, 353, 397, 'file', 1, 1690269207),
(549, 867, 354, 398, 'file', 1, 1690269207),
(550, 867, 355, 399, 'file', 1, 1690269207),
(551, 867, 356, 400, 'file', 1, 1690269207),
(552, 867, 357, 401, 'file', 1, 1690269207),
(553, 867, 358, 402, 'file', 1, 1690269207),
(554, 867, 359, 403, 'file', 1, 1690269207),
(555, 867, 360, 404, 'file', 1, 1690269207),
(556, 867, 361, 405, 'file', 1, 1690269207),
(557, 867, 362, 406, 'file', 1, 1690269207),
(558, 867, 363, 407, 'file', 1, 1690269207),
(559, 867, 364, 408, 'file', 1, 1690269207),
(560, 867, 365, 409, 'file', 1, 1690269207),
(561, 867, 366, 410, 'file', 1, 1690269207),
(562, 867, 367, 411, 'file', 1, 1690269207),
(563, 867, 368, 412, 'file', 1, 1690269207),
(564, 867, 369, 413, 'file', 1, 1690269207),
(565, 867, 370, 414, 'file', 1, 1690269207),
(566, 867, 371, 415, 'file', 1, 1690269207),
(567, 867, 372, 416, 'file', 1, 1690269207),
(568, 867, 373, 417, 'file', 1, 1690269207),
(569, 867, 374, 418, 'file', 1, 1690269207),
(570, 867, 375, 419, 'file', 1, 1690269207),
(571, 867, 376, 420, 'file', 1, 1690269207),
(572, 867, 377, 421, 'file', 1, 1690269207),
(573, 867, 378, 422, 'file', 1, 1690269207),
(574, 867, 379, 423, 'file', 1, 1690269207),
(575, 867, 380, 424, 'file', 1, 1690269207),
(576, 867, 381, 425, 'file', 1, 1690269207),
(577, 867, 382, 426, 'file', 1, 1690269207),
(578, 867, 383, 427, 'file', 1, 1690269207),
(579, 867, 384, 428, 'file', 1, 1690269207),
(580, 867, 385, 429, 'file', 1, 1690269207),
(581, 867, 386, 430, 'file', 1, 1690269207),
(582, 867, 387, 431, 'file', 1, 1690269207),
(583, 867, 388, 432, 'file', 1, 1690269207),
(584, 867, 389, 433, 'file', 1, 1690269207),
(585, 867, 390, 434, 'file', 1, 1690269207),
(586, 867, 391, 435, 'file', 1, 1690269207),
(587, 867, 392, 436, 'file', 1, 1690269207),
(588, 867, 393, 437, 'file', 1, 1690269207),
(589, 867, 394, 438, 'file', 1, 1690269207),
(590, 867, 395, 439, 'file', 1, 1690269207),
(591, 867, 396, 440, 'file', 1, 1690269207),
(592, 867, 397, 441, 'file', 1, 1690269207),
(593, 867, 398, 442, 'file', 1, 1690269207),
(594, 867, 399, 443, 'file', 1, 1690269207),
(595, 867, 400, 444, 'file', 1, 1690269207),
(596, 867, 401, 445, 'file', 1, 1690269207),
(597, 867, 402, 446, 'file', 1, 1690269207),
(598, 867, 403, 447, 'file', 1, 1690269207),
(599, 867, 404, 448, 'file', 1, 1690269207),
(600, 867, 405, 449, 'file', 1, 1690269207),
(601, 867, 406, 450, 'file', 1, 1690269207),
(602, 867, 407, 451, 'file', 1, 1690269207),
(603, 867, 408, 452, 'file', 1, 1690269207),
(604, 867, 409, 453, 'file', 1, 1690269207),
(605, 867, 410, 454, 'file', 1, 1690269207),
(606, 867, 411, 455, 'file', 1, 1690269207),
(607, 867, 412, 456, 'file', 1, 1690269207),
(608, 867, 413, 457, 'file', 1, 1690269207),
(609, 867, 414, 458, 'file', 1, 1690269207),
(610, 867, 415, 459, 'file', 1, 1690269207),
(611, 867, 416, 460, 'file', 1, 1690269207),
(612, 867, 417, 461, 'file', 1, 1690269207),
(613, 867, 418, 462, 'file', 1, 1690269207),
(614, 867, 419, 463, 'file', 1, 1690269207),
(615, 867, 420, 464, 'file', 1, 1690269207),
(616, 867, 421, 465, 'file', 1, 1690269207),
(617, 867, 422, 466, 'file', 1, 1690269207),
(618, 867, 423, 467, 'file', 1, 1690269207),
(619, 867, 424, 468, 'file', 1, 1690269207),
(620, 867, 425, 469, 'file', 1, 1690269207),
(621, 867, 426, 470, 'file', 1, 1690269207),
(622, 867, 427, 471, 'file', 1, 1690269207),
(623, 867, 428, 472, 'file', 1, 1690269207),
(624, 867, 429, 473, 'file', 1, 1690269207),
(625, 867, 430, 474, 'file', 1, 1690269207),
(626, 867, 431, 475, 'file', 1, 1690269207),
(627, 867, 432, 476, 'file', 1, 1690269207),
(628, 867, 433, 477, 'file', 1, 1690269207),
(629, 867, 434, 478, 'file', 1, 1690269207),
(630, 867, 435, 479, 'file', 1, 1690269207),
(631, 867, 436, 480, 'file', 1, 1690269207),
(632, 867, 437, 481, 'file', 1, 1690269207),
(633, 867, 438, 482, 'file', 1, 1690269207),
(634, 867, 439, 483, 'file', 1, 1690269207),
(635, 867, 440, 484, 'file', 1, 1690269207),
(636, 867, 441, 485, 'file', 1, 1690269207),
(637, 867, 442, 486, 'file', 1, 1690269207),
(638, 867, 443, 487, 'file', 1, 1690269207),
(639, 867, 444, 488, 'file', 1, 1690269207),
(640, 867, 445, 489, 'file', 1, 1690269207),
(641, 867, 446, 490, 'file', 1, 1690269207),
(642, 867, 447, 491, 'file', 1, 1690269207),
(643, 867, 448, 492, 'file', 1, 1690269207),
(644, 867, 449, 493, 'file', 1, 1690269207),
(645, 867, 450, 494, 'file', 1, 1690269207),
(646, 867, 451, 495, 'file', 1, 1690269207),
(647, 867, 452, 496, 'file', 1, 1690269207),
(648, 867, 453, 497, 'file', 1, 1690269207),
(649, 867, 454, 498, 'file', 1, 1690269207),
(650, 867, 455, 499, 'file', 1, 1690269207),
(651, 867, 456, 500, 'file', 1, 1690269207),
(652, 867, 457, 501, 'file', 1, 1690269207),
(653, 867, 458, 502, 'file', 1, 1690269207),
(654, 867, 459, 503, 'file', 1, 1690269207),
(655, 867, 460, 504, 'file', 1, 1690269207),
(656, 867, 461, 505, 'file', 1, 1690269207),
(657, 867, 462, 506, 'file', 1, 1690269207),
(658, 867, 463, 507, 'file', 1, 1690269207),
(659, 867, 464, 508, 'file', 1, 1690269207),
(660, 867, 465, 509, 'file', 1, 1690269207),
(661, 867, 466, 510, 'file', 1, 1690269207),
(662, 867, 467, 511, 'file', 1, 1690269207),
(663, 867, 468, 512, 'file', 1, 1690269207),
(664, 867, 469, 513, 'file', 1, 1690269207),
(665, 867, 470, 514, 'file', 1, 1690269207),
(666, 867, 471, 515, 'file', 1, 1690269207),
(667, 867, 472, 516, 'file', 1, 1690269207),
(668, 867, 473, 517, 'file', 1, 1690269207),
(669, 867, 474, 518, 'file', 1, 1690269207),
(670, 867, 475, 519, 'file', 1, 1690269207),
(671, 867, 476, 520, 'file', 1, 1690269207),
(672, 867, 477, 521, 'file', 1, 1690269207),
(673, 867, 478, 522, 'file', 1, 1690269207),
(674, 867, 479, 523, 'file', 1, 1690269207),
(675, 867, 480, 524, 'file', 1, 1690269207),
(676, 867, 481, 525, 'file', 1, 1690269207),
(677, 867, 482, 526, 'file', 1, 1690269207),
(678, 867, 483, 527, 'file', 1, 1690269207),
(679, 867, 484, 528, 'file', 1, 1690269207),
(680, 867, 485, 529, 'file', 1, 1690269207),
(681, 867, 486, 530, 'file', 1, 1690269207),
(682, 867, 487, 531, 'file', 1, 1690269207),
(683, 867, 488, 532, 'file', 1, 1690269207),
(684, 867, 489, 533, 'file', 1, 1690269207),
(685, 867, 490, 534, 'file', 1, 1690269207),
(686, 867, 491, 535, 'file', 1, 1690269207),
(687, 867, 492, 536, 'file', 1, 1690269207),
(688, 867, 493, 537, 'file', 1, 1690269207),
(689, 867, 494, 538, 'file', 1, 1690269207),
(690, 867, 495, 539, 'file', 1, 1690269207),
(691, 867, 496, 540, 'file', 1, 1690269207),
(692, 867, 497, 541, 'file', 1, 1690269207),
(693, 867, 498, 542, 'file', 1, 1690269207),
(694, 867, 499, 543, 'file', 1, 1690269207),
(695, 867, 500, 544, 'file', 1, 1690269207),
(696, 867, 501, 545, 'file', 1, 1690269207),
(697, 867, 502, 546, 'file', 1, 1690269207),
(698, 867, 503, 547, 'file', 1, 1690269207),
(699, 867, 504, 548, 'file', 1, 1690269207),
(700, 867, 505, 549, 'file', 1, 1690269207),
(701, 867, 506, 550, 'file', 1, 1690269207),
(702, 867, 507, 551, 'file', 1, 1690269207),
(703, 867, 508, 552, 'file', 1, 1690269207),
(704, 867, 509, 553, 'file', 1, 1690269207),
(705, 867, 510, 554, 'file', 1, 1690269207),
(706, 867, 511, 555, 'file', 1, 1690269207),
(707, 867, 512, 556, 'file', 1, 1690269207),
(708, 867, 513, 557, 'file', 1, 1690269207),
(709, 867, 514, 558, 'file', 1, 1690269207),
(710, 867, 515, 559, 'file', 1, 1690269207),
(711, 867, 516, 560, 'file', 1, 1690269207),
(712, 867, 517, 561, 'file', 1, 1690269207),
(713, 867, 518, 562, 'file', 1, 1690269207),
(714, 867, 519, 563, 'file', 1, 1690269207),
(715, 867, 520, 564, 'file', 1, 1690269207),
(716, 867, 521, 565, 'file', 1, 1690269207),
(717, 867, 522, 566, 'file', 1, 1690269207),
(718, 867, 523, 567, 'file', 1, 1690269207),
(719, 867, 524, 568, 'file', 1, 1690269207),
(720, 867, 525, 569, 'file', 1, 1690269207),
(721, 867, 526, 570, 'file', 1, 1690269207),
(722, 867, 527, 571, 'file', 1, 1690269207),
(723, 867, 528, 572, 'file', 1, 1690269207),
(724, 867, 529, 573, 'file', 1, 1690269207),
(725, 867, 530, 574, 'file', 1, 1690269207),
(726, 867, 531, 575, 'file', 1, 1690269207),
(727, 867, 532, 576, 'file', 1, 1690269207),
(728, 867, 533, 577, 'file', 1, 1690269207),
(729, 867, 534, 578, 'file', 1, 1690269207),
(730, 867, 535, 579, 'file', 1, 1690269207),
(731, 867, 536, 580, 'file', 1, 1690269207),
(732, 867, 537, 581, 'file', 1, 1690269207),
(733, 867, 538, 582, 'file', 1, 1690269207),
(734, 867, 539, 583, 'file', 1, 1690269207),
(735, 867, 540, 584, 'file', 1, 1690269207),
(736, 867, 541, 585, 'file', 1, 1690269207),
(737, 867, 542, 586, 'file', 1, 1690269207),
(738, 867, 543, 587, 'file', 1, 1690269207),
(739, 867, 544, 588, 'file', 1, 1690269207),
(740, 867, 545, 589, 'file', 1, 1690269207),
(741, 867, 546, 590, 'file', 1, 1690269207),
(742, 867, 547, 591, 'file', 1, 1690269207),
(743, 867, 548, 592, 'file', 1, 1690269207),
(744, 867, 549, 593, 'file', 1, 1690269207),
(745, 867, 550, 594, 'file', 1, 1690269207),
(746, 867, 551, 595, 'file', 1, 1690269207),
(747, 867, 552, 596, 'file', 1, 1690269207),
(748, 867, 553, 597, 'file', 1, 1690269207),
(749, 867, 554, 598, 'file', 1, 1690269207),
(750, 867, 555, 599, 'file', 1, 1690269207),
(751, 867, 556, 600, 'file', 1, 1690269207),
(752, 867, 557, 601, 'file', 1, 1690269207),
(753, 867, 558, 602, 'file', 1, 1690269207),
(754, 867, 559, 603, 'file', 1, 1690269207),
(755, 867, 560, 604, 'file', 1, 1690269207),
(756, 867, 561, 605, 'file', 1, 1690269207),
(757, 867, 562, 606, 'file', 1, 1690269207),
(758, 867, 563, 607, 'file', 1, 1690269207),
(759, 867, 564, 608, 'file', 1, 1690269207),
(760, 867, 565, 609, 'file', 1, 1690269207),
(761, 867, 566, 610, 'file', 1, 1690269207),
(762, 867, 567, 611, 'file', 1, 1690269207),
(763, 867, 568, 612, 'file', 1, 1690269207),
(764, 867, 569, 613, 'file', 1, 1690269207),
(765, 867, 570, 614, 'file', 1, 1690269207),
(766, 867, 571, 615, 'file', 1, 1690269207),
(767, 867, 572, 616, 'file', 1, 1690269207),
(768, 867, 573, 617, 'file', 1, 1690269207),
(769, 867, 574, 618, 'file', 1, 1690269207),
(770, 867, 575, 619, 'file', 1, 1690269207),
(771, 867, 576, 620, 'file', 1, 1690269207),
(772, 867, 577, 621, 'file', 1, 1690269207),
(773, 867, 578, 622, 'file', 1, 1690269207),
(774, 867, 579, 623, 'file', 1, 1690269207),
(775, 867, 580, 624, 'file', 1, 1690269207),
(776, 867, 581, 625, 'file', 1, 1690269207),
(777, 867, 582, 626, 'file', 1, 1690269207),
(778, 867, 583, 627, 'file', 1, 1690269207),
(779, 867, 584, 628, 'file', 1, 1690269207),
(780, 867, 585, 629, 'file', 1, 1690269207),
(781, 867, 586, 630, 'file', 1, 1690269207),
(782, 867, 587, 631, 'file', 1, 1690269207),
(783, 867, 588, 632, 'file', 1, 1690269207),
(784, 867, 589, 633, 'file', 1, 1690269207),
(785, 867, 590, 634, 'file', 1, 1690269207),
(786, 867, 591, 635, 'file', 1, 1690269207),
(787, 867, 592, 636, 'file', 1, 1690269207),
(788, 867, 593, 637, 'file', 1, 1690269207),
(789, 867, 594, 638, 'file', 1, 1690269207),
(790, 867, 595, 639, 'file', 1, 1690269207),
(791, 867, 596, 640, 'file', 1, 1690269207),
(792, 867, 597, 641, 'file', 1, 1690269207),
(793, 867, 598, 642, 'file', 1, 1690269207),
(794, 867, 599, 643, 'file', 1, 1690269207),
(795, 867, 600, 644, 'file', 1, 1690269207),
(796, 867, 601, 645, 'file', 1, 1690269207),
(797, 867, 602, 646, 'file', 1, 1690269207),
(798, 867, 603, 647, 'file', 1, 1690269207),
(799, 867, 604, 648, 'file', 1, 1690269207),
(800, 867, 605, 649, 'file', 1, 1690269207),
(801, 867, 606, 650, 'file', 1, 1690269207),
(802, 867, 607, 651, 'file', 1, 1690269207),
(803, 867, 608, 652, 'file', 1, 1690269207),
(804, 867, 609, 653, 'file', 1, 1690269207),
(805, 867, 610, 654, 'file', 1, 1690269207),
(806, 867, 611, 655, 'file', 1, 1690269207),
(807, 867, 612, 656, 'file', 1, 1690269207),
(808, 867, 613, 657, 'file', 1, 1690269207),
(809, 867, 614, 658, 'file', 1, 1690269207),
(810, 867, 615, 659, 'file', 1, 1690269207),
(811, 867, 616, 660, 'file', 1, 1690269207),
(812, 867, 617, 661, 'file', 1, 1690269207),
(813, 867, 618, 662, 'file', 1, 1690269207),
(814, 867, 619, 663, 'file', 1, 1690269207),
(815, 867, 620, 664, 'file', 1, 1690269207),
(816, 867, 621, 665, 'file', 1, 1690269207),
(817, 867, 622, 666, 'file', 1, 1690269207),
(818, 867, 623, 667, 'file', 1, 1690269207),
(819, 867, 624, 668, 'file', 1, 1690269207),
(820, 867, 625, 669, 'file', 1, 1690269207),
(821, 867, 626, 670, 'file', 1, 1690269207),
(822, 867, 627, 671, 'file', 1, 1690269207),
(823, 867, 628, 672, 'file', 1, 1690269207),
(824, 867, 629, 673, 'file', 1, 1690269207),
(825, 867, 630, 674, 'file', 1, 1690269207),
(826, 867, 631, 675, 'file', 1, 1690269207),
(827, 867, 632, 676, 'file', 1, 1690269207),
(828, 867, 633, 677, 'file', 1, 1690269207),
(829, 867, 634, 678, 'file', 1, 1690269207),
(830, 867, 635, 679, 'file', 1, 1690269207),
(831, 867, 636, 680, 'file', 1, 1690269207),
(832, 867, 637, 681, 'file', 1, 1690269207),
(833, 867, 638, 682, 'file', 1, 1690269207),
(834, 867, 639, 683, 'file', 1, 1690269207),
(835, 867, 640, 684, 'file', 1, 1690269207),
(836, 867, 641, 685, 'file', 1, 1690269207),
(837, 867, 642, 686, 'file', 1, 1690269207),
(838, 867, 643, 687, 'file', 1, 1690269207),
(839, 867, 644, 688, 'file', 1, 1690269207),
(840, 867, 645, 689, 'file', 1, 1690269207),
(841, 867, 646, 690, 'file', 1, 1690269207),
(842, 867, 647, 691, 'file', 1, 1690269207),
(843, 867, 648, 692, 'file', 1, 1690269207),
(844, 867, 649, 693, 'file', 1, 1690269207),
(845, 867, 650, 694, 'file', 1, 1690269207),
(846, 867, 651, 695, 'file', 1, 1690269207),
(847, 867, 652, 696, 'file', 1, 1690269207),
(848, 867, 653, 697, 'file', 1, 1690269207),
(849, 867, 654, 698, 'file', 1, 1690269207),
(850, 867, 655, 699, 'file', 1, 1690269207),
(851, 867, 656, 700, 'file', 1, 1690269207),
(852, 867, 657, 701, 'file', 1, 1690269207),
(853, 867, 658, 702, 'file', 1, 1690269207),
(854, 867, 659, 703, 'file', 1, 1690269207),
(855, 867, 660, 704, 'file', 1, 1690269207),
(856, 867, 661, 705, 'file', 1, 1690269207),
(857, 867, 662, 706, 'file', 1, 1690269207),
(858, 867, 663, 707, 'file', 1, 1690269207),
(859, 867, 664, 708, 'file', 1, 1690269207),
(860, 867, 665, 709, 'file', 1, 1690269207),
(861, 867, 666, 710, 'file', 1, 1690269207),
(862, 867, 667, 711, 'file', 1, 1690269207),
(863, 867, 668, 712, 'file', 1, 1690269207),
(864, 867, 669, 713, 'file', 1, 1690269207),
(865, 867, 670, 714, 'file', 1, 1690269207),
(866, 867, 671, 715, 'file', 1, 1690269207),
(867, 867, 672, 716, 'file', 1, 1690269207),
(868, 867, 673, 717, 'file', 1, 1690269207),
(869, 867, 674, 718, 'file', 1, 1690269207),
(870, 867, 675, 719, 'file', 1, 1690269207),
(871, 867, 676, 720, 'file', 1, 1690269207),
(872, 867, 677, 721, 'file', 1, 1690269207),
(873, 867, 678, 722, 'file', 1, 1690269207),
(874, 867, 679, 723, 'file', 1, 1690269207),
(875, 867, 680, 724, 'file', 1, 1690269207),
(876, 867, 681, 725, 'file', 1, 1690269207),
(877, 867, 682, 726, 'file', 1, 1690269207),
(878, 867, 683, 727, 'file', 1, 1690269207),
(879, 867, 684, 728, 'file', 1, 1690269207),
(880, 867, 685, 729, 'file', 1, 1690269207),
(881, 867, 686, 730, 'file', 1, 1690269207),
(882, 867, 687, 731, 'file', 1, 1690269207),
(883, 867, 688, 732, 'file', 1, 1690269207),
(884, 867, 689, 733, 'file', 1, 1690269207),
(885, 867, 690, 734, 'file', 1, 1690269207),
(886, 867, 691, 735, 'file', 1, 1690269207),
(887, 867, 692, 736, 'file', 1, 1690269207),
(888, 867, 693, 737, 'file', 1, 1690269207),
(889, 867, 694, 738, 'file', 1, 1690269207),
(890, 867, 695, 739, 'file', 1, 1690269207),
(891, 867, 696, 740, 'file', 1, 1690269207),
(892, 867, 697, 741, 'file', 1, 1690269207),
(893, 867, 698, 742, 'file', 1, 1690269207),
(894, 867, 699, 743, 'file', 1, 1690269207),
(895, 867, 700, 744, 'file', 1, 1690269207),
(896, 867, 701, 745, 'file', 1, 1690269207),
(897, 867, 702, 746, 'file', 1, 1690269207),
(898, 867, 703, 747, 'file', 1, 1690269207),
(899, 867, 704, 748, 'file', 1, 1690269207),
(900, 867, 705, 749, 'file', 1, 1690269207),
(901, 867, 706, 750, 'file', 1, 1690269207),
(902, 867, 707, 751, 'file', 1, 1690269207),
(903, 867, 708, 752, 'file', 1, 1690269207),
(904, 867, 709, 753, 'file', 1, 1690269207),
(905, 867, 710, 754, 'file', 1, 1690269207),
(906, 867, 711, 755, 'file', 1, 1690269207),
(907, 867, 712, 756, 'file', 1, 1690269207),
(908, 867, 713, 757, 'file', 1, 1690269207),
(909, 867, 714, 758, 'file', 1, 1690269207),
(910, 867, 715, 759, 'file', 1, 1690269207),
(911, 867, 716, 760, 'file', 1, 1690269207),
(912, 867, 717, 761, 'file', 1, 1690269207),
(913, 867, 718, 762, 'file', 1, 1690269207),
(914, 867, 719, 763, 'file', 1, 1690269207),
(915, 867, 720, 764, 'file', 1, 1690269207),
(916, 867, 721, 765, 'file', 1, 1690269207),
(917, 867, 722, 766, 'file', 1, 1690269207),
(918, 867, 723, 767, 'file', 1, 1690269207),
(919, 867, 724, 768, 'file', 1, 1690269207),
(920, 867, 725, 769, 'file', 1, 1690269207),
(921, 867, 726, 770, 'file', 1, 1690269207),
(922, 867, 727, 771, 'file', 1, 1690269207),
(923, 867, 728, 772, 'file', 1, 1690269207),
(924, 867, 729, 773, 'file', 1, 1690269207),
(925, 867, 730, 774, 'file', 1, 1690269207),
(926, 867, 731, 775, 'file', 1, 1690269207),
(927, 867, 732, 776, 'file', 1, 1690269207),
(928, 867, 733, 777, 'file', 1, 1690269207),
(929, 867, 734, 778, 'file', 1, 1690269207),
(930, 867, 735, 779, 'file', 1, 1690269207),
(931, 867, 736, 780, 'file', 1, 1690269207),
(932, 867, 737, 781, 'file', 1, 1690269207),
(933, 867, 738, 782, 'file', 1, 1690269207),
(934, 867, 739, 783, 'file', 1, 1690269207),
(935, 867, 740, 784, 'file', 1, 1690269207),
(936, 867, 741, 785, 'file', 1, 1690269207),
(937, 867, 742, 786, 'file', 1, 1690269207),
(938, 867, 743, 787, 'file', 1, 1690269207),
(939, 867, 744, 788, 'file', 1, 1690269207),
(940, 867, 745, 789, 'file', 1, 1690269207),
(941, 867, 746, 790, 'file', 1, 1690269207),
(942, 867, 747, 791, 'file', 1, 1690269207),
(943, 867, 748, 792, 'file', 1, 1690269207),
(944, 867, 749, 793, 'file', 1, 1690269207),
(945, 867, 750, 794, 'file', 1, 1690269207),
(946, 867, 751, 795, 'file', 1, 1690269207),
(947, 867, 752, 796, 'file', 1, 1690269207),
(948, 867, 753, 797, 'file', 1, 1690269207),
(949, 867, 754, 798, 'file', 1, 1690269207),
(950, 867, 755, 799, 'file', 1, 1690269207),
(951, 867, 756, 800, 'file', 1, 1690269207),
(952, 867, 757, 801, 'file', 1, 1690269207),
(953, 867, 758, 802, 'file', 1, 1690269207),
(954, 867, 759, 803, 'file', 1, 1690269207),
(955, 867, 760, 804, 'file', 1, 1690269207),
(956, 867, 761, 805, 'file', 1, 1690269207),
(957, 867, 762, 806, 'file', 1, 1690269207),
(958, 867, 763, 807, 'file', 1, 1690269207),
(959, 867, 764, 808, 'file', 1, 1690269207),
(960, 867, 765, 809, 'file', 1, 1690269207),
(961, 867, 766, 810, 'file', 1, 1690269207),
(962, 867, 767, 811, 'file', 1, 1690269207),
(963, 867, 768, 812, 'file', 1, 1690269207),
(964, 867, 769, 813, 'file', 1, 1690269207),
(965, 867, 770, 814, 'file', 1, 1690269207),
(966, 867, 771, 815, 'file', 1, 1690269207),
(967, 867, 772, 816, 'file', 1, 1690269207),
(968, 867, 773, 817, 'file', 1, 1690269207),
(969, 867, 774, 818, 'file', 1, 1690269207),
(970, 867, 775, 819, 'file', 1, 1690269207),
(971, 867, 776, 820, 'file', 1, 1690269207),
(972, 867, 777, 821, 'file', 1, 1690269207),
(973, 867, 778, 822, 'file', 1, 1690269207),
(974, 867, 779, 823, 'file', 1, 1690269207),
(975, 867, 780, 824, 'file', 1, 1690269207),
(976, 867, 781, 825, 'file', 1, 1690269207),
(977, 867, 782, 826, 'file', 1, 1690269207),
(978, 867, 783, 827, 'file', 1, 1690269207),
(979, 867, 784, 828, 'file', 1, 1690269207),
(980, 867, 785, 829, 'file', 1, 1690269207),
(981, 867, 786, 830, 'file', 1, 1690269207),
(982, 867, 787, 831, 'file', 1, 1690269207),
(983, 867, 788, 832, 'file', 1, 1690269207),
(984, 867, 789, 833, 'file', 1, 1690269207),
(985, 867, 790, 834, 'file', 1, 1690269207),
(986, 867, 791, 835, 'file', 1, 1690269207),
(987, 867, 792, 836, 'file', 1, 1690269207),
(988, 867, 793, 837, 'file', 1, 1690269207),
(989, 867, 794, 838, 'file', 1, 1690269207),
(990, 867, 795, 839, 'file', 1, 1690269207),
(991, 867, 796, 840, 'file', 1, 1690269207),
(992, 867, 797, 841, 'file', 1, 1690269207),
(993, 867, 798, 842, 'file', 1, 1690269207),
(994, 867, 799, 843, 'file', 1, 1690269207),
(995, 867, 800, 844, 'file', 1, 1690269207),
(996, 867, 801, 845, 'file', 1, 1690269207),
(997, 867, 802, 846, 'file', 1, 1690269207),
(998, 867, 803, 847, 'file', 1, 1690269207),
(999, 867, 804, 848, 'file', 1, 1690269207),
(1000, 867, 805, 849, 'file', 1, 1690269207),
(1001, 867, 806, 850, 'file', 1, 1690269207),
(1002, 867, 807, 851, 'file', 1, 1690269207),
(1003, 867, 808, 852, 'file', 1, 1690269207),
(1004, 867, 809, 853, 'file', 1, 1690269207),
(1005, 867, 810, 854, 'file', 1, 1690269207),
(1006, 867, 811, 855, 'file', 1, 1690269207),
(1007, 867, 812, 856, 'file', 1, 1690269207),
(1008, 867, 813, 857, 'file', 1, 1690269207),
(1009, 867, 814, 858, 'file', 1, 1690269207),
(1010, 867, 815, 859, 'file', 1, 1690269207),
(1011, 867, 816, 860, 'file', 1, 1690269207),
(1012, 867, 817, 861, 'file', 1, 1690269207),
(1013, 867, 818, 862, 'file', 1, 1690269207),
(1014, 867, 819, 863, 'file', 1, 1690269207),
(1015, 867, 820, 864, 'file', 1, 1690269207),
(1016, 867, 821, 865, 'file', 1, 1690269207),
(1017, 867, 822, 866, 'file', 1, 1690269207),
(1018, 867, 823, 867, 'file', 1, 1690269207),
(1019, 867, 824, 868, 'file', 1, 1690269207),
(1020, 867, 825, 869, 'file', 1, 1690269207),
(1021, 867, 826, 870, 'file', 1, 1690269207),
(1022, 867, 827, 871, 'file', 1, 1690269207),
(1023, 867, 828, 872, 'file', 1, 1690269207),
(1024, 867, 829, 873, 'file', 1, 1690269207),
(1025, 867, 830, 874, 'file', 1, 1690269207),
(1026, 867, 831, 875, 'file', 1, 1690269207),
(1027, 867, 832, 876, 'file', 1, 1690269207),
(1028, 867, 833, 877, 'file', 1, 1690269207),
(1029, 867, 834, 878, 'file', 1, 1690269207),
(1030, 867, 835, 879, 'file', 1, 1690269207),
(1031, 867, 836, 880, 'file', 1, 1690269207),
(1032, 867, 837, 881, 'file', 1, 1690269207),
(1033, 867, 838, 882, 'file', 1, 1690269207),
(1034, 867, 839, 883, 'file', 1, 1690269207),
(1035, 867, 840, 884, 'file', 1, 1690269207),
(1036, 867, 841, 885, 'file', 1, 1690269207),
(1037, 867, 842, 886, 'file', 1, 1690269207),
(1038, 867, 843, 887, 'file', 1, 1690269207),
(1039, 867, 844, 888, 'file', 1, 1690269207),
(1040, 867, 845, 889, 'file', 1, 1690269207),
(1041, 867, 846, 890, 'file', 1, 1690269207),
(1042, 867, 847, 891, 'file', 1, 1690269207),
(1043, 867, 848, 892, 'file', 1, 1690269207),
(1044, 867, 849, 893, 'file', 1, 1690269207),
(1045, 867, 850, 894, 'file', 1, 1690269207),
(1046, 867, 851, 895, 'file', 1, 1690269207),
(1047, 867, 852, 896, 'file', 1, 1690269207),
(1048, 867, 853, 897, 'file', 1, 1690269207),
(1049, 867, 854, 898, 'file', 1, 1690269207),
(1050, 867, 855, 899, 'file', 1, 1690269207),
(1051, 867, 856, 900, 'file', 1, 1690269207),
(1052, 867, 857, 901, 'file', 1, 1690269207),
(1053, 867, 858, 902, 'file', 1, 1690269207),
(1054, 867, 859, 903, 'file', 1, 1690269207),
(1055, 867, 860, 904, 'file', 1, 1690269207),
(1056, 867, 861, 905, 'file', 1, 1690269207),
(1057, 867, 862, 906, 'file', 1, 1690269207),
(1058, 867, 863, 907, 'file', 1, 1690269207),
(1059, 867, 864, 908, 'file', 1, 1690269207),
(1060, 867, 865, 909, 'file', 1, 1690269207),
(1061, 867, 866, 910, 'file', 1, 1690269207),
(1062, 867, 867, 911, 'file', 1, 1690269207),
(1063, 867, 868, 912, 'file', 1, 1690269207),
(1064, 867, 869, 913, 'file', 1, 1690269207),
(1065, 867, 870, 914, 'file', 1, 1690269207),
(1066, 867, 871, 915, 'file', 1, 1690269207),
(1067, 867, 872, 916, 'file', 1, 1690269207),
(1068, 867, 873, 917, 'file', 1, 1690269207),
(1069, 867, 874, 918, 'file', 1, 1690269207),
(1070, 867, 875, 919, 'file', 1, 1690269207),
(1071, 867, 876, 920, 'file', 1, 1690269207),
(1072, 867, 877, 921, 'file', 1, 1690269207),
(1073, 867, 878, 922, 'file', 1, 1690269207),
(1074, 867, 879, 923, 'file', 1, 1690269207),
(1075, 867, 880, 924, 'file', 1, 1690269207),
(1076, 867, 881, 925, 'file', 1, 1690269207),
(1077, 867, 882, 926, 'file', 1, 1690269207),
(1078, 867, 883, 927, 'file', 1, 1690269207),
(1079, 867, 884, 928, 'file', 1, 1690269207),
(1080, 867, 885, 929, 'file', 1, 1690269207),
(1081, 867, 886, 930, 'file', 1, 1690269207),
(1082, 867, 887, 931, 'file', 1, 1690269207),
(1083, 867, 888, 932, 'file', 1, 1690269207),
(1084, 867, 889, 933, 'file', 1, 1690269207),
(1085, 867, 890, 934, 'file', 1, 1690269207),
(1086, 867, 891, 935, 'file', 1, 1690269207),
(1087, 867, 892, 936, 'file', 1, 1690269207),
(1088, 867, 893, 937, 'file', 1, 1690269207),
(1089, 867, 894, 938, 'file', 1, 1690269207),
(1090, 867, 895, 939, 'file', 1, 1690269207),
(1091, 867, 896, 940, 'file', 1, 1690269207),
(1092, 867, 897, 941, 'file', 1, 1690269207),
(1093, 867, 898, 942, 'file', 1, 1690269207),
(1094, 867, 899, 943, 'file', 1, 1690269207),
(1095, 867, 900, 944, 'file', 1, 1690269207),
(1096, 867, 901, 945, 'file', 1, 1690269207),
(1097, 867, 902, 946, 'file', 1, 1690269207),
(1098, 867, 903, 947, 'file', 1, 1690269207),
(1099, 867, 904, 948, 'file', 1, 1690269207),
(1100, 867, 905, 949, 'file', 1, 1690269207),
(1101, 867, 906, 950, 'file', 1, 1690269207),
(1102, 867, 907, 951, 'file', 1, 1690269207),
(1103, 867, 908, 952, 'file', 1, 1690269207),
(1104, 867, 909, 953, 'file', 1, 1690269207),
(1105, 867, 910, 954, 'file', 1, 1690269207),
(1106, 867, 911, 955, 'file', 1, 1690269207),
(1107, 867, 912, 956, 'file', 1, 1690269207),
(1108, 867, 913, 957, 'file', 1, 1690269207),
(1109, 867, 914, 958, 'file', 1, 1690269207),
(1110, 867, 915, 959, 'file', 1, 1690269207),
(1111, 867, 916, 960, 'file', 1, 1690269207),
(1112, 867, 917, 961, 'file', 1, 1690269207),
(1113, 867, 918, 962, 'file', 1, 1690269207),
(1114, 867, 919, 963, 'file', 1, 1690269207),
(1115, 867, 920, 964, 'file', 1, 1690269207),
(1116, 867, 921, 965, 'file', 1, 1690269207),
(1117, 867, 922, 966, 'file', 1, 1690269207),
(1118, 867, 923, 967, 'file', 1, 1690269207),
(1119, 867, 924, 968, 'file', 1, 1690269207),
(1120, 867, 925, 969, 'file', 1, 1690269207),
(1121, 867, 926, 970, 'file', 1, 1690269207),
(1122, 867, 927, 971, 'file', 1, 1690269207),
(1123, 867, 928, 972, 'file', 1, 1690269207),
(1124, 867, 929, 973, 'file', 1, 1690269207),
(1125, 867, 930, 974, 'file', 1, 1690269207),
(1126, 867, 931, 975, 'file', 1, 1690269207),
(1127, 867, 932, 976, 'file', 1, 1690269207),
(1128, 867, 933, 977, 'file', 1, 1690269207),
(1129, 867, 934, 978, 'file', 1, 1690269207),
(1130, 867, 935, 979, 'file', 1, 1690269207),
(1131, 867, 936, 980, 'file', 1, 1690269207),
(1132, 867, 937, 981, 'file', 1, 1690269207),
(1133, 867, 938, 982, 'file', 1, 1690269207),
(1134, 867, 939, 983, 'file', 1, 1690269207),
(1135, 867, 940, 984, 'file', 1, 1690269207),
(1136, 867, 941, 985, 'file', 1, 1690269207),
(1137, 867, 942, 986, 'file', 1, 1690269207),
(1138, 867, 943, 987, 'file', 1, 1690269207),
(1139, 867, 944, 988, 'file', 1, 1690269207),
(1140, 867, 945, 989, 'file', 1, 1690269207),
(1141, 867, 946, 990, 'file', 1, 1690269207),
(1142, 867, 947, 991, 'file', 1, 1690269207),
(1143, 867, 948, 992, 'file', 1, 1690269207),
(1144, 867, 949, 993, 'file', 1, 1690269207),
(1145, 867, 950, 994, 'file', 1, 1690269207),
(1146, 867, 951, 995, 'file', 1, 1690269207),
(1147, 867, 952, 996, 'file', 1, 1690269207),
(1148, 867, 953, 997, 'file', 1, 1690269207),
(1149, 867, 954, 998, 'file', 1, 1690269207),
(1150, 867, 955, 999, 'file', 1, 1690269207),
(1151, 867, 956, 1000, 'file', 1, 1690269207),
(1152, 867, 957, 1001, 'file', 1, 1690269207),
(1153, 867, 958, 1002, 'file', 1, 1690269207),
(1154, 867, 959, 1003, 'file', 1, 1690269207),
(1155, 867, 960, 1004, 'file', 1, 1690269207),
(1156, 867, 961, 1005, 'file', 1, 1690269207),
(1157, 867, 962, 1006, 'file', 1, 1690269207),
(1158, 867, 963, 1007, 'file', 1, 1690269207),
(1159, 867, 964, 1008, 'file', 1, 1690269207),
(1160, 867, 965, 1009, 'file', 1, 1690269207),
(1161, 867, 966, 1010, 'file', 1, 1690269207),
(1162, 867, 967, 1011, 'file', 1, 1690269207),
(1163, 867, 968, 1012, 'file', 1, 1690269207),
(1164, 867, 969, 1013, 'file', 1, 1690269207),
(1165, 867, 970, 1014, 'file', 1, 1690269207),
(1166, 867, 971, 1015, 'file', 1, 1690269207),
(1167, 867, 972, 1016, 'file', 1, 1690269207),
(1168, 867, 973, 1017, 'file', 1, 1690269207),
(1169, 867, 974, 1018, 'file', 1, 1690269207),
(1170, 867, 975, 1019, 'file', 1, 1690269207),
(1171, 867, 976, 1020, 'file', 1, 1690269207),
(1172, 867, 977, 1021, 'file', 1, 1690269207),
(1173, 867, 978, 1022, 'file', 1, 1690269207),
(1174, 867, 979, 1023, 'file', 1, 1690269207),
(1175, 867, 980, 1024, 'file', 1, 1690269207),
(1176, 867, 981, 1025, 'file', 1, 1690269207),
(1177, 867, 982, 1026, 'file', 1, 1690269207),
(1178, 867, 983, 1027, 'file', 1, 1690269207),
(1179, 867, 984, 1028, 'file', 1, 1690269207),
(1180, 867, 985, 1029, 'file', 1, 1690269207),
(1181, 867, 986, 1030, 'file', 1, 1690269207),
(1182, 867, 987, 1031, 'file', 1, 1690269207),
(1183, 867, 988, 1032, 'file', 1, 1690269207),
(1184, 867, 989, 1033, 'file', 1, 1690269207),
(1185, 867, 990, 1034, 'file', 1, 1690269207),
(1186, 867, 991, 1035, 'file', 1, 1690269207),
(1187, 867, 992, 1036, 'file', 1, 1690269207),
(1188, 867, 993, 1037, 'file', 1, 1690269207),
(1189, 867, 994, 1038, 'file', 1, 1690269207),
(1190, 867, 995, 1039, 'file', 1, 1690269207),
(1191, 867, 996, 1040, 'file', 1, 1690269207),
(1192, 867, 997, 1041, 'file', 1, 1690269207),
(1193, 867, 998, 1042, 'file', 1, 1690269207),
(1194, 867, 999, 1043, 'file', 1, 1690269207),
(1195, 867, 1000, 1044, 'file', 1, 1690269207),
(1196, 867, 1001, 1045, 'file', 1, 1690269207),
(1197, 867, 1002, 1046, 'file', 1, 1690269207),
(1198, 867, 1003, 1047, 'file', 1, 1690269207),
(1199, 867, 1004, 1048, 'file', 1, 1690269207),
(1200, 867, 1005, 1049, 'file', 1, 1690269207),
(1201, 867, 1006, 1050, 'file', 1, 1690269207),
(1202, 867, 1007, 1051, 'file', 1, 1690269207),
(1203, 867, 1008, 1052, 'file', 1, 1690269207),
(1204, 867, 1009, 1053, 'file', 1, 1690269207),
(1205, 867, 1010, 1054, 'file', 1, 1690269207),
(1206, 867, 1011, 1055, 'file', 1, 1690269207),
(1207, 867, 1012, 1056, 'file', 1, 1690269207),
(1208, 867, 1013, 1057, 'file', 1, 1690269207),
(1209, 867, 1014, 1058, 'file', 1, 1690269207),
(1210, 867, 1015, 1059, 'file', 1, 1690269207),
(1211, 867, 1016, 1060, 'file', 1, 1690269207),
(1212, 867, 1017, 1061, 'file', 1, 1690269207),
(1213, 867, 1018, 1062, 'file', 1, 1690269207),
(1214, 867, 1019, 1063, 'file', 1, 1690269207),
(1215, 867, 1020, 1064, 'file', 1, 1690269207),
(1216, 867, 1021, 1065, 'file', 1, 1690269207),
(1217, 867, 1022, 1066, 'file', 1, 1690269207),
(1218, 867, 1023, 1067, 'file', 1, 1690269207),
(1219, 867, 1024, 1068, 'file', 1, 1690269207),
(1220, 867, 1025, 1069, 'file', 1, 1690269207),
(1221, 867, 1026, 1070, 'file', 1, 1690269207),
(1222, 867, 1027, 1071, 'file', 1, 1690269207),
(1223, 867, 1028, 1072, 'file', 1, 1690269207),
(1224, 867, 1029, 1073, 'file', 1, 1690269207),
(1225, 867, 1030, 1074, 'file', 1, 1690269207),
(1226, 867, 1031, 1075, 'file', 1, 1690269207),
(1227, 867, 1032, 1076, 'file', 1, 1690269207),
(1228, 867, 1033, 1077, 'file', 1, 1690269207),
(1229, 867, 1034, 1078, 'file', 1, 1690269207),
(1230, 867, 1035, 1079, 'file', 1, 1690269207),
(1231, 867, 1036, 1080, 'file', 1, 1690269207),
(1232, 867, 1037, 1081, 'file', 1, 1690269207),
(1233, 867, 1038, 1082, 'file', 1, 1690269207),
(1234, 867, 1039, 1083, 'file', 1, 1690269207),
(1235, 867, 1040, 1084, 'file', 1, 1690269207),
(1236, 867, 1041, 1085, 'file', 1, 1690269207),
(1237, 867, 1042, 1086, 'file', 1, 1690269207),
(1238, 867, 1043, 1087, 'file', 1, 1690269207),
(1239, 867, 1044, 1088, 'file', 1, 1690269207),
(1240, 867, 1045, 1089, 'file', 1, 1690269207),
(1241, 867, 1046, 1090, 'file', 1, 1690269207),
(1242, 867, 1047, 1091, 'file', 1, 1690269207),
(1243, 867, 1048, 1092, 'file', 1, 1690269207),
(1244, 867, 1049, 1093, 'file', 1, 1690269207),
(1245, 867, 1050, 1094, 'file', 1, 1690269207),
(1246, 867, 1051, 1095, 'file', 1, 1690269207),
(1247, 867, 1052, 1096, 'file', 1, 1690269207),
(1248, 867, 1053, 1097, 'file', 1, 1690269207),
(1249, 867, 1054, 1098, 'file', 1, 1690269207),
(1250, 867, 1055, 1099, 'file', 1, 1690269207),
(1251, 867, 1056, 1100, 'file', 1, 1690269207),
(1252, 867, 1057, 1101, 'file', 1, 1690269207),
(1253, 867, 1058, 1102, 'file', 1, 1690269207),
(1254, 867, 1059, 1103, 'file', 1, 1690269207),
(1255, 867, 1060, 1104, 'file', 1, 1690269207),
(1256, 867, 1061, 1105, 'file', 1, 1690269207),
(1257, 867, 1062, 1106, 'file', 1, 1690269207),
(1258, 867, 1063, 1107, 'file', 1, 1690269207),
(1259, 867, 1064, 1108, 'file', 1, 1690269207),
(1260, 867, 1065, 1109, 'file', 1, 1690269207),
(1261, 867, 1066, 1110, 'file', 1, 1690269207),
(1262, 867, 1067, 1111, 'file', 1, 1690269207),
(1263, 867, 1068, 1112, 'file', 1, 1690269207),
(1264, 867, 1069, 1113, 'file', 1, 1690269207),
(1265, 867, 1070, 1114, 'file', 1, 1690269207),
(1266, 867, 1071, 1115, 'file', 1, 1690269207),
(1267, 867, 1072, 1116, 'file', 1, 1690269207),
(1268, 867, 1073, 1117, 'file', 1, 1690269207),
(1269, 867, 1074, 1118, 'file', 1, 1690269207),
(1270, 867, 1075, 1119, 'file', 1, 1690269207),
(1271, 867, 1076, 1120, 'file', 1, 1690269207),
(1272, 867, 1077, 1121, 'file', 1, 1690269207),
(1273, 867, 1078, 1122, 'file', 1, 1690269207),
(1274, 867, 1079, 1123, 'file', 1, 1690269207),
(1275, 867, 1080, 1124, 'file', 1, 1690269207),
(1276, 867, 1081, 1125, 'file', 1, 1690269207),
(1277, 867, 1082, 1126, 'file', 1, 1690269207),
(1278, 867, 1083, 1127, 'file', 1, 1690269207),
(1279, 867, 1084, 1128, 'file', 1, 1690269207),
(1280, 867, 1085, 1129, 'file', 1, 1690269207),
(1281, 867, 1086, 1130, 'file', 1, 1690269207),
(1282, 867, 1087, 1131, 'file', 1, 1690269207),
(1283, 867, 1088, 1132, 'file', 1, 1690269207),
(1284, 867, 1089, 1133, 'file', 1, 1690269207);

-- --------------------------------------------------------

--
-- Table structure for table `webinar_chapter_translations`
--

CREATE TABLE `webinar_chapter_translations` (
  `id` bigint(20) UNSIGNED NOT NULL,
  `webinar_chapter_id` int(10) UNSIGNED NOT NULL,
  `locale` varchar(255) NOT NULL,
  `title` varchar(255) NOT NULL
) ENGINE=InnoDB DEFAULT CHARSET=utf8mb4 COLLATE=utf8mb4_unicode_ci;

--
-- Dumping data for table `webinar_chapter_translations`
--

INSERT INTO `webinar_chapter_translations` (`id`, `webinar_chapter_id`, `locale`, `title`) VALUES
(54, 53, 'id', 'Tes 1'),
(56, 55, 'id', 'PDF'),
(57, 56, 'id', 'Ebook'),
(58, 57, 'id', 'Bagian 1'),
(59, 58, 'id', 'Membuat Daftar Isi'),
(60, 59, 'id', 'Chapter 1'),
(61, 60, 'id', 'Chapter 2'),
(62, 61, 'id', 'Chapter 3'),
(63, 62, 'id', 'Chapter 4'),
(64, 63, 'id', 'Chapter 5'),
(65, 64, 'id', 'Chapter 6'),
(66, 65, 'id', 'Chapter 7'),
(67, 66, 'id', 'Chapter 8'),
(68, 67, 'id', 'Chapter 9'),
(69, 68, 'id', 'Chapter 10'),
(70, 69, 'id', 'Chapter 11'),
(71, 70, 'id', 'Al-Fatihah'),
(72, 72, 'id', 'MENGAPA BABI HARAM - JAWABAN TELAK'),
(73, 73, 'id', '! MENGAPA BABI HARAM JAWABAN TELAK !!!'),
(74, 74, 'id', '00 hukum hukum thalaq'),
(75, 75, 'id', '00 tahlilan dalam timbangan islam'),
(76, 76, 'id', '01. Pedang Bintang Aji Saka'),
(77, 77, 'id', '02. Dewi Penyebar Maut'),
(78, 78, 'id', '03. Cinta Sang Pendekar'),
(79, 79, 'id', '04 Hukum Hukum Seputar Hari Raya Idul Adha'),
(80, 80, 'id', '04. Raksasa Rimba Neraka'),
(81, 81, 'id', '05 Hukum Taqlid Pada Ilmu Tauhid'),
(82, 82, 'id', '05. Banjir Darah di Bojong Gading'),
(83, 83, 'id', '06. Prahara Hutan Bandan'),
(84, 84, 'id', '06.PraharaHutanBandan'),
(85, 85, 'id', '06 makanan yang diharamkan'),
(86, 86, 'id', '07. Rahasia Surat Berdarah'),
(87, 87, 'id', '08. Penganut Ilmu Hitam'),
(88, 88, 'id', '09. Pendekar Tangan Baja'),
(89, 89, 'id', '090301 tentang mencuri dan hukumannya'),
(90, 90, 'id', '1 menit yang mengubah hidup anda'),
(91, 91, 'id', '10. Tiga Macan Lembah Neraka'),
(92, 92, 'id', '100 Cara Mengenali Karakter Dia by Susi Susanti'),
(93, 93, 'id', '100214 tentang khamr 2'),
(94, 94, 'id', '100307 tentang khamr 3'),
(95, 95, 'id', '100328 tentang khamr 4'),
(96, 96, 'id', '100418 tentang khamr 5'),
(97, 97, 'id', '108 Perumpamaan Dhamma'),
(98, 98, 'id', '11. Memburu Putri Datuk'),
(99, 99, 'id', '12 BM Kitab Makanan'),
(100, 100, 'id', '12. Jamur Sisik Naga'),
(101, 101, 'id', '13. Peninggalan Iblis Hitam'),
(102, 102, 'id', '14. Sepasang Alap alap Bukit Gantar'),
(103, 103, 'id', '15. Tinju Penggetar Bumi'),
(104, 104, 'id', '16. Pewaris Ilmu Tokoh Sesat'),
(105, 105, 'id', '162 Masalah Sufistik by Al ‘Allamah al Habib Abdullah bin Alawi al Haddad'),
(106, 106, 'id', '17 hukum puasa'),
(107, 107, 'id', '17. Keris Peminum Darah'),
(108, 108, 'id', '18. Kelelawar Beracun'),
(109, 109, 'id', '19. Perjalanan Menantang Maut'),
(110, 110, 'id', '1menit'),
(111, 111, 'id', '20. Pelarian Istana Hantu'),
(112, 112, 'id', '21. Dendam Tokoh Buangan'),
(113, 113, 'id', '22. Maut dari Hutan Rangkong'),
(114, 114, 'id', '23. Setan Mabuk'),
(115, 115, 'id', '24. Pertarungan Raja raja Arak'),
(116, 116, 'id', '25. Penghuni Lembah Malaikat'),
(117, 117, 'id', '26. Raja Tengkorak'),
(118, 118, 'id', '27 Hukum Meninggalkan Sembahyang'),
(119, 119, 'id', '27. Kembalinya Raja Tengkorak'),
(120, 120, 'id', '28. Teror Macan Putih'),
(121, 121, 'id', '29. Ilmu Halimun'),
(122, 122, 'id', '30. Dalam Cengkeraman Biang Iblis'),
(123, 123, 'id', '31. Perkawinan Berdarah'),
(124, 124, 'id', '32 perayaan isra miraj rasulullah dalam sorotan islam'),
(125, 125, 'id', '32. Algojo algojo Bukit Larangan'),
(126, 126, 'id', '33. Makhluk dari Dunia Asing'),
(127, 127, 'id', '34. Runtuhnya Sebuah Kerajaan'),
(128, 128, 'id', '35. Kemelut Rimba Hijau'),
(129, 129, 'id', '36. Tokoh dari Masa Silam'),
(130, 130, 'id', '37. Rahasia Syair Leluhur'),
(131, 131, 'id', '38. Neraka Untuk Sang Pendekar'),
(132, 132, 'id', '39. Misteri Dewa Seribu Kepalan'),
(133, 133, 'id', '40. Gerombolan Singa Gurun'),
(134, 134, 'id', '41. Macan macan Betina'),
(135, 135, 'id', '42. Empat Dedengkot Pulau Karang'),
(136, 136, 'id', '43. Garuda Mata Satu'),
(137, 137, 'id', '44. Tawanan Datuk Sesat'),
(138, 138, 'id', '45 singkirkan pakaian bergambar'),
(139, 139, 'id', '45. Misteri Raja Racun'),
(140, 140, 'id', '46. Pendekar Sadis'),
(141, 141, 'id', '47. Bencana Patung Keramat'),
(142, 142, 'id', '48. Tenaga Inti Bumi'),
(143, 143, 'id', '49. Geger Pulau Es'),
(144, 144, 'id', '5 Aturan Moralitas Buddhis'),
(145, 145, 'id', '50. Pertarungan di Pulau Api'),
(146, 146, 'id', '51. Raja Sihir Berhati Hitam'),
(147, 147, 'id', '52. Manusia Kelelawar'),
(148, 148, 'id', '53. Penjarah Perawan'),
(149, 149, 'id', '54. Kabut di Bukit Gondang'),
(150, 150, 'id', '55 Situs Warisan Budaya Buddhis Dunia'),
(151, 151, 'id', '55. Perintah Maut'),
(152, 152, 'id', '56. Sumpah Sepasang Harimau'),
(153, 153, 'id', '57. Perguruan Kera Emas'),
(154, 154, 'id', '58. Mayat Hidup'),
(155, 155, 'id', '59. Titipan Berdarah'),
(156, 156, 'id', '60. Perawan perawan Persembahan'),
(157, 157, 'id', '61. Raja Iblis Tanpa Tanding'),
(158, 158, 'id', '618 1895 1 SM'),
(159, 159, 'id', '62. Perempuan Pembawa Maut'),
(160, 160, 'id', '63. Angkara Si Anak Naga'),
(161, 161, 'id', '64. Satria Sinting'),
(162, 162, 'id', '65. Si Linglung Sakti'),
(163, 163, 'id', '66. Pembunuh Gelap'),
(164, 164, 'id', '67. Makhluk Jejadian'),
(165, 165, 'id', '68. Biang biang Iblis'),
(166, 166, 'id', '69. Peti Bertuah'),
(167, 167, 'id', '7 langkah dharma menjadi benar benar kaya'),
(168, 168, 'id', '70. Pulau Setan'),
(169, 169, 'id', '71. Petualang petualang dari Nepal'),
(170, 170, 'id', '72. Batu Kematian'),
(171, 171, 'id', '73. Pembantai dari Mongol'),
(172, 172, 'id', '74. Panggilan Ke Alam Roh'),
(173, 173, 'id', '75. Racun Kelabang Merah'),
(174, 174, 'id', '76. Penjara Langit'),
(175, 175, 'id', '77. Sengketa Guci Pusaka'),
(176, 176, 'id', '78. Pembalasan darr Liang Lahat'),
(177, 177, 'id', '79. Iblis Buta'),
(178, 178, 'id', '7langkah'),
(179, 179, 'id', '80. Misteri Gadis Gila'),
(180, 180, 'id', '81. Mustika Ular Emas'),
(181, 181, 'id', '82 Lorong Batas Dunia'),
(182, 182, 'id', '83. Irama Maut'),
(183, 183, 'id', '84. Nyawa Kedua darr Langit'),
(184, 184, 'id', '85. Golok Kilat'),
(185, 185, 'id', '86. Penyair Cengeng'),
(186, 186, 'id', '87. Setan Bongkok'),
(187, 187, 'id', '88. Putri Teratai Merah'),
(188, 188, 'id', '89. Tombak Panca Warna'),
(189, 189, 'id', '90. Iblis Berkabung'),
(190, 190, 'id', '91. Sapu Jagad'),
(191, 191, 'id', '92. Memperebutkan Batu Kalimaya'),
(192, 192, 'id', '93. Perawan Buronan'),
(193, 193, 'id', '94. Pendekar Gunung Bromo'),
(194, 194, 'id', '95. Empu Jangkar Bumi'),
(195, 195, 'id', '96. Malaikat Tanpa Wajah'),
(196, 196, 'id', 'Abed al Jabiri (Epistimologi Hukum Islam)'),
(197, 197, 'id', 'Ada Setan Mengintai Anda (Hadits, Hadis, Hadith) by Shalih Asy Syadi'),
(198, 198, 'id', 'Adi Buddha'),
(199, 199, 'id', 'Agama Budaya Nusantara Pasca Islamisasi by Sumanto Al Qurtuby Tedi Kholiludin (editor)'),
(200, 200, 'id', 'Agama besar dunia (Great religions world)'),
(201, 201, 'id', 'Agama dan Bayang Bayang Etis Syaikh Yusuf Al Makassari Dr. Mustari Mustafa'),
(202, 202, 'id', 'Agama dan kehidupan dalam cerita rakyat'),
(203, 203, 'id', 'Agama dan Kepercayaan Nusantara by Sumanto Al Qurtuby'),
(204, 204, 'id', 'Agama dan Masyarakat Multikultural Pilar Pilar Membangun Kebersamaan dalam Perbedaan'),
(205, 205, 'id', 'Agama dan Perdamaian Dari Potensi Menuju Aksi'),
(206, 206, 'id', 'Agama Hindu dan Ajaran Ajarannya by Khotimah'),
(207, 207, 'id', 'Agama Jawa (Abangan, Santri, Priyayi dalam Kebudayaan Jawa) Clifford Geertz'),
(208, 208, 'id', 'Agama Katolik dan Yahudi Sejarah dan Ajaran by Tarpin, M.Ag. Khotimah, M. Ag.'),
(209, 209, 'id', 'Agama Kong Hu Chu by Khairiah Husin M.Ag.'),
(210, 210, 'id', 'Agama Menggerakkan Perdamaian Catatan dari Lokakarya Pelembagaan Mediasi Antariman by Azis Anwar Fachrudin Linah Khairiyah Pary'),
(211, 211, 'id', 'Agama Yakrislam'),
(212, 212, 'id', 'Agama, Budaya, dan Bencana by Agus Indiyanto dan Arqom Kuswanjono (editor)'),
(213, 213, 'id', 'Agama, Kerukunan, dan Binadamai di Indonesia Modul Lokakarya Penyuluh Agama'),
(214, 214, 'id', 'Agama, Media dan Imajinasi by Mujiburrahman'),
(215, 215, 'id', 'Agama, Negara, Hak Asasi Manusia by Febi Yonesta, Mhammad Isnur, Nurkholis Hidayat, Sidik, Handika Febrian, Irma Latifah Sihite, Ahmad Biky'),
(216, 216, 'id', 'Ajaran Agung Para Guru'),
(217, 217, 'id', 'Ajaran Buddha dan kematian by Widyasena production'),
(218, 218, 'id', 'ajaran buddha dan kematian'),
(219, 219, 'id', 'Ajaran Esoterik dari Wat Phra Dhammakaya'),
(220, 220, 'id', 'Ajaran Moralitas dalam Serat Kalatidha Perspektif Pendidikan Agama Hindu by Dr. Drs. Marsono, M.Pd.H.'),
(221, 221, 'id', 'Ajaran Tauhid Wujudiyah di Kalimantan Selatan Kajian Filologi Manuskrip Ambulung by Dr. Nur Kolis, M.Ag.'),
(222, 222, 'id', 'Akhlak Tasawuf by Dr. H. Badrudin, M.Ag.'),
(223, 223, 'id', 'Akhlak Tasawuf Jalan Lurus Mensucikan Diri by Dr. Zulfikli, M.Ag. Dr. H. Jamaluddin, M.Us.'),
(224, 224, 'id', 'Akhlak Tasawuf Solusi Mencari Kebahagiaan dalam Kehidupan Esoteris dan Eksoteris by Dr. H. Muhammad Hasbi, M.Ag.'),
(225, 225, 'id', 'Al Hikmah Memahami Teosofi Tarekat Qadiriyah wa Naqsyabandiyah by Dr. Kharisudin Aqib, M.Ag.'),
(226, 226, 'id', 'Al Juwaini Peletak Dasar Teologi Rasional dalam Islam by Tsuroya Kiswali'),
(227, 227, 'id', 'Al Qur’an Kesehatan Jiwa by Prof. Dr. HM. Hasballah Thaib, M.A. Dr. H. Zamakhsyari bin Hasballah Thaib, Lc., M.A.'),
(228, 228, 'id', 'Aliran dan Paradigma Pemikiran Pendidikan Agama Islam Kontemporer by Dr. Hj. Evi Fatimatur Rusydiyah, M.Ag.'),
(229, 229, 'id', 'Allah Dekat dan Bersamamu by Muhammad Syafie El Bantanie'),
(230, 230, 'id', 'Allah, Liberty and Love Suatu Keberanian Mendamaikan Iman dan Kebebasan by Irshad Manji'),
(231, 231, 'id', 'AMALAN ANIMISME DAN DINAMISME'),
(232, 232, 'id', 'Ananda Penjaga Dhamma by Hellmuth Hecker'),
(233, 233, 'id', 'Ananda Penjaga Dhamma'),
(234, 234, 'id', 'Anatomi Fisiologi Manusia by Raimundus Chalik'),
(235, 235, 'id', 'Anatta Kumpulan Esai'),
(236, 236, 'id', 'Anguttara Nikaya Jilid 1'),
(237, 237, 'id', 'Anguttara Nikaya Jilid 2'),
(238, 238, 'id', 'Anguttara Nikaya Jilid 3'),
(239, 239, 'id', 'Anguttara Nikaya Jilid 4'),
(240, 240, 'id', 'Anguttara Nikaya Jilid 5'),
(241, 241, 'id', 'Anicca Kumpulan Esai'),
(242, 242, 'id', 'Antropologi Agama Wacana Wacana Mutakhir dalam Kajian Religi dan Budaya by Tony Rudyansjah (editor) '),
(243, 243, 'id', 'anuruddha yang unggul dalam mata dewa'),
(244, 244, 'id', 'Anuruddha'),
(245, 245, 'id', 'Apa dan siapa Hizbullah Nasrallah by Farid Gaban , Surya Kusuma , Alfian Hamzah'),
(246, 246, 'id', 'Arahattamagga Arahattaphala'),
(247, 247, 'id', 'Aristoteles Inspirasi Untuk Hidup Lebih Bermakna by Sahrul Mauludi'),
(248, 248, 'id', 'Arya sanghata sutra dharma paryaya'),
(249, 249, 'id', 'Asal Usul Pohon Salak dan Cerita Cerita Bermakna Lainnya'),
(250, 250, 'id', 'Asoka'),
(251, 251, 'id', 'ATIWA TIWA M.Bija'),
(252, 252, 'id', 'Atthasila'),
(253, 253, 'id', 'Aturan Disiplin Para Bhikkhu'),
(254, 254, 'id', 'avalokitesvara'),
(255, 255, 'id', 'Bagaimana Saya Melepaskan Diri Dari Yi Kuan Tao'),
(256, 256, 'id', 'bagaimana memilih agama'),
(257, 257, 'id', 'bagaimana mengembangkan kebahagiaan dalam kehidupan sehari hari'),
(258, 258, 'id', 'Bahagia, Kenapa Tidak by Reza Alexander Antonius Wattimena'),
(259, 259, 'id', 'Baisajya guru buddha sutra'),
(260, 260, 'id', 'Bangunlah dunia edisi 2'),
(261, 261, 'id', 'Bantahan Hukum Cadar'),
(262, 262, 'id', 'Beda Beda Tetap Sama Sama Teladan Saling Menghargai Perbedaan Imam Empat Mazhab by Siti Aisah'),
(263, 263, 'id', 'Being a Lotus'),
(264, 264, 'id', 'Belajar Mudah Tasawuf by Syekh Fadhlullah Haeri'),
(265, 265, 'id', 'Beragama yang Mencerahkan Risalah Pemikiran Tanwir Muhammadiyah by Abdul Mu’ti Azaki Khoirudin (editor)'),
(266, 266, 'id', 'Berdialog dengan Malaikat Cara Ampuh Bergaul dengan Makhluk Cahaya by Abi Jiha'),
(267, 267, 'id', 'Berita Alam Gaib Sebelum dan Sesudah Hari Kemudian by Musannif Effendie'),
(268, 268, 'id', 'Berjumpa 26 Nabi (Hadits, Hadis, Hadith) by Argawi Kandito'),
(269, 269, 'id', 'Berkenalan dengan salaf [syaikh rabi\' bin hadi]'),
(270, 270, 'id', 'Bersahabat dengan Sutta dan Berkah Berkah Tertinggi dalam Kehidupan'),
(271, 271, 'id', 'Bersikap Islami Tinjauan Pedagogis dan Psikologis by Syaikh Adil Rasyad Ghanim'),
(272, 272, 'id', 'Bhikkhu Tissa Bertemu Seorang Skeptik'),
(273, 273, 'id', 'Bilangan Fu '),
(274, 274, 'id', 'Bimbingan Konseling Perspektif Al Quran dan Sains by Prof. Dr. Syafaruddin, M.Pd.'),
(275, 275, 'id', 'Bimbingan Agama Untuk Kalangan Medis by Prof. Dr. H. M. Hasballah Thaib, M.A. Dr. H. Zamakhsyari Hasballah, Lc., M.A.'),
(276, 276, 'id', 'Bimbingan Konseling Islami by Dr. Tarmizi, M.Pd'),
(277, 277, 'id', 'biografi rama moorti tan tik sioe sian'),
(278, 278, 'id', 'Bodhipakkhiya Dhamma (Sayap Sayap Menuju Kebangunan) JILID 1 by Vijjakusuma'),
(279, 279, 'id', 'Bodhipakkhiya Dhamma (Sayap Sayap Menuju Kebangunan) JILID 1'),
(280, 280, 'id', 'Bodhipakkhiya Dhamma (Sayap Sayap Menuju Kebangunan) JILID 2 by Vijjakusuma'),
(281, 281, 'id', 'Bodhipakkhiya Dhamma (Sayap Sayap Menuju Kebangunan) JILID 2'),
(282, 282, 'id', 'Bodhisattva Sangharama'),
(283, 283, 'id', 'Born Again Kasus Reinkarnasi Tokoh dan Selebriti by dr. Walter Semkiw'),
(284, 284, 'id', 'brahmavihara'),
(285, 285, 'id', 'buddha dan dhamma nya'),
(286, 286, 'id', 'buddha dan pesannya'),
(287, 287, 'id', 'Buddharupa'),
(288, 288, 'id', 'Buddhism Vipassana Meditation'),
(289, 289, 'id', 'Buddhisme dan Sains'),
(290, 290, 'id', 'BUKA LUWUR Kangjeng Sunan Kudus by Ary Budiyanto Mahesa Agni'),
(291, 291, 'id', 'BUKU FILSAFAT ISLAM MASA AWAL'),
(292, 292, 'id', 'BUKU MASTER LU SHENG YEN 1 18'),
(293, 293, 'id', 'buku pedoman umat buddha'),
(294, 294, 'id', 'Buku Pegangan Guru Agama Buddha SMA Kelas 12 Kurikulum 2013 by Kementerian Pendidikan dan Kebudayaan '),
(295, 295, 'id', 'Buku Pegangan Guru Agama Katolik SMA Kelas 12 Kurikulum 2013 by Kementerian Pendidikan dan Kebudayaan'),
(296, 296, 'id', 'Buku Pegangan Guru Agama Kristen SMA Kelas 12 Kurikulum 2013 by Kementerian Pendidikan dan Kebudayaan'),
(297, 297, 'id', 'Buku Pegangan Siswa Agama Hindu SMA Kelas 12 Kurikulum 2013 by Kementerian Pendidikan dan Kebudayaan '),
(298, 298, 'id', 'Buku Pegangan Siswa Agama Konghucu SMA Kelas 12 Kurikulum 2013 by Kementerian Pendidikan dan Kebudayaan'),
(299, 299, 'id', 'Buku Saku Filsafat islam by Haidar Bagir b'),
(300, 300, 'id', 'Buku Saku Filsafat Islam by Haidar Bagir'),
(301, 301, 'id', 'Buku Saku Rahasia Kebahagiaan Bekal Spiritual Orang Beriman Menghadapi Kesulitan Hidup by Ibnu Qhadib al Ban'),
(302, 302, 'id', 'Buku Saku Tasawuf by Haidar Bagir'),
(303, 303, 'id', 'BUKU SUCI YULIkenyataan di neraka dan urutan tingkatan neraka'),
(304, 304, 'id', 'Buku Yahira Agama Samawi'),
(305, 305, 'id', 'Bunga Rampai Peta Perbukuan Keagamaan Era Reformasi'),
(306, 306, 'id', 'Cakrawala Pemikiran Pendidikan Islam by Prof. Dr. A. Tafsir, dkk.'),
(307, 307, 'id', 'Candi Fungsi dan Pengertiannya by Soekmono'),
(308, 308, 'id', 'Cara Cepat Membaca Bahasa Tubuh by Joe Navarro Marvin Karlins'),
(309, 309, 'id', 'CARA MAKAN RASULULLAH SAW'),
(310, 310, 'id', 'Cara Rasulullah Saw. Mendidik Anak by Ayu Agus Rianti, S.E.'),
(311, 311, 'id', 'Cariyapitaka'),
(312, 312, 'id', 'Cengkeraman Nafsu Indria'),
(313, 313, 'id', 'cinta dan kematian (loving and dying)'),
(314, 314, 'id', 'Corak Corak Jiwa by Arsyi Asy Syarifah, dkk.'),
(315, 315, 'id', 'COVID 19 Perspektif Agama dan Kesehatan by Tim Penulis'),
(316, 316, 'id', 'Dakwah Antar Individu Teori dan Aplikasi (Edisi Revisi) by Dr. H. Abdul Basit, M.Ag.'),
(317, 317, 'id', 'Dakwah dan Perubahan Sosial by Dr. Yasril Yazid, MIS. Nur Alhidayatillah, M.Kom.I.'),
(318, 318, 'id', 'Damai Tak Tergoyahkan'),
(319, 319, 'id', 'Dampak Buruk Makanan Haram Abu Husein Leo'),
(320, 320, 'id', 'Demi Toleransi Demi Pluralisme by Ihsan Ali Fauzi, Syafiq Hasyim, J.H. Lamardy'),
(321, 321, 'id', 'Demi Toleransi Demi Pluralisme'),
(322, 322, 'id', 'Dhamma Dana Para Dhammaduta 1'),
(323, 323, 'id', 'Dhamma Dana Para Dhammaduta 2'),
(324, 324, 'id', 'Dhamma Dana Para Dhammaduta 3'),
(325, 325, 'id', 'Dhamma Dana Para Dhammaduta 4'),
(326, 326, 'id', 'dhamma dana para dhammaduta'),
(327, 327, 'id', 'Dhamma Inspirasi Kehidupan by Bhikkhu Abhayanando'),
(328, 328, 'id', 'Dhamma Inspirasi Kehidupan'),
(329, 329, 'id', 'Dhamma untuk Perumah Tangga'),
(330, 330, 'id', 'Dhammaclass Masa Vassa Vihara Vidyaloka 2'),
(331, 331, 'id', 'dhammapada'),
(332, 332, 'id', 'Dhammila Si Penangkap Ikan'),
(333, 333, 'id', 'Dialog Budaya Spiritual by Tim Ditjenbud'),
(334, 334, 'id', 'Dialog Dengan Alam Dewa'),
(335, 335, 'id', 'Dialog Dengan Jin Muslim Muhammad \'Isa Dawud'),
(336, 336, 'id', 'Dialog Mazhab'),
(337, 337, 'id', 'Digha Nikaya Khotbah Khotbah Panjang Sang Buddha by Dhammacitta press'),
(338, 338, 'id', 'Digha Nikaya Khotbah Khotbah Panjang Sang Buddha'),
(339, 339, 'id', 'Digital Karakter Perspektif Agama dan Pendidikan by Ronal G. Sirait'),
(340, 340, 'id', 'Diktat Psikologi Keluarga by Mahfudh Fauzi, M.Pd.'),
(341, 341, 'id', 'Dilema Kesetaraan Gender Refleksi dan Respons Praksis by Sri Djoharwinarlien'),
(342, 342, 'id', 'Dimensi Tradisional dan Spiritual dalam Agama Hindu'),
(343, 343, 'id', 'Dinamika Islam Filipina, Burma, dan Thailand by Choirul Fuad Yusuf, Arif Syibromalisi, Ridwan Bustamam, Ali Fahrudin, Syaukani, Masmedia Pinem'),
(344, 344, 'id', 'Dinamika Perkembangan Sistem Kepercayaan Lokal di Indonesia by Ahmad Syafii Mufid'),
(345, 345, 'id', 'Disini Dan Saat Ini'),
(346, 346, 'id', 'Diskursus Pluralisme Agama di Indonesia by Dr. H. M. Abzar Duraesa, M.Ag.'),
(347, 347, 'id', 'Dukkha Kumpulan Esai'),
(348, 348, 'id', 'Dukun, Mantra, dan Kepercayaan Masyarakat by T. Sianipar, Alwisol, Munawir Yusuf'),
(349, 349, 'id', 'Empat Kebenaran Mulia'),
(350, 350, 'id', 'Ensiklopedi Larangan 1'),
(351, 351, 'id', 'Ensiklopedi Larangan 2'),
(352, 352, 'id', 'Ensiklopedi Larangan 3'),
(353, 353, 'id', 'epistimologi islam jawa'),
(354, 354, 'id', 'Etika Keagamaan Nahdlatul Ulama Mengungkap Visi Moral di Balik Isu Isu Pluralisme by M. Lutfi Mustofa'),
(355, 355, 'id', 'Etika Monastik Buddhis I'),
(356, 356, 'id', 'Etika Monastik Buddhis II'),
(357, 357, 'id', 'Etika Muhammadiyah Spirit Peradaban by Zakiyuddin Baidhawy Azaki Khoirudin'),
(358, 358, 'id', 'Etika Sufi Ibn Al Arabi by Dr. H. Mukhlisin Sa’ad, M.Ag.'),
(359, 359, 'id', 'FAKTA DAN DATA KESESATAN TASAWUF MENURUT AL QURAN DAN AS SUNNAH (Tasauf Hadits Hadith Hadis Aqidah Akidah Firqah Fatwa) by Muhammad bin Jamil Zainu'),
(360, 360, 'id', 'fakta ilmiah tentang keharaman babi'),
(361, 361, 'id', 'Falsafah Dan Prinsip Asas Perubatan Melayu Nornizam Ngadeni (PREVIEW)'),
(362, 362, 'id', 'Falsafah Pendidikan Islam Menguak Nilai Nilai Pendidikan dalam Tradisi Islam by Asrul Daulay Ja’far (editor)'),
(363, 363, 'id', 'Falsafat Agama by Harun Nasution'),
(364, 364, 'id', 'Filosofi Teras by Henry Manampiring'),
(365, 365, 'id', 'Filosofi, Asas, Ajaran, Teori Hukum Pertanahan, dan Agraria by Herman Soesanggobeng'),
(366, 366, 'id', 'Filsafat Agama by Magdalena Pranata Santoso '),
(367, 367, 'id', 'FILSAFAT AJARAN ISLAM (Warning! ahmadiyah)'),
(368, 368, 'id', 'Filsafat Ajaran Islam by Hadhrat Mirza Ghulam Ahmad '),
(369, 369, 'id', 'Filsafat Ajaran Islam notice Jemaat Ahmadiyah Indonesia'),
(370, 370, 'id', 'Filsafat Barat Abad 21 by Saidul Amin'),
(371, 371, 'id', 'Filsafat dan Ilmu'),
(372, 372, 'id', 'Filsafat dan Metafisika Dalam Islam'),
(373, 373, 'id', 'Filsafat Ekonomi Islam Basis Epistemologi Ekonomi Islam Muhammad Baqir Sadr by Supian Suri Muhammad Ali Hamzah, SE, MA, M.Ud.'),
(374, 374, 'id', 'Filsafat Feminisme (Studi Kritis terhadap Gerakan Pembaharuan Perempuan di Dunia Barat dan Islam) by Dr. Saidul Amin, MA.'),
(375, 375, 'id', 'Filsafat Fenomenologi Suatu Pengantar by Drs. Maraimbang Daulay, MA.'),
(376, 376, 'id', 'Filsafat Hukum (Tokoh Tokoh Penting Filsafat Sejarah dan Intisari Pemikiran) by DR. H. Boy Nurdin, S.H., M.H.'),
(377, 377, 'id', 'Filsafat Hukum by Dr. Serlika Aprita, S.H., M.H. Rio Adhitya, S.T., S.H., M.Kn.'),
(378, 378, 'id', 'Filsafat Hukum by Kamarusdiana, MH.'),
(379, 379, 'id', 'Filsafat Hukum Islam by Dr. Faisar Ananda Arfa, MA. (z lib.org)'),
(380, 380, 'id', 'Filsafat Hukum Islam by Muhammad Syukri Albani Nasution'),
(381, 381, 'id', 'Filsafat Hukum Islam by Prof. Dr. H. Suparman Usman, S.H. Dr. Itang, M.Ag.'),
(382, 382, 'id', 'Filsafat Hukum Sejarah Aliran Dan Pemaknaan'),
(383, 383, 'id', 'Filsafat Hukum Teori Praktik by Prof. Dr. Sukarno Aburaera, S.H., Prof. Dr. Muhadar, S.H., M.Si., Maskun, S.H., LL.M.'),
(384, 384, 'id', 'Filsafat Ilmu Dan Logika'),
(385, 385, 'id', 'Filsafat Ilmu etc'),
(386, 386, 'id', 'Filsafat Ilmu Hakikat Mencari Pengetahuan by Ahmad Taufik Nasution'),
(387, 387, 'id', 'Filsafat Ilmu Kajian atas Asumsi Dasar, Paradigma, dan Kerangka Teori Ilmu Pengetahuan by Mohammad Muslih'),
(388, 388, 'id', 'FILSAFAT ILMU Mohammad muslih'),
(389, 389, 'id', 'Filsafat Ilmu Pendekatan Kajian Keislaman by Dr. Abdul Chalik'),
(390, 390, 'id', 'Filsafat Ilmu Pengetahuan '),
(391, 391, 'id', 'Filsafat Ilmu Pengetahuan Perspektif Barat dan Islam by Prof. Darwis A. Soelaiman, Ph.D.'),
(392, 392, 'id', 'Filsafat Ilmu'),
(393, 393, 'id', 'Filsafat Islam 2016 (Khudori Soleh)'),
(394, 394, 'id', 'Filsafat Islam Dari Klasik Hingga Kontemporer by A. Khudori Soleh'),
(395, 395, 'id', 'Filsafat Islam di Mesir Kontemporer by Prof. Dr. Afrizal M, M.A.'),
(396, 396, 'id', 'Filsafat Islam Dimensi, Teoretis dan Praktis by Prof. Dr. Amroeni Drajat, M.Ag.'),
(397, 397, 'id', 'Filsafat Islam Masa Awal Drs H Ibrahim MPd'),
(398, 398, 'id', 'Filsafat Jawa by dr. Abdullah Ciptoprawiro'),
(399, 399, 'id', 'Filsafat Kata'),
(400, 400, 'id', 'Filsafat Lingkungan Hidup Alam sebagai Sebuah Sistem Kehidupan by Dr. A. Sonny Keraf'),
(401, 401, 'id', 'Filsafat Moral Islam Kritik Atas Berbagai Pandangan Moral by Murtaza Mutahhari'),
(402, 402, 'id', 'Filsafat Pendidikan Agama Islam by Miswari'),
(403, 403, 'id', 'Filsafat Pendidikan by Muhammad Anwar'),
(404, 404, 'id', 'Filsafat Pendidikan Islam by A. Heris Hermawan, M.Ag.'),
(405, 405, 'id', 'Filsafat Pendidikan Islam by Dr. H. Ahmad Syar’i, M.Pd.'),
(406, 406, 'id', 'Filsafat Pendidikan Islam by Prof. Dr. H.A. Yunus, Drs., SH., MBA., M.Si. dan Dr. E. Kosmajadi, S.Ag., M.M.Pd'),
(407, 407, 'id', 'Filsafat Pendidikan Islam Menguatkan Epistemologi Islam dalam Pendidikan by Dr. Toto Suharto, M.Ag.'),
(408, 408, 'id', 'Filsafat Perempuan dalam Islam Hak Perempuan dan Relevansi Etika Sosial by Murtadha Muthahhari'),
(409, 409, 'id', 'Filsafat Perselingkuhan Sampai Anorexia Kudus by Reza Alexander Antonius Wattimena'),
(410, 410, 'id', 'Filsafat Politik by Jason Brennan'),
(411, 411, 'id', 'Filsafat Politik Islam Antara Al Farabi dan Khomeini by Yamani [Yamani]'),
(412, 412, 'id', 'Filsafat sebagai ilmu kritis'),
(413, 413, 'id', 'Filsafat Sejarah by G.W.F. Hegel'),
(414, 414, 'id', 'FILSAFAT TERAKHIR Evaluasi Filsafat Sepanjang Masa'),
(415, 415, 'id', 'Filsafat ilmu mohammad muslih'),
(416, 416, 'id', 'Filsafat dan Teologi Islam'),
(417, 417, 'id', 'furqon, al membongkar kesesatan filsafat'),
(418, 418, 'id', 'Futuhul ghaib (pembuka tabir kegaiban)'),
(419, 419, 'id', 'Gelombang Lautan Jiwa Sebuah Psikomemoar by Anta Samsara'),
(420, 420, 'id', 'Goresan Tinta Kehidupan'),
(421, 421, 'id', 'Guru Kehidupan Cerita tentang Agama dan Masyarakat by Mahli Zainuddin Tago'),
(422, 422, 'id', 'Guru Para Dewa by Susan Elbaum Jootla'),
(423, 423, 'id', 'Guru Para Dewa'),
(424, 424, 'id', 'Hakekat Agama'),
(425, 425, 'id', 'Hakekat sufi'),
(426, 426, 'id', 'HAKEKAT tasawuf'),
(427, 427, 'id', 'hakekat sufi'),
(428, 428, 'id', 'Hakikat Jiwa Manusia Berdasarkan Al Quran dan As Sunnah by Abu Abdillah Fatih Falestin'),
(429, 429, 'id', 'Hakikat Sufi'),
(430, 430, 'id', 'hakikat sufi[syekh dr sholeh]'),
(431, 431, 'id', 'Hakikat Syiah'),
(432, 432, 'id', 'Hakikat Tasawuf \'Abdullah Taslim'),
(433, 433, 'id', 'HALAL DAN HARAM INFINITY DOWNLINE'),
(434, 434, 'id', 'Halal Haram'),
(435, 435, 'id', 'halal MUI'),
(436, 436, 'id', 'haram mengucapkan selamat natal'),
(437, 437, 'id', 'haram merayakan natal dan tahun baru'),
(438, 438, 'id', 'Haram dan Halal dalam Islam'),
(439, 439, 'id', 'Haram'),
(440, 440, 'id', 'Hidup Bukan Hanya Penderitaan'),
(441, 441, 'id', 'Hidup Dalam Teropong Spiritual'),
(442, 442, 'id', 'Hidup Sesuai Dhamma Bhante Uttamo'),
(443, 443, 'id', 'Hidup Sesuai Dhamma by Dhammacitta.org'),
(444, 444, 'id', 'hidup sesuai dhamma'),
(445, 445, 'id', 'Hikayat Penaklukan Diri Sendiri'),
(446, 446, 'id', 'hkm maulid Syaikh Utsaimin'),
(447, 447, 'id', 'Hukuim+Boikot+Produk+Orang+Kafir'),
(448, 448, 'id', 'Hukum & Adab Islam [Indonesia]'),
(449, 449, 'id', 'hukum istihza ibnu \'abidin as soronji'),
(450, 450, 'id', 'hukum abborsi'),
(451, 451, 'id', 'Hukum Bagi Murtad Kafir'),
(452, 452, 'id', 'hukum bekerja di bank'),
(453, 453, 'id', 'Hukum Binaan Di atas Kubur'),
(454, 454, 'id', 'Hukum Cadar Khalid Syamhudi'),
(455, 455, 'id', 'Hukum Cadar al Albani'),
(456, 456, 'id', 'Hukum Foto dan Gambar'),
(457, 457, 'id', 'Hukum foto, jenggot dan musik'),
(458, 458, 'id', 'HUKUM FOTOGRAFI'),
(459, 459, 'id', 'Hukum haid nifas berkabung'),
(460, 460, 'id', 'Hukum Ikut Serta Dalam Parlemen'),
(461, 461, 'id', 'Hukum Isbal [Menurunkan Pakaian Dibawah Mata Kaki] 7'),
(462, 462, 'id', 'hukum islam indonesia (1)'),
(463, 463, 'id', 'hukum islam indonesia'),
(464, 464, 'id', 'hukum jihad di palestina'),
(465, 465, 'id', 'hukum lagu musik syeh albani'),
(466, 466, 'id', 'Hukum Lakonan'),
(467, 467, 'id', 'Hukum Mandi Jinabah'),
(468, 468, 'id', 'Hukum Melafadzkan Niat'),
(469, 469, 'id', 'Hukum Melaksanakan Shalat Ied'),
(470, 470, 'id', 'Hukum Memakai Cadar dalam Pandangan 4 Madzhab'),
(471, 471, 'id', 'HUKUM MEMBUNUH TAWANAN [Syaikh Yusuf Al Uyairi] (39)'),
(472, 472, 'id', 'hukum meminta pertolongan pada jin untuk mengetahui perkara gaib dan untuk hipnotis'),
(473, 473, 'id', 'HUKUM MEMOHON KEPADA ALLAH DENGAN KEDUDUKAN DAN KEMULIAAN ORANG SALEH'),
(474, 474, 'id', 'hukum mempergunakan zakat untuk membangun masjid'),
(475, 475, 'id', 'hukum memperingati maulid nabi syaikh muhammad bin shalih al utsaimin'),
(476, 476, 'id', 'hukum memperingati maulid nabi'),
(477, 477, 'id', 'Hukum Mencela & Istihza\' thd Allah, Rasul Nya & Syari\'at Nya Ibnu \'Abidin As Soronji'),
(478, 478, 'id', 'Hukum mencela dan istihza '),
(479, 479, 'id', 'hukum mencium tangan dan menunduk'),
(480, 480, 'id', 'hukum mendengarkan nyanyian'),
(481, 481, 'id', 'Hukum Menghadiahkan Pahala Al Quran kepada Si Mati Syeikh Muhaddith Abdullah Siddiq Al Ghummari..'),
(482, 482, 'id', 'Hukum Mengiringi Sembahyang Zohor Selepas Sembahyang Juma\'at'),
(483, 483, 'id', 'Hukum mengkafirkan sesama muslim Syaikh Al Albani'),
(484, 484, 'id', 'HUKUM MENGOLEKSI PATUNG'),
(485, 485, 'id', 'hukum meninggalkan sholat'),
(486, 486, 'id', 'HUKUM MENONTON TELEVISI'),
(487, 487, 'id', 'hukum menyediakan kenduri kematian'),
(488, 488, 'id', 'Hukum Merayakan Hari Lahir (ulang tahun) Seseorang'),
(489, 489, 'id', 'hukum merokok'),
(490, 490, 'id', 'hukum minyak wangi (parfum) berkadar alkohol'),
(491, 491, 'id', 'Hukum Musik dan Nyanyian'),
(492, 492, 'id', 'hukum ohm & hambatan'),
(493, 493, 'id', 'Hukum Orang Meninggalkan Shalat'),
(494, 494, 'id', 'Hukum Orang Yang Meninggalkan Shalat'),
(495, 495, 'id', 'hukum org yg meninggalkan sholat [muhammad bin shaleh al utsaimin]'),
(496, 496, 'id', 'hukum pasta gigi'),
(497, 497, 'id', 'Hukum Pengkafiran Dan Pemboman 1'),
(498, 498, 'id', 'Hukum Pengkafiran Terhadap Penguasa, Metode Penculikan Dan Pembunuhan Misterius !'),
(499, 499, 'id', 'Hukum Perayaan Menyambut Tahun Baru 3'),
(500, 500, 'id', 'Hukum Perkawinan Dengan Ahlul Bid\'ah Dr. Ibrahim bin 窶連mir Ar Ruhaili'),
(501, 501, 'id', 'Hukum Perkawinan dengan Ahlul Bid\'ah[Dr. Ibrahim bin ‘Amir Ar Ruhaili]'),
(502, 502, 'id', 'Hukum pernikahan dg ahlul bid\'ah'),
(503, 503, 'id', 'Hukum Qiradh (4 Mazhab)'),
(504, 504, 'id', 'Hukum Shaf yg Terpisah dg Tiang Masjid Askari Jamal al Bugisi'),
(505, 505, 'id', 'Hukum Shalat di belakang Imam yang berqunut Shubuh'),
(506, 506, 'id', 'Hukum Shalat Ied, Wajib atau Sunah Mushthafa bin Isma\'il as Sulaimani'),
(507, 507, 'id', 'Hukum shalat ied'),
(508, 508, 'id', 'hukum shalat jama\'ah kedua'),
(509, 509, 'id', 'Hukum Sihir & Dukun [Abdul Aziz]'),
(510, 510, 'id', 'Hukum Sihir Dan Perdukunan'),
(511, 511, 'id', 'hukum sihir, dukun & zina [dr moh mu\'inudin]'),
(512, 512, 'id', 'Hukum Solat Jamaah'),
(513, 513, 'id', 'Hukum Solat Jum\'at'),
(514, 514, 'id', 'HUKUM SOLAT SUNAT HAJAT BERJEMAAH'),
(515, 515, 'id', 'Hukum Tidak Mengingkari Kemungkaran Karena Ia Sendiri Melakukannya'),
(516, 516, 'id', 'Hukum Toharoh & Shalat [Dr Moh Mu\'inudin]'),
(517, 517, 'id', 'Hukum Ungkapan Kebebasan Berfikir'),
(518, 518, 'id', 'hukum ungkapan yang ditujukan untuk jenazah'),
(519, 519, 'id', 'Hukum Vaksin'),
(520, 520, 'id', 'hukum cadar'),
(521, 521, 'id', 'Hukum Hukum Fiqih [Indonesia]'),
(522, 522, 'id', 'hukum hukum jenazah'),
(523, 523, 'id', 'Hukum hukum seputar do a'),
(524, 524, 'id', 'hukum hukum seputar hari raya idul adha'),
(525, 525, 'id', 'Hukum Hukum Seputar Idul Adha'),
(526, 526, 'id', 'Hukum hukum Seputar Shalat Ali Raghib'),
(527, 527, 'id', 'Hukum hukum SeputarShalat'),
(528, 528, 'id', 'Hukum Hukum Shalat'),
(529, 529, 'id', 'Hukum hukum Tahiyatul Masjid'),
(530, 530, 'id', 'hukum hukum thalaq'),
(531, 531, 'id', 'Hukum hukum ringkas seputar Hari Ied dan Zakat Al Fitri'),
(532, 532, 'id', 'hukum hukum seputar mandi janabah'),
(533, 533, 'id', 'hukum hukum'),
(534, 534, 'id', 'Hukum hukumSeputarShalat'),
(535, 535, 'id', 'hukum melafazkan niat'),
(536, 536, 'id', 'hukum memperingati maulid nabi'),
(537, 537, 'id', 'hukum mencela dan istihza'),
(538, 538, 'id', 'hukum meninggalkan shalat'),
(539, 539, 'id', 'hukum orang meninggalkan shalat'),
(540, 540, 'id', 'hukum selamatan kematian'),
(541, 541, 'id', 'hukum sihir dan perdukunan'),
(542, 542, 'id', 'Hukum Zakat Profesi Fatwa Ulama'),
(543, 543, 'id', 'Hukum2 Kewanitaan'),
(544, 544, 'id', 'Hukum2 yg Berkaitan dg Do\'a Nurul Mukhlisin'),
(545, 545, 'id', 'hukum2 seputar doa'),
(546, 546, 'id', 'Humanisme dalam Agama Konghutsu '),
(547, 547, 'id', 'Iblis Lawan atau Kawan Setan dalam Interpretasi Sufi by Javad Nurbakhsh'),
(548, 548, 'id', 'id Hukum Bergantung Kepada Para Wali'),
(549, 549, 'id', 'id Hukum Foto dan gambar'),
(550, 550, 'id', 'id Hukum Gerakan dalam Shalat'),
(551, 551, 'id', 'id hukum membacakan quran untuk mayit'),
(552, 552, 'id', 'id Hukum mendatangi istri dari belakang sodomi'),
(553, 553, 'id', 'id Hukum Mendatangkan Roh'),
(554, 554, 'id', 'id Hukum Menghina Agama'),
(555, 555, 'id', 'id Hukum Meyakini Bahwa Rasulullah Ada Di Setiap Tempat Dan Mengetahui Perkara Gaib'),
(556, 556, 'id', 'id Hukum minta tolong kepada jin'),
(557, 557, 'id', 'id Hukum Onani'),
(558, 558, 'id', 'Ikhtisar Ajaran Buddha'),
(559, 559, 'id', 'Ilmu Hikmah'),
(560, 560, 'id', 'Ilmu Jiwa Agama (The Psychology of Religion) by Prof. Dr. Rusmin Tumanggor, M.A. '),
(561, 561, 'id', 'Ilmu Kalam Memotret Berbagai Aliran Teologi dalam Islam by Dr. H. Muhammad Hasbi'),
(562, 562, 'id', 'Ilmu Kateketik dan Identitasnya by Carolus Putranto, S.J., Ignatius L. Madya Utama, S.J., Bernardus Agus Rukiyanto, S.J., Fransiskus Xaverius Dapiyanta (editor)'),
(563, 563, 'id', 'Ilmu Ketuhanan (Ilmu Kalam) by Atjeh Abubakar H.'),
(564, 564, 'id', 'Ilmu Laduni Buah Ibadah dan Tawasul by Muhammad Luthfi Ghozali'),
(565, 565, 'id', 'Ilmu Makrifat Jawa Sangkan Paraning Dumadi Eksplorasi Sufistik Konsep Mengenal Diri dalam Pustaka Islam Kejawen Kunci Swarga Miftahul Djanati by Nur Kolis, Ph.D. '),
(566, 566, 'id', 'Ilmu Mantiq by Dr. Muhammad Roy Purwanto'),
(567, 567, 'id', 'Ilmu Sosial Budaya Dasar by Elly M. Setiadi, M.Si, ,'),
(568, 568, 'id', 'Ilmu Sosial Budaya Dasar by Muhammad Syukri Albani Nasution, M. Nur Husein Daulay, Neila Susanti, Syafruddin Syam'),
(569, 569, 'id', 'Ilmu Tantra Bali 1 Sample'),
(570, 570, 'id', 'Ilmu Tasawuf Penguatan Mental Spiritual dan Akhlaq by Dr. H. Imam Kanafi, M.Ag.'),
(571, 571, 'id', 'ilmu waris (image)'),
(572, 572, 'id', 'Imanensi dan Transendensi Sebuah Rekonstruksi Deleuzian atas Ontologi Imanensi dalam Tradisi Filsafat Prancis Kontemporer by Martin Suryajaya'),
(573, 573, 'id', 'Implementasi Moderasi Beragama Pada Direktorat Jenderal Pendidikan Islam by Pokja Implementasi Moderasi Islam Ditjen Pendidikan Islam'),
(574, 574, 'id', 'Implementasi Pendidikan Agama dan Pendidikan Karakter by Edy Riyanto, M.Pd., dkk.'),
(575, 575, 'id', 'Implementasi Pendidikan Karakter by Sofyan Mustoip, Muhammad Japar, Zulela Ms.'),
(576, 576, 'id', 'Individu'),
(577, 577, 'id', 'Indonesia Sebagai Ruang Imajinasi by Ary Budiyanto, Hipolitus K. Kewuel, Nindyo Budi Kumoro, Manggala Ismanto, Sigit Prawoto, Fuad Firmansyah'),
(578, 578, 'id', 'Insan Moderat Refleksi Kehidupan Beragama, Berbangsa dan Bernegara by Dr. Sumarto, M.Pd.I.'),
(579, 579, 'id', 'Interaksi Agama dan Budaya di Masyarakat by Achmad Royhan Choidab, Ahmad Mudakir, Ahmad Said Mubarok, Akhrie Ramadayanto, Bambang Supriadi'),
(580, 580, 'id', 'International Relation Theory by Takdir Ali Mukti, Stephen McGlinchey et. al.'),
(581, 581, 'id', 'Interpretasi Ta Pei Cou (Mahakaruna Dharani) oleh praktisi Theravada'),
(582, 582, 'id', 'intisari agama buddha'),
(583, 583, 'id', 'Intisari Jalan Kesucian'),
(584, 584, 'id', 'Investigasi Menuju Pencerahan'),
(585, 585, 'id', 'ISLAM & MUSLIM'),
(586, 586, 'id', 'Islam Agama Ramah Lingkungan by Syaikh Yusuf al Qaradhawi'),
(587, 587, 'id', 'Islam dan Budaya Lokal Kajian Antropologi Agama by H. Lebba Kadorre Pongsibanne'),
(588, 588, 'id', 'Islam dan Kebatinan by H.M. Rasjidi'),
(589, 589, 'id', 'Islam Doktrin dan Peradaban by Dr. Nurcholish Madjid'),
(590, 590, 'id', 'Islam Nusantara Relasi Agama Budaya dan Tendensi Kuasa Ulama by Achmad Syahid'),
(591, 591, 'id', 'Islam Tuhan Islam Manusia by Haidar Bagir'),
(592, 592, 'id', 'Islam, Agama agama, dan Nilai Kemanusiaan Festschrift untuk M. Amin Abdullah by Moch Nur Ichwan Ahmad Muttaqin (editor)'),
(593, 593, 'id', 'Islam, HAM, dan Keindonesiaan Refleksi dan Agenda Aksi untuk Pendidikan Agama'),
(594, 594, 'id', 'Islam, Negara dan Masa Depan Ideologi Politik by Dr. Abdul Chalik'),
(595, 595, 'id', 'ISTILAH ISTILAH TASAWWUF MENURUT SHAYKH ABDUL QADIR AL FATANI (TRANSLITERASI DAN ANOTASI)'),
(596, 596, 'id', 'Istiqamah Bersama Agama Allah'),
(597, 597, 'id', 'It\'s Easy to be Happy'),
(598, 598, 'id', 'Jabat Tangan Terlarang'),
(599, 599, 'id', 'Jadikan Batinmu Seluas Samudera'),
(600, 600, 'id', 'Jadikan Nibbana Sebagai Tujuanmu'),
(601, 601, 'id', 'Jalaluddin Rakhmat Membuka Tirai Kegaiban'),
(602, 602, 'id', 'Jalan Buddha Menuju Kedamaian dan Kebahagiaan'),
(603, 603, 'id', 'Jalan cinta sang sufi ajaran ajaran spiritual Jalâluddîn Rûmî by William C. Chittick'),
(604, 604, 'id', 'Jalan Kesucian Jilid 1'),
(605, 605, 'id', 'Jalan Menuju Akhir Penderitaan'),
(606, 606, 'id', 'Jalan Rahmat Mengetuk Pintu Tuhan by Jalaluddin Rakhmat'),
(607, 607, 'id', 'jalan sufi idris shah'),
(608, 608, 'id', 'Jalan Sufi by Idries Shah'),
(609, 609, 'id', 'JALAN SUFI'),
(610, 610, 'id', 'Jangan Ada Dukkha di Antara Kita'),
(611, 611, 'id', 'jataka atthakatha volume i'),
(612, 612, 'id', 'jataka atthakatha volume ii'),
(613, 613, 'id', 'jataka atthakatha volume iii'),
(614, 614, 'id', 'jataka atthakatha volume iv'),
(615, 615, 'id', 'jataka atthakatha volume v'),
(616, 616, 'id', 'Jejak Langkah Gunung Absurd Master Ch\'an Han Shan'),
(617, 617, 'id', 'Jejak Langkah Gunung Absurd Otobiografi Wejangan Master Chan Han Shan (1546 1623) by Upasaka Richard Cheung'),
(618, 618, 'id', 'Jhana Jhana dan Umat Awam menurut Sutta Sutta Pali'),
(619, 619, 'id', 'Jihad Menentang Agama Batil Indonsian'),
(620, 620, 'id', 'Jika Kita Tak Pernah Jadi Apa Apa by Alvi Syahrin'),
(621, 621, 'id', 'Jika Kita Tak Pernah Jatuh Cinta by Alvi Syahrin'),
(622, 622, 'id', 'Jinacarita Sebuah Puisi Pali'),
(623, 623, 'id', 'Kajian Ontologis Studi Agama Agama by Habib Hanafi, Syarifudin, Deden Nurfaizal, Siti Nurjanah'),
(624, 624, 'id', 'Kalama Sutta'),
(625, 625, 'id', 'kammatthana'),
(626, 626, 'id', 'Kamus Istilah Psikologi by Fuad Hassan, dkk.'),
(627, 627, 'id', 'Kamus Filsafat'),
(628, 628, 'id', 'Karakterisitik dan Esensi Agama Buddha'),
(629, 629, 'id', 'Karma dan Kelahiran Kembali'),
(630, 630, 'id', 'KARMA PHALA DAN PUNARBHAVA'),
(631, 631, 'id', 'Karma'),
(632, 632, 'id', 'Karya Lengkap Driyarkara Esai esai Filsafat Pemikir yang Terlibat Penuh dalam Perjuangan Bangsanya by Nicolaus Driyarkara, Antonius Sudiarja '),
(633, 633, 'id', 'Kasus Dharmakaya Kajian untuk mempelajari Agama Buddha dan Membangun Masyarakat Thai by Phra Phromkhunabhorn'),
(634, 634, 'id', 'Kasus Dharmakaya'),
(635, 635, 'id', 'Kebebasan Sempurna'),
(636, 636, 'id', 'Kebebasan, Toleransi dan Terorisme Riset dan Kebijakan Agama di Indonesia'),
(637, 637, 'id', 'Kebudayaan Mentalitas dan Pembangunan by Koentjaraningrat'),
(638, 638, 'id', 'kedamaian batin'),
(639, 639, 'id', 'Kehidupan Bebas Dari Uang'),
(640, 640, 'id', 'kelahiran kembali dan keadaan antara dalam buddhisme awal'),
(641, 641, 'id', '[01] Putri yang Manja'),
(642, 642, 'id', '[02] Di Kerajaan Satwa'),
(643, 643, 'id', '[03] Tabib Palsu'),
(644, 644, 'id', '[04] Gerbang ke Timur'),
(645, 645, 'id', '[05] Monster Danau Kabut'),
(646, 646, 'id', '[06] Lorong Menuju Utara'),
(647, 647, 'id', '[07] Perjalanan ke Barat'),
(648, 648, 'id', '[08] Laut Menuju ke Selatan'),
(649, 649, 'id', '[09] Peniup Suling dari Kota Elang'),
(650, 650, 'id', '[10] Gigi gigi Casius Gaius'),
(651, 651, 'id', '[11] Pompit yang Bandel'),
(652, 652, 'id', '[12] Menangkap si Jahil'),
(653, 653, 'id', '[13] Tiga Penyihir Usil'),
(654, 654, 'id', '[14] Mencari Jejak Perampok'),
(655, 655, 'id', '[15] Sarakah si Penipu'),
(656, 656, 'id', '[16] Putri Melati Centilaneh'),
(657, 657, 'id', '[17] Bombasto si Penyihir'),
(658, 658, 'id', '[18] Lemari dengan 1000 Pintu'),
(659, 659, 'id', '[19] Kapal dari Es'),
(660, 660, 'id', '[20] Kimono Hitam'),
(661, 661, 'id', '[21] Kepala Suku yang Menyamar'),
(662, 662, 'id', '[22] Kembali ke Kerajaan Satwa'),
(663, 663, 'id', '[23] Kisah kisah yang Menakjubkan'),
(664, 664, 'id', 'Kematian Sebuah Risalah Filsafati tentang Eksistensi dan Ketiadaan by Muhammad Damm'),
(665, 665, 'id', 'Kembali ke Masa Sang Buddha'),
(666, 666, 'id', 'Keperawatan Jiwa by Ns. Nurhalimah, S.Kep, M.Kep. Sp.Kep.J'),
(667, 667, 'id', 'Kerancuan Filsafat (Tahafut Al Falasifah) by Imam Al Gazali'),
(668, 668, 'id', 'kerasukan setan'),
(669, 669, 'id', 'kerasukan setan'),
(670, 670, 'id', 'kesaksian para praktisi'),
(671, 671, 'id', 'kesaksian kesaksian mengenai hukum karma'),
(672, 672, 'id', 'KESESATAN SUFI (TASAWUF TASAUF) by Ahmad bin Abdul Aziz Al Hushain and Dr. Abdullah Mustofa Numsuk'),
(673, 673, 'id', 'Ketika kebenaran agama langir dipertanyakan'),
(674, 674, 'id', 'Kholifah Bumi Guru Mursyid sebagai Bapak Ruhaniah by Muhammad Luthfi Ghozali'),
(675, 675, 'id', 'Kiat Kiat Menafsirkan Mimpi by Leonardo Rimba'),
(676, 676, 'id', 'Kisah berkeliling alam neraka'),
(677, 677, 'id', 'Kisah Inspiratif Puteri Buddha'),
(678, 678, 'id', 'Kisah Sebuah Rakit Tua'),
(679, 679, 'id', 'Kisah Tersirat Sebuah Apresiasi Analitis atas Kisah Buddha by Sylvia Bay'),
(680, 680, 'id', 'Kisah Tersirat'),
(681, 681, 'id', 'Kitab Firasat Ilmu Membaca Sifat dan Karakter Orang dari Bentuk Tubuhnya by Imam Fakhruddin ar Razi'),
(682, 682, 'id', 'Kitab Pali'),
(683, 683, 'id', 'Kitab Suci Kesatria Cahaya by Paulo Coelho'),
(684, 684, 'id', 'kitab zen'),
(685, 685, 'id', 'Komentar Anattalakkhana Sutta dan Malukyaputta Sutta'),
(686, 686, 'id', 'Komunikasi Antarbudaya dalam Tradisi Agama Jawa by Dr. Mukti Ali, M.Hum.'),
(687, 687, 'id', 'Komunikasi Budaya, Pariwisata dan Religi by Hapsari Dwiningtyas Sulistyani, dkk.'),
(688, 688, 'id', 'Komunikasi, Religi dan Budaya by Fajar Junaedi dan Ayub Dwi Anggoro (editor)'),
(689, 689, 'id', 'Konflik Bernuansa Agama Peta Konflik Berbagai Daerah di Indonesia 1997 2005 by Choirul Fuad Yusuf'),
(690, 690, 'id', 'Konseling Berfokus Resolusi Konflik antar Sebaya Dari Perselisihan ke Perdamaian di Kalangan Remaja by Latipun'),
(691, 691, 'id', 'Konsep Konseling Berdasarkan Ayat Ayat Al Quran (Jilid II) by Drs. Abdul Hayat, M.Pd.'),
(692, 692, 'id', 'Konsili Buddhis Menurut Tradisi Theravada'),
(693, 693, 'id', 'Konspirasi Alam Semesta by Fiersa Besari (z lib.org)'),
(694, 694, 'id', 'Kontestasi Agama dan Negara Politik Hukum Penodaan Agama di Asia Tenggara by Fauzan Ali Rasyid, Ah. Fathonih, Syahrul Anwar, Ayi Yunus Rusyana'),
(695, 695, 'id', 'Kontestasi Identitas Agama Lokalitas Spiritual di Indonesia by Dr. Hasse Jubba, MA.'),
(696, 696, 'id', 'Kosmologi Studi Struktur dan Asal Mula Alam Semesta by Fabian Chandra'),
(697, 697, 'id', 'Kosmologi Islam dan Dunia Modern by William C. Chittick'),
(698, 698, 'id', 'kosmologi'),
(699, 699, 'id', 'Kronologi Hidup Buddha'),
(700, 700, 'id', 'Kumpulan Artikel Bhikkhu Bodhi by Bhikkhu Bodhi'),
(701, 701, 'id', 'Kumpulan Ceramah Dhammaclass Masa Vassa Vihara Vidyaloka'),
(702, 702, 'id', 'Kumpulan Khotbah Sang Buddha'),
(703, 703, 'id', 'kumpulan kisah nyata pantangan berzinah (jilid lengkap)'),
(704, 704, 'id', 'Kumpulan Misteri Dunia by Hastomo, Ssit.'),
(705, 705, 'id', 'kumpulan ringkasan ceramah dhamma by Bhikkhu Cittaguto'),
(706, 706, 'id', 'Kumpulan Ringkasan Ceramah Dhamma'),
(707, 707, 'id', 'kumpulan beberapa sutra buddhisme mahayana 1'),
(708, 708, 'id', 'kumpulan beberapa sutra buddhisme mahayana 2'),
(709, 709, 'id', 'kuning'),
(710, 710, 'id', 'Kupas Tuntas Masalah Jin Sihir by Dr..Ibrahim Kamal Adham'),
(711, 711, 'id', 'kupas tuntas seputar RUH'),
(712, 712, 'id', 'Laki Laki dan Perempuan Identitas yang Berbeda Analisis Gender dan Politik Perspektif Post Feminisme by Dra. Nila Sastrawati, M.Si.'),
(713, 713, 'id', 'Landasan Psikologis Pendidikan Islam by Syihabuddin'),
(714, 714, 'id', 'Larangan Berlaku Boros'),
(715, 715, 'id', 'Larangan Meminta Minta'),
(716, 716, 'id', 'Lima Penghalusinasi'),
(717, 717, 'id', 'Literasi Moderasi Beragama di Indonesia'),
(718, 718, 'id', 'Loving the Wounded Soul (Alasan dan Tujuan Depresi Hadir di Hidup Manusia) by Regis Machdy'),
(719, 719, 'id', 'maha parinibbana sutta'),
(720, 720, 'id', 'Majjhima Nikaya Khotbah khotbah Menengah Sang Buddha by Dhammacitta press'),
(721, 721, 'id', 'Majjhima Nikaya Khotbah khotbah Menengah Sang Buddha'),
(722, 722, 'id', 'Makalah Agama Agama dan Filsafat'),
(723, 723, 'id', 'Makan'),
(724, 724, 'id', 'Makanan haram dalam islam A Z'),
(725, 725, 'id', 'Makanan+Haram'),
(726, 726, 'id', 'Maklumat Raja Asoka'),
(727, 727, 'id', 'Makna Paritta'),
(728, 728, 'id', 'Manajemen Diri Buddhis'),
(729, 729, 'id', 'MANFAAT MEMBACA PARRITA'),
(730, 730, 'id', 'Mantra by Deddy Corbuzier'),
(731, 731, 'id', 'Manusia dan Islam Jilid 1 by Dr. Haron Din'),
(732, 732, 'id', 'Manusia dan Islam Jilid 2 by Dr. Haron Din'),
(733, 733, 'id', 'Manusia Dan Islam Jilid 3 by Dr. Haron Din'),
(734, 734, 'id', 'Mara si Penggoda'),
(735, 735, 'id', 'Marifatullah la khaliqa illa allah'),
(736, 736, 'id', 'Mata Ketiga dan Cara Menggunakannya by Leonardo Rimba'),
(737, 737, 'id', 'Media+Pembelajaran+Pendukung+perkuliahan+Filsafat Filsafat+Ilmu Filsafat+Pendidikan+Matematika Filsafat+Pendidikan+Sain'),
(738, 738, 'id', 'Media＋Pembelajaran＋Pendukung＋perkuliahan＋Filsafat＿Filsafat+Ilmu Filsafat+Pendidikan+Matematika Filsafat+Pendidikan+Sain'),
(739, 739, 'id', 'Meditasi Pernafasan Bikkhu Kassapa'),
(740, 740, 'id', 'meditation (samadhi bhavana)'),
(741, 741, 'id', 'Melihat Dhamma'),
(742, 742, 'id', 'Melihat Pohon Bodhi'),
(743, 743, 'id', 'Memahami Buddhisme Tradisi Mahayana'),
(744, 744, 'id', 'membaca dan menyentuh al qur\'an dalam keadaan hadast'),
(745, 745, 'id', 'Membangkitkan Hati yang Baik'),
(746, 746, 'id', 'Membangun Moderasi Beragama Umat Melalui Integrasi Keilmuan by Dr. Muhammad Qasim, M.Pd.I.'),
(747, 747, 'id', 'Membangun Moral Bangsa Melalui Akhlak Tasawuf by M. Iqbal Irham, M.Ag.'),
(748, 748, 'id', 'Membatasi Tanpa Melanggar Hak Kebebasan Beragama atau Berkeyakinan by Zainal Abidin Bagir, Asfinawati, Suhadi, Renata Arianingtyas'),
(749, 749, 'id', 'Membela Kebebasan Beragama buku 1, Budi Munawwar Rahma .ed'),
(750, 750, 'id', 'membela kebebasan beragama buku 2'),
(751, 751, 'id', 'Membela Kebebasan Beragama, Budi Munawwar Rahma .ed'),
(752, 752, 'id', 'Membongkar kesesatan REiki Tenaga dalam & Ilmu Kesaktian'),
(753, 753, 'id', 'Membuka Jalan'),
(754, 754, 'id', 'Membuka Kebenaran Spiritual'),
(755, 755, 'id', 'Membuka Tirai Kegaiban Renungan Renungan Sufistik by Jalaluddin Rakhmat'),
(756, 756, 'id', 'Menampar Propaganda Kembali Kepada Quran Keruntuhan Argumentasi Anti Madzhab dan Anti Taqlid by Syaikh Muhammad Said Ramadan al Buthy'),
(757, 757, 'id', 'Menelusuri Jalan Spiritual bigfile'),
(758, 758, 'id', 'menelusuri jalan spiritual'),
(759, 759, 'id', 'Menerbitkan Cahaya Diri Sebuah Risalah Sufistik tentang Pendidikan Jiwa by Sayid Abbas Nuruddin'),
(760, 760, 'id', 'Mengapa U Sikkhananda tidak Memenuhi Undangan untuk Meresitasikan Paritta'),
(761, 761, 'id', 'Mengelola Keragaman dan Kebebasan Beragama di Indonesia Refleksi atas Beberapa Pendekatan Advokasi by Samsu Rizal Panggabean, Mohammad Miqdad, Asfinawati, Ram Kakarala'),
(762, 762, 'id', 'Mengelola Keragaman dan Kebebasan Beragama di Indonesia Sejarah, Teori dan Advokasi by Robert W. Hefner Ihsan Ali Fauzi'),
(763, 763, 'id', 'mengenal beberapa aspek filsafat konfusianisme, taoisme, dan. buddhisme'),
(764, 764, 'id', 'Mengenal Diri Tuntunan Islam dalam Memahami Jiwa, Watak dan Keperibadian Anda by Mohammad Ali Shomali'),
(765, 765, 'id', 'Mengenal Kenikmatan Surga Firdaus Yang Kekal Dan Abadi Edisi Bahasa Indonesia by Jannah Firdaus Mediapro'),
(766, 766, 'id', 'Mengenal Kesehatan Jiwa versi PDF Tunggal by Anta Samsara'),
(767, 767, 'id', 'mengenal para bodhisattva'),
(768, 768, 'id', 'Mengenal pokok pokok ajaran syiah imamiyah dan perbedaannya dengan ahlussunnah'),
(769, 769, 'id', 'Mengenal Psikologi Humanistik by Anta Samsara'),
(770, 770, 'id', 'Mengerti Sosiologi Pengantar Memahami Konsep Konsep Sosiologi by Dr. M. Amin Nurdin, MA. Ahmad Abrori, M.Si.'),
(771, 771, 'id', 'Mengkaji Tafsir Sufi Karya Ibnu ‘Ajibah Kitab al Bahr al Madid fi Tafsir al Qur’an al Majid by Moh. Azwar Hairul'),
(772, 772, 'id', 'Menguak Dunia Jin Ruqyah Dampak dan Bahayanya by Muhammad Luthfi Ghozali'),
(773, 773, 'id', 'Menguak DUNIA JIN Ruqyah dampak dan bahayanya M Luthfi Ghazali'),
(774, 774, 'id', 'Menguak Misteri Kematian'),
(775, 775, 'id', 'Meninjau Ulang dan Menyikapi Pragmatisme Dewasa Ini'),
(776, 776, 'id', 'Menjaga Adat, Menguatkan Agama Katoba dan Identitas Muslim Muna by Dr. Asliah Zainal, M.A.'),
(777, 777, 'id', 'Menuju Penguatan Hak Korban dalam RUU Penghapusan Kekerasan Seksual by Maidina Rahmawati Supriyadi Widodo Eddyono'),
(778, 778, 'id', 'Menuju Sains Berkelanjutan'),
(779, 779, 'id', 'Menyadari Batin dgn Pengantar'),
(780, 780, 'id', 'Menyembuhkan Diri, Mengatasi Derita'),
(781, 781, 'id', 'Merawat Kebersamaan Polisi, Kebebasan Beragama dan Perdamaian by Rizal Panggabean dan Ihsan Ali Fauzi'),
(782, 782, 'id', 'Merawat Pemikiran Buya Syafii Keislaman, Keindonesiaan dan Kemanusiaan by Moh. Shofan (editor)'),
(783, 783, 'id', 'merayakan kebebasan beragama dp'),
(784, 784, 'id', 'Merayakan Keragaman Mengenal Lebih Dekat Ragam Agama di Indonesia by Ibn Ghifarie'),
(785, 785, 'id', 'Messianik Yahudi Juru Selamat Yahudi dalam Telaah Psikoanalisa Erich Fromm by Anggun Gunawan, S.Fil.'),
(786, 786, 'id', 'Metode dan Pendekatan dalam Syarah Hadis by Muhammad Misbah, dkk.'),
(787, 787, 'id', 'Metta dan Mangala'),
(788, 788, 'id', 'metta'),
(789, 789, 'id', 'Meyakini Menghargai Ensiklopedia Mengenal Lebih Dekat Ragam Agama dan Kepercayaan di Indonesia by Nenden Hendarsih'),
(790, 790, 'id', 'Mingun Sayadaw Riwayat Agung Para Buddha Buku 1'),
(791, 791, 'id', 'Misteri Ilmu Nafi\''),
(792, 792, 'id', 'Misteri Kehadiran Arwah'),
(793, 793, 'id', 'Misteri Ramadhan by Dr. Said bin Musaffar al Qahthani, Muhammad bin Mubarak ath Thawasyi'),
(794, 794, 'id', 'Mistik dan Makrifat Sunan Kalijaga'),
(795, 795, 'id', 'Mistik Pembebasan Dunia Butuh Sembuh dan Manusia Perlu Waras by Abdillah Muhammad Marzuqi'),
(796, 796, 'id', 'Model Model Dakwah di Era Kontemporer by Dr. H. Fahrurrozi, MA'),
(797, 797, 'id', 'Moderasi Beragama by Tim Penyusun'),
(798, 798, 'id', 'Moderasi Beragama Jihad Ulama Menyelamatkan Umat dan Negeri dari Bahaya Hoax by Muhamad Qustulani, Fahmi Irfani, Ecep Ishak Fariduddin, Ahmad Suhendra'),
(799, 799, 'id', 'Modul Intervensi Pencegahan Kekerasan Seksual terhadap Anak by Dr. Ns. Meri Neherta, S.Kep., M.Biomed'),
(800, 800, 'id', 'Modul+Filsafat+Ilmu'),
(801, 801, 'id', 'Monografi Kerukunan Umat Beragama di Indonesia by Dr. Kustini (editor)'),
(802, 802, 'id', 'Monoteisme Tauhid sebagai Sistem Nilai dan Akidah Islam by Muhammad Taqi Misbah'),
(803, 803, 'id', 'Muhasabah'),
(804, 804, 'id', 'Nahdlatul Wathan di Era Reformasi Agama, Konflik Komunal dan Peta Rekonsiliasi by Saipul Hamdi'),
(805, 805, 'id', 'Nasihat Praktis Bagi Meditator'),
(806, 806, 'id', 'New Normal, Kajian Multidisiplin by Editor Akhsanul In’am Latipun'),
(807, 807, 'id', 'Ngaben Warga Dadya Arya Kubontubuh Tirtha Sari Desa Ulakan Karangasem Perspektif Pendidikan Agama Hindu by Dr. I Ketut Sudarsana, S.Ag., M.Pd.H.'),
(808, 808, 'id', 'Nibbana Sebagai Suatu Pengalaman Hidup'),
(809, 809, 'id', 'Nikah Beda Agama, Solusi Konflik by Percikan Iman'),
(810, 810, 'id', 'Nilai Nilai Spiritual dan Karakter dalam Sastra by I Komang Warsa'),
(811, 811, 'id', 'Obrolan Sufi Untuk Transformasi Hati, Jiwa, dan Ruh by Robert Frager, Ph.D.'),
(812, 812, 'id', 'Origins of Terrorism Tinjauan Psikologi, Ideologi, Teologi dan Sikap Mental by Walter Reich'),
(813, 813, 'id', 'Otobiografi Phra Ajahn Lee Dhammadharo'),
(814, 814, 'id', 'Panca Balikrama Besakih Manajemen, Implikasi, dan Dasar Pelaksanaan by W. Kandi Wijaya'),
(815, 815, 'id', 'Pandangan Benar'),
(816, 816, 'id', 'Pandangan Kejawen Tentang Tuhan'),
(817, 817, 'id', 'Pandangan Sang Buddha Tentang Makan Daging'),
(818, 818, 'id', 'Panduan Mendidik Anak Sesuai Sunnah Nabi SAW. by Syaikh ‘Abdussalâm as Sulaymân'),
(819, 819, 'id', 'Panorama Pemikiran Islam Wawasan tentang Ketuhanan, Kemanusiaan, dan Hari Akhir by Prof. J. Subhani'),
(820, 820, 'id', 'Partai Politik Pendidikan Agama Islam by Yunita Faela Nisa, M. Zaki Mubarak, A. Bakir Ihsan, Suryani, Tasman, Ahmad Al Fajri, Dita Kirana'),
(821, 821, 'id', 'Pasang Surut Rekognisi Agama Leluhur dalam Politik Agama di Indonesia by Samsul Maarif'),
(822, 822, 'id', 'Pasung Jiwa by Okky Madasari'),
(823, 823, 'id', 'Paticcasamuppada (Kemunculan yang Dependen)'),
(824, 824, 'id', 'Paticcasamuppada'),
(825, 825, 'id', 'pelangi dharma'),
(826, 826, 'id', 'Pelintiran Kebencian Rekayasa Ketersinggungan Agama dan Ancamannya bagi Demokrasi by Cherian George'),
(827, 827, 'id', 'pembahasan tuntas peradaban manusia dari awal hingga akhir full final'),
(828, 828, 'id', 'Pembebasan Perempuan Feminisme, Revolusi Kelas, dan Anarkisme by Sara M. Evans Deirdre Hogan'),
(829, 829, 'id', 'Pemeriksaan Fisik dan Aspek Medikolegal Kekerasan Seksual Pada Anak dan Remaja'),
(830, 830, 'id', 'Pemikiran Politik Konfusius, Mencius Xunzi by Kristan, S.E., M.A.'),
(831, 831, 'id', 'Pemikiran Tasawuf KH. Saleh Darat Al Samarani Maha Guru Para Ulama Nusantara by Prof. Dr. Ali Mas’ud Kholqillah, M.Ag.'),
(832, 832, 'id', 'Penafsiran terhadap Pasal 156a KUHP tentang Penodaan Agama (Analisis Hukum dan Hak Asasi Manusia)');
INSERT INTO `webinar_chapter_translations` (`id`, `webinar_chapter_id`, `locale`, `title`) VALUES
(833, 833, 'id', 'Pencerahan Sufi (Fathur Rabbani) by Syekh Abdul Qadir Jaelani'),
(834, 834, 'id', 'PENCERAHAN WACANA'),
(835, 835, 'id', 'Pendekatan Psikologi Kontemporer Perilaku Masyarakat pada Aras Kekinian by Akhmad Mukhlis, M.A. Sadid Al Muqim, S.Psi (editor)'),
(836, 836, 'id', 'Pendidikan Agama Islam di Perguruan Tinggi Umum by Dr. Hj. Nurhasanah Bakhtiar, M.Ag.'),
(837, 837, 'id', 'Pendidikan Islam Membentuk Manusia Berkarakter Beradab by Dr. Adian Husaini'),
(838, 838, 'id', 'Pendidikan Karakter Anak Sesuai Pembelajaran Abad ke 21 by Dr. Otib Satibi Hidayat, M.Pd.'),
(839, 839, 'id', 'Pendidikan Karakter by Ersis Warmansyah Abbas'),
(840, 840, 'id', 'Pendidikan Ruhani by Syaikh Ali Abdul Halim Mahmud'),
(841, 841, 'id', 'Pendidikan Sufistik Mengungkap Tarekat Guru Murid by M. Rikza Chamami, M.Si.'),
(842, 842, 'id', 'Penelitian Historis Keberadaan Budaya Keagamaan Khonghuchu'),
(843, 843, 'id', 'Penelitian Ilmiah dan Martabat Manusia by Reza Alexander Antonius Wattimena'),
(844, 844, 'id', 'Pengantar Filsafat Islam Filsafat Teoretis dan Filsafat Praktis by Murtadha Muthahhari'),
(845, 845, 'id', 'Pengantar Filsafat Pendidikan Islam by Ahmad D Marimba'),
(846, 846, 'id', 'Pengantar Ilmu Tarekat (Uraian Tentang Mistik) by Atjeh Aboebakar H.'),
(847, 847, 'id', 'Pengantar Memahami Buku Daras Filsafat Islam Penjelasan untuk Mendekati Analisis Teori Filsafat Islam by Prof. Mohsen Gharaviyan'),
(848, 848, 'id', 'Pengantar Metode metode Filsafat by Chris Daly'),
(849, 849, 'id', 'Pengantar Sosiologi Agama by Abdi Rahmat, M.Si. Rosita Adiani, MA.'),
(850, 850, 'id', 'Pengantar Sosiologi Dasar Analisis, Teori Pendekatan Menuju Analisis Masalah Masalah Sosial, Perubahan Sosial, Kajian Kajian Strategis by Nurani Soyomukti'),
(851, 851, 'id', 'Pengantar Teori Teori Filsafat by Ferry Hidayat'),
(852, 852, 'id', 'pengantar theosophy'),
(853, 853, 'id', 'Pengaruh Paham Keagamaan Terhadap Etos Kerja Pedagang Muslim Suatu Kajian Teologis by Dr. Muliati, M.Ag.'),
(854, 854, 'id', 'Pengetahuan dan Kesucian by Seyyed Hossein Nasr'),
(855, 855, 'id', 'Penghidupan Benar'),
(856, 856, 'id', 'Penjabaran kitab Yi Jing dan penggunaannya by Dr. Oesman Arif M.Pd'),
(857, 857, 'id', 'Penjara Kehidupan'),
(858, 858, 'id', 'Perbandingan Agama (Pengantar Studi Memahami Agama Agama) by Khotimah, M.Ag.'),
(859, 859, 'id', 'Perbandingan Mazhab'),
(860, 860, 'id', 'Perbandingan Pemikiran Islam (Teologi, Fiqih dan Tasawuf) by Dr. Abdul Quddus, MA'),
(861, 861, 'id', 'Perempuan Khonghucu dalam Kitab Suci Si Shu by Dewi Riawati Saputra'),
(862, 862, 'id', 'Perempuan, Masyarakat Patriarki Kesetaraan Gender by Lusia Palulungan, M. Ghufran H. Kordi K., Muhammad Taufan Ramli (editor)'),
(863, 863, 'id', 'Pergaulan Buddhis'),
(864, 864, 'id', 'Pergi Berlindung'),
(865, 865, 'id', 'Perhatian Perenungan Konsentrasi'),
(866, 866, 'id', 'Perjalanan Pulang ke Tuhan by Khawajah Nashirudin Ath Thusi'),
(867, 867, 'id', 'Perjalanan Spiritual Menelisik Jejak Satrio Piningit by Tri Budi Marhaen Darmawan'),
(868, 868, 'id', 'Perkembangan Teologi Modern by Dr. Muhaemin Latif'),
(869, 869, 'id', 'Pernikahan Beda Agama Kesaksian, Argumen Keagamaan Analisis Kebijakan by Ahmad Baso Ahmad Nurcholish (editor)'),
(870, 870, 'id', 'Perspektif Teologi Filsafat Al Ghazali dan Hume Kritik Dekonstruktif Nalar Kausalitas dalam Teologi dan Filsafat by Ahmad Nawawi'),
(871, 871, 'id', 'Pertanyaan Baik Jawaban Baik'),
(872, 872, 'id', 'Pertolongan Pertama Psikologis (P3) dalam Menangani Masalah Rumah Tangga bagi Korban Kekerasan Domestik by Nur Alina Saidah Latipun M. Salis Yuniardi'),
(873, 873, 'id', 'Pesan Sang Buddha'),
(874, 874, 'id', 'Petualangan Setelah Kematian Sebuah Kisah Nyata by Najafi Qucani'),
(875, 875, 'id', 'Pijar Filsafat Yunani Klasik by Sandy Hardian Susanto Herho'),
(876, 876, 'id', 'Pikiran Benar'),
(877, 877, 'id', 'Pindapata'),
(878, 878, 'id', 'Pluralisme Agama'),
(879, 879, 'id', 'Pluralisme Buya Syafii Maarif Gagasan dan Pemikiran Sang Guru Bangsa by Muhammad Qorib'),
(880, 880, 'id', 'Pluralisme Kewargaan Arah Baru Politik Keragaman di Indonesia by Zainal Abidin Bagir, AA. GN. Ari Dwipayana, Mustaghfiroh Rahayu, Trisno Sutanto, Farid Wajidi'),
(881, 881, 'id', 'Pluralisme Musuh Agama Agama'),
(882, 882, 'id', 'Pluralisme Positif Konsep dan Implementasi dalam Pendidikan Muhammadiyah by Abdul Muti Azaki Khoirudin'),
(883, 883, 'id', 'Polemik Pemikiran Filsafat Al Ghazali dan Ibnu Rusyd by Mulyadi'),
(884, 884, 'id', 'Politik dan Kebebasan by Tom G. Palmer'),
(885, 885, 'id', 'Postmodernisme tantangan bagi filsafat Oleh I. Bambang Sugiharto'),
(886, 886, 'id', 'poverty Kemiskinan Filsafat'),
(887, 887, 'id', 'Prajurit Kraton Yogyakarta Filosofi dan Nilai Budaya yang Terkandung di Dalamnya by Ir. H. Yuwono Sri Suwito, M.M., dkk.'),
(888, 888, 'id', 'Promosi Toleransi dan Moderasi Beragama by Muhammad Subhi'),
(889, 889, 'id', 'Psikologi Agama Beberapa Materi Pilihan by Dra. Djamiatul Islamiyah, M.Ag.'),
(890, 890, 'id', 'Psikologi Agama Dalam Bingkai Ke Islaman Sebagai Pembentukan Kepribadian Seorang Islam by Ramadan Lubis, M.Ag. '),
(891, 891, 'id', 'Psikologi Belajar Pendidikan Agama Islam by Drs. Mardianto, M.Pd.'),
(892, 892, 'id', 'Psikologi dan Pendidikan dalam Konteks Kebangsaan'),
(893, 893, 'id', 'Psikologi Ibadah dalam Islam by Safrilsyah'),
(894, 894, 'id', 'Psikologi Ibnu Sina by Ibnu Sina '),
(895, 895, 'id', 'Psikologi Islam Kajian Teoritik dan Penelitian Empirik by Tim Asosiasi Psikologi Islam'),
(896, 896, 'id', 'Psikologi Islami Teori dan Penelitian (Edisi Kedua) by Saktiyono B. Purwoko'),
(897, 897, 'id', 'Psikologi Keluarga Islam Berwawasan Gender (Edisi Revisi) by Dr. Hj. Mufidah Ch., M.Ag.'),
(898, 898, 'id', 'Psikologi Kepribadian (Paradigma Traits, Kognitif, Behavioristik, dan Humanistik) by Drs. H. Hamim Rosyidi, M.Si.'),
(899, 899, 'id', 'Psikologi Kepribadian by Seto Mulyadi,Warda Lisa dan Astri Nur Kusumastuti'),
(900, 900, 'id', 'Psikologi Komunikasi Persuasi by Herdian Maulana, M.Si. dan Gumgum Gumelar, M.Si.'),
(901, 901, 'id', 'Psikologi Kriminal by Andi Thahir, S.Psi., M.A., Ed.Da.'),
(902, 902, 'id', 'Psikologi Pendidikan Landasan bagi Pengembangan Strategi Pembelajaran by Dr. Mardianto, M.Pd.'),
(903, 903, 'id', 'Psikologi Perempuan dalam Berbagai Perspektif by Dr. Hj. Eti Nurhayati, M.Si.'),
(904, 904, 'id', 'Psikologi Perkembangan by Yudrik Jahja'),
(905, 905, 'id', 'Psikologi Remaja by Ida Umami'),
(906, 906, 'id', 'Psikologi Umum Sebuah Pandangan Apresiatif by Laura A. King'),
(907, 907, 'id', 'Rabiah al Adawiyah Cinta Allah dan Kerinduan Spiritual Manusia by Dr. Makmun Gharib'),
(908, 908, 'id', 'Radikalisme agama di Jabodetabek & jawa Barat'),
(909, 909, 'id', 'Ragam Ekspresi Islam Nusantara by Tim Editor'),
(910, 910, 'id', 'Rahasia kitab I Ching by Joseph Murphy'),
(911, 911, 'id', 'Rahasia ilmu hikmah qurani'),
(912, 912, 'id', 'Refleksi Filosofis atas Teologi dan Politik Islam Kajian Filsafat Islam'),
(913, 913, 'id', 'Refleksi Keberagaman Agama Hukum Sesat dan Menyesatkan Hukum by Agustinus Edy Kristianto A. Patra M. Zen (editor)'),
(914, 914, 'id', 'Refleksi Makna Hidup Manusia Pada Epigrafi Islam Pasa by Drs. Fuadi, M.Hum.'),
(915, 915, 'id', 'Reformasi Bermazhab'),
(916, 916, 'id', 'Regionalisme dalam Periwayatan Hadis Asal Usul Hadis Berdasar Sanad Geografis Kufah by Aceng Abdul Kodir'),
(917, 917, 'id', 'reinkarnasi'),
(918, 918, 'id', 'Rekonstruksi Ilmu Ilmu Agama Islam by M. Amin Abdullah, dkk.'),
(919, 919, 'id', 'Relasi Agama dan Negara Teokrasi Sekuler Tamyiz by Ahmad Sadzali'),
(920, 920, 'id', 'Resepsi Al Quran Bentuk Spiritualitas Jawa Modern by Samsul Ariyadi'),
(921, 921, 'id', 'Revitalisasi Toleransi Beragama Berbasis Kearifan Lokal by DP. Budi Susetyo Mochamad Widjanarko'),
(922, 922, 'id', 'Reviving Gender Awareness Membangun Kembali Semangat Pembebasan Kesetaraan Gender by Rahmawati, Fawziah Zahrawati B, Hikmawati Pathuddin, Khusnul Khatimah'),
(923, 923, 'id', 'Revolusi Agama Menudju Negara (Revolusi Agama Menuju Negara) by Hamka'),
(924, 924, 'id', 'Revolusi Mental Makna dan Realisasi by Hana Panggabean, A. Supratiknya, J. Seno Aditya Utama (editor)'),
(925, 925, 'id', 'revolusi sejarah manusia'),
(926, 926, 'id', 'Risalah Ana Thabiah Mengenal Ego, Menyangkal Filsafat Naturalisme by Badiuzzaman Said Nursi'),
(927, 927, 'id', 'RISALAH QUSYAIRIYAH (SUMBER KAJIAN ILMU TASAWUF) (TASAUF) by Abul Qasim Abdul Karim Hawazin Al Qusyairi An Naisaburi'),
(928, 928, 'id', 'Risalah Singkat Kehidupan Setelah Singkat Ini, Kemana Kita Kan Berlabuh by RAS'),
(929, 929, 'id', 'Risalah Tasawuf Kitab Suci Para Pesuluk by Ibrahim Amini'),
(930, 930, 'id', 'Risalah tentang hukum sihir dan perdukunan'),
(931, 931, 'id', 'Risalah tentang Parami Parami dari Kitab Komentar untuk Cariyapitaka'),
(932, 932, 'id', 'Riwayat Agung Para Buddha Buku 2 by Tipitakadhara Mingun Sayadaw'),
(933, 933, 'id', 'Riwayat Agung Para Buddha Buku 3 by Tipitakadhara Mingun Sayadaw'),
(934, 934, 'id', 'Riwayat Agung Para Buddha by Tipitakadhara Mingun Sayadaw'),
(935, 935, 'id', 'riwayat hidup anathapindika by Widyasena production'),
(936, 936, 'id', 'Riwayat Hidup Anathapindika'),
(937, 937, 'id', 'Riwayat Hidup Buddha Gautama'),
(938, 938, 'id', 'riwayat hidup buddha gotama'),
(939, 939, 'id', 'Riwayat Hidup Maha Kassapa'),
(940, 940, 'id', 'Riwayat Hidup Maha Moggallana'),
(941, 941, 'id', 'Riwayat Hidup Yasodhara'),
(942, 942, 'id', 'Rumah Tangga Bahagia'),
(943, 943, 'id', 'Ruqyah Syar\'iyyah'),
(944, 944, 'id', 'ruqyah syariyyah'),
(945, 945, 'id', 'saddharma pundarika sutra (sutra bunga teratai)'),
(946, 946, 'id', 'SADURAN KITAB NEGARA KERTAGAMA'),
(947, 947, 'id', 'Saduran Negarakertagama'),
(948, 948, 'id', 'sahabat sejati'),
(949, 949, 'id', 'Sains, Saintisme, dan Agama by Muhammad Habibi, Dyah Anugrah Pratama, Paisal Akbar, Tengku Imam Syarifuddin (editor)'),
(950, 950, 'id', 'Salahkah Berambisi'),
(951, 951, 'id', 'Samyutta Nikaya 1 Sagatha Vagga by Dhammacitta press'),
(952, 952, 'id', 'Samyutta Nikaya 1 Sagatha Vagga'),
(953, 953, 'id', 'Samyutta Nikaya 2 Nidana Vagga by Dhammacitta press'),
(954, 954, 'id', 'Samyutta Nikaya 2 Nidana Vagga'),
(955, 955, 'id', 'Samyutta Nikaya 3 Khanda Vagga by Dhammacitta press'),
(956, 956, 'id', 'Samyutta Nikaya 3 Khanda Vagga'),
(957, 957, 'id', 'Samyutta Nikaya 4 Sayalatana Vagga by Dhammacitta press'),
(958, 958, 'id', 'Samyutta Nikaya 4 Sayalatana Vagga'),
(959, 959, 'id', 'Samyutta Nikaya 5 Maha Vagga by Dhammacitta press'),
(960, 960, 'id', 'Samyutta Nikaya 5 Maha Vagga'),
(961, 961, 'id', 'Sang Manusia Sempurna Antara Filsafat Islam dan Hindu by Dr. Seyyed Mohsen Miri'),
(962, 962, 'id', 'Sarapan Pagi (Kumpulan motivasi)'),
(963, 963, 'id', 'Sariputta I'),
(964, 964, 'id', 'Sariputta II'),
(965, 965, 'id', 'satipatthana vipassana'),
(966, 966, 'id', 'Satu Bumi Banyak Agama Dialog Multi Agama dan Tanggung Jawab Global by Paul F. Knitter'),
(967, 967, 'id', 'Sebulan Pendalaman Dhamma Vihara Dhamma Rajasa'),
(968, 968, 'id', 'Segenggam Pasir'),
(969, 969, 'id', 'Sejarah Ideologi Dunia Kapitalisme, Sosialisme, Komunisme, Fasisme, Anarkisme, Anarkisme dan Marxisme, Konservatisme'),
(970, 970, 'id', 'Sejarah Teori Krisis Sebuah Pengantar Analisa Marxis by Anwar Shaikh'),
(971, 971, 'id', 'Sejarah Tuhan by Karen Armstrong'),
(972, 972, 'id', 'Seksualitas Dalam Buddhisme'),
(973, 973, 'id', 'Self Driving by Rhenald Kasali'),
(974, 974, 'id', 'seluruh alam bertasbih padaAllah SWT'),
(975, 975, 'id', 'Semua Manusia Bersaudara'),
(976, 976, 'id', 'Seni Budaya by Lukman et. al'),
(977, 977, 'id', 'senyum dong dunia belum kiamat lho'),
(978, 978, 'id', 'Sepasang utusan cepat'),
(979, 979, 'id', 'Sepuluh Ribu Hari Perjalanan Dhamma'),
(980, 980, 'id', 'Seri Studi Kebudayaan 1 Pluralisme, Multikulturalisme, dan Batas Batas Toleransi by Hipolitus K. Kewuel, dkk. (editor)'),
(981, 981, 'id', 'Shinto (World Religions)'),
(982, 982, 'id', 'Siapapun Dapat Ke Surga'),
(983, 983, 'id', 'Siasati Kematian Sebelum Sekarat'),
(984, 984, 'id', 'Siddhartha by Hermann Hesse'),
(985, 985, 'id', 'Siding and Acting Intorelantly Intolerance by Society and Restriction by the State inFreedom of Religion Belief in Indonesia by Ismail Hasani'),
(986, 986, 'id', 'Sihir Ciri ciri dan Penanggulangannya (2)'),
(987, 987, 'id', 'Sihir Ciri Ciri dan Penanggulangannya'),
(988, 988, 'id', 'Simbolisme dan Mistikisme dalam Wayang Sebuah Tinjauan Filosofis by Ir. Sri Mulyono '),
(989, 989, 'id', 'Sirr al Asrar Secret Of The Secrets Hakikat Segala Rahasia Kehidupan by Syekh Abdul Qadir al Jailani'),
(990, 990, 'id', 'Sosiologi Agama dalam Konteks Indonesia by Muhamad Fajar Pramono'),
(991, 991, 'id', 'Sosiologi Agama Dari Klasik Hingga Postmodern by Dr. Sindung Haryanto, M.Si.'),
(992, 992, 'id', 'Sosiologi Agama Memahami Perkembangan Agama dalam Interaksi Sosial by Prof Dr. H. M. Ridwan Lubis'),
(993, 993, 'id', 'Sosiologi Islam Masyarakat Modern Teori, Fakta, dan Aksi Sosial by Dr. Syarifuddin Jurdi'),
(994, 994, 'id', 'Spiritualitas Agama Kesejatian di Tengah Keterbatasan Fisik by Marwati Biswan, MA.Kes.'),
(995, 995, 'id', 'Strategi Taktis Pendidikan Karakter (Untuk Paud dan Sekolah) by Dr. Zubaedi M.Ag., M.Pd.'),
(996, 996, 'id', 'Studi Dasar Filsafat by Tazkiyah Basa’ad'),
(997, 997, 'id', 'STUDI FILSAFAT 1 Pembacaan Atas Tradisi Islam Kontemporer by Hassan Hanafi'),
(998, 998, 'id', 'STUDI FILSAFAT 2 Pembacaan Atas Tradisi Barat Modern '),
(999, 999, 'id', 'sudut hukum bukan dosa ternyata dosa'),
(1000, 1000, 'id', 'sudut hukum bukan salah tuhan mengazab'),
(1001, 1001, 'id', 'Sufisme Dalam Tafsir Nawawi by Dr. H. Kholilurrohman'),
(1002, 1002, 'id', 'Sufisme dan Pengembangan Pendidikan Karakter by Abdul Wahab Asy Syarani'),
(1003, 1003, 'id', 'sufistik dalam zaman pasca moden'),
(1004, 1004, 'id', 'Sufsime Lokal Mencari Akar Tradisi Tasawuf Indonesia by Drs. H. Suteja, M.Ag'),
(1005, 1005, 'id', 'SUMBER SUMBER HUKUM ISLAM'),
(1006, 1006, 'id', 'Super Spiritual Quotient (SSQ) Sosiologi Berpikir Qur`ani dan Revolusi Mental by Dr. Syahrul Akmal Latif, S.Ag, M.Si. dan Alfin el Fikri Ssq'),
(1007, 1007, 'id', 'surangama sutra'),
(1008, 1008, 'id', 'sutra altar hui neng (dharma permata) jilid 1'),
(1009, 1009, 'id', 'sutra altar hui neng (dharma permata) jilid 2'),
(1010, 1010, 'id', 'sutra bodhisattva maitreya'),
(1011, 1011, 'id', 'sutra intan'),
(1012, 1012, 'id', 'sutra ksitigharba bodhisattva'),
(1013, 1013, 'id', 'sutra pemutaran roda dharma'),
(1014, 1014, 'id', 'Syekh Baribin Misteri Sekar Jagad dan Atlantis Purba by HAS. Chamidi'),
(1015, 1015, 'id', 'Syekh Siti Jenar Makrifat dan Makna Kehidupan by Achmad Chodjim'),
(1016, 1016, 'id', 'Syiah Imamiah Mazhab ke 5'),
(1017, 1017, 'id', 'SYIAH IMAMIYAH Ideologi dan Ajarannya '),
(1018, 1018, 'id', 'Syirik masyarakat indonesia perdana ahmad'),
(1019, 1019, 'id', 'Syukur Kepada Orang Tua'),
(1020, 1020, 'id', 'Tadabbur Al Quran Isu dan Cabaran Semasa by Sedek Ariffin, Khadher Ahmad, Selamat Amir'),
(1021, 1021, 'id', 'Tafsir Ayat Ayat Sufistik (Studi Komparatif Tafsir Al Qusyairi dan Al Jailani) by Irwan Muhibudin'),
(1022, 1022, 'id', 'Tafsir Filsafat atas Kehidupan Risalah Seputar Wacana Filsafat dan Keislaman by M. Zainal Abidin'),
(1023, 1023, 'id', 'Tahlilan dan Haul Ritual Islam by Abu Ubaidah Yusuf bin Mukhtar As Sidawi'),
(1024, 1024, 'id', 'Tanggung Jawab Bersama'),
(1025, 1025, 'id', 'Tantra Tibet'),
(1026, 1026, 'id', 'tao te ching'),
(1027, 1027, 'id', 'Tarekat dalam Tasawwuf by Prof. Dr. H. Aboebakar Atjeh'),
(1028, 1028, 'id', 'Tarekat dan Mistisme dalam Islam by Awaliah Musgamy'),
(1029, 1029, 'id', 'Tarekat Naqsabandiyah di Kepulauan Melayu Kajian Atas Naskah Kaifiyah Al Zikir ‘Ala Tharīqah An Naqsabandiyah Al Mujaddidiyah Al Ahmadiyah by Dr Muhammad Faisal, M.Ag.'),
(1030, 1030, 'id', 'Tarekat Naqsyabandiyah Khalidiyah Babussalam (TNKB) Dari Doktrin, Seni hingga Arsitektur by Ziaulhaq Hidayat (editor)'),
(1031, 1031, 'id', 'Tasawuf Amali Bagi Pencari Tuhan by Dr. A. Gani, S.Ag., S.H., M.Ag.'),
(1032, 1032, 'id', 'TASAWUF ANTARA AL GHAZALI DAN IBNU TAIMIYAH by Dr. Abdul Fattah Sayyid Ahmad '),
(1033, 1033, 'id', 'Tasawuf dan pluralisme by Yasin, H'),
(1034, 1034, 'id', 'Tasawuf di Nusantara Tadarus Tasawuf Tarekat by DR. H. Suteja, M.Ag.'),
(1035, 1035, 'id', 'Tasawuf for Beginner'),
(1036, 1036, 'id', 'Tasawuf Mulla Shadra by Khalid Al Walid'),
(1037, 1037, 'id', 'Tashawuf dan Ahli ahli Tashawuf'),
(1038, 1038, 'id', 'tata cara qurban tuntunan nabi al utsaimin'),
(1039, 1039, 'id', 'Tawasul Mencari Allah dan Rasul Lewat Jalan Guru by Muhammad Luthfi Ghozali'),
(1040, 1040, 'id', 'Tentang Manusia Dari Pikiran, Pemahaman sampai dengan Perdamaian Dunia by Reza Alexander Antonius Wattimena'),
(1041, 1041, 'id', 'Teokrasi Kontemporer Integrasi Teologi dan Politik dalam Negara Islam by Salamuddin Candiki Repantu'),
(1042, 1042, 'id', 'Teolog Versus Filosof Debat tentang Tuhan dan Alam antara Teolog dengan Filsuf Peripatetik by Dr. Mambaul Ngadhimah, M.Ag.'),
(1043, 1043, 'id', 'Teologi Damai Rekonstruksi Paradigmatik Relasi Kristen dan Islam by Dr. Abdullah, M.Ag.'),
(1044, 1044, 'id', 'Teologi Feminisme Islam by Syarif Hidayatullah, M.Ag., M.A.'),
(1045, 1045, 'id', 'Teologi Kaum Tarekat by Dr. H. Ahmad Amir Aziz, M.Ag.'),
(1046, 1046, 'id', 'TEOLOGI MUSLIM PURITAN (Genealogi dan Ajaran Salafi) by Dr. Arrazy Hasyim, MA'),
(1047, 1047, 'id', 'Teologi Pembebasan Kritik Marxisme Marxisme Kritis by Michael Lowy'),
(1048, 1048, 'id', 'Teologi Perjanjian Baru by Leon Morris'),
(1049, 1049, 'id', 'Teologi Sistematika by Henry Theissen'),
(1050, 1050, 'id', 'Teori dasar Qi Gong dalam Agama Tao by Dr. I. D. Lika, Msc, '),
(1051, 1051, 'id', 'Teori Pergerakan Sosial by Robert Mirsel'),
(1052, 1052, 'id', 'Teori Sosiologi Modern by George Ritzer, Douglas J Goodman'),
(1053, 1053, 'id', 'Teori teori Sosial dalam Tiga Paradigma by Prof. Dr. I.B. Wirawan'),
(1054, 1054, 'id', 'tercecer dari dialog dengan alam spiritual'),
(1055, 1055, 'id', 'Terjemah Daqoiqul Akhbar'),
(1056, 1056, 'id', 'The God Delusion by Richard Dawkins'),
(1057, 1057, 'id', 'The Greatest Philosophers 100 Tokoh Filsuf Barat dari Abad 6 SM Abad 21 yang Menginspirasi Dunia Bisnis by Kumara Ari Yuana'),
(1058, 1058, 'id', 'The Power of Story (100 Kisah Inspiratif Penghidup Hati) by Imron Fauzi'),
(1059, 1059, 'id', 'Theologi Islam Ilmu Tauhid by Drs. Hadis Purba, MA. dan Dr. Sakamuddin, MA'),
(1060, 1060, 'id', 'Theragatha Syair Syair Bhikkhu Senior'),
(1061, 1061, 'id', 'tidak ada ajahn chah'),
(1062, 1062, 'id', 'Tokoh Filsuf dan Era Keemasan Filsafat by Nurnaningsih Nawawi'),
(1063, 1063, 'id', 'Tokoh Sabdopalon Rekonstruksi Pemaknaan Politik Kebudayaan Hindu Islam di Jawa by I Nengah Duija'),
(1064, 1064, 'id', 'Toleransi dan Perkauman Keberagaman dalam Perspektif Agama Agama dan Etnis Etnis by TM. Dhani Iqbal (editor)'),
(1065, 1065, 'id', 'Toleransi yang Otentik by Abdul Mu’ti'),
(1066, 1066, 'id', 'Tradisi Kebudayaan Nusantara by Sumanto Al Qurtuby Izak Y.M. Lattu (editor)'),
(1067, 1067, 'id', 'Tradisi Amaliyah Warga NU Tahlilan, Hadiyuan, Dzikir, Yasinan, Ziarah Kubur by Sutejo Ibnu Pakar'),
(1068, 1068, 'id', 'Tradisi Utama Buddhisme'),
(1069, 1069, 'id', 'trilogi jalan keselamatan'),
(1070, 1070, 'id', 'Tujuh Filsuf Muslim'),
(1071, 1071, 'id', 'Ucapan Benar'),
(1072, 1072, 'id', 'Umar Tilmatsani Pemerintahan Agama'),
(1073, 1073, 'id', 'Umat Bergerak Mobilisasi Damai Kaum Islamis di Indonesia, Malaysia, dan Turki by Dr. Julie Chernov Hwang PhD'),
(1074, 1074, 'id', 'Unravelling the Mysteries of Mind Body through Abhidhamma (Mengungkap Misteri Batin dan Jasmani Melalui Abhidhamma) by Sayalay Susila'),
(1075, 1075, 'id', 'Upasaka & Upasika Ariya'),
(1076, 1076, 'id', 'Uraian Mengenai Tumbuhan'),
(1077, 1077, 'id', 'Venerable Acariya Man Bhuridatta Thera A Spiritual Biography'),
(1078, 1078, 'id', 'vinaya pitaka volume i suttavibhanga'),
(1079, 1079, 'id', 'VISUDDHI MAGGA INA'),
(1080, 1080, 'id', 'Wacana Praktik Pluralisme Keagamaan di Indonesia by Ahmad Zainul Hamdi Muktafi'),
(1081, 1081, 'id', 'Wanita Dalam Sutta'),
(1082, 1082, 'id', 'Wasiat Ibn Arabi Kupasan Hakekat dan Marifat dalam Tasawwuf Islam by Atjeh Aboebakar H.'),
(1083, 1083, 'id', 'Wawasan Al Quran Tafsir tematik Quraish Shihab '),
(1084, 1084, 'id', 'Weddhatama Jinarwa R. Tanojo TB. Pelajar'),
(1085, 1085, 'id', 'Who Am I Kenali Diri Anda dan Raihlah Kesuksesan Dunia Akhirat by Antye Al Inqilabi'),
(1086, 1086, 'id', 'Wujud Wanita Avalokitesvara'),
(1087, 1087, 'id', 'Xu Yun (Awan Kosong) Otobiografi Seorang Chinese Zen Master by Ivan Taniputera (penerjemah) '),
(1088, 1088, 'id', 'Yang Mengenal Dirinya Yang Mengenal Tuhannya by Jalaluddin Rumi'),
(1089, 1089, 'id', 'zen kunci menuju kebahagiaan tersembunyi');

-- --------------------------------------------------------

--
-- Table structure for table `webinar_extra_descriptions`
--

CREATE TABLE `webinar_extra_descriptions` (
  `id` int(10) UNSIGNED NOT NULL,
  `creator_id` int(10) UNSIGNED NOT NULL,
  `webinar_id` int(10) UNSIGNED DEFAULT NULL,
  `upcoming_course_id` int(10) UNSIGNED DEFAULT NULL,
  `type` enum('learning_materials','company_logos','requirements') NOT NULL,
  `order` int(10) UNSIGNED DEFAULT NULL,
  `created_at` bigint(20) UNSIGNED NOT NULL
) ENGINE=InnoDB DEFAULT CHARSET=utf8mb4 COLLATE=utf8mb4_unicode_ci;

--
-- Dumping data for table `webinar_extra_descriptions`
--

INSERT INTO `webinar_extra_descriptions` (`id`, `creator_id`, `webinar_id`, `upcoming_course_id`, `type`, `order`, `created_at`) VALUES
(47, 859, 2034, NULL, 'learning_materials', 1, 1690254345);

-- --------------------------------------------------------

--
-- Table structure for table `webinar_extra_description_translations`
--

CREATE TABLE `webinar_extra_description_translations` (
  `id` bigint(20) UNSIGNED NOT NULL,
  `webinar_extra_description_id` int(10) UNSIGNED NOT NULL,
  `locale` varchar(255) NOT NULL,
  `value` text NOT NULL
) ENGINE=InnoDB DEFAULT CHARSET=utf8mb4 COLLATE=utf8mb4_unicode_ci;

--
-- Dumping data for table `webinar_extra_description_translations`
--

INSERT INTO `webinar_extra_description_translations` (`id`, `webinar_extra_description_id`, `locale`, `value`) VALUES
(47, 47, 'id', 'materi 1');

-- --------------------------------------------------------

--
-- Table structure for table `webinar_filter_option`
--

CREATE TABLE `webinar_filter_option` (
  `id` int(10) UNSIGNED NOT NULL,
  `webinar_id` int(10) UNSIGNED NOT NULL,
  `filter_option_id` int(10) UNSIGNED NOT NULL
) ENGINE=InnoDB DEFAULT CHARSET=utf8mb4 COLLATE=utf8mb4_unicode_ci ROW_FORMAT=DYNAMIC;

-- --------------------------------------------------------

--
-- Table structure for table `webinar_partner_teacher`
--

CREATE TABLE `webinar_partner_teacher` (
  `id` int(10) UNSIGNED NOT NULL,
  `webinar_id` int(10) UNSIGNED NOT NULL,
  `teacher_id` int(10) UNSIGNED NOT NULL
) ENGINE=InnoDB DEFAULT CHARSET=utf8mb4 COLLATE=utf8mb4_unicode_ci ROW_FORMAT=DYNAMIC;

-- --------------------------------------------------------

--
-- Table structure for table `webinar_reports`
--

CREATE TABLE `webinar_reports` (
  `id` int(10) UNSIGNED NOT NULL,
  `user_id` int(10) UNSIGNED NOT NULL,
  `webinar_id` int(10) UNSIGNED NOT NULL,
  `reason` varchar(255) NOT NULL,
  `message` text NOT NULL,
  `created_at` int(10) UNSIGNED NOT NULL
) ENGINE=InnoDB DEFAULT CHARSET=utf8mb4 COLLATE=utf8mb4_unicode_ci ROW_FORMAT=DYNAMIC;

-- --------------------------------------------------------

--
-- Table structure for table `webinar_reviews`
--

CREATE TABLE `webinar_reviews` (
  `id` int(10) UNSIGNED NOT NULL,
  `creator_id` int(10) UNSIGNED NOT NULL,
  `webinar_id` int(10) UNSIGNED DEFAULT NULL,
  `bundle_id` int(10) UNSIGNED DEFAULT NULL,
  `content_quality` int(10) UNSIGNED NOT NULL,
  `instructor_skills` int(10) UNSIGNED NOT NULL,
  `purchase_worth` int(10) UNSIGNED NOT NULL,
  `support_quality` int(10) UNSIGNED NOT NULL,
  `rates` char(10) NOT NULL,
  `description` text DEFAULT NULL,
  `created_at` int(10) UNSIGNED NOT NULL,
  `status` enum('pending','active') NOT NULL
) ENGINE=InnoDB DEFAULT CHARSET=utf8mb4 COLLATE=utf8mb4_unicode_ci ROW_FORMAT=DYNAMIC;

-- --------------------------------------------------------

--
-- Table structure for table `webinar_translations`
--

CREATE TABLE `webinar_translations` (
  `id` bigint(20) UNSIGNED NOT NULL,
  `webinar_id` int(10) UNSIGNED NOT NULL,
  `locale` varchar(255) NOT NULL,
  `title` varchar(255) NOT NULL,
  `seo_description` text DEFAULT NULL,
  `description` longtext DEFAULT NULL
) ENGINE=InnoDB DEFAULT CHARSET=utf8mb4 COLLATE=utf8mb4_unicode_ci;

--
-- Dumping data for table `webinar_translations`
--

INSERT INTO `webinar_translations` (`id`, `webinar_id`, `locale`, `title`, `seo_description`, `description`) VALUES
(183, 2032, 'id', 'Laravel Expert', NULL, '<p><span style=\"color: rgb(86, 84, 84); font-family: scandia-web, ui-sans-serif, system-ui, -apple-system, BlinkMacSystemFont, &quot;Segoe UI&quot;, Roboto, &quot;Helvetica Neue&quot;, Arial, &quot;Noto Sans&quot;, sans-serif, &quot;Apple Color Emoji&quot;, &quot;Segoe UI Emoji&quot;, &quot;Segoe UI Symbol&quot;, &quot;Noto Color Emoji&quot;; font-size: 18px; text-align: center;\">Laravel is a web application framework with expressive, elegant syntax. We’ve already laid the foundation — freeing you to create without sweating the small things.</span><br></p>'),
(185, 2034, 'id', 'uhnkunh,uh', NULL, '<p>uhltgnu7gn.;gt;jnhgjmyhjmk/ji,lik, ju.muh.m;jmmiolollllllllllllllllllllllllllllllllllllllp</p>'),
(197, 2038, 'id', 'Cerita Anak - Beautiful Book', NULL, '<p>Cerita Anak - Beautiful Book</p>'),
(198, 2039, 'id', 'Aku Bangga Menjadi Muslim', NULL, '<p>Aku Bangga Menjadi Muslim</p>'),
(199, 2040, 'id', 'Belajar Dasar-Dasar Microsoft Word || Panduan Lengkap untuk Pemula', NULL, '<font color=\"#131313\" face=\"Roboto, Arial, sans-serif\"><span style=\"white-space-collapse: preserve; background-color: rgba(0, 0, 0, 0.05);\">Apakah Anda baru mengenal Microsoft Word? Jangan khawatir, video tutorial ini akan membantu Anda memulai dengan mudah. Kami akan membahas semua fitur penting dan memberikan tips praktis untuk membuat dokumen yang efektif dan profesional. Dalam video ini juga, Anda akan belajar cara mengoptimalkan penggunaan Microsoft Word untuk kebutuhan pekerjaan atau sekolah. Kami akan membahas teknik-teknik dasar dan canggih untuk meningkatkan produktivitas Anda dan mempermudah pekerjaan Anda di Microsoft Word</span></font>'),
(200, 2041, 'id', 'The Game of Life and How to Play It', NULL, '<p>The Game of Life and How to Play It<br><br><a href=\"http://librivox.org/\" rel=\"nofollow\" style=\"background: rgb(255, 255, 255); color: rgb(75, 100, 255); font-family: \"Helvetica Neue\", Helvetica, Arial, sans-serif;\">LibriVox</a><span style=\"color: rgb(44, 44, 44); font-family: \"Helvetica Neue\", Helvetica, Arial, sans-serif;\"> recording of The Game of Life and How to Play It by Florence Scovel Shinn. Read by Amy Conger.</span><br style=\"color: rgb(44, 44, 44); font-family: \"Helvetica Neue\", Helvetica, Arial, sans-serif;\"><br style=\"color: rgb(44, 44, 44); font-family: \"Helvetica Neue\", Helvetica, Arial, sans-serif;\"><span style=\"color: rgb(44, 44, 44); font-family: \"Helvetica Neue\", Helvetica, Arial, sans-serif;\">Florence Scovel Shinn, an illustrator living in New York City, became a teacher of New Thought after a divorce. New Thought was a movement which holds the belief that individuals can create their own reality through intentional thoughts and prayer, much like the current Law of Attraction movement. The Game of Life and How to Play It is her first book, and is remarkable for being written by a woman and meant for a genteel female audience.</span><br style=\"color: rgb(44, 44, 44); font-family: \"Helvetica Neue\", Helvetica, Arial, sans-serif;\"><br style=\"color: rgb(44, 44, 44); font-family: \"Helvetica Neue\", Helvetica, Arial, sans-serif;\"><span style=\"color: rgb(44, 44, 44); font-family: \"Helvetica Neue\", Helvetica, Arial, sans-serif;\">For further information, including links to online text, reader information, RSS feeds, CD cover or other formats (if available), please go to the LibriVox </span><a href=\"https://librivox.org/the-game-of-life-and-how-to-play-it-by-florence-scovel-shinn/\" rel=\"nofollow\" style=\"background: rgb(255, 255, 255); color: rgb(75, 100, 255); font-family: \"Helvetica Neue\", Helvetica, Arial, sans-serif;\">catalog page</a><span style=\"color: rgb(44, 44, 44); font-family: \"Helvetica Neue\", Helvetica, Arial, sans-serif;\"> for this recording.</span><br style=\"color: rgb(44, 44, 44); font-family: \"Helvetica Neue\", Helvetica, Arial, sans-serif;\"><br style=\"color: rgb(44, 44, 44); font-family: \"Helvetica Neue\", Helvetica, Arial, sans-serif;\"><span style=\"color: rgb(44, 44, 44); font-family: \"Helvetica Neue\", Helvetica, Arial, sans-serif;\">For more free audio books or to become a volunteer reader, visit </span><a href=\"http://librivox.org/\" rel=\"nofollow\" style=\"background: rgb(255, 255, 255); color: rgb(75, 100, 255); font-family: \"Helvetica Neue\", Helvetica, Arial, sans-serif;\">LibriVox.org</a><span style=\"color: rgb(44, 44, 44); font-family: \"Helvetica Neue\", Helvetica, Arial, sans-serif;\">.</span></p>'),
(201, 2042, 'id', 'Al-Qur\'an Al-Fatihah', 'Al-Qur\'an Al-Fatihah', '<p>Al-Qur\'an Al-Fatihah<br></p>'),
(202, 2043, 'id', 'tester', NULL, '<p><span style=\"color: rgb(0, 0, 0); font-family: &quot;Open Sans&quot;, Arial, sans-serif; text-align: justify;\">Lorem ipsum dolor sit amet, consectetur adipiscing elit. Etiam lobortis sit amet tellus eu tincidunt. Quisque scelerisque scelerisque venenatis. Suspendisse tincidunt volutpat ornare. Nunc sagittis, risus ac semper tincidunt, neque erat egestas quam, sit amet finibus ex arcu sed dolor. Aenean ut ipsum libero. Donec in fringilla tellus. Nunc a blandit velit. Integer accumsan vestibulum finibus. Suspendisse non dignissim lacus, ac ullamcorper dolor. Duis porttitor nunc ac leo porttitor blandit. Proin in felis interdum, tincidunt nisi et, maximus leo. Nam lorem tortor, euismod non sollicitudin ac, finibus quis mauris.</span></p>'),
(204, 2044, 'id', 'MENGAPA BABI HARAM - JAWABAN TELAK', NULL, '<p>MENGAPA BABI HARAM - JAWABAN TELAK</p>'),
(205, 2045, 'id', '! MENGAPA BABI HARAM JAWABAN TELAK !!!', NULL, '<p>! MENGAPA BABI HARAM JAWABAN TELAK !!!</p>'),
(206, 2046, 'id', '00 hukum hukum thalaq', NULL, '<p>00 hukum hukum thalaq</p>'),
(207, 2047, 'id', '00 tahlilan dalam timbangan islam', NULL, '<p>00 tahlilan dalam timbangan islam</p>'),
(208, 2048, 'id', '01. Pedang Bintang Aji Saka', NULL, '<p>01. Pedang Bintang Aji Saka</p>'),
(209, 2049, 'id', '02. Dewi Penyebar Maut', NULL, '<p>02. Dewi Penyebar Maut</p>'),
(210, 2050, 'id', '03. Cinta Sang Pendekar', NULL, '<p>03. Cinta Sang Pendekar</p>'),
(211, 2051, 'id', '04 Hukum Hukum Seputar Hari Raya Idul Adha', NULL, '<p>04 Hukum Hukum Seputar Hari Raya Idul Adha</p>'),
(212, 2052, 'id', '04. Raksasa Rimba Neraka', NULL, '<p>04. Raksasa Rimba Neraka</p>'),
(213, 2053, 'id', '05 Hukum Taqlid Pada Ilmu Tauhid', NULL, '<p>05 Hukum Taqlid Pada Ilmu Tauhid</p>'),
(214, 2054, 'id', '05. Banjir Darah di Bojong Gading', NULL, '<p>05. Banjir Darah di Bojong Gading</p>'),
(215, 2055, 'id', '06. Prahara Hutan Bandan', NULL, '<p>06. Prahara Hutan Bandan</p>'),
(216, 2056, 'id', '06.PraharaHutanBandan', NULL, '<p>06.PraharaHutanBandan</p>'),
(217, 2057, 'id', '06 makanan yang diharamkan', NULL, '<p>06 makanan yang diharamkan</p>'),
(218, 2058, 'id', '07. Rahasia Surat Berdarah', NULL, '<p>07. Rahasia Surat Berdarah</p>'),
(219, 2059, 'id', '08. Penganut Ilmu Hitam', NULL, '<p>08. Penganut Ilmu Hitam</p>'),
(220, 2060, 'id', '09. Pendekar Tangan Baja', NULL, '<p>09. Pendekar Tangan Baja</p>'),
(221, 2061, 'id', '090301 tentang mencuri dan hukumannya', NULL, '<p>090301 tentang mencuri dan hukumannya</p>'),
(222, 2062, 'id', '1 menit yang mengubah hidup anda', NULL, '<p>1 menit yang mengubah hidup anda</p>'),
(223, 2063, 'id', '10. Tiga Macan Lembah Neraka', NULL, '<p>10. Tiga Macan Lembah Neraka</p>'),
(224, 2064, 'id', '100 Cara Mengenali Karakter Dia by Susi Susanti', NULL, '<p>100 Cara Mengenali Karakter Dia by Susi Susanti</p>'),
(225, 2065, 'id', '100214 tentang khamr 2', NULL, '<p>100214 tentang khamr 2</p>'),
(226, 2066, 'id', '100307 tentang khamr 3', NULL, '<p>100307 tentang khamr 3</p>'),
(227, 2067, 'id', '100328 tentang khamr 4', NULL, '<p>100328 tentang khamr 4</p>'),
(228, 2068, 'id', '100418 tentang khamr 5', NULL, '<p>100418 tentang khamr 5</p>'),
(229, 2069, 'id', '108 Perumpamaan Dhamma', NULL, '<p>108 Perumpamaan Dhamma</p>'),
(230, 2070, 'id', '11. Memburu Putri Datuk', NULL, '<p>11. Memburu Putri Datuk</p>'),
(231, 2071, 'id', '12 BM Kitab Makanan', NULL, '<p>12 BM Kitab Makanan</p>'),
(232, 2072, 'id', '12. Jamur Sisik Naga', NULL, '<p>12. Jamur Sisik Naga</p>'),
(233, 2073, 'id', '13. Peninggalan Iblis Hitam', NULL, '<p>13. Peninggalan Iblis Hitam</p>'),
(234, 2074, 'id', '14. Sepasang Alap alap Bukit Gantar', NULL, '<p>14. Sepasang Alap alap Bukit Gantar</p>'),
(235, 2075, 'id', '15. Tinju Penggetar Bumi', NULL, '<p>15. Tinju Penggetar Bumi</p>'),
(236, 2076, 'id', '16. Pewaris Ilmu Tokoh Sesat', NULL, '<p>16. Pewaris Ilmu Tokoh Sesat</p>'),
(237, 2077, 'id', '162 Masalah Sufistik by Al ‘Allamah al Habib Abdullah bin Alawi al Haddad', NULL, '<p>162 Masalah Sufistik by Al ‘Allamah al Habib Abdullah bin Alawi al Haddad</p>'),
(238, 2078, 'id', '17 hukum puasa', NULL, '<p>17 hukum puasa</p>'),
(239, 2079, 'id', '17. Keris Peminum Darah', NULL, '<p>17. Keris Peminum Darah</p>'),
(240, 2080, 'id', '18. Kelelawar Beracun', NULL, '<p>18. Kelelawar Beracun</p>'),
(241, 2081, 'id', '19. Perjalanan Menantang Maut', NULL, '<p>19. Perjalanan Menantang Maut</p>'),
(242, 2082, 'id', '1menit', NULL, '<p>1menit</p>'),
(243, 2083, 'id', '20. Pelarian Istana Hantu', NULL, '<p>20. Pelarian Istana Hantu</p>'),
(244, 2084, 'id', '21. Dendam Tokoh Buangan', NULL, '<p>21. Dendam Tokoh Buangan</p>'),
(245, 2085, 'id', '22. Maut dari Hutan Rangkong', NULL, '<p>22. Maut dari Hutan Rangkong</p>'),
(246, 2086, 'id', '23. Setan Mabuk', NULL, '<p>23. Setan Mabuk</p>'),
(247, 2087, 'id', '24. Pertarungan Raja raja Arak', NULL, '<p>24. Pertarungan Raja raja Arak</p>'),
(248, 2088, 'id', '25. Penghuni Lembah Malaikat', NULL, '<p>25. Penghuni Lembah Malaikat</p>'),
(249, 2089, 'id', '26. Raja Tengkorak', NULL, '<p>26. Raja Tengkorak</p>'),
(250, 2090, 'id', '27 Hukum Meninggalkan Sembahyang', NULL, '<p>27 Hukum Meninggalkan Sembahyang</p>'),
(251, 2091, 'id', '27. Kembalinya Raja Tengkorak', NULL, '<p>27. Kembalinya Raja Tengkorak</p>'),
(252, 2092, 'id', '28. Teror Macan Putih', NULL, '<p>28. Teror Macan Putih</p>'),
(253, 2093, 'id', '29. Ilmu Halimun', NULL, '<p>29. Ilmu Halimun</p>'),
(254, 2094, 'id', '30. Dalam Cengkeraman Biang Iblis', NULL, '<p>30. Dalam Cengkeraman Biang Iblis</p>'),
(255, 2095, 'id', '31. Perkawinan Berdarah', NULL, '<p>31. Perkawinan Berdarah</p>'),
(256, 2096, 'id', '32 perayaan isra miraj rasulullah dalam sorotan islam', NULL, '<p>32 perayaan isra miraj rasulullah dalam sorotan islam</p>'),
(257, 2097, 'id', '32. Algojo algojo Bukit Larangan', NULL, '<p>32. Algojo algojo Bukit Larangan</p>'),
(258, 2098, 'id', '33. Makhluk dari Dunia Asing', NULL, '<p>33. Makhluk dari Dunia Asing</p>'),
(259, 2099, 'id', '34. Runtuhnya Sebuah Kerajaan', NULL, '<p>34. Runtuhnya Sebuah Kerajaan</p>'),
(260, 2100, 'id', '35. Kemelut Rimba Hijau', NULL, '<p>35. Kemelut Rimba Hijau</p>'),
(261, 2101, 'id', '36. Tokoh dari Masa Silam', NULL, '<p>36. Tokoh dari Masa Silam</p>'),
(262, 2102, 'id', '37. Rahasia Syair Leluhur', NULL, '<p>37. Rahasia Syair Leluhur</p>'),
(263, 2103, 'id', '38. Neraka Untuk Sang Pendekar', NULL, '<p>38. Neraka Untuk Sang Pendekar</p>'),
(264, 2104, 'id', '39. Misteri Dewa Seribu Kepalan', NULL, '<p>39. Misteri Dewa Seribu Kepalan</p>'),
(265, 2105, 'id', '40. Gerombolan Singa Gurun', NULL, '<p>40. Gerombolan Singa Gurun</p>'),
(266, 2106, 'id', '41. Macan macan Betina', NULL, '<p>41. Macan macan Betina</p>'),
(267, 2107, 'id', '42. Empat Dedengkot Pulau Karang', NULL, '<p>42. Empat Dedengkot Pulau Karang</p>'),
(268, 2108, 'id', '43. Garuda Mata Satu', NULL, '<p>43. Garuda Mata Satu</p>'),
(269, 2109, 'id', '44. Tawanan Datuk Sesat', NULL, '<p>44. Tawanan Datuk Sesat</p>'),
(270, 2110, 'id', '45 singkirkan pakaian bergambar', NULL, '<p>45 singkirkan pakaian bergambar</p>'),
(271, 2111, 'id', '45. Misteri Raja Racun', NULL, '<p>45. Misteri Raja Racun</p>'),
(272, 2112, 'id', '46. Pendekar Sadis', NULL, '<p>46. Pendekar Sadis</p>'),
(273, 2113, 'id', '47. Bencana Patung Keramat', NULL, '<p>47. Bencana Patung Keramat</p>'),
(274, 2114, 'id', '48. Tenaga Inti Bumi', NULL, '<p>48. Tenaga Inti Bumi</p>'),
(275, 2115, 'id', '49. Geger Pulau Es', NULL, '<p>49. Geger Pulau Es</p>'),
(276, 2116, 'id', '5 Aturan Moralitas Buddhis', NULL, '<p>5 Aturan Moralitas Buddhis</p>'),
(277, 2117, 'id', '50. Pertarungan di Pulau Api', NULL, '<p>50. Pertarungan di Pulau Api</p>'),
(278, 2118, 'id', '51. Raja Sihir Berhati Hitam', NULL, '<p>51. Raja Sihir Berhati Hitam</p>'),
(279, 2119, 'id', '52. Manusia Kelelawar', NULL, '<p>52. Manusia Kelelawar</p>'),
(280, 2120, 'id', '53. Penjarah Perawan', NULL, '<p>53. Penjarah Perawan</p>'),
(281, 2121, 'id', '54. Kabut di Bukit Gondang', NULL, '<p>54. Kabut di Bukit Gondang</p>'),
(282, 2122, 'id', '55 Situs Warisan Budaya Buddhis Dunia', NULL, '<p>55 Situs Warisan Budaya Buddhis Dunia</p>'),
(283, 2123, 'id', '55. Perintah Maut', NULL, '<p>55. Perintah Maut</p>'),
(284, 2124, 'id', '56. Sumpah Sepasang Harimau', NULL, '<p>56. Sumpah Sepasang Harimau</p>'),
(285, 2125, 'id', '57. Perguruan Kera Emas', NULL, '<p>57. Perguruan Kera Emas</p>'),
(286, 2126, 'id', '58. Mayat Hidup', NULL, '<p>58. Mayat Hidup</p>'),
(287, 2127, 'id', '59. Titipan Berdarah', NULL, '<p>59. Titipan Berdarah</p>'),
(288, 2128, 'id', '60. Perawan perawan Persembahan', NULL, '<p>60. Perawan perawan Persembahan</p>'),
(289, 2129, 'id', '61. Raja Iblis Tanpa Tanding', NULL, '<p>61. Raja Iblis Tanpa Tanding</p>'),
(290, 2130, 'id', '618 1895 1 SM', NULL, '<p>618 1895 1 SM</p>'),
(291, 2131, 'id', '62. Perempuan Pembawa Maut', NULL, '<p>62. Perempuan Pembawa Maut</p>'),
(292, 2132, 'id', '63. Angkara Si Anak Naga', NULL, '<p>63. Angkara Si Anak Naga</p>'),
(293, 2133, 'id', '64. Satria Sinting', NULL, '<p>64. Satria Sinting</p>'),
(294, 2134, 'id', '65. Si Linglung Sakti', NULL, '<p>65. Si Linglung Sakti</p>'),
(295, 2135, 'id', '66. Pembunuh Gelap', NULL, '<p>66. Pembunuh Gelap</p>'),
(296, 2136, 'id', '67. Makhluk Jejadian', NULL, '<p>67. Makhluk Jejadian</p>'),
(297, 2137, 'id', '68. Biang biang Iblis', NULL, '<p>68. Biang biang Iblis</p>'),
(298, 2138, 'id', '69. Peti Bertuah', NULL, '<p>69. Peti Bertuah</p>'),
(299, 2139, 'id', '7 langkah dharma menjadi benar benar kaya', NULL, '<p>7 langkah dharma menjadi benar benar kaya</p>'),
(300, 2140, 'id', '70. Pulau Setan', NULL, '<p>70. Pulau Setan</p>'),
(301, 2141, 'id', '71. Petualang petualang dari Nepal', NULL, '<p>71. Petualang petualang dari Nepal</p>'),
(302, 2142, 'id', '72. Batu Kematian', NULL, '<p>72. Batu Kematian</p>'),
(303, 2143, 'id', '73. Pembantai dari Mongol', NULL, '<p>73. Pembantai dari Mongol</p>'),
(304, 2144, 'id', '74. Panggilan Ke Alam Roh', NULL, '<p>74. Panggilan Ke Alam Roh</p>'),
(305, 2145, 'id', '75. Racun Kelabang Merah', NULL, '<p>75. Racun Kelabang Merah</p>'),
(306, 2146, 'id', '76. Penjara Langit', NULL, '<p>76. Penjara Langit</p>'),
(307, 2147, 'id', '77. Sengketa Guci Pusaka', NULL, '<p>77. Sengketa Guci Pusaka</p>'),
(308, 2148, 'id', '78. Pembalasan darr Liang Lahat', NULL, '<p>78. Pembalasan darr Liang Lahat</p>'),
(309, 2149, 'id', '79. Iblis Buta', NULL, '<p>79. Iblis Buta</p>'),
(310, 2150, 'id', '7langkah', NULL, '<p>7langkah</p>'),
(311, 2151, 'id', '80. Misteri Gadis Gila', NULL, '<p>80. Misteri Gadis Gila</p>'),
(312, 2152, 'id', '81. Mustika Ular Emas', NULL, '<p>81. Mustika Ular Emas</p>'),
(313, 2153, 'id', '82 Lorong Batas Dunia', NULL, '<p>82 Lorong Batas Dunia</p>'),
(314, 2154, 'id', '83. Irama Maut', NULL, '<p>83. Irama Maut</p>'),
(315, 2155, 'id', '84. Nyawa Kedua darr Langit', NULL, '<p>84. Nyawa Kedua darr Langit</p>'),
(316, 2156, 'id', '85. Golok Kilat', NULL, '<p>85. Golok Kilat</p>'),
(317, 2157, 'id', '86. Penyair Cengeng', NULL, '<p>86. Penyair Cengeng</p>'),
(318, 2158, 'id', '87. Setan Bongkok', NULL, '<p>87. Setan Bongkok</p>'),
(319, 2159, 'id', '88. Putri Teratai Merah', NULL, '<p>88. Putri Teratai Merah</p>'),
(320, 2160, 'id', '89. Tombak Panca Warna', NULL, '<p>89. Tombak Panca Warna</p>'),
(321, 2161, 'id', '90. Iblis Berkabung', NULL, '<p>90. Iblis Berkabung</p>'),
(322, 2162, 'id', '91. Sapu Jagad', NULL, '<p>91. Sapu Jagad</p>'),
(323, 2163, 'id', '92. Memperebutkan Batu Kalimaya', NULL, '<p>92. Memperebutkan Batu Kalimaya</p>'),
(324, 2164, 'id', '93. Perawan Buronan', NULL, '<p>93. Perawan Buronan</p>'),
(325, 2165, 'id', '94. Pendekar Gunung Bromo', NULL, '<p>94. Pendekar Gunung Bromo</p>'),
(326, 2166, 'id', '95. Empu Jangkar Bumi', NULL, '<p>95. Empu Jangkar Bumi</p>'),
(327, 2167, 'id', '96. Malaikat Tanpa Wajah', NULL, '<p>96. Malaikat Tanpa Wajah</p>'),
(328, 2168, 'id', 'Abed al Jabiri (Epistimologi Hukum Islam)', NULL, '<p>Abed al Jabiri (Epistimologi Hukum Islam)</p>'),
(329, 2169, 'id', 'Ada Setan Mengintai Anda (Hadits, Hadis, Hadith) by Shalih Asy Syadi', NULL, '<p>Ada Setan Mengintai Anda (Hadits, Hadis, Hadith) by Shalih Asy Syadi</p>'),
(330, 2170, 'id', 'Adi Buddha', NULL, '<p>Adi Buddha</p>'),
(331, 2171, 'id', 'Agama Budaya Nusantara Pasca Islamisasi by Sumanto Al Qurtuby Tedi Kholiludin (editor)', NULL, '<p>Agama Budaya Nusantara Pasca Islamisasi by Sumanto Al Qurtuby Tedi Kholiludin (editor)</p>'),
(332, 2172, 'id', 'Agama besar dunia (Great religions world)', NULL, '<p>Agama besar dunia (Great religions world)</p>'),
(333, 2173, 'id', 'Agama dan Bayang Bayang Etis Syaikh Yusuf Al Makassari Dr. Mustari Mustafa', NULL, '<p>Agama dan Bayang Bayang Etis Syaikh Yusuf Al Makassari Dr. Mustari Mustafa</p>'),
(334, 2174, 'id', 'Agama dan kehidupan dalam cerita rakyat', NULL, '<p>Agama dan kehidupan dalam cerita rakyat</p>'),
(335, 2175, 'id', 'Agama dan Kepercayaan Nusantara by Sumanto Al Qurtuby', NULL, '<p>Agama dan Kepercayaan Nusantara by Sumanto Al Qurtuby</p>'),
(336, 2176, 'id', 'Agama dan Masyarakat Multikultural Pilar Pilar Membangun Kebersamaan dalam Perbedaan', NULL, '<p>Agama dan Masyarakat Multikultural Pilar Pilar Membangun Kebersamaan dalam Perbedaan</p>'),
(337, 2177, 'id', 'Agama dan Perdamaian Dari Potensi Menuju Aksi', NULL, '<p>Agama dan Perdamaian Dari Potensi Menuju Aksi</p>'),
(338, 2178, 'id', 'Agama Hindu dan Ajaran Ajarannya by Khotimah', NULL, '<p>Agama Hindu dan Ajaran Ajarannya by Khotimah</p>'),
(339, 2179, 'id', 'Agama Jawa (Abangan, Santri, Priyayi dalam Kebudayaan Jawa) Clifford Geertz', NULL, '<p>Agama Jawa (Abangan, Santri, Priyayi dalam Kebudayaan Jawa) Clifford Geertz</p>'),
(340, 2180, 'id', 'Agama Katolik dan Yahudi Sejarah dan Ajaran by Tarpin, M.Ag. Khotimah, M. Ag.', NULL, '<p>Agama Katolik dan Yahudi Sejarah dan Ajaran by Tarpin, M.Ag. Khotimah, M. Ag.</p>'),
(341, 2181, 'id', 'Agama Kong Hu Chu by Khairiah Husin M.Ag.', NULL, '<p>Agama Kong Hu Chu by Khairiah Husin M.Ag.</p>'),
(342, 2182, 'id', 'Agama Menggerakkan Perdamaian Catatan dari Lokakarya Pelembagaan Mediasi Antariman by Azis Anwar Fachrudin Linah Khairiyah Pary', NULL, '<p>Agama Menggerakkan Perdamaian Catatan dari Lokakarya Pelembagaan Mediasi Antariman by Azis Anwar Fachrudin Linah Khairiyah Pary</p>'),
(343, 2183, 'id', 'Agama Yakrislam', NULL, '<p>Agama Yakrislam</p>'),
(344, 2184, 'id', 'Agama, Budaya, dan Bencana by Agus Indiyanto dan Arqom Kuswanjono (editor)', NULL, '<p>Agama, Budaya, dan Bencana by Agus Indiyanto dan Arqom Kuswanjono (editor)</p>'),
(345, 2185, 'id', 'Agama, Kerukunan, dan Binadamai di Indonesia Modul Lokakarya Penyuluh Agama', NULL, '<p>Agama, Kerukunan, dan Binadamai di Indonesia Modul Lokakarya Penyuluh Agama</p>'),
(346, 2186, 'id', 'Agama, Media dan Imajinasi by Mujiburrahman', NULL, '<p>Agama, Media dan Imajinasi by Mujiburrahman</p>'),
(347, 2187, 'id', 'Agama, Negara, Hak Asasi Manusia by Febi Yonesta, Mhammad Isnur, Nurkholis Hidayat, Sidik, Handika Febrian, Irma Latifah Sihite, Ahmad Biky', NULL, '<p>Agama, Negara, Hak Asasi Manusia by Febi Yonesta, Mhammad Isnur, Nurkholis Hidayat, Sidik, Handika Febrian, Irma Latifah Sihite, Ahmad Biky</p>'),
(348, 2188, 'id', 'Ajaran Agung Para Guru', NULL, '<p>Ajaran Agung Para Guru</p>'),
(349, 2189, 'id', 'Ajaran Buddha dan kematian by Widyasena production', NULL, '<p>Ajaran Buddha dan kematian by Widyasena production</p>'),
(350, 2190, 'id', 'ajaran buddha dan kematian', NULL, '<p>ajaran buddha dan kematian</p>'),
(351, 2191, 'id', 'Ajaran Esoterik dari Wat Phra Dhammakaya', NULL, '<p>Ajaran Esoterik dari Wat Phra Dhammakaya</p>'),
(352, 2192, 'id', 'Ajaran Moralitas dalam Serat Kalatidha Perspektif Pendidikan Agama Hindu by Dr. Drs. Marsono, M.Pd.H.', NULL, '<p>Ajaran Moralitas dalam Serat Kalatidha Perspektif Pendidikan Agama Hindu by Dr. Drs. Marsono, M.Pd.H.</p>'),
(353, 2193, 'id', 'Ajaran Tauhid Wujudiyah di Kalimantan Selatan Kajian Filologi Manuskrip Ambulung by Dr. Nur Kolis, M.Ag.', NULL, '<p>Ajaran Tauhid Wujudiyah di Kalimantan Selatan Kajian Filologi Manuskrip Ambulung by Dr. Nur Kolis, M.Ag.</p>'),
(354, 2194, 'id', 'Akhlak Tasawuf by Dr. H. Badrudin, M.Ag.', NULL, '<p>Akhlak Tasawuf by Dr. H. Badrudin, M.Ag.</p>'),
(355, 2195, 'id', 'Akhlak Tasawuf Jalan Lurus Mensucikan Diri by Dr. Zulfikli, M.Ag. Dr. H. Jamaluddin, M.Us.', NULL, '<p>Akhlak Tasawuf Jalan Lurus Mensucikan Diri by Dr. Zulfikli, M.Ag. Dr. H. Jamaluddin, M.Us.</p>'),
(356, 2196, 'id', 'Akhlak Tasawuf Solusi Mencari Kebahagiaan dalam Kehidupan Esoteris dan Eksoteris by Dr. H. Muhammad Hasbi, M.Ag.', NULL, '<p>Akhlak Tasawuf Solusi Mencari Kebahagiaan dalam Kehidupan Esoteris dan Eksoteris by Dr. H. Muhammad Hasbi, M.Ag.</p>'),
(357, 2197, 'id', 'Al Hikmah Memahami Teosofi Tarekat Qadiriyah wa Naqsyabandiyah by Dr. Kharisudin Aqib, M.Ag.', NULL, '<p>Al Hikmah Memahami Teosofi Tarekat Qadiriyah wa Naqsyabandiyah by Dr. Kharisudin Aqib, M.Ag.</p>'),
(358, 2198, 'id', 'Al Juwaini Peletak Dasar Teologi Rasional dalam Islam by Tsuroya Kiswali', NULL, '<p>Al Juwaini Peletak Dasar Teologi Rasional dalam Islam by Tsuroya Kiswali</p>'),
(359, 2199, 'id', 'Al Qur’an Kesehatan Jiwa by Prof. Dr. HM. Hasballah Thaib, M.A. Dr. H. Zamakhsyari bin Hasballah Thaib, Lc., M.A.', NULL, '<p>Al Qur’an Kesehatan Jiwa by Prof. Dr. HM. Hasballah Thaib, M.A. Dr. H. Zamakhsyari bin Hasballah Thaib, Lc., M.A.</p>'),
(360, 2200, 'id', 'Aliran dan Paradigma Pemikiran Pendidikan Agama Islam Kontemporer by Dr. Hj. Evi Fatimatur Rusydiyah, M.Ag.', NULL, '<p>Aliran dan Paradigma Pemikiran Pendidikan Agama Islam Kontemporer by Dr. Hj. Evi Fatimatur Rusydiyah, M.Ag.</p>'),
(361, 2201, 'id', 'Allah Dekat dan Bersamamu by Muhammad Syafie El Bantanie', NULL, '<p>Allah Dekat dan Bersamamu by Muhammad Syafie El Bantanie</p>'),
(362, 2202, 'id', 'Allah, Liberty and Love Suatu Keberanian Mendamaikan Iman dan Kebebasan by Irshad Manji', NULL, '<p>Allah, Liberty and Love Suatu Keberanian Mendamaikan Iman dan Kebebasan by Irshad Manji</p>'),
(363, 2203, 'id', 'AMALAN ANIMISME DAN DINAMISME', NULL, '<p>AMALAN ANIMISME DAN DINAMISME</p>'),
(364, 2204, 'id', 'Ananda Penjaga Dhamma by Hellmuth Hecker', NULL, '<p>Ananda Penjaga Dhamma by Hellmuth Hecker</p>'),
(365, 2205, 'id', 'Ananda Penjaga Dhamma', NULL, '<p>Ananda Penjaga Dhamma</p>'),
(366, 2206, 'id', 'Anatomi Fisiologi Manusia by Raimundus Chalik', NULL, '<p>Anatomi Fisiologi Manusia by Raimundus Chalik</p>'),
(367, 2207, 'id', 'Anatta Kumpulan Esai', NULL, '<p>Anatta Kumpulan Esai</p>'),
(368, 2208, 'id', 'Anguttara Nikaya Jilid 1', NULL, '<p>Anguttara Nikaya Jilid 1</p>'),
(369, 2209, 'id', 'Anguttara Nikaya Jilid 2', NULL, '<p>Anguttara Nikaya Jilid 2</p>'),
(370, 2210, 'id', 'Anguttara Nikaya Jilid 3', NULL, '<p>Anguttara Nikaya Jilid 3</p>'),
(371, 2211, 'id', 'Anguttara Nikaya Jilid 4', NULL, '<p>Anguttara Nikaya Jilid 4</p>'),
(372, 2212, 'id', 'Anguttara Nikaya Jilid 5', NULL, '<p>Anguttara Nikaya Jilid 5</p>'),
(373, 2213, 'id', 'Anicca Kumpulan Esai', NULL, '<p>Anicca Kumpulan Esai</p>'),
(374, 2214, 'id', 'Antropologi Agama Wacana Wacana Mutakhir dalam Kajian Religi dan Budaya by Tony Rudyansjah (editor) ', NULL, '<p>Antropologi Agama Wacana Wacana Mutakhir dalam Kajian Religi dan Budaya by Tony Rudyansjah (editor) </p>'),
(375, 2215, 'id', 'anuruddha yang unggul dalam mata dewa', NULL, '<p>anuruddha yang unggul dalam mata dewa</p>'),
(376, 2216, 'id', 'Anuruddha', NULL, '<p>Anuruddha</p>'),
(377, 2217, 'id', 'Apa dan siapa Hizbullah Nasrallah by Farid Gaban , Surya Kusuma , Alfian Hamzah', NULL, '<p>Apa dan siapa Hizbullah Nasrallah by Farid Gaban , Surya Kusuma , Alfian Hamzah</p>'),
(378, 2218, 'id', 'Arahattamagga Arahattaphala', NULL, '<p>Arahattamagga Arahattaphala</p>'),
(379, 2219, 'id', 'Aristoteles Inspirasi Untuk Hidup Lebih Bermakna by Sahrul Mauludi', NULL, '<p>Aristoteles Inspirasi Untuk Hidup Lebih Bermakna by Sahrul Mauludi</p>'),
(380, 2220, 'id', 'Arya sanghata sutra dharma paryaya', NULL, '<p>Arya sanghata sutra dharma paryaya</p>'),
(381, 2221, 'id', 'Asal Usul Pohon Salak dan Cerita Cerita Bermakna Lainnya', NULL, '<p>Asal Usul Pohon Salak dan Cerita Cerita Bermakna Lainnya</p>'),
(382, 2222, 'id', 'Asoka', NULL, '<p>Asoka</p>'),
(383, 2223, 'id', 'ATIWA TIWA M.Bija', NULL, '<p>ATIWA TIWA M.Bija</p>'),
(384, 2224, 'id', 'Atthasila', NULL, '<p>Atthasila</p>'),
(385, 2225, 'id', 'Aturan Disiplin Para Bhikkhu', NULL, '<p>Aturan Disiplin Para Bhikkhu</p>'),
(386, 2226, 'id', 'avalokitesvara', NULL, '<p>avalokitesvara</p>'),
(387, 2227, 'id', 'Bagaimana Saya Melepaskan Diri Dari Yi Kuan Tao', NULL, '<p>Bagaimana Saya Melepaskan Diri Dari Yi Kuan Tao</p>'),
(388, 2228, 'id', 'bagaimana memilih agama', NULL, '<p>bagaimana memilih agama</p>'),
(389, 2229, 'id', 'bagaimana mengembangkan kebahagiaan dalam kehidupan sehari hari', NULL, '<p>bagaimana mengembangkan kebahagiaan dalam kehidupan sehari hari</p>'),
(390, 2230, 'id', 'Bahagia, Kenapa Tidak by Reza Alexander Antonius Wattimena', NULL, '<p>Bahagia, Kenapa Tidak by Reza Alexander Antonius Wattimena</p>'),
(391, 2231, 'id', 'Baisajya guru buddha sutra', NULL, '<p>Baisajya guru buddha sutra</p>'),
(392, 2232, 'id', 'Bangunlah dunia edisi 2', NULL, '<p>Bangunlah dunia edisi 2</p>'),
(393, 2233, 'id', 'Bantahan Hukum Cadar', NULL, '<p>Bantahan Hukum Cadar</p>'),
(394, 2234, 'id', 'Beda Beda Tetap Sama Sama Teladan Saling Menghargai Perbedaan Imam Empat Mazhab by Siti Aisah', NULL, '<p>Beda Beda Tetap Sama Sama Teladan Saling Menghargai Perbedaan Imam Empat Mazhab by Siti Aisah</p>'),
(395, 2235, 'id', 'Being a Lotus', NULL, '<p>Being a Lotus</p>'),
(396, 2236, 'id', 'Belajar Mudah Tasawuf by Syekh Fadhlullah Haeri', NULL, '<p>Belajar Mudah Tasawuf by Syekh Fadhlullah Haeri</p>'),
(397, 2237, 'id', 'Beragama yang Mencerahkan Risalah Pemikiran Tanwir Muhammadiyah by Abdul Mu’ti Azaki Khoirudin (editor)', NULL, '<p>Beragama yang Mencerahkan Risalah Pemikiran Tanwir Muhammadiyah by Abdul Mu’ti Azaki Khoirudin (editor)</p>'),
(398, 2238, 'id', 'Berdialog dengan Malaikat Cara Ampuh Bergaul dengan Makhluk Cahaya by Abi Jiha', NULL, '<p>Berdialog dengan Malaikat Cara Ampuh Bergaul dengan Makhluk Cahaya by Abi Jiha</p>'),
(399, 2239, 'id', 'Berita Alam Gaib Sebelum dan Sesudah Hari Kemudian by Musannif Effendie', NULL, '<p>Berita Alam Gaib Sebelum dan Sesudah Hari Kemudian by Musannif Effendie</p>'),
(400, 2240, 'id', 'Berjumpa 26 Nabi (Hadits, Hadis, Hadith) by Argawi Kandito', NULL, '<p>Berjumpa 26 Nabi (Hadits, Hadis, Hadith) by Argawi Kandito</p>'),
(401, 2241, 'id', 'Berkenalan dengan salaf [syaikh rabi\' bin hadi]', NULL, '<p>Berkenalan dengan salaf [syaikh rabi\' bin hadi]</p>'),
(402, 2242, 'id', 'Bersahabat dengan Sutta dan Berkah Berkah Tertinggi dalam Kehidupan', NULL, '<p>Bersahabat dengan Sutta dan Berkah Berkah Tertinggi dalam Kehidupan</p>'),
(403, 2243, 'id', 'Bersikap Islami Tinjauan Pedagogis dan Psikologis by Syaikh Adil Rasyad Ghanim', NULL, '<p>Bersikap Islami Tinjauan Pedagogis dan Psikologis by Syaikh Adil Rasyad Ghanim</p>'),
(404, 2244, 'id', 'Bhikkhu Tissa Bertemu Seorang Skeptik', NULL, '<p>Bhikkhu Tissa Bertemu Seorang Skeptik</p>'),
(405, 2245, 'id', 'Bilangan Fu ', NULL, '<p>Bilangan Fu </p>'),
(406, 2246, 'id', 'Bimbingan Konseling Perspektif Al Quran dan Sains by Prof. Dr. Syafaruddin, M.Pd.', NULL, '<p>Bimbingan Konseling Perspektif Al Quran dan Sains by Prof. Dr. Syafaruddin, M.Pd.</p>'),
(407, 2247, 'id', 'Bimbingan Agama Untuk Kalangan Medis by Prof. Dr. H. M. Hasballah Thaib, M.A. Dr. H. Zamakhsyari Hasballah, Lc., M.A.', NULL, '<p>Bimbingan Agama Untuk Kalangan Medis by Prof. Dr. H. M. Hasballah Thaib, M.A. Dr. H. Zamakhsyari Hasballah, Lc., M.A.</p>'),
(408, 2248, 'id', 'Bimbingan Konseling Islami by Dr. Tarmizi, M.Pd', NULL, '<p>Bimbingan Konseling Islami by Dr. Tarmizi, M.Pd</p>'),
(409, 2249, 'id', 'biografi rama moorti tan tik sioe sian', NULL, '<p>biografi rama moorti tan tik sioe sian</p>'),
(410, 2250, 'id', 'Bodhipakkhiya Dhamma (Sayap Sayap Menuju Kebangunan) JILID 1 by Vijjakusuma', NULL, '<p>Bodhipakkhiya Dhamma (Sayap Sayap Menuju Kebangunan) JILID 1 by Vijjakusuma</p>'),
(411, 2251, 'id', 'Bodhipakkhiya Dhamma (Sayap Sayap Menuju Kebangunan) JILID 1', NULL, '<p>Bodhipakkhiya Dhamma (Sayap Sayap Menuju Kebangunan) JILID 1</p>'),
(412, 2252, 'id', 'Bodhipakkhiya Dhamma (Sayap Sayap Menuju Kebangunan) JILID 2 by Vijjakusuma', NULL, '<p>Bodhipakkhiya Dhamma (Sayap Sayap Menuju Kebangunan) JILID 2 by Vijjakusuma</p>'),
(413, 2253, 'id', 'Bodhipakkhiya Dhamma (Sayap Sayap Menuju Kebangunan) JILID 2', NULL, '<p>Bodhipakkhiya Dhamma (Sayap Sayap Menuju Kebangunan) JILID 2</p>'),
(414, 2254, 'id', 'Bodhisattva Sangharama', NULL, '<p>Bodhisattva Sangharama</p>'),
(415, 2255, 'id', 'Born Again Kasus Reinkarnasi Tokoh dan Selebriti by dr. Walter Semkiw', NULL, '<p>Born Again Kasus Reinkarnasi Tokoh dan Selebriti by dr. Walter Semkiw</p>'),
(416, 2256, 'id', 'brahmavihara', NULL, '<p>brahmavihara</p>'),
(417, 2257, 'id', 'buddha dan dhamma nya', NULL, '<p>buddha dan dhamma nya</p>'),
(418, 2258, 'id', 'buddha dan pesannya', NULL, '<p>buddha dan pesannya</p>'),
(419, 2259, 'id', 'Buddharupa', NULL, '<p>Buddharupa</p>'),
(420, 2260, 'id', 'Buddhism Vipassana Meditation', NULL, '<p>Buddhism Vipassana Meditation</p>'),
(421, 2261, 'id', 'Buddhisme dan Sains', NULL, '<p>Buddhisme dan Sains</p>'),
(422, 2262, 'id', 'BUKA LUWUR Kangjeng Sunan Kudus by Ary Budiyanto Mahesa Agni', NULL, '<p>BUKA LUWUR Kangjeng Sunan Kudus by Ary Budiyanto Mahesa Agni</p>'),
(423, 2263, 'id', 'BUKU FILSAFAT ISLAM MASA AWAL', NULL, '<p>BUKU FILSAFAT ISLAM MASA AWAL</p>'),
(424, 2264, 'id', 'BUKU MASTER LU SHENG YEN 1 18', NULL, '<p>BUKU MASTER LU SHENG YEN 1 18</p>'),
(425, 2265, 'id', 'buku pedoman umat buddha', NULL, '<p>buku pedoman umat buddha</p>'),
(426, 2266, 'id', 'Buku Pegangan Guru Agama Buddha SMA Kelas 12 Kurikulum 2013 by Kementerian Pendidikan dan Kebudayaan ', NULL, '<p>Buku Pegangan Guru Agama Buddha SMA Kelas 12 Kurikulum 2013 by Kementerian Pendidikan dan Kebudayaan </p>'),
(427, 2267, 'id', 'Buku Pegangan Guru Agama Katolik SMA Kelas 12 Kurikulum 2013 by Kementerian Pendidikan dan Kebudayaan', NULL, '<p>Buku Pegangan Guru Agama Katolik SMA Kelas 12 Kurikulum 2013 by Kementerian Pendidikan dan Kebudayaan</p>'),
(428, 2268, 'id', 'Buku Pegangan Guru Agama Kristen SMA Kelas 12 Kurikulum 2013 by Kementerian Pendidikan dan Kebudayaan', NULL, '<p>Buku Pegangan Guru Agama Kristen SMA Kelas 12 Kurikulum 2013 by Kementerian Pendidikan dan Kebudayaan</p>'),
(429, 2269, 'id', 'Buku Pegangan Siswa Agama Hindu SMA Kelas 12 Kurikulum 2013 by Kementerian Pendidikan dan Kebudayaan ', NULL, '<p>Buku Pegangan Siswa Agama Hindu SMA Kelas 12 Kurikulum 2013 by Kementerian Pendidikan dan Kebudayaan </p>'),
(430, 2270, 'id', 'Buku Pegangan Siswa Agama Konghucu SMA Kelas 12 Kurikulum 2013 by Kementerian Pendidikan dan Kebudayaan', NULL, '<p>Buku Pegangan Siswa Agama Konghucu SMA Kelas 12 Kurikulum 2013 by Kementerian Pendidikan dan Kebudayaan</p>'),
(431, 2271, 'id', 'Buku Saku Filsafat islam by Haidar Bagir b', NULL, '<p>Buku Saku Filsafat islam by Haidar Bagir b</p>'),
(432, 2272, 'id', 'Buku Saku Filsafat Islam by Haidar Bagir', NULL, '<p>Buku Saku Filsafat Islam by Haidar Bagir</p>'),
(433, 2273, 'id', 'Buku Saku Rahasia Kebahagiaan Bekal Spiritual Orang Beriman Menghadapi Kesulitan Hidup by Ibnu Qhadib al Ban', NULL, '<p>Buku Saku Rahasia Kebahagiaan Bekal Spiritual Orang Beriman Menghadapi Kesulitan Hidup by Ibnu Qhadib al Ban</p>'),
(434, 2274, 'id', 'Buku Saku Tasawuf by Haidar Bagir', NULL, '<p>Buku Saku Tasawuf by Haidar Bagir</p>'),
(435, 2275, 'id', 'BUKU SUCI YULIkenyataan di neraka dan urutan tingkatan neraka', NULL, '<p>BUKU SUCI YULIkenyataan di neraka dan urutan tingkatan neraka</p>'),
(436, 2276, 'id', 'Buku Yahira Agama Samawi', NULL, '<p>Buku Yahira Agama Samawi</p>'),
(437, 2277, 'id', 'Bunga Rampai Peta Perbukuan Keagamaan Era Reformasi', NULL, '<p>Bunga Rampai Peta Perbukuan Keagamaan Era Reformasi</p>'),
(438, 2278, 'id', 'Cakrawala Pemikiran Pendidikan Islam by Prof. Dr. A. Tafsir, dkk.', NULL, '<p>Cakrawala Pemikiran Pendidikan Islam by Prof. Dr. A. Tafsir, dkk.</p>'),
(439, 2279, 'id', 'Candi Fungsi dan Pengertiannya by Soekmono', NULL, '<p>Candi Fungsi dan Pengertiannya by Soekmono</p>'),
(440, 2280, 'id', 'Cara Cepat Membaca Bahasa Tubuh by Joe Navarro Marvin Karlins', NULL, '<p>Cara Cepat Membaca Bahasa Tubuh by Joe Navarro Marvin Karlins</p>'),
(441, 2281, 'id', 'CARA MAKAN RASULULLAH SAW', NULL, '<p>CARA MAKAN RASULULLAH SAW</p>'),
(442, 2282, 'id', 'Cara Rasulullah Saw. Mendidik Anak by Ayu Agus Rianti, S.E.', NULL, '<p>Cara Rasulullah Saw. Mendidik Anak by Ayu Agus Rianti, S.E.</p>'),
(443, 2283, 'id', 'Cariyapitaka', NULL, '<p>Cariyapitaka</p>'),
(444, 2284, 'id', 'Cengkeraman Nafsu Indria', NULL, '<p>Cengkeraman Nafsu Indria</p>'),
(445, 2285, 'id', 'cinta dan kematian (loving and dying)', NULL, '<p>cinta dan kematian (loving and dying)</p>'),
(446, 2286, 'id', 'Corak Corak Jiwa by Arsyi Asy Syarifah, dkk.', NULL, '<p>Corak Corak Jiwa by Arsyi Asy Syarifah, dkk.</p>'),
(447, 2287, 'id', 'COVID 19 Perspektif Agama dan Kesehatan by Tim Penulis', NULL, '<p>COVID 19 Perspektif Agama dan Kesehatan by Tim Penulis</p>'),
(448, 2288, 'id', 'Dakwah Antar Individu Teori dan Aplikasi (Edisi Revisi) by Dr. H. Abdul Basit, M.Ag.', NULL, '<p>Dakwah Antar Individu Teori dan Aplikasi (Edisi Revisi) by Dr. H. Abdul Basit, M.Ag.</p>'),
(449, 2289, 'id', 'Dakwah dan Perubahan Sosial by Dr. Yasril Yazid, MIS. Nur Alhidayatillah, M.Kom.I.', NULL, '<p>Dakwah dan Perubahan Sosial by Dr. Yasril Yazid, MIS. Nur Alhidayatillah, M.Kom.I.</p>'),
(450, 2290, 'id', 'Damai Tak Tergoyahkan', NULL, '<p>Damai Tak Tergoyahkan</p>'),
(451, 2291, 'id', 'Dampak Buruk Makanan Haram Abu Husein Leo', NULL, '<p>Dampak Buruk Makanan Haram Abu Husein Leo</p>'),
(452, 2292, 'id', 'Demi Toleransi Demi Pluralisme by Ihsan Ali Fauzi, Syafiq Hasyim, J.H. Lamardy', NULL, '<p>Demi Toleransi Demi Pluralisme by Ihsan Ali Fauzi, Syafiq Hasyim, J.H. Lamardy</p>'),
(453, 2293, 'id', 'Demi Toleransi Demi Pluralisme', NULL, '<p>Demi Toleransi Demi Pluralisme</p>'),
(454, 2294, 'id', 'Dhamma Dana Para Dhammaduta 1', NULL, '<p>Dhamma Dana Para Dhammaduta 1</p>'),
(455, 2295, 'id', 'Dhamma Dana Para Dhammaduta 2', NULL, '<p>Dhamma Dana Para Dhammaduta 2</p>'),
(456, 2296, 'id', 'Dhamma Dana Para Dhammaduta 3', NULL, '<p>Dhamma Dana Para Dhammaduta 3</p>'),
(457, 2297, 'id', 'Dhamma Dana Para Dhammaduta 4', NULL, '<p>Dhamma Dana Para Dhammaduta 4</p>'),
(458, 2298, 'id', 'dhamma dana para dhammaduta', NULL, '<p>dhamma dana para dhammaduta</p>'),
(459, 2299, 'id', 'Dhamma Inspirasi Kehidupan by Bhikkhu Abhayanando', NULL, '<p>Dhamma Inspirasi Kehidupan by Bhikkhu Abhayanando</p>'),
(460, 2300, 'id', 'Dhamma Inspirasi Kehidupan', NULL, '<p>Dhamma Inspirasi Kehidupan</p>'),
(461, 2301, 'id', 'Dhamma untuk Perumah Tangga', NULL, '<p>Dhamma untuk Perumah Tangga</p>'),
(462, 2302, 'id', 'Dhammaclass Masa Vassa Vihara Vidyaloka 2', NULL, '<p>Dhammaclass Masa Vassa Vihara Vidyaloka 2</p>'),
(463, 2303, 'id', 'dhammapada', NULL, '<p>dhammapada</p>'),
(464, 2304, 'id', 'Dhammila Si Penangkap Ikan', NULL, '<p>Dhammila Si Penangkap Ikan</p>'),
(465, 2305, 'id', 'Dialog Budaya Spiritual by Tim Ditjenbud', NULL, '<p>Dialog Budaya Spiritual by Tim Ditjenbud</p>'),
(466, 2306, 'id', 'Dialog Dengan Alam Dewa', NULL, '<p>Dialog Dengan Alam Dewa</p>'),
(467, 2307, 'id', 'Dialog Dengan Jin Muslim Muhammad \'Isa Dawud', NULL, '<p>Dialog Dengan Jin Muslim Muhammad \'Isa Dawud</p>'),
(468, 2308, 'id', 'Dialog Mazhab', NULL, '<p>Dialog Mazhab</p>'),
(469, 2309, 'id', 'Digha Nikaya Khotbah Khotbah Panjang Sang Buddha by Dhammacitta press', NULL, '<p>Digha Nikaya Khotbah Khotbah Panjang Sang Buddha by Dhammacitta press</p>'),
(470, 2310, 'id', 'Digha Nikaya Khotbah Khotbah Panjang Sang Buddha', NULL, '<p>Digha Nikaya Khotbah Khotbah Panjang Sang Buddha</p>'),
(471, 2311, 'id', 'Digital Karakter Perspektif Agama dan Pendidikan by Ronal G. Sirait', NULL, '<p>Digital Karakter Perspektif Agama dan Pendidikan by Ronal G. Sirait</p>'),
(472, 2312, 'id', 'Diktat Psikologi Keluarga by Mahfudh Fauzi, M.Pd.', NULL, '<p>Diktat Psikologi Keluarga by Mahfudh Fauzi, M.Pd.</p>'),
(473, 2313, 'id', 'Dilema Kesetaraan Gender Refleksi dan Respons Praksis by Sri Djoharwinarlien', NULL, '<p>Dilema Kesetaraan Gender Refleksi dan Respons Praksis by Sri Djoharwinarlien</p>'),
(474, 2314, 'id', 'Dimensi Tradisional dan Spiritual dalam Agama Hindu', NULL, '<p>Dimensi Tradisional dan Spiritual dalam Agama Hindu</p>'),
(475, 2315, 'id', 'Dinamika Islam Filipina, Burma, dan Thailand by Choirul Fuad Yusuf, Arif Syibromalisi, Ridwan Bustamam, Ali Fahrudin, Syaukani, Masmedia Pinem', NULL, '<p>Dinamika Islam Filipina, Burma, dan Thailand by Choirul Fuad Yusuf, Arif Syibromalisi, Ridwan Bustamam, Ali Fahrudin, Syaukani, Masmedia Pinem</p>'),
(476, 2316, 'id', 'Dinamika Perkembangan Sistem Kepercayaan Lokal di Indonesia by Ahmad Syafii Mufid', NULL, '<p>Dinamika Perkembangan Sistem Kepercayaan Lokal di Indonesia by Ahmad Syafii Mufid</p>'),
(477, 2317, 'id', 'Disini Dan Saat Ini', NULL, '<p>Disini Dan Saat Ini</p>'),
(478, 2318, 'id', 'Diskursus Pluralisme Agama di Indonesia by Dr. H. M. Abzar Duraesa, M.Ag.', NULL, '<p>Diskursus Pluralisme Agama di Indonesia by Dr. H. M. Abzar Duraesa, M.Ag.</p>'),
(479, 2319, 'id', 'Dukkha Kumpulan Esai', NULL, '<p>Dukkha Kumpulan Esai</p>'),
(480, 2320, 'id', 'Dukun, Mantra, dan Kepercayaan Masyarakat by T. Sianipar, Alwisol, Munawir Yusuf', NULL, '<p>Dukun, Mantra, dan Kepercayaan Masyarakat by T. Sianipar, Alwisol, Munawir Yusuf</p>'),
(481, 2321, 'id', 'Empat Kebenaran Mulia', NULL, '<p>Empat Kebenaran Mulia</p>'),
(482, 2322, 'id', 'Ensiklopedi Larangan 1', NULL, '<p>Ensiklopedi Larangan 1</p>'),
(483, 2323, 'id', 'Ensiklopedi Larangan 2', NULL, '<p>Ensiklopedi Larangan 2</p>'),
(484, 2324, 'id', 'Ensiklopedi Larangan 3', NULL, '<p>Ensiklopedi Larangan 3</p>'),
(485, 2325, 'id', 'epistimologi islam jawa', NULL, '<p>epistimologi islam jawa</p>'),
(486, 2326, 'id', 'Etika Keagamaan Nahdlatul Ulama Mengungkap Visi Moral di Balik Isu Isu Pluralisme by M. Lutfi Mustofa', NULL, '<p>Etika Keagamaan Nahdlatul Ulama Mengungkap Visi Moral di Balik Isu Isu Pluralisme by M. Lutfi Mustofa</p>'),
(487, 2327, 'id', 'Etika Monastik Buddhis I', NULL, '<p>Etika Monastik Buddhis I</p>'),
(488, 2328, 'id', 'Etika Monastik Buddhis II', NULL, '<p>Etika Monastik Buddhis II</p>'),
(489, 2329, 'id', 'Etika Muhammadiyah Spirit Peradaban by Zakiyuddin Baidhawy Azaki Khoirudin', NULL, '<p>Etika Muhammadiyah Spirit Peradaban by Zakiyuddin Baidhawy Azaki Khoirudin</p>'),
(490, 2330, 'id', 'Etika Sufi Ibn Al Arabi by Dr. H. Mukhlisin Sa’ad, M.Ag.', NULL, '<p>Etika Sufi Ibn Al Arabi by Dr. H. Mukhlisin Sa’ad, M.Ag.</p>'),
(491, 2331, 'id', 'FAKTA DAN DATA KESESATAN TASAWUF MENURUT AL QURAN DAN AS SUNNAH (Tasauf Hadits Hadith Hadis Aqidah Akidah Firqah Fatwa) by Muhammad bin Jamil Zainu', NULL, '<p>FAKTA DAN DATA KESESATAN TASAWUF MENURUT AL QURAN DAN AS SUNNAH (Tasauf Hadits Hadith Hadis Aqidah Akidah Firqah Fatwa) by Muhammad bin Jamil Zainu</p>'),
(492, 2332, 'id', 'fakta ilmiah tentang keharaman babi', NULL, '<p>fakta ilmiah tentang keharaman babi</p>'),
(493, 2333, 'id', 'Falsafah Dan Prinsip Asas Perubatan Melayu Nornizam Ngadeni (PREVIEW)', NULL, '<p>Falsafah Dan Prinsip Asas Perubatan Melayu Nornizam Ngadeni (PREVIEW)</p>'),
(494, 2334, 'id', 'Falsafah Pendidikan Islam Menguak Nilai Nilai Pendidikan dalam Tradisi Islam by Asrul Daulay Ja’far (editor)', NULL, '<p>Falsafah Pendidikan Islam Menguak Nilai Nilai Pendidikan dalam Tradisi Islam by Asrul Daulay Ja’far (editor)</p>'),
(495, 2335, 'id', 'Falsafat Agama by Harun Nasution', NULL, '<p>Falsafat Agama by Harun Nasution</p>'),
(496, 2336, 'id', 'Filosofi Teras by Henry Manampiring', NULL, '<p>Filosofi Teras by Henry Manampiring</p>'),
(497, 2337, 'id', 'Filosofi, Asas, Ajaran, Teori Hukum Pertanahan, dan Agraria by Herman Soesanggobeng', NULL, '<p>Filosofi, Asas, Ajaran, Teori Hukum Pertanahan, dan Agraria by Herman Soesanggobeng</p>'),
(498, 2338, 'id', 'Filsafat Agama by Magdalena Pranata Santoso ', NULL, '<p>Filsafat Agama by Magdalena Pranata Santoso </p>'),
(499, 2339, 'id', 'FILSAFAT AJARAN ISLAM (Warning! ahmadiyah)', NULL, '<p>FILSAFAT AJARAN ISLAM (Warning! ahmadiyah)</p>'),
(500, 2340, 'id', 'Filsafat Ajaran Islam by Hadhrat Mirza Ghulam Ahmad ', NULL, '<p>Filsafat Ajaran Islam by Hadhrat Mirza Ghulam Ahmad </p>'),
(501, 2341, 'id', 'Filsafat Ajaran Islam notice Jemaat Ahmadiyah Indonesia', NULL, '<p>Filsafat Ajaran Islam notice Jemaat Ahmadiyah Indonesia</p>'),
(502, 2342, 'id', 'Filsafat Barat Abad 21 by Saidul Amin', NULL, '<p>Filsafat Barat Abad 21 by Saidul Amin</p>'),
(503, 2343, 'id', 'Filsafat dan Ilmu', NULL, '<p>Filsafat dan Ilmu</p>'),
(504, 2344, 'id', 'Filsafat dan Metafisika Dalam Islam', NULL, '<p>Filsafat dan Metafisika Dalam Islam</p>'),
(505, 2345, 'id', 'Filsafat Ekonomi Islam Basis Epistemologi Ekonomi Islam Muhammad Baqir Sadr by Supian Suri Muhammad Ali Hamzah, SE, MA, M.Ud.', NULL, '<p>Filsafat Ekonomi Islam Basis Epistemologi Ekonomi Islam Muhammad Baqir Sadr by Supian Suri Muhammad Ali Hamzah, SE, MA, M.Ud.</p>'),
(506, 2346, 'id', 'Filsafat Feminisme (Studi Kritis terhadap Gerakan Pembaharuan Perempuan di Dunia Barat dan Islam) by Dr. Saidul Amin, MA.', NULL, '<p>Filsafat Feminisme (Studi Kritis terhadap Gerakan Pembaharuan Perempuan di Dunia Barat dan Islam) by Dr. Saidul Amin, MA.</p>'),
(507, 2347, 'id', 'Filsafat Fenomenologi Suatu Pengantar by Drs. Maraimbang Daulay, MA.', NULL, '<p>Filsafat Fenomenologi Suatu Pengantar by Drs. Maraimbang Daulay, MA.</p>'),
(508, 2348, 'id', 'Filsafat Hukum (Tokoh Tokoh Penting Filsafat Sejarah dan Intisari Pemikiran) by DR. H. Boy Nurdin, S.H., M.H.', NULL, '<p>Filsafat Hukum (Tokoh Tokoh Penting Filsafat Sejarah dan Intisari Pemikiran) by DR. H. Boy Nurdin, S.H., M.H.</p>'),
(509, 2349, 'id', 'Filsafat Hukum by Dr. Serlika Aprita, S.H., M.H. Rio Adhitya, S.T., S.H., M.Kn.', NULL, '<p>Filsafat Hukum by Dr. Serlika Aprita, S.H., M.H. Rio Adhitya, S.T., S.H., M.Kn.</p>'),
(510, 2350, 'id', 'Filsafat Hukum by Kamarusdiana, MH.', NULL, '<p>Filsafat Hukum by Kamarusdiana, MH.</p>'),
(511, 2351, 'id', 'Filsafat Hukum Islam by Dr. Faisar Ananda Arfa, MA. (z lib.org)', NULL, '<p>Filsafat Hukum Islam by Dr. Faisar Ananda Arfa, MA. (z lib.org)</p>'),
(512, 2352, 'id', 'Filsafat Hukum Islam by Muhammad Syukri Albani Nasution', NULL, '<p>Filsafat Hukum Islam by Muhammad Syukri Albani Nasution</p>'),
(513, 2353, 'id', 'Filsafat Hukum Islam by Prof. Dr. H. Suparman Usman, S.H. Dr. Itang, M.Ag.', NULL, '<p>Filsafat Hukum Islam by Prof. Dr. H. Suparman Usman, S.H. Dr. Itang, M.Ag.</p>'),
(514, 2354, 'id', 'Filsafat Hukum Sejarah Aliran Dan Pemaknaan', NULL, '<p>Filsafat Hukum Sejarah Aliran Dan Pemaknaan</p>'),
(515, 2355, 'id', 'Filsafat Hukum Teori Praktik by Prof. Dr. Sukarno Aburaera, S.H., Prof. Dr. Muhadar, S.H., M.Si., Maskun, S.H., LL.M.', NULL, '<p>Filsafat Hukum Teori Praktik by Prof. Dr. Sukarno Aburaera, S.H., Prof. Dr. Muhadar, S.H., M.Si., Maskun, S.H., LL.M.</p>'),
(516, 2356, 'id', 'Filsafat Ilmu Dan Logika', NULL, '<p>Filsafat Ilmu Dan Logika</p>'),
(517, 2357, 'id', 'Filsafat Ilmu etc', NULL, '<p>Filsafat Ilmu etc</p>'),
(518, 2358, 'id', 'Filsafat Ilmu Hakikat Mencari Pengetahuan by Ahmad Taufik Nasution', NULL, '<p>Filsafat Ilmu Hakikat Mencari Pengetahuan by Ahmad Taufik Nasution</p>'),
(519, 2359, 'id', 'Filsafat Ilmu Kajian atas Asumsi Dasar, Paradigma, dan Kerangka Teori Ilmu Pengetahuan by Mohammad Muslih', NULL, '<p>Filsafat Ilmu Kajian atas Asumsi Dasar, Paradigma, dan Kerangka Teori Ilmu Pengetahuan by Mohammad Muslih</p>'),
(520, 2360, 'id', 'FILSAFAT ILMU Mohammad muslih', NULL, '<p>FILSAFAT ILMU Mohammad muslih</p>'),
(521, 2361, 'id', 'Filsafat Ilmu Pendekatan Kajian Keislaman by Dr. Abdul Chalik', NULL, '<p>Filsafat Ilmu Pendekatan Kajian Keislaman by Dr. Abdul Chalik</p>'),
(522, 2362, 'id', 'Filsafat Ilmu Pengetahuan ', NULL, '<p>Filsafat Ilmu Pengetahuan </p>'),
(523, 2363, 'id', 'Filsafat Ilmu Pengetahuan Perspektif Barat dan Islam by Prof. Darwis A. Soelaiman, Ph.D.', NULL, '<p>Filsafat Ilmu Pengetahuan Perspektif Barat dan Islam by Prof. Darwis A. Soelaiman, Ph.D.</p>'),
(524, 2364, 'id', 'Filsafat Ilmu', NULL, '<p>Filsafat Ilmu</p>'),
(525, 2365, 'id', 'Filsafat Islam 2016 (Khudori Soleh)', NULL, '<p>Filsafat Islam 2016 (Khudori Soleh)</p>'),
(526, 2366, 'id', 'Filsafat Islam Dari Klasik Hingga Kontemporer by A. Khudori Soleh', NULL, '<p>Filsafat Islam Dari Klasik Hingga Kontemporer by A. Khudori Soleh</p>'),
(527, 2367, 'id', 'Filsafat Islam di Mesir Kontemporer by Prof. Dr. Afrizal M, M.A.', NULL, '<p>Filsafat Islam di Mesir Kontemporer by Prof. Dr. Afrizal M, M.A.</p>'),
(528, 2368, 'id', 'Filsafat Islam Dimensi, Teoretis dan Praktis by Prof. Dr. Amroeni Drajat, M.Ag.', NULL, '<p>Filsafat Islam Dimensi, Teoretis dan Praktis by Prof. Dr. Amroeni Drajat, M.Ag.</p>'),
(529, 2369, 'id', 'Filsafat Islam Masa Awal Drs H Ibrahim MPd', NULL, '<p>Filsafat Islam Masa Awal Drs H Ibrahim MPd</p>'),
(530, 2370, 'id', 'Filsafat Jawa by dr. Abdullah Ciptoprawiro', NULL, '<p>Filsafat Jawa by dr. Abdullah Ciptoprawiro</p>'),
(531, 2371, 'id', 'Filsafat Kata', NULL, '<p>Filsafat Kata</p>'),
(532, 2372, 'id', 'Filsafat Lingkungan Hidup Alam sebagai Sebuah Sistem Kehidupan by Dr. A. Sonny Keraf', NULL, '<p>Filsafat Lingkungan Hidup Alam sebagai Sebuah Sistem Kehidupan by Dr. A. Sonny Keraf</p>'),
(533, 2373, 'id', 'Filsafat Moral Islam Kritik Atas Berbagai Pandangan Moral by Murtaza Mutahhari', NULL, '<p>Filsafat Moral Islam Kritik Atas Berbagai Pandangan Moral by Murtaza Mutahhari</p>'),
(534, 2374, 'id', 'Filsafat Pendidikan Agama Islam by Miswari', NULL, '<p>Filsafat Pendidikan Agama Islam by Miswari</p>'),
(535, 2375, 'id', 'Filsafat Pendidikan by Muhammad Anwar', NULL, '<p>Filsafat Pendidikan by Muhammad Anwar</p>'),
(536, 2376, 'id', 'Filsafat Pendidikan Islam by A. Heris Hermawan, M.Ag.', NULL, '<p>Filsafat Pendidikan Islam by A. Heris Hermawan, M.Ag.</p>'),
(537, 2377, 'id', 'Filsafat Pendidikan Islam by Dr. H. Ahmad Syar’i, M.Pd.', NULL, '<p>Filsafat Pendidikan Islam by Dr. H. Ahmad Syar’i, M.Pd.</p>'),
(538, 2378, 'id', 'Filsafat Pendidikan Islam by Prof. Dr. H.A. Yunus, Drs., SH., MBA., M.Si. dan Dr. E. Kosmajadi, S.Ag., M.M.Pd', NULL, '<p>Filsafat Pendidikan Islam by Prof. Dr. H.A. Yunus, Drs., SH., MBA., M.Si. dan Dr. E. Kosmajadi, S.Ag., M.M.Pd</p>'),
(539, 2379, 'id', 'Filsafat Pendidikan Islam Menguatkan Epistemologi Islam dalam Pendidikan by Dr. Toto Suharto, M.Ag.', NULL, '<p>Filsafat Pendidikan Islam Menguatkan Epistemologi Islam dalam Pendidikan by Dr. Toto Suharto, M.Ag.</p>'),
(540, 2380, 'id', 'Filsafat Perempuan dalam Islam Hak Perempuan dan Relevansi Etika Sosial by Murtadha Muthahhari', NULL, '<p>Filsafat Perempuan dalam Islam Hak Perempuan dan Relevansi Etika Sosial by Murtadha Muthahhari</p>'),
(541, 2381, 'id', 'Filsafat Perselingkuhan Sampai Anorexia Kudus by Reza Alexander Antonius Wattimena', NULL, '<p>Filsafat Perselingkuhan Sampai Anorexia Kudus by Reza Alexander Antonius Wattimena</p>'),
(542, 2382, 'id', 'Filsafat Politik by Jason Brennan', NULL, '<p>Filsafat Politik by Jason Brennan</p>'),
(543, 2383, 'id', 'Filsafat Politik Islam Antara Al Farabi dan Khomeini by Yamani [Yamani]', NULL, '<p>Filsafat Politik Islam Antara Al Farabi dan Khomeini by Yamani [Yamani]</p>'),
(544, 2384, 'id', 'Filsafat sebagai ilmu kritis', NULL, '<p>Filsafat sebagai ilmu kritis</p>'),
(545, 2385, 'id', 'Filsafat Sejarah by G.W.F. Hegel', NULL, '<p>Filsafat Sejarah by G.W.F. Hegel</p>'),
(546, 2386, 'id', 'FILSAFAT TERAKHIR Evaluasi Filsafat Sepanjang Masa', NULL, '<p>FILSAFAT TERAKHIR Evaluasi Filsafat Sepanjang Masa</p>'),
(547, 2387, 'id', 'Filsafat ilmu mohammad muslih', NULL, '<p>Filsafat ilmu mohammad muslih</p>'),
(548, 2388, 'id', 'Filsafat dan Teologi Islam', NULL, '<p>Filsafat dan Teologi Islam</p>'),
(549, 2389, 'id', 'furqon, al membongkar kesesatan filsafat', NULL, '<p>furqon, al membongkar kesesatan filsafat</p>'),
(550, 2390, 'id', 'Futuhul ghaib (pembuka tabir kegaiban)', NULL, '<p>Futuhul ghaib (pembuka tabir kegaiban)</p>'),
(551, 2391, 'id', 'Gelombang Lautan Jiwa Sebuah Psikomemoar by Anta Samsara', NULL, '<p>Gelombang Lautan Jiwa Sebuah Psikomemoar by Anta Samsara</p>'),
(552, 2392, 'id', 'Goresan Tinta Kehidupan', NULL, '<p>Goresan Tinta Kehidupan</p>'),
(553, 2393, 'id', 'Guru Kehidupan Cerita tentang Agama dan Masyarakat by Mahli Zainuddin Tago', NULL, '<p>Guru Kehidupan Cerita tentang Agama dan Masyarakat by Mahli Zainuddin Tago</p>'),
(554, 2394, 'id', 'Guru Para Dewa by Susan Elbaum Jootla', NULL, '<p>Guru Para Dewa by Susan Elbaum Jootla</p>'),
(555, 2395, 'id', 'Guru Para Dewa', NULL, '<p>Guru Para Dewa</p>'),
(556, 2396, 'id', 'Hakekat Agama', NULL, '<p>Hakekat Agama</p>'),
(557, 2397, 'id', 'Hakekat sufi', NULL, '<p>Hakekat sufi</p>'),
(558, 2398, 'id', 'HAKEKAT tasawuf', NULL, '<p>HAKEKAT tasawuf</p>'),
(559, 2399, 'id', 'hakekat sufi', NULL, '<p>hakekat sufi</p>'),
(560, 2400, 'id', 'Hakikat Jiwa Manusia Berdasarkan Al Quran dan As Sunnah by Abu Abdillah Fatih Falestin', NULL, '<p>Hakikat Jiwa Manusia Berdasarkan Al Quran dan As Sunnah by Abu Abdillah Fatih Falestin</p>'),
(561, 2401, 'id', 'Hakikat Sufi', NULL, '<p>Hakikat Sufi</p>'),
(562, 2402, 'id', 'hakikat sufi[syekh dr sholeh]', NULL, '<p>hakikat sufi[syekh dr sholeh]</p>'),
(563, 2403, 'id', 'Hakikat Syiah', NULL, '<p>Hakikat Syiah</p>'),
(564, 2404, 'id', 'Hakikat Tasawuf \'Abdullah Taslim', NULL, '<p>Hakikat Tasawuf \'Abdullah Taslim</p>'),
(565, 2405, 'id', 'HALAL DAN HARAM INFINITY DOWNLINE', NULL, '<p>HALAL DAN HARAM INFINITY DOWNLINE</p>'),
(566, 2406, 'id', 'Halal Haram', NULL, '<p>Halal Haram</p>'),
(567, 2407, 'id', 'halal MUI', NULL, '<p>halal MUI</p>');
INSERT INTO `webinar_translations` (`id`, `webinar_id`, `locale`, `title`, `seo_description`, `description`) VALUES
(568, 2408, 'id', 'haram mengucapkan selamat natal', NULL, '<p>haram mengucapkan selamat natal</p>'),
(569, 2409, 'id', 'haram merayakan natal dan tahun baru', NULL, '<p>haram merayakan natal dan tahun baru</p>'),
(570, 2410, 'id', 'Haram dan Halal dalam Islam', NULL, '<p>Haram dan Halal dalam Islam</p>'),
(571, 2411, 'id', 'Haram', NULL, '<p>Haram</p>'),
(572, 2412, 'id', 'Hidup Bukan Hanya Penderitaan', NULL, '<p>Hidup Bukan Hanya Penderitaan</p>'),
(573, 2413, 'id', 'Hidup Dalam Teropong Spiritual', NULL, '<p>Hidup Dalam Teropong Spiritual</p>'),
(574, 2414, 'id', 'Hidup Sesuai Dhamma Bhante Uttamo', NULL, '<p>Hidup Sesuai Dhamma Bhante Uttamo</p>'),
(575, 2415, 'id', 'Hidup Sesuai Dhamma by Dhammacitta.org', NULL, '<p>Hidup Sesuai Dhamma by Dhammacitta.org</p>'),
(576, 2416, 'id', 'hidup sesuai dhamma', NULL, '<p>hidup sesuai dhamma</p>'),
(577, 2417, 'id', 'Hikayat Penaklukan Diri Sendiri', NULL, '<p>Hikayat Penaklukan Diri Sendiri</p>'),
(578, 2418, 'id', 'hkm maulid Syaikh Utsaimin', NULL, '<p>hkm maulid Syaikh Utsaimin</p>'),
(579, 2419, 'id', 'Hukuim+Boikot+Produk+Orang+Kafir', NULL, '<p>Hukuim+Boikot+Produk+Orang+Kafir</p>'),
(580, 2420, 'id', 'Hukum & Adab Islam [Indonesia]', NULL, '<p>Hukum & Adab Islam [Indonesia]</p>'),
(581, 2421, 'id', 'hukum istihza ibnu \'abidin as soronji', NULL, '<p>hukum istihza ibnu \'abidin as soronji</p>'),
(582, 2422, 'id', 'hukum abborsi', NULL, '<p>hukum abborsi</p>'),
(583, 2423, 'id', 'Hukum Bagi Murtad Kafir', NULL, '<p>Hukum Bagi Murtad Kafir</p>'),
(584, 2424, 'id', 'hukum bekerja di bank', NULL, '<p>hukum bekerja di bank</p>'),
(585, 2425, 'id', 'Hukum Binaan Di atas Kubur', NULL, '<p>Hukum Binaan Di atas Kubur</p>'),
(586, 2426, 'id', 'Hukum Cadar Khalid Syamhudi', NULL, '<p>Hukum Cadar Khalid Syamhudi</p>'),
(587, 2427, 'id', 'Hukum Cadar al Albani', NULL, '<p>Hukum Cadar al Albani</p>'),
(588, 2428, 'id', 'Hukum Foto dan Gambar', NULL, '<p>Hukum Foto dan Gambar</p>'),
(589, 2429, 'id', 'Hukum foto, jenggot dan musik', NULL, '<p>Hukum foto, jenggot dan musik</p>'),
(590, 2430, 'id', 'HUKUM FOTOGRAFI', NULL, '<p>HUKUM FOTOGRAFI</p>'),
(591, 2431, 'id', 'Hukum haid nifas berkabung', NULL, '<p>Hukum haid nifas berkabung</p>'),
(592, 2432, 'id', 'Hukum Ikut Serta Dalam Parlemen', NULL, '<p>Hukum Ikut Serta Dalam Parlemen</p>'),
(593, 2433, 'id', 'Hukum Isbal [Menurunkan Pakaian Dibawah Mata Kaki] 7', NULL, '<p>Hukum Isbal [Menurunkan Pakaian Dibawah Mata Kaki] 7</p>'),
(594, 2434, 'id', 'hukum islam indonesia (1)', NULL, '<p>hukum islam indonesia (1)</p>'),
(595, 2435, 'id', 'hukum islam indonesia', NULL, '<p>hukum islam indonesia</p>'),
(596, 2436, 'id', 'hukum jihad di palestina', NULL, '<p>hukum jihad di palestina</p>'),
(597, 2437, 'id', 'hukum lagu musik syeh albani', NULL, '<p>hukum lagu musik syeh albani</p>'),
(598, 2438, 'id', 'Hukum Lakonan', NULL, '<p>Hukum Lakonan</p>'),
(599, 2439, 'id', 'Hukum Mandi Jinabah', NULL, '<p>Hukum Mandi Jinabah</p>'),
(600, 2440, 'id', 'Hukum Melafadzkan Niat', NULL, '<p>Hukum Melafadzkan Niat</p>'),
(601, 2441, 'id', 'Hukum Melaksanakan Shalat Ied', NULL, '<p>Hukum Melaksanakan Shalat Ied</p>'),
(602, 2442, 'id', 'Hukum Memakai Cadar dalam Pandangan 4 Madzhab', NULL, '<p>Hukum Memakai Cadar dalam Pandangan 4 Madzhab</p>'),
(603, 2443, 'id', 'HUKUM MEMBUNUH TAWANAN [Syaikh Yusuf Al Uyairi] (39)', NULL, '<p>HUKUM MEMBUNUH TAWANAN [Syaikh Yusuf Al Uyairi] (39)</p>'),
(604, 2444, 'id', 'hukum meminta pertolongan pada jin untuk mengetahui perkara gaib dan untuk hipnotis', NULL, '<p>hukum meminta pertolongan pada jin untuk mengetahui perkara gaib dan untuk hipnotis</p>'),
(605, 2445, 'id', 'HUKUM MEMOHON KEPADA ALLAH DENGAN KEDUDUKAN DAN KEMULIAAN ORANG SALEH', NULL, '<p>HUKUM MEMOHON KEPADA ALLAH DENGAN KEDUDUKAN DAN KEMULIAAN ORANG SALEH</p>'),
(606, 2446, 'id', 'hukum mempergunakan zakat untuk membangun masjid', NULL, '<p>hukum mempergunakan zakat untuk membangun masjid</p>'),
(607, 2447, 'id', 'hukum memperingati maulid nabi syaikh muhammad bin shalih al utsaimin', NULL, '<p>hukum memperingati maulid nabi syaikh muhammad bin shalih al utsaimin</p>'),
(608, 2448, 'id', 'hukum memperingati maulid nabi', NULL, '<p>hukum memperingati maulid nabi</p>'),
(609, 2449, 'id', 'Hukum Mencela & Istihza\' thd Allah, Rasul Nya & Syari\'at Nya Ibnu \'Abidin As Soronji', NULL, '<p>Hukum Mencela & Istihza\' thd Allah, Rasul Nya & Syari\'at Nya Ibnu \'Abidin As Soronji</p>'),
(610, 2450, 'id', 'Hukum mencela dan istihza ', NULL, '<p>Hukum mencela dan istihza </p>'),
(611, 2451, 'id', 'hukum mencium tangan dan menunduk', NULL, '<p>hukum mencium tangan dan menunduk</p>'),
(612, 2452, 'id', 'hukum mendengarkan nyanyian', NULL, '<p>hukum mendengarkan nyanyian</p>'),
(613, 2453, 'id', 'Hukum Menghadiahkan Pahala Al Quran kepada Si Mati Syeikh Muhaddith Abdullah Siddiq Al Ghummari..', NULL, '<p>Hukum Menghadiahkan Pahala Al Quran kepada Si Mati Syeikh Muhaddith Abdullah Siddiq Al Ghummari..</p>'),
(614, 2454, 'id', 'Hukum Mengiringi Sembahyang Zohor Selepas Sembahyang Juma\'at', NULL, '<p>Hukum Mengiringi Sembahyang Zohor Selepas Sembahyang Juma\'at</p>'),
(615, 2455, 'id', 'Hukum mengkafirkan sesama muslim Syaikh Al Albani', NULL, '<p>Hukum mengkafirkan sesama muslim Syaikh Al Albani</p>'),
(616, 2456, 'id', 'HUKUM MENGOLEKSI PATUNG', NULL, '<p>HUKUM MENGOLEKSI PATUNG</p>'),
(617, 2457, 'id', 'hukum meninggalkan sholat', NULL, '<p>hukum meninggalkan sholat</p>'),
(618, 2458, 'id', 'HUKUM MENONTON TELEVISI', NULL, '<p>HUKUM MENONTON TELEVISI</p>'),
(619, 2459, 'id', 'hukum menyediakan kenduri kematian', NULL, '<p>hukum menyediakan kenduri kematian</p>'),
(620, 2460, 'id', 'Hukum Merayakan Hari Lahir (ulang tahun) Seseorang', NULL, '<p>Hukum Merayakan Hari Lahir (ulang tahun) Seseorang</p>'),
(621, 2461, 'id', 'hukum merokok', NULL, '<p>hukum merokok</p>'),
(622, 2462, 'id', 'hukum minyak wangi (parfum) berkadar alkohol', NULL, '<p>hukum minyak wangi (parfum) berkadar alkohol</p>'),
(623, 2463, 'id', 'Hukum Musik dan Nyanyian', NULL, '<p>Hukum Musik dan Nyanyian</p>'),
(624, 2464, 'id', 'hukum ohm & hambatan', NULL, '<p>hukum ohm & hambatan</p>'),
(625, 2465, 'id', 'Hukum Orang Meninggalkan Shalat', NULL, '<p>Hukum Orang Meninggalkan Shalat</p>'),
(626, 2466, 'id', 'Hukum Orang Yang Meninggalkan Shalat', NULL, '<p>Hukum Orang Yang Meninggalkan Shalat</p>'),
(627, 2467, 'id', 'hukum org yg meninggalkan sholat [muhammad bin shaleh al utsaimin]', NULL, '<p>hukum org yg meninggalkan sholat [muhammad bin shaleh al utsaimin]</p>'),
(628, 2468, 'id', 'hukum pasta gigi', NULL, '<p>hukum pasta gigi</p>'),
(629, 2469, 'id', 'Hukum Pengkafiran Dan Pemboman 1', NULL, '<p>Hukum Pengkafiran Dan Pemboman 1</p>'),
(630, 2470, 'id', 'Hukum Pengkafiran Terhadap Penguasa, Metode Penculikan Dan Pembunuhan Misterius !', NULL, '<p>Hukum Pengkafiran Terhadap Penguasa, Metode Penculikan Dan Pembunuhan Misterius !</p>'),
(631, 2471, 'id', 'Hukum Perayaan Menyambut Tahun Baru 3', NULL, '<p>Hukum Perayaan Menyambut Tahun Baru 3</p>'),
(632, 2472, 'id', 'Hukum Perkawinan Dengan Ahlul Bid\'ah Dr. Ibrahim bin 窶連mir Ar Ruhaili', NULL, '<p>Hukum Perkawinan Dengan Ahlul Bid\'ah Dr. Ibrahim bin 窶連mir Ar Ruhaili</p>'),
(633, 2473, 'id', 'Hukum Perkawinan dengan Ahlul Bid\'ah[Dr. Ibrahim bin ‘Amir Ar Ruhaili]', NULL, '<p>Hukum Perkawinan dengan Ahlul Bid\'ah[Dr. Ibrahim bin ‘Amir Ar Ruhaili]</p>'),
(634, 2474, 'id', 'Hukum pernikahan dg ahlul bid\'ah', NULL, '<p>Hukum pernikahan dg ahlul bid\'ah</p>'),
(635, 2475, 'id', 'Hukum Qiradh (4 Mazhab)', NULL, '<p>Hukum Qiradh (4 Mazhab)</p>'),
(636, 2476, 'id', 'Hukum Shaf yg Terpisah dg Tiang Masjid Askari Jamal al Bugisi', NULL, '<p>Hukum Shaf yg Terpisah dg Tiang Masjid Askari Jamal al Bugisi</p>'),
(637, 2477, 'id', 'Hukum Shalat di belakang Imam yang berqunut Shubuh', NULL, '<p>Hukum Shalat di belakang Imam yang berqunut Shubuh</p>'),
(638, 2478, 'id', 'Hukum Shalat Ied, Wajib atau Sunah Mushthafa bin Isma\'il as Sulaimani', NULL, '<p>Hukum Shalat Ied, Wajib atau Sunah Mushthafa bin Isma\'il as Sulaimani</p>'),
(639, 2479, 'id', 'Hukum shalat ied', NULL, '<p>Hukum shalat ied</p>'),
(640, 2480, 'id', 'hukum shalat jama\'ah kedua', NULL, '<p>hukum shalat jama\'ah kedua</p>'),
(641, 2481, 'id', 'Hukum Sihir & Dukun [Abdul Aziz]', NULL, '<p>Hukum Sihir & Dukun [Abdul Aziz]</p>'),
(642, 2482, 'id', 'Hukum Sihir Dan Perdukunan', NULL, '<p>Hukum Sihir Dan Perdukunan</p>'),
(643, 2483, 'id', 'hukum sihir, dukun & zina [dr moh mu\'inudin]', NULL, '<p>hukum sihir, dukun & zina [dr moh mu\'inudin]</p>'),
(644, 2484, 'id', 'Hukum Solat Jamaah', NULL, '<p>Hukum Solat Jamaah</p>'),
(645, 2485, 'id', 'Hukum Solat Jum\'at', NULL, '<p>Hukum Solat Jum\'at</p>'),
(646, 2486, 'id', 'HUKUM SOLAT SUNAT HAJAT BERJEMAAH', NULL, '<p>HUKUM SOLAT SUNAT HAJAT BERJEMAAH</p>'),
(647, 2487, 'id', 'Hukum Tidak Mengingkari Kemungkaran Karena Ia Sendiri Melakukannya', NULL, '<p>Hukum Tidak Mengingkari Kemungkaran Karena Ia Sendiri Melakukannya</p>'),
(648, 2488, 'id', 'Hukum Toharoh & Shalat [Dr Moh Mu\'inudin]', NULL, '<p>Hukum Toharoh & Shalat [Dr Moh Mu\'inudin]</p>'),
(649, 2489, 'id', 'Hukum Ungkapan Kebebasan Berfikir', NULL, '<p>Hukum Ungkapan Kebebasan Berfikir</p>'),
(650, 2490, 'id', 'hukum ungkapan yang ditujukan untuk jenazah', NULL, '<p>hukum ungkapan yang ditujukan untuk jenazah</p>'),
(651, 2491, 'id', 'Hukum Vaksin', NULL, '<p>Hukum Vaksin</p>'),
(652, 2492, 'id', 'hukum cadar', NULL, '<p>hukum cadar</p>'),
(653, 2493, 'id', 'Hukum Hukum Fiqih [Indonesia]', NULL, '<p>Hukum Hukum Fiqih [Indonesia]</p>'),
(654, 2494, 'id', 'hukum hukum jenazah', NULL, '<p>hukum hukum jenazah</p>'),
(655, 2495, 'id', 'Hukum hukum seputar do a', NULL, '<p>Hukum hukum seputar do a</p>'),
(656, 2496, 'id', 'hukum hukum seputar hari raya idul adha', NULL, '<p>hukum hukum seputar hari raya idul adha</p>'),
(657, 2497, 'id', 'Hukum Hukum Seputar Idul Adha', NULL, '<p>Hukum Hukum Seputar Idul Adha</p>'),
(658, 2498, 'id', 'Hukum hukum Seputar Shalat Ali Raghib', NULL, '<p>Hukum hukum Seputar Shalat Ali Raghib</p>'),
(659, 2499, 'id', 'Hukum hukum SeputarShalat', NULL, '<p>Hukum hukum SeputarShalat</p>'),
(660, 2500, 'id', 'Hukum Hukum Shalat', NULL, '<p>Hukum Hukum Shalat</p>'),
(661, 2501, 'id', 'Hukum hukum Tahiyatul Masjid', NULL, '<p>Hukum hukum Tahiyatul Masjid</p>'),
(662, 2502, 'id', 'hukum hukum thalaq', NULL, '<p>hukum hukum thalaq</p>'),
(663, 2503, 'id', 'Hukum hukum ringkas seputar Hari Ied dan Zakat Al Fitri', NULL, '<p>Hukum hukum ringkas seputar Hari Ied dan Zakat Al Fitri</p>'),
(664, 2504, 'id', 'hukum hukum seputar mandi janabah', NULL, '<p>hukum hukum seputar mandi janabah</p>'),
(665, 2505, 'id', 'hukum hukum', NULL, '<p>hukum hukum</p>'),
(666, 2506, 'id', 'Hukum hukumSeputarShalat', NULL, '<p>Hukum hukumSeputarShalat</p>'),
(667, 2507, 'id', 'hukum melafazkan niat', NULL, '<p>hukum melafazkan niat</p>'),
(668, 2508, 'id', 'hukum memperingati maulid nabi', NULL, '<p>hukum memperingati maulid nabi</p>'),
(669, 2509, 'id', 'hukum mencela dan istihza', NULL, '<p>hukum mencela dan istihza</p>'),
(670, 2510, 'id', 'hukum meninggalkan shalat', NULL, '<p>hukum meninggalkan shalat</p>'),
(671, 2511, 'id', 'hukum orang meninggalkan shalat', NULL, '<p>hukum orang meninggalkan shalat</p>'),
(672, 2512, 'id', 'hukum selamatan kematian', NULL, '<p>hukum selamatan kematian</p>'),
(673, 2513, 'id', 'hukum sihir dan perdukunan', NULL, '<p>hukum sihir dan perdukunan</p>'),
(674, 2514, 'id', 'Hukum Zakat Profesi Fatwa Ulama', NULL, '<p>Hukum Zakat Profesi Fatwa Ulama</p>'),
(675, 2515, 'id', 'Hukum2 Kewanitaan', NULL, '<p>Hukum2 Kewanitaan</p>'),
(676, 2516, 'id', 'Hukum2 yg Berkaitan dg Do\'a Nurul Mukhlisin', NULL, '<p>Hukum2 yg Berkaitan dg Do\'a Nurul Mukhlisin</p>'),
(677, 2517, 'id', 'hukum2 seputar doa', NULL, '<p>hukum2 seputar doa</p>'),
(678, 2518, 'id', 'Humanisme dalam Agama Konghutsu ', NULL, '<p>Humanisme dalam Agama Konghutsu </p>'),
(679, 2519, 'id', 'Iblis Lawan atau Kawan Setan dalam Interpretasi Sufi by Javad Nurbakhsh', NULL, '<p>Iblis Lawan atau Kawan Setan dalam Interpretasi Sufi by Javad Nurbakhsh</p>'),
(680, 2520, 'id', 'id Hukum Bergantung Kepada Para Wali', NULL, '<p>id Hukum Bergantung Kepada Para Wali</p>'),
(681, 2521, 'id', 'id Hukum Foto dan gambar', NULL, '<p>id Hukum Foto dan gambar</p>'),
(682, 2522, 'id', 'id Hukum Gerakan dalam Shalat', NULL, '<p>id Hukum Gerakan dalam Shalat</p>'),
(683, 2523, 'id', 'id hukum membacakan quran untuk mayit', NULL, '<p>id hukum membacakan quran untuk mayit</p>'),
(684, 2524, 'id', 'id Hukum mendatangi istri dari belakang sodomi', NULL, '<p>id Hukum mendatangi istri dari belakang sodomi</p>'),
(685, 2525, 'id', 'id Hukum Mendatangkan Roh', NULL, '<p>id Hukum Mendatangkan Roh</p>'),
(686, 2526, 'id', 'id Hukum Menghina Agama', NULL, '<p>id Hukum Menghina Agama</p>'),
(687, 2527, 'id', 'id Hukum Meyakini Bahwa Rasulullah Ada Di Setiap Tempat Dan Mengetahui Perkara Gaib', NULL, '<p>id Hukum Meyakini Bahwa Rasulullah Ada Di Setiap Tempat Dan Mengetahui Perkara Gaib</p>'),
(688, 2528, 'id', 'id Hukum minta tolong kepada jin', NULL, '<p>id Hukum minta tolong kepada jin</p>'),
(689, 2529, 'id', 'id Hukum Onani', NULL, '<p>id Hukum Onani</p>'),
(690, 2530, 'id', 'Ikhtisar Ajaran Buddha', NULL, '<p>Ikhtisar Ajaran Buddha</p>'),
(691, 2531, 'id', 'Ilmu Hikmah', NULL, '<p>Ilmu Hikmah</p>'),
(692, 2532, 'id', 'Ilmu Jiwa Agama (The Psychology of Religion) by Prof. Dr. Rusmin Tumanggor, M.A. ', NULL, '<p>Ilmu Jiwa Agama (The Psychology of Religion) by Prof. Dr. Rusmin Tumanggor, M.A. </p>'),
(693, 2533, 'id', 'Ilmu Kalam Memotret Berbagai Aliran Teologi dalam Islam by Dr. H. Muhammad Hasbi', NULL, '<p>Ilmu Kalam Memotret Berbagai Aliran Teologi dalam Islam by Dr. H. Muhammad Hasbi</p>'),
(694, 2534, 'id', 'Ilmu Kateketik dan Identitasnya by Carolus Putranto, S.J., Ignatius L. Madya Utama, S.J., Bernardus Agus Rukiyanto, S.J., Fransiskus Xaverius Dapiyanta (editor)', NULL, '<p>Ilmu Kateketik dan Identitasnya by Carolus Putranto, S.J., Ignatius L. Madya Utama, S.J., Bernardus Agus Rukiyanto, S.J., Fransiskus Xaverius Dapiyanta (editor)</p>'),
(695, 2535, 'id', 'Ilmu Ketuhanan (Ilmu Kalam) by Atjeh Abubakar H.', NULL, '<p>Ilmu Ketuhanan (Ilmu Kalam) by Atjeh Abubakar H.</p>'),
(696, 2536, 'id', 'Ilmu Laduni Buah Ibadah dan Tawasul by Muhammad Luthfi Ghozali', NULL, '<p>Ilmu Laduni Buah Ibadah dan Tawasul by Muhammad Luthfi Ghozali</p>'),
(697, 2537, 'id', 'Ilmu Makrifat Jawa Sangkan Paraning Dumadi Eksplorasi Sufistik Konsep Mengenal Diri dalam Pustaka Islam Kejawen Kunci Swarga Miftahul Djanati by Nur Kolis, Ph.D. ', NULL, '<p>Ilmu Makrifat Jawa Sangkan Paraning Dumadi Eksplorasi Sufistik Konsep Mengenal Diri dalam Pustaka Islam Kejawen Kunci Swarga Miftahul Djanati by Nur Kolis, Ph.D. </p>'),
(698, 2538, 'id', 'Ilmu Mantiq by Dr. Muhammad Roy Purwanto', NULL, '<p>Ilmu Mantiq by Dr. Muhammad Roy Purwanto</p>'),
(699, 2539, 'id', 'Ilmu Sosial Budaya Dasar by Elly M. Setiadi, M.Si, ,', NULL, '<p>Ilmu Sosial Budaya Dasar by Elly M. Setiadi, M.Si, ,</p>'),
(700, 2540, 'id', 'Ilmu Sosial Budaya Dasar by Muhammad Syukri Albani Nasution, M. Nur Husein Daulay, Neila Susanti, Syafruddin Syam', NULL, '<p>Ilmu Sosial Budaya Dasar by Muhammad Syukri Albani Nasution, M. Nur Husein Daulay, Neila Susanti, Syafruddin Syam</p>'),
(701, 2541, 'id', 'Ilmu Tantra Bali 1 Sample', NULL, '<p>Ilmu Tantra Bali 1 Sample</p>'),
(702, 2542, 'id', 'Ilmu Tasawuf Penguatan Mental Spiritual dan Akhlaq by Dr. H. Imam Kanafi, M.Ag.', NULL, '<p>Ilmu Tasawuf Penguatan Mental Spiritual dan Akhlaq by Dr. H. Imam Kanafi, M.Ag.</p>'),
(703, 2543, 'id', 'ilmu waris (image)', NULL, '<p>ilmu waris (image)</p>'),
(704, 2544, 'id', 'Imanensi dan Transendensi Sebuah Rekonstruksi Deleuzian atas Ontologi Imanensi dalam Tradisi Filsafat Prancis Kontemporer by Martin Suryajaya', NULL, '<p>Imanensi dan Transendensi Sebuah Rekonstruksi Deleuzian atas Ontologi Imanensi dalam Tradisi Filsafat Prancis Kontemporer by Martin Suryajaya</p>'),
(705, 2545, 'id', 'Implementasi Moderasi Beragama Pada Direktorat Jenderal Pendidikan Islam by Pokja Implementasi Moderasi Islam Ditjen Pendidikan Islam', NULL, '<p>Implementasi Moderasi Beragama Pada Direktorat Jenderal Pendidikan Islam by Pokja Implementasi Moderasi Islam Ditjen Pendidikan Islam</p>'),
(706, 2546, 'id', 'Implementasi Pendidikan Agama dan Pendidikan Karakter by Edy Riyanto, M.Pd., dkk.', NULL, '<p>Implementasi Pendidikan Agama dan Pendidikan Karakter by Edy Riyanto, M.Pd., dkk.</p>'),
(707, 2547, 'id', 'Implementasi Pendidikan Karakter by Sofyan Mustoip, Muhammad Japar, Zulela Ms.', NULL, '<p>Implementasi Pendidikan Karakter by Sofyan Mustoip, Muhammad Japar, Zulela Ms.</p>'),
(708, 2548, 'id', 'Individu', NULL, '<p>Individu</p>'),
(709, 2549, 'id', 'Indonesia Sebagai Ruang Imajinasi by Ary Budiyanto, Hipolitus K. Kewuel, Nindyo Budi Kumoro, Manggala Ismanto, Sigit Prawoto, Fuad Firmansyah', NULL, '<p>Indonesia Sebagai Ruang Imajinasi by Ary Budiyanto, Hipolitus K. Kewuel, Nindyo Budi Kumoro, Manggala Ismanto, Sigit Prawoto, Fuad Firmansyah</p>'),
(710, 2550, 'id', 'Insan Moderat Refleksi Kehidupan Beragama, Berbangsa dan Bernegara by Dr. Sumarto, M.Pd.I.', NULL, '<p>Insan Moderat Refleksi Kehidupan Beragama, Berbangsa dan Bernegara by Dr. Sumarto, M.Pd.I.</p>'),
(711, 2551, 'id', 'Interaksi Agama dan Budaya di Masyarakat by Achmad Royhan Choidab, Ahmad Mudakir, Ahmad Said Mubarok, Akhrie Ramadayanto, Bambang Supriadi', NULL, '<p>Interaksi Agama dan Budaya di Masyarakat by Achmad Royhan Choidab, Ahmad Mudakir, Ahmad Said Mubarok, Akhrie Ramadayanto, Bambang Supriadi</p>'),
(712, 2552, 'id', 'International Relation Theory by Takdir Ali Mukti, Stephen McGlinchey et. al.', NULL, '<p>International Relation Theory by Takdir Ali Mukti, Stephen McGlinchey et. al.</p>'),
(713, 2553, 'id', 'Interpretasi Ta Pei Cou (Mahakaruna Dharani) oleh praktisi Theravada', NULL, '<p>Interpretasi Ta Pei Cou (Mahakaruna Dharani) oleh praktisi Theravada</p>'),
(714, 2554, 'id', 'intisari agama buddha', NULL, '<p>intisari agama buddha</p>'),
(715, 2555, 'id', 'Intisari Jalan Kesucian', NULL, '<p>Intisari Jalan Kesucian</p>'),
(716, 2556, 'id', 'Investigasi Menuju Pencerahan', NULL, '<p>Investigasi Menuju Pencerahan</p>'),
(717, 2557, 'id', 'ISLAM & MUSLIM', NULL, '<p>ISLAM & MUSLIM</p>'),
(718, 2558, 'id', 'Islam Agama Ramah Lingkungan by Syaikh Yusuf al Qaradhawi', NULL, '<p>Islam Agama Ramah Lingkungan by Syaikh Yusuf al Qaradhawi</p>'),
(719, 2559, 'id', 'Islam dan Budaya Lokal Kajian Antropologi Agama by H. Lebba Kadorre Pongsibanne', NULL, '<p>Islam dan Budaya Lokal Kajian Antropologi Agama by H. Lebba Kadorre Pongsibanne</p>'),
(720, 2560, 'id', 'Islam dan Kebatinan by H.M. Rasjidi', NULL, '<p>Islam dan Kebatinan by H.M. Rasjidi</p>'),
(721, 2561, 'id', 'Islam Doktrin dan Peradaban by Dr. Nurcholish Madjid', NULL, '<p>Islam Doktrin dan Peradaban by Dr. Nurcholish Madjid</p>'),
(722, 2562, 'id', 'Islam Nusantara Relasi Agama Budaya dan Tendensi Kuasa Ulama by Achmad Syahid', NULL, '<p>Islam Nusantara Relasi Agama Budaya dan Tendensi Kuasa Ulama by Achmad Syahid</p>'),
(723, 2563, 'id', 'Islam Tuhan Islam Manusia by Haidar Bagir', NULL, '<p>Islam Tuhan Islam Manusia by Haidar Bagir</p>'),
(724, 2564, 'id', 'Islam, Agama agama, dan Nilai Kemanusiaan Festschrift untuk M. Amin Abdullah by Moch Nur Ichwan Ahmad Muttaqin (editor)', NULL, '<p>Islam, Agama agama, dan Nilai Kemanusiaan Festschrift untuk M. Amin Abdullah by Moch Nur Ichwan Ahmad Muttaqin (editor)</p>'),
(725, 2565, 'id', 'Islam, HAM, dan Keindonesiaan Refleksi dan Agenda Aksi untuk Pendidikan Agama', NULL, '<p>Islam, HAM, dan Keindonesiaan Refleksi dan Agenda Aksi untuk Pendidikan Agama</p>'),
(726, 2566, 'id', 'Islam, Negara dan Masa Depan Ideologi Politik by Dr. Abdul Chalik', NULL, '<p>Islam, Negara dan Masa Depan Ideologi Politik by Dr. Abdul Chalik</p>'),
(727, 2567, 'id', 'ISTILAH ISTILAH TASAWWUF MENURUT SHAYKH ABDUL QADIR AL FATANI (TRANSLITERASI DAN ANOTASI)', NULL, '<p>ISTILAH ISTILAH TASAWWUF MENURUT SHAYKH ABDUL QADIR AL FATANI (TRANSLITERASI DAN ANOTASI)</p>'),
(728, 2568, 'id', 'Istiqamah Bersama Agama Allah', NULL, '<p>Istiqamah Bersama Agama Allah</p>'),
(729, 2569, 'id', 'It\'s Easy to be Happy', NULL, '<p>It\'s Easy to be Happy</p>'),
(730, 2570, 'id', 'Jabat Tangan Terlarang', NULL, '<p>Jabat Tangan Terlarang</p>'),
(731, 2571, 'id', 'Jadikan Batinmu Seluas Samudera', NULL, '<p>Jadikan Batinmu Seluas Samudera</p>'),
(732, 2572, 'id', 'Jadikan Nibbana Sebagai Tujuanmu', NULL, '<p>Jadikan Nibbana Sebagai Tujuanmu</p>'),
(733, 2573, 'id', 'Jalaluddin Rakhmat Membuka Tirai Kegaiban', NULL, '<p>Jalaluddin Rakhmat Membuka Tirai Kegaiban</p>'),
(734, 2574, 'id', 'Jalan Buddha Menuju Kedamaian dan Kebahagiaan', NULL, '<p>Jalan Buddha Menuju Kedamaian dan Kebahagiaan</p>'),
(735, 2575, 'id', 'Jalan cinta sang sufi ajaran ajaran spiritual Jalâluddîn Rûmî by William C. Chittick', NULL, '<p>Jalan cinta sang sufi ajaran ajaran spiritual Jalâluddîn Rûmî by William C. Chittick</p>'),
(736, 2576, 'id', 'Jalan Kesucian Jilid 1', NULL, '<p>Jalan Kesucian Jilid 1</p>'),
(737, 2577, 'id', 'Jalan Menuju Akhir Penderitaan', NULL, '<p>Jalan Menuju Akhir Penderitaan</p>'),
(738, 2578, 'id', 'Jalan Rahmat Mengetuk Pintu Tuhan by Jalaluddin Rakhmat', NULL, '<p>Jalan Rahmat Mengetuk Pintu Tuhan by Jalaluddin Rakhmat</p>'),
(739, 2579, 'id', 'jalan sufi idris shah', NULL, '<p>jalan sufi idris shah</p>'),
(740, 2580, 'id', 'Jalan Sufi by Idries Shah', NULL, '<p>Jalan Sufi by Idries Shah</p>'),
(741, 2581, 'id', 'JALAN SUFI', NULL, '<p>JALAN SUFI</p>'),
(742, 2582, 'id', 'Jangan Ada Dukkha di Antara Kita', NULL, '<p>Jangan Ada Dukkha di Antara Kita</p>'),
(743, 2583, 'id', 'jataka atthakatha volume i', NULL, '<p>jataka atthakatha volume i</p>'),
(744, 2584, 'id', 'jataka atthakatha volume ii', NULL, '<p>jataka atthakatha volume ii</p>'),
(745, 2585, 'id', 'jataka atthakatha volume iii', NULL, '<p>jataka atthakatha volume iii</p>'),
(746, 2586, 'id', 'jataka atthakatha volume iv', NULL, '<p>jataka atthakatha volume iv</p>'),
(747, 2587, 'id', 'jataka atthakatha volume v', NULL, '<p>jataka atthakatha volume v</p>'),
(748, 2588, 'id', 'Jejak Langkah Gunung Absurd Master Ch\'an Han Shan', NULL, '<p>Jejak Langkah Gunung Absurd Master Ch\'an Han Shan</p>'),
(749, 2589, 'id', 'Jejak Langkah Gunung Absurd Otobiografi Wejangan Master Chan Han Shan (1546 1623) by Upasaka Richard Cheung', NULL, '<p>Jejak Langkah Gunung Absurd Otobiografi Wejangan Master Chan Han Shan (1546 1623) by Upasaka Richard Cheung</p>'),
(750, 2590, 'id', 'Jhana Jhana dan Umat Awam menurut Sutta Sutta Pali', NULL, '<p>Jhana Jhana dan Umat Awam menurut Sutta Sutta Pali</p>'),
(751, 2591, 'id', 'Jihad Menentang Agama Batil Indonsian', NULL, '<p>Jihad Menentang Agama Batil Indonsian</p>'),
(752, 2592, 'id', 'Jika Kita Tak Pernah Jadi Apa Apa by Alvi Syahrin', NULL, '<p>Jika Kita Tak Pernah Jadi Apa Apa by Alvi Syahrin</p>'),
(753, 2593, 'id', 'Jika Kita Tak Pernah Jatuh Cinta by Alvi Syahrin', NULL, '<p>Jika Kita Tak Pernah Jatuh Cinta by Alvi Syahrin</p>'),
(754, 2594, 'id', 'Jinacarita Sebuah Puisi Pali', NULL, '<p>Jinacarita Sebuah Puisi Pali</p>'),
(755, 2595, 'id', 'Kajian Ontologis Studi Agama Agama by Habib Hanafi, Syarifudin, Deden Nurfaizal, Siti Nurjanah', NULL, '<p>Kajian Ontologis Studi Agama Agama by Habib Hanafi, Syarifudin, Deden Nurfaizal, Siti Nurjanah</p>'),
(756, 2596, 'id', 'Kalama Sutta', NULL, '<p>Kalama Sutta</p>'),
(757, 2597, 'id', 'kammatthana', NULL, '<p>kammatthana</p>'),
(758, 2598, 'id', 'Kamus Istilah Psikologi by Fuad Hassan, dkk.', NULL, '<p>Kamus Istilah Psikologi by Fuad Hassan, dkk.</p>'),
(759, 2599, 'id', 'Kamus Filsafat', NULL, '<p>Kamus Filsafat</p>'),
(760, 2600, 'id', 'Karakterisitik dan Esensi Agama Buddha', NULL, '<p>Karakterisitik dan Esensi Agama Buddha</p>'),
(761, 2601, 'id', 'Karma dan Kelahiran Kembali', NULL, '<p>Karma dan Kelahiran Kembali</p>'),
(762, 2602, 'id', 'KARMA PHALA DAN PUNARBHAVA', NULL, '<p>KARMA PHALA DAN PUNARBHAVA</p>'),
(763, 2603, 'id', 'Karma', NULL, '<p>Karma</p>'),
(764, 2604, 'id', 'Karya Lengkap Driyarkara Esai esai Filsafat Pemikir yang Terlibat Penuh dalam Perjuangan Bangsanya by Nicolaus Driyarkara, Antonius Sudiarja ', NULL, '<p>Karya Lengkap Driyarkara Esai esai Filsafat Pemikir yang Terlibat Penuh dalam Perjuangan Bangsanya by Nicolaus Driyarkara, Antonius Sudiarja </p>'),
(765, 2605, 'id', 'Kasus Dharmakaya Kajian untuk mempelajari Agama Buddha dan Membangun Masyarakat Thai by Phra Phromkhunabhorn', NULL, '<p>Kasus Dharmakaya Kajian untuk mempelajari Agama Buddha dan Membangun Masyarakat Thai by Phra Phromkhunabhorn</p>'),
(766, 2606, 'id', 'Kasus Dharmakaya', NULL, '<p>Kasus Dharmakaya</p>'),
(767, 2607, 'id', 'Kebebasan Sempurna', NULL, '<p>Kebebasan Sempurna</p>'),
(768, 2608, 'id', 'Kebebasan, Toleransi dan Terorisme Riset dan Kebijakan Agama di Indonesia', NULL, '<p>Kebebasan, Toleransi dan Terorisme Riset dan Kebijakan Agama di Indonesia</p>'),
(769, 2609, 'id', 'Kebudayaan Mentalitas dan Pembangunan by Koentjaraningrat', NULL, '<p>Kebudayaan Mentalitas dan Pembangunan by Koentjaraningrat</p>'),
(770, 2610, 'id', 'kedamaian batin', NULL, '<p>kedamaian batin</p>'),
(771, 2611, 'id', 'Kehidupan Bebas Dari Uang', NULL, '<p>Kehidupan Bebas Dari Uang</p>'),
(772, 2612, 'id', 'kelahiran kembali dan keadaan antara dalam buddhisme awal', NULL, '<p>kelahiran kembali dan keadaan antara dalam buddhisme awal</p>'),
(773, 2613, 'id', '[01] Putri yang Manja', NULL, '<p>[01] Putri yang Manja</p>'),
(774, 2614, 'id', '[02] Di Kerajaan Satwa', NULL, '<p>[02] Di Kerajaan Satwa</p>'),
(775, 2615, 'id', '[03] Tabib Palsu', NULL, '<p>[03] Tabib Palsu</p>'),
(776, 2616, 'id', '[04] Gerbang ke Timur', NULL, '<p>[04] Gerbang ke Timur</p>'),
(777, 2617, 'id', '[05] Monster Danau Kabut', NULL, '<p>[05] Monster Danau Kabut</p>'),
(778, 2618, 'id', '[06] Lorong Menuju Utara', NULL, '<p>[06] Lorong Menuju Utara</p>'),
(779, 2619, 'id', '[07] Perjalanan ke Barat', NULL, '<p>[07] Perjalanan ke Barat</p>'),
(780, 2620, 'id', '[08] Laut Menuju ke Selatan', NULL, '<p>[08] Laut Menuju ke Selatan</p>'),
(781, 2621, 'id', '[09] Peniup Suling dari Kota Elang', NULL, '<p>[09] Peniup Suling dari Kota Elang</p>'),
(782, 2622, 'id', '[10] Gigi gigi Casius Gaius', NULL, '<p>[10] Gigi gigi Casius Gaius</p>'),
(783, 2623, 'id', '[11] Pompit yang Bandel', NULL, '<p>[11] Pompit yang Bandel</p>'),
(784, 2624, 'id', '[12] Menangkap si Jahil', NULL, '<p>[12] Menangkap si Jahil</p>'),
(785, 2625, 'id', '[13] Tiga Penyihir Usil', NULL, '<p>[13] Tiga Penyihir Usil</p>'),
(786, 2626, 'id', '[14] Mencari Jejak Perampok', NULL, '<p>[14] Mencari Jejak Perampok</p>'),
(787, 2627, 'id', '[15] Sarakah si Penipu', NULL, '<p>[15] Sarakah si Penipu</p>'),
(788, 2628, 'id', '[16] Putri Melati Centilaneh', NULL, '<p>[16] Putri Melati Centilaneh</p>'),
(789, 2629, 'id', '[17] Bombasto si Penyihir', NULL, '<p>[17] Bombasto si Penyihir</p>'),
(790, 2630, 'id', '[18] Lemari dengan 1000 Pintu', NULL, '<p>[18] Lemari dengan 1000 Pintu</p>'),
(791, 2631, 'id', '[19] Kapal dari Es', NULL, '<p>[19] Kapal dari Es</p>'),
(792, 2632, 'id', '[20] Kimono Hitam', NULL, '<p>[20] Kimono Hitam</p>'),
(793, 2633, 'id', '[21] Kepala Suku yang Menyamar', NULL, '<p>[21] Kepala Suku yang Menyamar</p>'),
(794, 2634, 'id', '[22] Kembali ke Kerajaan Satwa', NULL, '<p>[22] Kembali ke Kerajaan Satwa</p>'),
(795, 2635, 'id', '[23] Kisah kisah yang Menakjubkan', NULL, '<p>[23] Kisah kisah yang Menakjubkan</p>'),
(796, 2636, 'id', 'Kematian Sebuah Risalah Filsafati tentang Eksistensi dan Ketiadaan by Muhammad Damm', NULL, '<p>Kematian Sebuah Risalah Filsafati tentang Eksistensi dan Ketiadaan by Muhammad Damm</p>'),
(797, 2637, 'id', 'Kembali ke Masa Sang Buddha', NULL, '<p>Kembali ke Masa Sang Buddha</p>'),
(798, 2638, 'id', 'Keperawatan Jiwa by Ns. Nurhalimah, S.Kep, M.Kep. Sp.Kep.J', NULL, '<p>Keperawatan Jiwa by Ns. Nurhalimah, S.Kep, M.Kep. Sp.Kep.J</p>'),
(799, 2639, 'id', 'Kerancuan Filsafat (Tahafut Al Falasifah) by Imam Al Gazali', NULL, '<p>Kerancuan Filsafat (Tahafut Al Falasifah) by Imam Al Gazali</p>'),
(800, 2640, 'id', 'kerasukan setan', NULL, '<p>kerasukan setan</p>'),
(801, 2641, 'id', 'kerasukan setan', NULL, '<p>kerasukan setan</p>'),
(802, 2642, 'id', 'kesaksian para praktisi', NULL, '<p>kesaksian para praktisi</p>'),
(803, 2643, 'id', 'kesaksian kesaksian mengenai hukum karma', NULL, '<p>kesaksian kesaksian mengenai hukum karma</p>'),
(804, 2644, 'id', 'KESESATAN SUFI (TASAWUF TASAUF) by Ahmad bin Abdul Aziz Al Hushain and Dr. Abdullah Mustofa Numsuk', NULL, '<p>KESESATAN SUFI (TASAWUF TASAUF) by Ahmad bin Abdul Aziz Al Hushain and Dr. Abdullah Mustofa Numsuk</p>'),
(805, 2645, 'id', 'Ketika kebenaran agama langir dipertanyakan', NULL, '<p>Ketika kebenaran agama langir dipertanyakan</p>'),
(806, 2646, 'id', 'Kholifah Bumi Guru Mursyid sebagai Bapak Ruhaniah by Muhammad Luthfi Ghozali', NULL, '<p>Kholifah Bumi Guru Mursyid sebagai Bapak Ruhaniah by Muhammad Luthfi Ghozali</p>'),
(807, 2647, 'id', 'Kiat Kiat Menafsirkan Mimpi by Leonardo Rimba', NULL, '<p>Kiat Kiat Menafsirkan Mimpi by Leonardo Rimba</p>'),
(808, 2648, 'id', 'Kisah berkeliling alam neraka', NULL, '<p>Kisah berkeliling alam neraka</p>'),
(809, 2649, 'id', 'Kisah Inspiratif Puteri Buddha', NULL, '<p>Kisah Inspiratif Puteri Buddha</p>'),
(810, 2650, 'id', 'Kisah Sebuah Rakit Tua', NULL, '<p>Kisah Sebuah Rakit Tua</p>'),
(811, 2651, 'id', 'Kisah Tersirat Sebuah Apresiasi Analitis atas Kisah Buddha by Sylvia Bay', NULL, '<p>Kisah Tersirat Sebuah Apresiasi Analitis atas Kisah Buddha by Sylvia Bay</p>'),
(812, 2652, 'id', 'Kisah Tersirat', NULL, '<p>Kisah Tersirat</p>'),
(813, 2653, 'id', 'Kitab Firasat Ilmu Membaca Sifat dan Karakter Orang dari Bentuk Tubuhnya by Imam Fakhruddin ar Razi', NULL, '<p>Kitab Firasat Ilmu Membaca Sifat dan Karakter Orang dari Bentuk Tubuhnya by Imam Fakhruddin ar Razi</p>'),
(814, 2654, 'id', 'Kitab Pali', NULL, '<p>Kitab Pali</p>'),
(815, 2655, 'id', 'Kitab Suci Kesatria Cahaya by Paulo Coelho', NULL, '<p>Kitab Suci Kesatria Cahaya by Paulo Coelho</p>'),
(816, 2656, 'id', 'kitab zen', NULL, '<p>kitab zen</p>'),
(817, 2657, 'id', 'Komentar Anattalakkhana Sutta dan Malukyaputta Sutta', NULL, '<p>Komentar Anattalakkhana Sutta dan Malukyaputta Sutta</p>'),
(818, 2658, 'id', 'Komunikasi Antarbudaya dalam Tradisi Agama Jawa by Dr. Mukti Ali, M.Hum.', NULL, '<p>Komunikasi Antarbudaya dalam Tradisi Agama Jawa by Dr. Mukti Ali, M.Hum.</p>'),
(819, 2659, 'id', 'Komunikasi Budaya, Pariwisata dan Religi by Hapsari Dwiningtyas Sulistyani, dkk.', NULL, '<p>Komunikasi Budaya, Pariwisata dan Religi by Hapsari Dwiningtyas Sulistyani, dkk.</p>'),
(820, 2660, 'id', 'Komunikasi, Religi dan Budaya by Fajar Junaedi dan Ayub Dwi Anggoro (editor)', NULL, '<p>Komunikasi, Religi dan Budaya by Fajar Junaedi dan Ayub Dwi Anggoro (editor)</p>'),
(821, 2661, 'id', 'Konflik Bernuansa Agama Peta Konflik Berbagai Daerah di Indonesia 1997 2005 by Choirul Fuad Yusuf', NULL, '<p>Konflik Bernuansa Agama Peta Konflik Berbagai Daerah di Indonesia 1997 2005 by Choirul Fuad Yusuf</p>'),
(822, 2662, 'id', 'Konseling Berfokus Resolusi Konflik antar Sebaya Dari Perselisihan ke Perdamaian di Kalangan Remaja by Latipun', NULL, '<p>Konseling Berfokus Resolusi Konflik antar Sebaya Dari Perselisihan ke Perdamaian di Kalangan Remaja by Latipun</p>'),
(823, 2663, 'id', 'Konsep Konseling Berdasarkan Ayat Ayat Al Quran (Jilid II) by Drs. Abdul Hayat, M.Pd.', NULL, '<p>Konsep Konseling Berdasarkan Ayat Ayat Al Quran (Jilid II) by Drs. Abdul Hayat, M.Pd.</p>'),
(824, 2664, 'id', 'Konsili Buddhis Menurut Tradisi Theravada', NULL, '<p>Konsili Buddhis Menurut Tradisi Theravada</p>'),
(825, 2665, 'id', 'Konspirasi Alam Semesta by Fiersa Besari (z lib.org)', NULL, '<p>Konspirasi Alam Semesta by Fiersa Besari (z lib.org)</p>'),
(826, 2666, 'id', 'Kontestasi Agama dan Negara Politik Hukum Penodaan Agama di Asia Tenggara by Fauzan Ali Rasyid, Ah. Fathonih, Syahrul Anwar, Ayi Yunus Rusyana', NULL, '<p>Kontestasi Agama dan Negara Politik Hukum Penodaan Agama di Asia Tenggara by Fauzan Ali Rasyid, Ah. Fathonih, Syahrul Anwar, Ayi Yunus Rusyana</p>'),
(827, 2667, 'id', 'Kontestasi Identitas Agama Lokalitas Spiritual di Indonesia by Dr. Hasse Jubba, MA.', NULL, '<p>Kontestasi Identitas Agama Lokalitas Spiritual di Indonesia by Dr. Hasse Jubba, MA.</p>'),
(828, 2668, 'id', 'Kosmologi Studi Struktur dan Asal Mula Alam Semesta by Fabian Chandra', NULL, '<p>Kosmologi Studi Struktur dan Asal Mula Alam Semesta by Fabian Chandra</p>'),
(829, 2669, 'id', 'Kosmologi Islam dan Dunia Modern by William C. Chittick', NULL, '<p>Kosmologi Islam dan Dunia Modern by William C. Chittick</p>'),
(830, 2670, 'id', 'kosmologi', NULL, '<p>kosmologi</p>'),
(831, 2671, 'id', 'Kronologi Hidup Buddha', NULL, '<p>Kronologi Hidup Buddha</p>'),
(832, 2672, 'id', 'Kumpulan Artikel Bhikkhu Bodhi by Bhikkhu Bodhi', NULL, '<p>Kumpulan Artikel Bhikkhu Bodhi by Bhikkhu Bodhi</p>'),
(833, 2673, 'id', 'Kumpulan Ceramah Dhammaclass Masa Vassa Vihara Vidyaloka', NULL, '<p>Kumpulan Ceramah Dhammaclass Masa Vassa Vihara Vidyaloka</p>'),
(834, 2674, 'id', 'Kumpulan Khotbah Sang Buddha', NULL, '<p>Kumpulan Khotbah Sang Buddha</p>'),
(835, 2675, 'id', 'kumpulan kisah nyata pantangan berzinah (jilid lengkap)', NULL, '<p>kumpulan kisah nyata pantangan berzinah (jilid lengkap)</p>'),
(836, 2676, 'id', 'Kumpulan Misteri Dunia by Hastomo, Ssit.', NULL, '<p>Kumpulan Misteri Dunia by Hastomo, Ssit.</p>'),
(837, 2677, 'id', 'kumpulan ringkasan ceramah dhamma by Bhikkhu Cittaguto', NULL, '<p>kumpulan ringkasan ceramah dhamma by Bhikkhu Cittaguto</p>'),
(838, 2678, 'id', 'Kumpulan Ringkasan Ceramah Dhamma', NULL, '<p>Kumpulan Ringkasan Ceramah Dhamma</p>'),
(839, 2679, 'id', 'kumpulan beberapa sutra buddhisme mahayana 1', NULL, '<p>kumpulan beberapa sutra buddhisme mahayana 1</p>'),
(840, 2680, 'id', 'kumpulan beberapa sutra buddhisme mahayana 2', NULL, '<p>kumpulan beberapa sutra buddhisme mahayana 2</p>'),
(841, 2681, 'id', 'kuning', NULL, '<p>kuning</p>'),
(842, 2682, 'id', 'Kupas Tuntas Masalah Jin Sihir by Dr..Ibrahim Kamal Adham', NULL, '<p>Kupas Tuntas Masalah Jin Sihir by Dr..Ibrahim Kamal Adham</p>'),
(843, 2683, 'id', 'kupas tuntas seputar RUH', NULL, '<p>kupas tuntas seputar RUH</p>'),
(844, 2684, 'id', 'Laki Laki dan Perempuan Identitas yang Berbeda Analisis Gender dan Politik Perspektif Post Feminisme by Dra. Nila Sastrawati, M.Si.', NULL, '<p>Laki Laki dan Perempuan Identitas yang Berbeda Analisis Gender dan Politik Perspektif Post Feminisme by Dra. Nila Sastrawati, M.Si.</p>'),
(845, 2685, 'id', 'Landasan Psikologis Pendidikan Islam by Syihabuddin', NULL, '<p>Landasan Psikologis Pendidikan Islam by Syihabuddin</p>'),
(846, 2686, 'id', 'Larangan Berlaku Boros', NULL, '<p>Larangan Berlaku Boros</p>'),
(847, 2687, 'id', 'Larangan Meminta Minta', NULL, '<p>Larangan Meminta Minta</p>'),
(848, 2688, 'id', 'Lima Penghalusinasi', NULL, '<p>Lima Penghalusinasi</p>'),
(849, 2689, 'id', 'Literasi Moderasi Beragama di Indonesia', NULL, '<p>Literasi Moderasi Beragama di Indonesia</p>'),
(850, 2690, 'id', 'Loving the Wounded Soul (Alasan dan Tujuan Depresi Hadir di Hidup Manusia) by Regis Machdy', NULL, '<p>Loving the Wounded Soul (Alasan dan Tujuan Depresi Hadir di Hidup Manusia) by Regis Machdy</p>'),
(851, 2691, 'id', 'maha parinibbana sutta', NULL, '<p>maha parinibbana sutta</p>'),
(852, 2692, 'id', 'Majjhima Nikaya Khotbah khotbah Menengah Sang Buddha by Dhammacitta press', NULL, '<p>Majjhima Nikaya Khotbah khotbah Menengah Sang Buddha by Dhammacitta press</p>'),
(853, 2693, 'id', 'Majjhima Nikaya Khotbah khotbah Menengah Sang Buddha', NULL, '<p>Majjhima Nikaya Khotbah khotbah Menengah Sang Buddha</p>'),
(854, 2694, 'id', 'Makalah Agama Agama dan Filsafat', NULL, '<p>Makalah Agama Agama dan Filsafat</p>'),
(855, 2695, 'id', 'Makan', NULL, '<p>Makan</p>'),
(856, 2696, 'id', 'Makanan haram dalam islam A Z', NULL, '<p>Makanan haram dalam islam A Z</p>'),
(857, 2697, 'id', 'Makanan+Haram', NULL, '<p>Makanan+Haram</p>'),
(858, 2698, 'id', 'Maklumat Raja Asoka', NULL, '<p>Maklumat Raja Asoka</p>'),
(859, 2699, 'id', 'Makna Paritta', NULL, '<p>Makna Paritta</p>'),
(860, 2700, 'id', 'Manajemen Diri Buddhis', NULL, '<p>Manajemen Diri Buddhis</p>'),
(861, 2701, 'id', 'MANFAAT MEMBACA PARRITA', NULL, '<p>MANFAAT MEMBACA PARRITA</p>'),
(862, 2702, 'id', 'Mantra by Deddy Corbuzier', NULL, '<p>Mantra by Deddy Corbuzier</p>'),
(863, 2703, 'id', 'Manusia dan Islam Jilid 1 by Dr. Haron Din', NULL, '<p>Manusia dan Islam Jilid 1 by Dr. Haron Din</p>'),
(864, 2704, 'id', 'Manusia dan Islam Jilid 2 by Dr. Haron Din', NULL, '<p>Manusia dan Islam Jilid 2 by Dr. Haron Din</p>'),
(865, 2705, 'id', 'Manusia Dan Islam Jilid 3 by Dr. Haron Din', NULL, '<p>Manusia Dan Islam Jilid 3 by Dr. Haron Din</p>'),
(866, 2706, 'id', 'Mara si Penggoda', NULL, '<p>Mara si Penggoda</p>'),
(867, 2707, 'id', 'Marifatullah la khaliqa illa allah', NULL, '<p>Marifatullah la khaliqa illa allah</p>'),
(868, 2708, 'id', 'Mata Ketiga dan Cara Menggunakannya by Leonardo Rimba', NULL, '<p>Mata Ketiga dan Cara Menggunakannya by Leonardo Rimba</p>'),
(869, 2709, 'id', 'Media+Pembelajaran+Pendukung+perkuliahan+Filsafat Filsafat+Ilmu Filsafat+Pendidikan+Matematika Filsafat+Pendidikan+Sain', NULL, '<p>Media+Pembelajaran+Pendukung+perkuliahan+Filsafat Filsafat+Ilmu Filsafat+Pendidikan+Matematika Filsafat+Pendidikan+Sain</p>'),
(870, 2710, 'id', 'Media＋Pembelajaran＋Pendukung＋perkuliahan＋Filsafat＿Filsafat+Ilmu Filsafat+Pendidikan+Matematika Filsafat+Pendidikan+Sain', NULL, '<p>Media＋Pembelajaran＋Pendukung＋perkuliahan＋Filsafat＿Filsafat+Ilmu Filsafat+Pendidikan+Matematika Filsafat+Pendidikan+Sain</p>'),
(871, 2711, 'id', 'Meditasi Pernafasan Bikkhu Kassapa', NULL, '<p>Meditasi Pernafasan Bikkhu Kassapa</p>'),
(872, 2712, 'id', 'meditation (samadhi bhavana)', NULL, '<p>meditation (samadhi bhavana)</p>'),
(873, 2713, 'id', 'Melihat Dhamma', NULL, '<p>Melihat Dhamma</p>'),
(874, 2714, 'id', 'Melihat Pohon Bodhi', NULL, '<p>Melihat Pohon Bodhi</p>'),
(875, 2715, 'id', 'Memahami Buddhisme Tradisi Mahayana', NULL, '<p>Memahami Buddhisme Tradisi Mahayana</p>'),
(876, 2716, 'id', 'membaca dan menyentuh al qur\'an dalam keadaan hadast', NULL, '<p>membaca dan menyentuh al qur\'an dalam keadaan hadast</p>'),
(877, 2717, 'id', 'Membangkitkan Hati yang Baik', NULL, '<p>Membangkitkan Hati yang Baik</p>'),
(878, 2718, 'id', 'Membangun Moderasi Beragama Umat Melalui Integrasi Keilmuan by Dr. Muhammad Qasim, M.Pd.I.', NULL, '<p>Membangun Moderasi Beragama Umat Melalui Integrasi Keilmuan by Dr. Muhammad Qasim, M.Pd.I.</p>'),
(879, 2719, 'id', 'Membangun Moral Bangsa Melalui Akhlak Tasawuf by M. Iqbal Irham, M.Ag.', NULL, '<p>Membangun Moral Bangsa Melalui Akhlak Tasawuf by M. Iqbal Irham, M.Ag.</p>'),
(880, 2720, 'id', 'Membatasi Tanpa Melanggar Hak Kebebasan Beragama atau Berkeyakinan by Zainal Abidin Bagir, Asfinawati, Suhadi, Renata Arianingtyas', NULL, '<p>Membatasi Tanpa Melanggar Hak Kebebasan Beragama atau Berkeyakinan by Zainal Abidin Bagir, Asfinawati, Suhadi, Renata Arianingtyas</p>'),
(881, 2721, 'id', 'Membela Kebebasan Beragama buku 1, Budi Munawwar Rahma .ed', NULL, '<p>Membela Kebebasan Beragama buku 1, Budi Munawwar Rahma .ed</p>'),
(882, 2722, 'id', 'membela kebebasan beragama buku 2', NULL, '<p>membela kebebasan beragama buku 2</p>'),
(883, 2723, 'id', 'Membela Kebebasan Beragama, Budi Munawwar Rahma .ed', NULL, '<p>Membela Kebebasan Beragama, Budi Munawwar Rahma .ed</p>'),
(884, 2724, 'id', 'Membongkar kesesatan REiki Tenaga dalam & Ilmu Kesaktian', NULL, '<p>Membongkar kesesatan REiki Tenaga dalam & Ilmu Kesaktian</p>'),
(885, 2725, 'id', 'Membuka Jalan', NULL, '<p>Membuka Jalan</p>'),
(886, 2726, 'id', 'Membuka Kebenaran Spiritual', NULL, '<p>Membuka Kebenaran Spiritual</p>'),
(887, 2727, 'id', 'Membuka Tirai Kegaiban Renungan Renungan Sufistik by Jalaluddin Rakhmat', NULL, '<p>Membuka Tirai Kegaiban Renungan Renungan Sufistik by Jalaluddin Rakhmat</p>'),
(888, 2728, 'id', 'Menampar Propaganda Kembali Kepada Quran Keruntuhan Argumentasi Anti Madzhab dan Anti Taqlid by Syaikh Muhammad Said Ramadan al Buthy', NULL, '<p>Menampar Propaganda Kembali Kepada Quran Keruntuhan Argumentasi Anti Madzhab dan Anti Taqlid by Syaikh Muhammad Said Ramadan al Buthy</p>'),
(889, 2729, 'id', 'Menelusuri Jalan Spiritual bigfile', NULL, '<p>Menelusuri Jalan Spiritual bigfile</p>'),
(890, 2730, 'id', 'menelusuri jalan spiritual', NULL, '<p>menelusuri jalan spiritual</p>'),
(891, 2731, 'id', 'Menerbitkan Cahaya Diri Sebuah Risalah Sufistik tentang Pendidikan Jiwa by Sayid Abbas Nuruddin', NULL, '<p>Menerbitkan Cahaya Diri Sebuah Risalah Sufistik tentang Pendidikan Jiwa by Sayid Abbas Nuruddin</p>'),
(892, 2732, 'id', 'Mengapa U Sikkhananda tidak Memenuhi Undangan untuk Meresitasikan Paritta', NULL, '<p>Mengapa U Sikkhananda tidak Memenuhi Undangan untuk Meresitasikan Paritta</p>'),
(893, 2733, 'id', 'Mengelola Keragaman dan Kebebasan Beragama di Indonesia Refleksi atas Beberapa Pendekatan Advokasi by Samsu Rizal Panggabean, Mohammad Miqdad, Asfinawati, Ram Kakarala', NULL, '<p>Mengelola Keragaman dan Kebebasan Beragama di Indonesia Refleksi atas Beberapa Pendekatan Advokasi by Samsu Rizal Panggabean, Mohammad Miqdad, Asfinawati, Ram Kakarala</p>'),
(894, 2734, 'id', 'Mengelola Keragaman dan Kebebasan Beragama di Indonesia Sejarah, Teori dan Advokasi by Robert W. Hefner Ihsan Ali Fauzi', NULL, '<p>Mengelola Keragaman dan Kebebasan Beragama di Indonesia Sejarah, Teori dan Advokasi by Robert W. Hefner Ihsan Ali Fauzi</p>'),
(895, 2735, 'id', 'mengenal beberapa aspek filsafat konfusianisme, taoisme, dan. buddhisme', NULL, '<p>mengenal beberapa aspek filsafat konfusianisme, taoisme, dan. buddhisme</p>'),
(896, 2736, 'id', 'Mengenal Diri Tuntunan Islam dalam Memahami Jiwa, Watak dan Keperibadian Anda by Mohammad Ali Shomali', NULL, '<p>Mengenal Diri Tuntunan Islam dalam Memahami Jiwa, Watak dan Keperibadian Anda by Mohammad Ali Shomali</p>'),
(897, 2737, 'id', 'Mengenal Kenikmatan Surga Firdaus Yang Kekal Dan Abadi Edisi Bahasa Indonesia by Jannah Firdaus Mediapro', NULL, '<p>Mengenal Kenikmatan Surga Firdaus Yang Kekal Dan Abadi Edisi Bahasa Indonesia by Jannah Firdaus Mediapro</p>'),
(898, 2738, 'id', 'Mengenal Kesehatan Jiwa versi PDF Tunggal by Anta Samsara', NULL, '<p>Mengenal Kesehatan Jiwa versi PDF Tunggal by Anta Samsara</p>'),
(899, 2739, 'id', 'mengenal para bodhisattva', NULL, '<p>mengenal para bodhisattva</p>'),
(900, 2740, 'id', 'Mengenal pokok pokok ajaran syiah imamiyah dan perbedaannya dengan ahlussunnah', NULL, '<p>Mengenal pokok pokok ajaran syiah imamiyah dan perbedaannya dengan ahlussunnah</p>'),
(901, 2741, 'id', 'Mengenal Psikologi Humanistik by Anta Samsara', NULL, '<p>Mengenal Psikologi Humanistik by Anta Samsara</p>'),
(902, 2742, 'id', 'Mengerti Sosiologi Pengantar Memahami Konsep Konsep Sosiologi by Dr. M. Amin Nurdin, MA. Ahmad Abrori, M.Si.', NULL, '<p>Mengerti Sosiologi Pengantar Memahami Konsep Konsep Sosiologi by Dr. M. Amin Nurdin, MA. Ahmad Abrori, M.Si.</p>'),
(903, 2743, 'id', 'Mengkaji Tafsir Sufi Karya Ibnu ‘Ajibah Kitab al Bahr al Madid fi Tafsir al Qur’an al Majid by Moh. Azwar Hairul', NULL, '<p>Mengkaji Tafsir Sufi Karya Ibnu ‘Ajibah Kitab al Bahr al Madid fi Tafsir al Qur’an al Majid by Moh. Azwar Hairul</p>'),
(904, 2744, 'id', 'Menguak Dunia Jin Ruqyah Dampak dan Bahayanya by Muhammad Luthfi Ghozali', NULL, '<p>Menguak Dunia Jin Ruqyah Dampak dan Bahayanya by Muhammad Luthfi Ghozali</p>'),
(905, 2745, 'id', 'Menguak DUNIA JIN Ruqyah dampak dan bahayanya M Luthfi Ghazali', NULL, '<p>Menguak DUNIA JIN Ruqyah dampak dan bahayanya M Luthfi Ghazali</p>'),
(906, 2746, 'id', 'Menguak Misteri Kematian', NULL, '<p>Menguak Misteri Kematian</p>'),
(907, 2747, 'id', 'Meninjau Ulang dan Menyikapi Pragmatisme Dewasa Ini', NULL, '<p>Meninjau Ulang dan Menyikapi Pragmatisme Dewasa Ini</p>'),
(908, 2748, 'id', 'Menjaga Adat, Menguatkan Agama Katoba dan Identitas Muslim Muna by Dr. Asliah Zainal, M.A.', NULL, '<p>Menjaga Adat, Menguatkan Agama Katoba dan Identitas Muslim Muna by Dr. Asliah Zainal, M.A.</p>'),
(909, 2749, 'id', 'Menuju Penguatan Hak Korban dalam RUU Penghapusan Kekerasan Seksual by Maidina Rahmawati Supriyadi Widodo Eddyono', NULL, '<p>Menuju Penguatan Hak Korban dalam RUU Penghapusan Kekerasan Seksual by Maidina Rahmawati Supriyadi Widodo Eddyono</p>'),
(910, 2750, 'id', 'Menuju Sains Berkelanjutan', NULL, '<p>Menuju Sains Berkelanjutan</p>'),
(911, 2751, 'id', 'Menyadari Batin dgn Pengantar', NULL, '<p>Menyadari Batin dgn Pengantar</p>'),
(912, 2752, 'id', 'Menyembuhkan Diri, Mengatasi Derita', NULL, '<p>Menyembuhkan Diri, Mengatasi Derita</p>'),
(913, 2753, 'id', 'Merawat Kebersamaan Polisi, Kebebasan Beragama dan Perdamaian by Rizal Panggabean dan Ihsan Ali Fauzi', NULL, '<p>Merawat Kebersamaan Polisi, Kebebasan Beragama dan Perdamaian by Rizal Panggabean dan Ihsan Ali Fauzi</p>'),
(914, 2754, 'id', 'Merawat Pemikiran Buya Syafii Keislaman, Keindonesiaan dan Kemanusiaan by Moh. Shofan (editor)', NULL, '<p>Merawat Pemikiran Buya Syafii Keislaman, Keindonesiaan dan Kemanusiaan by Moh. Shofan (editor)</p>'),
(915, 2755, 'id', 'merayakan kebebasan beragama dp', NULL, '<p>merayakan kebebasan beragama dp</p>'),
(916, 2756, 'id', 'Merayakan Keragaman Mengenal Lebih Dekat Ragam Agama di Indonesia by Ibn Ghifarie', NULL, '<p>Merayakan Keragaman Mengenal Lebih Dekat Ragam Agama di Indonesia by Ibn Ghifarie</p>'),
(917, 2757, 'id', 'Messianik Yahudi Juru Selamat Yahudi dalam Telaah Psikoanalisa Erich Fromm by Anggun Gunawan, S.Fil.', NULL, '<p>Messianik Yahudi Juru Selamat Yahudi dalam Telaah Psikoanalisa Erich Fromm by Anggun Gunawan, S.Fil.</p>'),
(918, 2758, 'id', 'Metode dan Pendekatan dalam Syarah Hadis by Muhammad Misbah, dkk.', NULL, '<p>Metode dan Pendekatan dalam Syarah Hadis by Muhammad Misbah, dkk.</p>'),
(919, 2759, 'id', 'Metta dan Mangala', NULL, '<p>Metta dan Mangala</p>'),
(920, 2760, 'id', 'metta', NULL, '<p>metta</p>'),
(921, 2761, 'id', 'Meyakini Menghargai Ensiklopedia Mengenal Lebih Dekat Ragam Agama dan Kepercayaan di Indonesia by Nenden Hendarsih', NULL, '<p>Meyakini Menghargai Ensiklopedia Mengenal Lebih Dekat Ragam Agama dan Kepercayaan di Indonesia by Nenden Hendarsih</p>'),
(922, 2762, 'id', 'Mingun Sayadaw Riwayat Agung Para Buddha Buku 1', NULL, '<p>Mingun Sayadaw Riwayat Agung Para Buddha Buku 1</p>'),
(923, 2763, 'id', 'Misteri Ilmu Nafi\'', NULL, '<p>Misteri Ilmu Nafi\'</p>'),
(924, 2764, 'id', 'Misteri Kehadiran Arwah', NULL, '<p>Misteri Kehadiran Arwah</p>'),
(925, 2765, 'id', 'Misteri Ramadhan by Dr. Said bin Musaffar al Qahthani, Muhammad bin Mubarak ath Thawasyi', NULL, '<p>Misteri Ramadhan by Dr. Said bin Musaffar al Qahthani, Muhammad bin Mubarak ath Thawasyi</p>'),
(926, 2766, 'id', 'Mistik dan Makrifat Sunan Kalijaga', NULL, '<p>Mistik dan Makrifat Sunan Kalijaga</p>'),
(927, 2767, 'id', 'Mistik Pembebasan Dunia Butuh Sembuh dan Manusia Perlu Waras by Abdillah Muhammad Marzuqi', NULL, '<p>Mistik Pembebasan Dunia Butuh Sembuh dan Manusia Perlu Waras by Abdillah Muhammad Marzuqi</p>'),
(928, 2768, 'id', 'Model Model Dakwah di Era Kontemporer by Dr. H. Fahrurrozi, MA', NULL, '<p>Model Model Dakwah di Era Kontemporer by Dr. H. Fahrurrozi, MA</p>'),
(929, 2769, 'id', 'Moderasi Beragama by Tim Penyusun', NULL, '<p>Moderasi Beragama by Tim Penyusun</p>'),
(930, 2770, 'id', 'Moderasi Beragama Jihad Ulama Menyelamatkan Umat dan Negeri dari Bahaya Hoax by Muhamad Qustulani, Fahmi Irfani, Ecep Ishak Fariduddin, Ahmad Suhendra', NULL, '<p>Moderasi Beragama Jihad Ulama Menyelamatkan Umat dan Negeri dari Bahaya Hoax by Muhamad Qustulani, Fahmi Irfani, Ecep Ishak Fariduddin, Ahmad Suhendra</p>'),
(931, 2771, 'id', 'Modul Intervensi Pencegahan Kekerasan Seksual terhadap Anak by Dr. Ns. Meri Neherta, S.Kep., M.Biomed', NULL, '<p>Modul Intervensi Pencegahan Kekerasan Seksual terhadap Anak by Dr. Ns. Meri Neherta, S.Kep., M.Biomed</p>'),
(932, 2772, 'id', 'Modul+Filsafat+Ilmu', NULL, '<p>Modul+Filsafat+Ilmu</p>'),
(933, 2773, 'id', 'Monografi Kerukunan Umat Beragama di Indonesia by Dr. Kustini (editor)', NULL, '<p>Monografi Kerukunan Umat Beragama di Indonesia by Dr. Kustini (editor)</p>'),
(934, 2774, 'id', 'Monoteisme Tauhid sebagai Sistem Nilai dan Akidah Islam by Muhammad Taqi Misbah', NULL, '<p>Monoteisme Tauhid sebagai Sistem Nilai dan Akidah Islam by Muhammad Taqi Misbah</p>'),
(935, 2775, 'id', 'Muhasabah', NULL, '<p>Muhasabah</p>'),
(936, 2776, 'id', 'Nahdlatul Wathan di Era Reformasi Agama, Konflik Komunal dan Peta Rekonsiliasi by Saipul Hamdi', NULL, '<p>Nahdlatul Wathan di Era Reformasi Agama, Konflik Komunal dan Peta Rekonsiliasi by Saipul Hamdi</p>'),
(937, 2777, 'id', 'Nasihat Praktis Bagi Meditator', NULL, '<p>Nasihat Praktis Bagi Meditator</p>'),
(938, 2778, 'id', 'New Normal, Kajian Multidisiplin by Editor Akhsanul In’am Latipun', NULL, '<p>New Normal, Kajian Multidisiplin by Editor Akhsanul In’am Latipun</p>'),
(939, 2779, 'id', 'Ngaben Warga Dadya Arya Kubontubuh Tirtha Sari Desa Ulakan Karangasem Perspektif Pendidikan Agama Hindu by Dr. I Ketut Sudarsana, S.Ag., M.Pd.H.', NULL, '<p>Ngaben Warga Dadya Arya Kubontubuh Tirtha Sari Desa Ulakan Karangasem Perspektif Pendidikan Agama Hindu by Dr. I Ketut Sudarsana, S.Ag., M.Pd.H.</p>'),
(940, 2780, 'id', 'Nibbana Sebagai Suatu Pengalaman Hidup', NULL, '<p>Nibbana Sebagai Suatu Pengalaman Hidup</p>'),
(941, 2781, 'id', 'Nikah Beda Agama, Solusi Konflik by Percikan Iman', NULL, '<p>Nikah Beda Agama, Solusi Konflik by Percikan Iman</p>'),
(942, 2782, 'id', 'Nilai Nilai Spiritual dan Karakter dalam Sastra by I Komang Warsa', NULL, '<p>Nilai Nilai Spiritual dan Karakter dalam Sastra by I Komang Warsa</p>'),
(943, 2783, 'id', 'Obrolan Sufi Untuk Transformasi Hati, Jiwa, dan Ruh by Robert Frager, Ph.D.', NULL, '<p>Obrolan Sufi Untuk Transformasi Hati, Jiwa, dan Ruh by Robert Frager, Ph.D.</p>'),
(944, 2784, 'id', 'Origins of Terrorism Tinjauan Psikologi, Ideologi, Teologi dan Sikap Mental by Walter Reich', NULL, '<p>Origins of Terrorism Tinjauan Psikologi, Ideologi, Teologi dan Sikap Mental by Walter Reich</p>'),
(945, 2785, 'id', 'Otobiografi Phra Ajahn Lee Dhammadharo', NULL, '<p>Otobiografi Phra Ajahn Lee Dhammadharo</p>'),
(946, 2786, 'id', 'Panca Balikrama Besakih Manajemen, Implikasi, dan Dasar Pelaksanaan by W. Kandi Wijaya', NULL, '<p>Panca Balikrama Besakih Manajemen, Implikasi, dan Dasar Pelaksanaan by W. Kandi Wijaya</p>'),
(947, 2787, 'id', 'Pandangan Benar', NULL, '<p>Pandangan Benar</p>');
INSERT INTO `webinar_translations` (`id`, `webinar_id`, `locale`, `title`, `seo_description`, `description`) VALUES
(948, 2788, 'id', 'Pandangan Kejawen Tentang Tuhan', NULL, '<p>Pandangan Kejawen Tentang Tuhan</p>'),
(949, 2789, 'id', 'Pandangan Sang Buddha Tentang Makan Daging', NULL, '<p>Pandangan Sang Buddha Tentang Makan Daging</p>'),
(950, 2790, 'id', 'Panduan Mendidik Anak Sesuai Sunnah Nabi SAW. by Syaikh ‘Abdussalâm as Sulaymân', NULL, '<p>Panduan Mendidik Anak Sesuai Sunnah Nabi SAW. by Syaikh ‘Abdussalâm as Sulaymân</p>'),
(951, 2791, 'id', 'Panorama Pemikiran Islam Wawasan tentang Ketuhanan, Kemanusiaan, dan Hari Akhir by Prof. J. Subhani', NULL, '<p>Panorama Pemikiran Islam Wawasan tentang Ketuhanan, Kemanusiaan, dan Hari Akhir by Prof. J. Subhani</p>'),
(952, 2792, 'id', 'Partai Politik Pendidikan Agama Islam by Yunita Faela Nisa, M. Zaki Mubarak, A. Bakir Ihsan, Suryani, Tasman, Ahmad Al Fajri, Dita Kirana', NULL, '<p>Partai Politik Pendidikan Agama Islam by Yunita Faela Nisa, M. Zaki Mubarak, A. Bakir Ihsan, Suryani, Tasman, Ahmad Al Fajri, Dita Kirana</p>'),
(953, 2793, 'id', 'Pasang Surut Rekognisi Agama Leluhur dalam Politik Agama di Indonesia by Samsul Maarif', NULL, '<p>Pasang Surut Rekognisi Agama Leluhur dalam Politik Agama di Indonesia by Samsul Maarif</p>'),
(954, 2794, 'id', 'Pasung Jiwa by Okky Madasari', NULL, '<p>Pasung Jiwa by Okky Madasari</p>'),
(955, 2795, 'id', 'Paticcasamuppada (Kemunculan yang Dependen)', NULL, '<p>Paticcasamuppada (Kemunculan yang Dependen)</p>'),
(956, 2796, 'id', 'Paticcasamuppada', NULL, '<p>Paticcasamuppada</p>'),
(957, 2797, 'id', 'pelangi dharma', NULL, '<p>pelangi dharma</p>'),
(958, 2798, 'id', 'Pelintiran Kebencian Rekayasa Ketersinggungan Agama dan Ancamannya bagi Demokrasi by Cherian George', NULL, '<p>Pelintiran Kebencian Rekayasa Ketersinggungan Agama dan Ancamannya bagi Demokrasi by Cherian George</p>'),
(959, 2799, 'id', 'pembahasan tuntas peradaban manusia dari awal hingga akhir full final', NULL, '<p>pembahasan tuntas peradaban manusia dari awal hingga akhir full final</p>'),
(960, 2800, 'id', 'Pembebasan Perempuan Feminisme, Revolusi Kelas, dan Anarkisme by Sara M. Evans Deirdre Hogan', NULL, '<p>Pembebasan Perempuan Feminisme, Revolusi Kelas, dan Anarkisme by Sara M. Evans Deirdre Hogan</p>'),
(961, 2801, 'id', 'Pemeriksaan Fisik dan Aspek Medikolegal Kekerasan Seksual Pada Anak dan Remaja', NULL, '<p>Pemeriksaan Fisik dan Aspek Medikolegal Kekerasan Seksual Pada Anak dan Remaja</p>'),
(962, 2802, 'id', 'Pemikiran Politik Konfusius, Mencius Xunzi by Kristan, S.E., M.A.', NULL, '<p>Pemikiran Politik Konfusius, Mencius Xunzi by Kristan, S.E., M.A.</p>'),
(963, 2803, 'id', 'Pemikiran Tasawuf KH. Saleh Darat Al Samarani Maha Guru Para Ulama Nusantara by Prof. Dr. Ali Mas’ud Kholqillah, M.Ag.', NULL, '<p>Pemikiran Tasawuf KH. Saleh Darat Al Samarani Maha Guru Para Ulama Nusantara by Prof. Dr. Ali Mas’ud Kholqillah, M.Ag.</p>'),
(964, 2804, 'id', 'Penafsiran terhadap Pasal 156a KUHP tentang Penodaan Agama (Analisis Hukum dan Hak Asasi Manusia)', NULL, '<p>Penafsiran terhadap Pasal 156a KUHP tentang Penodaan Agama (Analisis Hukum dan Hak Asasi Manusia)</p>'),
(965, 2805, 'id', 'Pencerahan Sufi (Fathur Rabbani) by Syekh Abdul Qadir Jaelani', NULL, '<p>Pencerahan Sufi (Fathur Rabbani) by Syekh Abdul Qadir Jaelani</p>'),
(966, 2806, 'id', 'PENCERAHAN WACANA', NULL, '<p>PENCERAHAN WACANA</p>'),
(967, 2807, 'id', 'Pendekatan Psikologi Kontemporer Perilaku Masyarakat pada Aras Kekinian by Akhmad Mukhlis, M.A. Sadid Al Muqim, S.Psi (editor)', NULL, '<p>Pendekatan Psikologi Kontemporer Perilaku Masyarakat pada Aras Kekinian by Akhmad Mukhlis, M.A. Sadid Al Muqim, S.Psi (editor)</p>'),
(968, 2808, 'id', 'Pendidikan Agama Islam di Perguruan Tinggi Umum by Dr. Hj. Nurhasanah Bakhtiar, M.Ag.', NULL, '<p>Pendidikan Agama Islam di Perguruan Tinggi Umum by Dr. Hj. Nurhasanah Bakhtiar, M.Ag.</p>'),
(969, 2809, 'id', 'Pendidikan Islam Membentuk Manusia Berkarakter Beradab by Dr. Adian Husaini', NULL, '<p>Pendidikan Islam Membentuk Manusia Berkarakter Beradab by Dr. Adian Husaini</p>'),
(970, 2810, 'id', 'Pendidikan Karakter Anak Sesuai Pembelajaran Abad ke 21 by Dr. Otib Satibi Hidayat, M.Pd.', NULL, '<p>Pendidikan Karakter Anak Sesuai Pembelajaran Abad ke 21 by Dr. Otib Satibi Hidayat, M.Pd.</p>'),
(971, 2811, 'id', 'Pendidikan Karakter by Ersis Warmansyah Abbas', NULL, '<p>Pendidikan Karakter by Ersis Warmansyah Abbas</p>'),
(972, 2812, 'id', 'Pendidikan Ruhani by Syaikh Ali Abdul Halim Mahmud', NULL, '<p>Pendidikan Ruhani by Syaikh Ali Abdul Halim Mahmud</p>'),
(973, 2813, 'id', 'Pendidikan Sufistik Mengungkap Tarekat Guru Murid by M. Rikza Chamami, M.Si.', NULL, '<p>Pendidikan Sufistik Mengungkap Tarekat Guru Murid by M. Rikza Chamami, M.Si.</p>'),
(974, 2814, 'id', 'Penelitian Historis Keberadaan Budaya Keagamaan Khonghuchu', NULL, '<p>Penelitian Historis Keberadaan Budaya Keagamaan Khonghuchu</p>'),
(975, 2815, 'id', 'Penelitian Ilmiah dan Martabat Manusia by Reza Alexander Antonius Wattimena', NULL, '<p>Penelitian Ilmiah dan Martabat Manusia by Reza Alexander Antonius Wattimena</p>'),
(976, 2816, 'id', 'Pengantar Filsafat Islam Filsafat Teoretis dan Filsafat Praktis by Murtadha Muthahhari', NULL, '<p>Pengantar Filsafat Islam Filsafat Teoretis dan Filsafat Praktis by Murtadha Muthahhari</p>'),
(977, 2817, 'id', 'Pengantar Filsafat Pendidikan Islam by Ahmad D Marimba', NULL, '<p>Pengantar Filsafat Pendidikan Islam by Ahmad D Marimba</p>'),
(978, 2818, 'id', 'Pengantar Ilmu Tarekat (Uraian Tentang Mistik) by Atjeh Aboebakar H.', NULL, '<p>Pengantar Ilmu Tarekat (Uraian Tentang Mistik) by Atjeh Aboebakar H.</p>'),
(979, 2819, 'id', 'Pengantar Memahami Buku Daras Filsafat Islam Penjelasan untuk Mendekati Analisis Teori Filsafat Islam by Prof. Mohsen Gharaviyan', NULL, '<p>Pengantar Memahami Buku Daras Filsafat Islam Penjelasan untuk Mendekati Analisis Teori Filsafat Islam by Prof. Mohsen Gharaviyan</p>'),
(980, 2820, 'id', 'Pengantar Metode metode Filsafat by Chris Daly', NULL, '<p>Pengantar Metode metode Filsafat by Chris Daly</p>'),
(981, 2821, 'id', 'Pengantar Sosiologi Agama by Abdi Rahmat, M.Si. Rosita Adiani, MA.', NULL, '<p>Pengantar Sosiologi Agama by Abdi Rahmat, M.Si. Rosita Adiani, MA.</p>'),
(982, 2822, 'id', 'Pengantar Sosiologi Dasar Analisis, Teori Pendekatan Menuju Analisis Masalah Masalah Sosial, Perubahan Sosial, Kajian Kajian Strategis by Nurani Soyomukti', NULL, '<p>Pengantar Sosiologi Dasar Analisis, Teori Pendekatan Menuju Analisis Masalah Masalah Sosial, Perubahan Sosial, Kajian Kajian Strategis by Nurani Soyomukti</p>'),
(983, 2823, 'id', 'Pengantar Teori Teori Filsafat by Ferry Hidayat', NULL, '<p>Pengantar Teori Teori Filsafat by Ferry Hidayat</p>'),
(984, 2824, 'id', 'pengantar theosophy', NULL, '<p>pengantar theosophy</p>'),
(985, 2825, 'id', 'Pengaruh Paham Keagamaan Terhadap Etos Kerja Pedagang Muslim Suatu Kajian Teologis by Dr. Muliati, M.Ag.', NULL, '<p>Pengaruh Paham Keagamaan Terhadap Etos Kerja Pedagang Muslim Suatu Kajian Teologis by Dr. Muliati, M.Ag.</p>'),
(986, 2826, 'id', 'Pengetahuan dan Kesucian by Seyyed Hossein Nasr', NULL, '<p>Pengetahuan dan Kesucian by Seyyed Hossein Nasr</p>'),
(987, 2827, 'id', 'Penghidupan Benar', NULL, '<p>Penghidupan Benar</p>'),
(988, 2828, 'id', 'Penjabaran kitab Yi Jing dan penggunaannya by Dr. Oesman Arif M.Pd', NULL, '<p>Penjabaran kitab Yi Jing dan penggunaannya by Dr. Oesman Arif M.Pd</p>'),
(989, 2829, 'id', 'Penjara Kehidupan', NULL, '<p>Penjara Kehidupan</p>'),
(990, 2830, 'id', 'Perbandingan Agama (Pengantar Studi Memahami Agama Agama) by Khotimah, M.Ag.', NULL, '<p>Perbandingan Agama (Pengantar Studi Memahami Agama Agama) by Khotimah, M.Ag.</p>'),
(991, 2831, 'id', 'Perbandingan Mazhab', NULL, '<p>Perbandingan Mazhab</p>'),
(992, 2832, 'id', 'Perbandingan Pemikiran Islam (Teologi, Fiqih dan Tasawuf) by Dr. Abdul Quddus, MA', NULL, '<p>Perbandingan Pemikiran Islam (Teologi, Fiqih dan Tasawuf) by Dr. Abdul Quddus, MA</p>'),
(993, 2833, 'id', 'Perempuan Khonghucu dalam Kitab Suci Si Shu by Dewi Riawati Saputra', NULL, '<p>Perempuan Khonghucu dalam Kitab Suci Si Shu by Dewi Riawati Saputra</p>'),
(994, 2834, 'id', 'Perempuan, Masyarakat Patriarki Kesetaraan Gender by Lusia Palulungan, M. Ghufran H. Kordi K., Muhammad Taufan Ramli (editor)', NULL, '<p>Perempuan, Masyarakat Patriarki Kesetaraan Gender by Lusia Palulungan, M. Ghufran H. Kordi K., Muhammad Taufan Ramli (editor)</p>'),
(995, 2835, 'id', 'Pergaulan Buddhis', NULL, '<p>Pergaulan Buddhis</p>'),
(996, 2836, 'id', 'Pergi Berlindung', NULL, '<p>Pergi Berlindung</p>'),
(997, 2837, 'id', 'Perhatian Perenungan Konsentrasi', NULL, '<p>Perhatian Perenungan Konsentrasi</p>'),
(998, 2838, 'id', 'Perjalanan Pulang ke Tuhan by Khawajah Nashirudin Ath Thusi', NULL, '<p>Perjalanan Pulang ke Tuhan by Khawajah Nashirudin Ath Thusi</p>'),
(999, 2839, 'id', 'Perjalanan Spiritual Menelisik Jejak Satrio Piningit by Tri Budi Marhaen Darmawan', NULL, '<p>Perjalanan Spiritual Menelisik Jejak Satrio Piningit by Tri Budi Marhaen Darmawan</p>'),
(1000, 2840, 'id', 'Perkembangan Teologi Modern by Dr. Muhaemin Latif', NULL, '<p>Perkembangan Teologi Modern by Dr. Muhaemin Latif</p>'),
(1001, 2841, 'id', 'Pernikahan Beda Agama Kesaksian, Argumen Keagamaan Analisis Kebijakan by Ahmad Baso Ahmad Nurcholish (editor)', NULL, '<p>Pernikahan Beda Agama Kesaksian, Argumen Keagamaan Analisis Kebijakan by Ahmad Baso Ahmad Nurcholish (editor)</p>'),
(1002, 2842, 'id', 'Perspektif Teologi Filsafat Al Ghazali dan Hume Kritik Dekonstruktif Nalar Kausalitas dalam Teologi dan Filsafat by Ahmad Nawawi', NULL, '<p>Perspektif Teologi Filsafat Al Ghazali dan Hume Kritik Dekonstruktif Nalar Kausalitas dalam Teologi dan Filsafat by Ahmad Nawawi</p>'),
(1003, 2843, 'id', 'Pertanyaan Baik Jawaban Baik', NULL, '<p>Pertanyaan Baik Jawaban Baik</p>'),
(1004, 2844, 'id', 'Pertolongan Pertama Psikologis (P3) dalam Menangani Masalah Rumah Tangga bagi Korban Kekerasan Domestik by Nur Alina Saidah Latipun M. Salis Yuniardi', NULL, '<p>Pertolongan Pertama Psikologis (P3) dalam Menangani Masalah Rumah Tangga bagi Korban Kekerasan Domestik by Nur Alina Saidah Latipun M. Salis Yuniardi</p>'),
(1005, 2845, 'id', 'Pesan Sang Buddha', NULL, '<p>Pesan Sang Buddha</p>'),
(1006, 2846, 'id', 'Petualangan Setelah Kematian Sebuah Kisah Nyata by Najafi Qucani', NULL, '<p>Petualangan Setelah Kematian Sebuah Kisah Nyata by Najafi Qucani</p>'),
(1007, 2847, 'id', 'Pijar Filsafat Yunani Klasik by Sandy Hardian Susanto Herho', NULL, '<p>Pijar Filsafat Yunani Klasik by Sandy Hardian Susanto Herho</p>'),
(1008, 2848, 'id', 'Pikiran Benar', NULL, '<p>Pikiran Benar</p>'),
(1009, 2849, 'id', 'Pindapata', NULL, '<p>Pindapata</p>'),
(1010, 2850, 'id', 'Pluralisme Agama', NULL, '<p>Pluralisme Agama</p>'),
(1011, 2851, 'id', 'Pluralisme Buya Syafii Maarif Gagasan dan Pemikiran Sang Guru Bangsa by Muhammad Qorib', NULL, '<p>Pluralisme Buya Syafii Maarif Gagasan dan Pemikiran Sang Guru Bangsa by Muhammad Qorib</p>'),
(1012, 2852, 'id', 'Pluralisme Kewargaan Arah Baru Politik Keragaman di Indonesia by Zainal Abidin Bagir, AA. GN. Ari Dwipayana, Mustaghfiroh Rahayu, Trisno Sutanto, Farid Wajidi', NULL, '<p>Pluralisme Kewargaan Arah Baru Politik Keragaman di Indonesia by Zainal Abidin Bagir, AA. GN. Ari Dwipayana, Mustaghfiroh Rahayu, Trisno Sutanto, Farid Wajidi</p>'),
(1013, 2853, 'id', 'Pluralisme Musuh Agama Agama', NULL, '<p>Pluralisme Musuh Agama Agama</p>'),
(1014, 2854, 'id', 'Pluralisme Positif Konsep dan Implementasi dalam Pendidikan Muhammadiyah by Abdul Muti Azaki Khoirudin', NULL, '<p>Pluralisme Positif Konsep dan Implementasi dalam Pendidikan Muhammadiyah by Abdul Muti Azaki Khoirudin</p>'),
(1015, 2855, 'id', 'Polemik Pemikiran Filsafat Al Ghazali dan Ibnu Rusyd by Mulyadi', NULL, '<p>Polemik Pemikiran Filsafat Al Ghazali dan Ibnu Rusyd by Mulyadi</p>'),
(1016, 2856, 'id', 'Politik dan Kebebasan by Tom G. Palmer', NULL, '<p>Politik dan Kebebasan by Tom G. Palmer</p>'),
(1017, 2857, 'id', 'Postmodernisme tantangan bagi filsafat Oleh I. Bambang Sugiharto', NULL, '<p>Postmodernisme tantangan bagi filsafat Oleh I. Bambang Sugiharto</p>'),
(1018, 2858, 'id', 'poverty Kemiskinan Filsafat', NULL, '<p>poverty Kemiskinan Filsafat</p>'),
(1019, 2859, 'id', 'Prajurit Kraton Yogyakarta Filosofi dan Nilai Budaya yang Terkandung di Dalamnya by Ir. H. Yuwono Sri Suwito, M.M., dkk.', NULL, '<p>Prajurit Kraton Yogyakarta Filosofi dan Nilai Budaya yang Terkandung di Dalamnya by Ir. H. Yuwono Sri Suwito, M.M., dkk.</p>'),
(1020, 2860, 'id', 'Promosi Toleransi dan Moderasi Beragama by Muhammad Subhi', NULL, '<p>Promosi Toleransi dan Moderasi Beragama by Muhammad Subhi</p>'),
(1021, 2861, 'id', 'Psikologi Agama Beberapa Materi Pilihan by Dra. Djamiatul Islamiyah, M.Ag.', NULL, '<p>Psikologi Agama Beberapa Materi Pilihan by Dra. Djamiatul Islamiyah, M.Ag.</p>'),
(1022, 2862, 'id', 'Psikologi Agama Dalam Bingkai Ke Islaman Sebagai Pembentukan Kepribadian Seorang Islam by Ramadan Lubis, M.Ag. ', NULL, '<p>Psikologi Agama Dalam Bingkai Ke Islaman Sebagai Pembentukan Kepribadian Seorang Islam by Ramadan Lubis, M.Ag. </p>'),
(1023, 2863, 'id', 'Psikologi Belajar Pendidikan Agama Islam by Drs. Mardianto, M.Pd.', NULL, '<p>Psikologi Belajar Pendidikan Agama Islam by Drs. Mardianto, M.Pd.</p>'),
(1024, 2864, 'id', 'Psikologi dan Pendidikan dalam Konteks Kebangsaan', NULL, '<p>Psikologi dan Pendidikan dalam Konteks Kebangsaan</p>'),
(1025, 2865, 'id', 'Psikologi Ibadah dalam Islam by Safrilsyah', NULL, '<p>Psikologi Ibadah dalam Islam by Safrilsyah</p>'),
(1026, 2866, 'id', 'Psikologi Ibnu Sina by Ibnu Sina ', NULL, '<p>Psikologi Ibnu Sina by Ibnu Sina </p>'),
(1027, 2867, 'id', 'Psikologi Islam Kajian Teoritik dan Penelitian Empirik by Tim Asosiasi Psikologi Islam', NULL, '<p>Psikologi Islam Kajian Teoritik dan Penelitian Empirik by Tim Asosiasi Psikologi Islam</p>'),
(1028, 2868, 'id', 'Psikologi Islami Teori dan Penelitian (Edisi Kedua) by Saktiyono B. Purwoko', NULL, '<p>Psikologi Islami Teori dan Penelitian (Edisi Kedua) by Saktiyono B. Purwoko</p>'),
(1029, 2869, 'id', 'Psikologi Keluarga Islam Berwawasan Gender (Edisi Revisi) by Dr. Hj. Mufidah Ch., M.Ag.', NULL, '<p>Psikologi Keluarga Islam Berwawasan Gender (Edisi Revisi) by Dr. Hj. Mufidah Ch., M.Ag.</p>'),
(1030, 2870, 'id', 'Psikologi Kepribadian (Paradigma Traits, Kognitif, Behavioristik, dan Humanistik) by Drs. H. Hamim Rosyidi, M.Si.', NULL, '<p>Psikologi Kepribadian (Paradigma Traits, Kognitif, Behavioristik, dan Humanistik) by Drs. H. Hamim Rosyidi, M.Si.</p>'),
(1031, 2871, 'id', 'Psikologi Kepribadian by Seto Mulyadi,Warda Lisa dan Astri Nur Kusumastuti', NULL, '<p>Psikologi Kepribadian by Seto Mulyadi,Warda Lisa dan Astri Nur Kusumastuti</p>'),
(1032, 2872, 'id', 'Psikologi Komunikasi Persuasi by Herdian Maulana, M.Si. dan Gumgum Gumelar, M.Si.', NULL, '<p>Psikologi Komunikasi Persuasi by Herdian Maulana, M.Si. dan Gumgum Gumelar, M.Si.</p>'),
(1033, 2873, 'id', 'Psikologi Kriminal by Andi Thahir, S.Psi., M.A., Ed.Da.', NULL, '<p>Psikologi Kriminal by Andi Thahir, S.Psi., M.A., Ed.Da.</p>'),
(1034, 2874, 'id', 'Psikologi Pendidikan Landasan bagi Pengembangan Strategi Pembelajaran by Dr. Mardianto, M.Pd.', NULL, '<p>Psikologi Pendidikan Landasan bagi Pengembangan Strategi Pembelajaran by Dr. Mardianto, M.Pd.</p>'),
(1035, 2875, 'id', 'Psikologi Perempuan dalam Berbagai Perspektif by Dr. Hj. Eti Nurhayati, M.Si.', NULL, '<p>Psikologi Perempuan dalam Berbagai Perspektif by Dr. Hj. Eti Nurhayati, M.Si.</p>'),
(1036, 2876, 'id', 'Psikologi Perkembangan by Yudrik Jahja', NULL, '<p>Psikologi Perkembangan by Yudrik Jahja</p>'),
(1037, 2877, 'id', 'Psikologi Remaja by Ida Umami', NULL, '<p>Psikologi Remaja by Ida Umami</p>'),
(1038, 2878, 'id', 'Psikologi Umum Sebuah Pandangan Apresiatif by Laura A. King', NULL, '<p>Psikologi Umum Sebuah Pandangan Apresiatif by Laura A. King</p>'),
(1039, 2879, 'id', 'Rabiah al Adawiyah Cinta Allah dan Kerinduan Spiritual Manusia by Dr. Makmun Gharib', NULL, '<p>Rabiah al Adawiyah Cinta Allah dan Kerinduan Spiritual Manusia by Dr. Makmun Gharib</p>'),
(1040, 2880, 'id', 'Radikalisme agama di Jabodetabek & jawa Barat', NULL, '<p>Radikalisme agama di Jabodetabek & jawa Barat</p>'),
(1041, 2881, 'id', 'Ragam Ekspresi Islam Nusantara by Tim Editor', NULL, '<p>Ragam Ekspresi Islam Nusantara by Tim Editor</p>'),
(1042, 2882, 'id', 'Rahasia kitab I Ching by Joseph Murphy', NULL, '<p>Rahasia kitab I Ching by Joseph Murphy</p>'),
(1043, 2883, 'id', 'Rahasia ilmu hikmah qurani', NULL, '<p>Rahasia ilmu hikmah qurani</p>'),
(1044, 2884, 'id', 'Refleksi Filosofis atas Teologi dan Politik Islam Kajian Filsafat Islam', NULL, '<p>Refleksi Filosofis atas Teologi dan Politik Islam Kajian Filsafat Islam</p>'),
(1045, 2885, 'id', 'Refleksi Keberagaman Agama Hukum Sesat dan Menyesatkan Hukum by Agustinus Edy Kristianto A. Patra M. Zen (editor)', NULL, '<p>Refleksi Keberagaman Agama Hukum Sesat dan Menyesatkan Hukum by Agustinus Edy Kristianto A. Patra M. Zen (editor)</p>'),
(1046, 2886, 'id', 'Refleksi Makna Hidup Manusia Pada Epigrafi Islam Pasa by Drs. Fuadi, M.Hum.', NULL, '<p>Refleksi Makna Hidup Manusia Pada Epigrafi Islam Pasa by Drs. Fuadi, M.Hum.</p>'),
(1047, 2887, 'id', 'Reformasi Bermazhab', NULL, '<p>Reformasi Bermazhab</p>'),
(1048, 2888, 'id', 'Regionalisme dalam Periwayatan Hadis Asal Usul Hadis Berdasar Sanad Geografis Kufah by Aceng Abdul Kodir', NULL, '<p>Regionalisme dalam Periwayatan Hadis Asal Usul Hadis Berdasar Sanad Geografis Kufah by Aceng Abdul Kodir</p>'),
(1049, 2889, 'id', 'reinkarnasi', NULL, '<p>reinkarnasi</p>'),
(1050, 2890, 'id', 'Rekonstruksi Ilmu Ilmu Agama Islam by M. Amin Abdullah, dkk.', NULL, '<p>Rekonstruksi Ilmu Ilmu Agama Islam by M. Amin Abdullah, dkk.</p>'),
(1051, 2891, 'id', 'Relasi Agama dan Negara Teokrasi Sekuler Tamyiz by Ahmad Sadzali', NULL, '<p>Relasi Agama dan Negara Teokrasi Sekuler Tamyiz by Ahmad Sadzali</p>'),
(1052, 2892, 'id', 'Resepsi Al Quran Bentuk Spiritualitas Jawa Modern by Samsul Ariyadi', NULL, '<p>Resepsi Al Quran Bentuk Spiritualitas Jawa Modern by Samsul Ariyadi</p>'),
(1053, 2893, 'id', 'Revitalisasi Toleransi Beragama Berbasis Kearifan Lokal by DP. Budi Susetyo Mochamad Widjanarko', NULL, '<p>Revitalisasi Toleransi Beragama Berbasis Kearifan Lokal by DP. Budi Susetyo Mochamad Widjanarko</p>'),
(1054, 2894, 'id', 'Reviving Gender Awareness Membangun Kembali Semangat Pembebasan Kesetaraan Gender by Rahmawati, Fawziah Zahrawati B, Hikmawati Pathuddin, Khusnul Khatimah', NULL, '<p>Reviving Gender Awareness Membangun Kembali Semangat Pembebasan Kesetaraan Gender by Rahmawati, Fawziah Zahrawati B, Hikmawati Pathuddin, Khusnul Khatimah</p>'),
(1055, 2895, 'id', 'Revolusi Agama Menudju Negara (Revolusi Agama Menuju Negara) by Hamka', NULL, '<p>Revolusi Agama Menudju Negara (Revolusi Agama Menuju Negara) by Hamka</p>'),
(1056, 2896, 'id', 'Revolusi Mental Makna dan Realisasi by Hana Panggabean, A. Supratiknya, J. Seno Aditya Utama (editor)', NULL, '<p>Revolusi Mental Makna dan Realisasi by Hana Panggabean, A. Supratiknya, J. Seno Aditya Utama (editor)</p>'),
(1057, 2897, 'id', 'revolusi sejarah manusia', NULL, '<p>revolusi sejarah manusia</p>'),
(1058, 2898, 'id', 'Risalah Ana Thabiah Mengenal Ego, Menyangkal Filsafat Naturalisme by Badiuzzaman Said Nursi', NULL, '<p>Risalah Ana Thabiah Mengenal Ego, Menyangkal Filsafat Naturalisme by Badiuzzaman Said Nursi</p>'),
(1059, 2899, 'id', 'RISALAH QUSYAIRIYAH (SUMBER KAJIAN ILMU TASAWUF) (TASAUF) by Abul Qasim Abdul Karim Hawazin Al Qusyairi An Naisaburi', NULL, '<p>RISALAH QUSYAIRIYAH (SUMBER KAJIAN ILMU TASAWUF) (TASAUF) by Abul Qasim Abdul Karim Hawazin Al Qusyairi An Naisaburi</p>'),
(1060, 2900, 'id', 'Risalah Singkat Kehidupan Setelah Singkat Ini, Kemana Kita Kan Berlabuh by RAS', NULL, '<p>Risalah Singkat Kehidupan Setelah Singkat Ini, Kemana Kita Kan Berlabuh by RAS</p>'),
(1061, 2901, 'id', 'Risalah Tasawuf Kitab Suci Para Pesuluk by Ibrahim Amini', NULL, '<p>Risalah Tasawuf Kitab Suci Para Pesuluk by Ibrahim Amini</p>'),
(1062, 2902, 'id', 'Risalah tentang hukum sihir dan perdukunan', NULL, '<p>Risalah tentang hukum sihir dan perdukunan</p>'),
(1063, 2903, 'id', 'Risalah tentang Parami Parami dari Kitab Komentar untuk Cariyapitaka', NULL, '<p>Risalah tentang Parami Parami dari Kitab Komentar untuk Cariyapitaka</p>'),
(1064, 2904, 'id', 'Riwayat Agung Para Buddha Buku 2 by Tipitakadhara Mingun Sayadaw', NULL, '<p>Riwayat Agung Para Buddha Buku 2 by Tipitakadhara Mingun Sayadaw</p>'),
(1065, 2905, 'id', 'Riwayat Agung Para Buddha Buku 3 by Tipitakadhara Mingun Sayadaw', NULL, '<p>Riwayat Agung Para Buddha Buku 3 by Tipitakadhara Mingun Sayadaw</p>'),
(1066, 2906, 'id', 'Riwayat Agung Para Buddha by Tipitakadhara Mingun Sayadaw', NULL, '<p>Riwayat Agung Para Buddha by Tipitakadhara Mingun Sayadaw</p>'),
(1067, 2907, 'id', 'riwayat hidup anathapindika by Widyasena production', NULL, '<p>riwayat hidup anathapindika by Widyasena production</p>'),
(1068, 2908, 'id', 'Riwayat Hidup Anathapindika', NULL, '<p>Riwayat Hidup Anathapindika</p>'),
(1069, 2909, 'id', 'Riwayat Hidup Buddha Gautama', NULL, '<p>Riwayat Hidup Buddha Gautama</p>'),
(1070, 2910, 'id', 'riwayat hidup buddha gotama', NULL, '<p>riwayat hidup buddha gotama</p>'),
(1071, 2911, 'id', 'Riwayat Hidup Maha Kassapa', NULL, '<p>Riwayat Hidup Maha Kassapa</p>'),
(1072, 2912, 'id', 'Riwayat Hidup Maha Moggallana', NULL, '<p>Riwayat Hidup Maha Moggallana</p>'),
(1073, 2913, 'id', 'Riwayat Hidup Yasodhara', NULL, '<p>Riwayat Hidup Yasodhara</p>'),
(1074, 2914, 'id', 'Rumah Tangga Bahagia', NULL, '<p>Rumah Tangga Bahagia</p>'),
(1075, 2915, 'id', 'Ruqyah Syar\'iyyah', NULL, '<p>Ruqyah Syar\'iyyah</p>'),
(1076, 2916, 'id', 'ruqyah syariyyah', NULL, '<p>ruqyah syariyyah</p>'),
(1077, 2917, 'id', 'saddharma pundarika sutra (sutra bunga teratai)', NULL, '<p>saddharma pundarika sutra (sutra bunga teratai)</p>'),
(1078, 2918, 'id', 'SADURAN KITAB NEGARA KERTAGAMA', NULL, '<p>SADURAN KITAB NEGARA KERTAGAMA</p>'),
(1079, 2919, 'id', 'Saduran Negarakertagama', NULL, '<p>Saduran Negarakertagama</p>'),
(1080, 2920, 'id', 'sahabat sejati', NULL, '<p>sahabat sejati</p>'),
(1081, 2921, 'id', 'Sains, Saintisme, dan Agama by Muhammad Habibi, Dyah Anugrah Pratama, Paisal Akbar, Tengku Imam Syarifuddin (editor)', NULL, '<p>Sains, Saintisme, dan Agama by Muhammad Habibi, Dyah Anugrah Pratama, Paisal Akbar, Tengku Imam Syarifuddin (editor)</p>'),
(1082, 2922, 'id', 'Salahkah Berambisi', NULL, '<p>Salahkah Berambisi</p>'),
(1083, 2923, 'id', 'Samyutta Nikaya 1 Sagatha Vagga by Dhammacitta press', NULL, '<p>Samyutta Nikaya 1 Sagatha Vagga by Dhammacitta press</p>'),
(1084, 2924, 'id', 'Samyutta Nikaya 1 Sagatha Vagga', NULL, '<p>Samyutta Nikaya 1 Sagatha Vagga</p>'),
(1085, 2925, 'id', 'Samyutta Nikaya 2 Nidana Vagga by Dhammacitta press', NULL, '<p>Samyutta Nikaya 2 Nidana Vagga by Dhammacitta press</p>'),
(1086, 2926, 'id', 'Samyutta Nikaya 2 Nidana Vagga', NULL, '<p>Samyutta Nikaya 2 Nidana Vagga</p>'),
(1087, 2927, 'id', 'Samyutta Nikaya 3 Khanda Vagga by Dhammacitta press', NULL, '<p>Samyutta Nikaya 3 Khanda Vagga by Dhammacitta press</p>'),
(1088, 2928, 'id', 'Samyutta Nikaya 3 Khanda Vagga', NULL, '<p>Samyutta Nikaya 3 Khanda Vagga</p>'),
(1089, 2929, 'id', 'Samyutta Nikaya 4 Sayalatana Vagga by Dhammacitta press', NULL, '<p>Samyutta Nikaya 4 Sayalatana Vagga by Dhammacitta press</p>'),
(1090, 2930, 'id', 'Samyutta Nikaya 4 Sayalatana Vagga', NULL, '<p>Samyutta Nikaya 4 Sayalatana Vagga</p>'),
(1091, 2931, 'id', 'Samyutta Nikaya 5 Maha Vagga by Dhammacitta press', NULL, '<p>Samyutta Nikaya 5 Maha Vagga by Dhammacitta press</p>'),
(1092, 2932, 'id', 'Samyutta Nikaya 5 Maha Vagga', NULL, '<p>Samyutta Nikaya 5 Maha Vagga</p>'),
(1093, 2933, 'id', 'Sang Manusia Sempurna Antara Filsafat Islam dan Hindu by Dr. Seyyed Mohsen Miri', NULL, '<p>Sang Manusia Sempurna Antara Filsafat Islam dan Hindu by Dr. Seyyed Mohsen Miri</p>'),
(1094, 2934, 'id', 'Sarapan Pagi (Kumpulan motivasi)', NULL, '<p>Sarapan Pagi (Kumpulan motivasi)</p>'),
(1095, 2935, 'id', 'Sariputta I', NULL, '<p>Sariputta I</p>'),
(1096, 2936, 'id', 'Sariputta II', NULL, '<p>Sariputta II</p>'),
(1097, 2937, 'id', 'satipatthana vipassana', NULL, '<p>satipatthana vipassana</p>'),
(1098, 2938, 'id', 'Satu Bumi Banyak Agama Dialog Multi Agama dan Tanggung Jawab Global by Paul F. Knitter', NULL, '<p>Satu Bumi Banyak Agama Dialog Multi Agama dan Tanggung Jawab Global by Paul F. Knitter</p>'),
(1099, 2939, 'id', 'Sebulan Pendalaman Dhamma Vihara Dhamma Rajasa', NULL, '<p>Sebulan Pendalaman Dhamma Vihara Dhamma Rajasa</p>'),
(1100, 2940, 'id', 'Segenggam Pasir', NULL, '<p>Segenggam Pasir</p>'),
(1101, 2941, 'id', 'Sejarah Ideologi Dunia Kapitalisme, Sosialisme, Komunisme, Fasisme, Anarkisme, Anarkisme dan Marxisme, Konservatisme', NULL, '<p>Sejarah Ideologi Dunia Kapitalisme, Sosialisme, Komunisme, Fasisme, Anarkisme, Anarkisme dan Marxisme, Konservatisme</p>'),
(1102, 2942, 'id', 'Sejarah Teori Krisis Sebuah Pengantar Analisa Marxis by Anwar Shaikh', NULL, '<p>Sejarah Teori Krisis Sebuah Pengantar Analisa Marxis by Anwar Shaikh</p>'),
(1103, 2943, 'id', 'Sejarah Tuhan by Karen Armstrong', NULL, '<p>Sejarah Tuhan by Karen Armstrong</p>'),
(1104, 2944, 'id', 'Seksualitas Dalam Buddhisme', NULL, '<p>Seksualitas Dalam Buddhisme</p>'),
(1105, 2945, 'id', 'Self Driving by Rhenald Kasali', NULL, '<p>Self Driving by Rhenald Kasali</p>'),
(1106, 2946, 'id', 'seluruh alam bertasbih padaAllah SWT', NULL, '<p>seluruh alam bertasbih padaAllah SWT</p>'),
(1107, 2947, 'id', 'Semua Manusia Bersaudara', NULL, '<p>Semua Manusia Bersaudara</p>'),
(1108, 2948, 'id', 'Seni Budaya by Lukman et. al', NULL, '<p>Seni Budaya by Lukman et. al</p>'),
(1109, 2949, 'id', 'senyum dong dunia belum kiamat lho', NULL, '<p>senyum dong dunia belum kiamat lho</p>'),
(1110, 2950, 'id', 'Sepasang utusan cepat', NULL, '<p>Sepasang utusan cepat</p>'),
(1111, 2951, 'id', 'Sepuluh Ribu Hari Perjalanan Dhamma', NULL, '<p>Sepuluh Ribu Hari Perjalanan Dhamma</p>'),
(1112, 2952, 'id', 'Seri Studi Kebudayaan 1 Pluralisme, Multikulturalisme, dan Batas Batas Toleransi by Hipolitus K. Kewuel, dkk. (editor)', NULL, '<p>Seri Studi Kebudayaan 1 Pluralisme, Multikulturalisme, dan Batas Batas Toleransi by Hipolitus K. Kewuel, dkk. (editor)</p>'),
(1113, 2953, 'id', 'Shinto (World Religions)', NULL, '<p>Shinto (World Religions)</p>'),
(1114, 2954, 'id', 'Siapapun Dapat Ke Surga', NULL, '<p>Siapapun Dapat Ke Surga</p>'),
(1115, 2955, 'id', 'Siasati Kematian Sebelum Sekarat', NULL, '<p>Siasati Kematian Sebelum Sekarat</p>'),
(1116, 2956, 'id', 'Siddhartha by Hermann Hesse', NULL, '<p>Siddhartha by Hermann Hesse</p>'),
(1117, 2957, 'id', 'Siding and Acting Intorelantly Intolerance by Society and Restriction by the State inFreedom of Religion Belief in Indonesia by Ismail Hasani', NULL, '<p>Siding and Acting Intorelantly Intolerance by Society and Restriction by the State inFreedom of Religion Belief in Indonesia by Ismail Hasani</p>'),
(1118, 2958, 'id', 'Sihir Ciri ciri dan Penanggulangannya (2)', NULL, '<p>Sihir Ciri ciri dan Penanggulangannya (2)</p>'),
(1119, 2959, 'id', 'Sihir Ciri Ciri dan Penanggulangannya', NULL, '<p>Sihir Ciri Ciri dan Penanggulangannya</p>'),
(1120, 2960, 'id', 'Simbolisme dan Mistikisme dalam Wayang Sebuah Tinjauan Filosofis by Ir. Sri Mulyono ', NULL, '<p>Simbolisme dan Mistikisme dalam Wayang Sebuah Tinjauan Filosofis by Ir. Sri Mulyono </p>'),
(1121, 2961, 'id', 'Sirr al Asrar Secret Of The Secrets Hakikat Segala Rahasia Kehidupan by Syekh Abdul Qadir al Jailani', NULL, '<p>Sirr al Asrar Secret Of The Secrets Hakikat Segala Rahasia Kehidupan by Syekh Abdul Qadir al Jailani</p>'),
(1122, 2962, 'id', 'Sosiologi Agama dalam Konteks Indonesia by Muhamad Fajar Pramono', NULL, '<p>Sosiologi Agama dalam Konteks Indonesia by Muhamad Fajar Pramono</p>'),
(1123, 2963, 'id', 'Sosiologi Agama Dari Klasik Hingga Postmodern by Dr. Sindung Haryanto, M.Si.', NULL, '<p>Sosiologi Agama Dari Klasik Hingga Postmodern by Dr. Sindung Haryanto, M.Si.</p>'),
(1124, 2964, 'id', 'Sosiologi Agama Memahami Perkembangan Agama dalam Interaksi Sosial by Prof Dr. H. M. Ridwan Lubis', NULL, '<p>Sosiologi Agama Memahami Perkembangan Agama dalam Interaksi Sosial by Prof Dr. H. M. Ridwan Lubis</p>'),
(1125, 2965, 'id', 'Sosiologi Islam Masyarakat Modern Teori, Fakta, dan Aksi Sosial by Dr. Syarifuddin Jurdi', NULL, '<p>Sosiologi Islam Masyarakat Modern Teori, Fakta, dan Aksi Sosial by Dr. Syarifuddin Jurdi</p>'),
(1126, 2966, 'id', 'Spiritualitas Agama Kesejatian di Tengah Keterbatasan Fisik by Marwati Biswan, MA.Kes.', NULL, '<p>Spiritualitas Agama Kesejatian di Tengah Keterbatasan Fisik by Marwati Biswan, MA.Kes.</p>'),
(1127, 2967, 'id', 'Strategi Taktis Pendidikan Karakter (Untuk Paud dan Sekolah) by Dr. Zubaedi M.Ag., M.Pd.', NULL, '<p>Strategi Taktis Pendidikan Karakter (Untuk Paud dan Sekolah) by Dr. Zubaedi M.Ag., M.Pd.</p>'),
(1128, 2968, 'id', 'Studi Dasar Filsafat by Tazkiyah Basa’ad', NULL, '<p>Studi Dasar Filsafat by Tazkiyah Basa’ad</p>'),
(1129, 2969, 'id', 'STUDI FILSAFAT 1 Pembacaan Atas Tradisi Islam Kontemporer by Hassan Hanafi', NULL, '<p>STUDI FILSAFAT 1 Pembacaan Atas Tradisi Islam Kontemporer by Hassan Hanafi</p>'),
(1130, 2970, 'id', 'STUDI FILSAFAT 2 Pembacaan Atas Tradisi Barat Modern ', NULL, '<p>STUDI FILSAFAT 2 Pembacaan Atas Tradisi Barat Modern </p>'),
(1131, 2971, 'id', 'sudut hukum bukan dosa ternyata dosa', NULL, '<p>sudut hukum bukan dosa ternyata dosa</p>'),
(1132, 2972, 'id', 'sudut hukum bukan salah tuhan mengazab', NULL, '<p>sudut hukum bukan salah tuhan mengazab</p>'),
(1133, 2973, 'id', 'Sufisme Dalam Tafsir Nawawi by Dr. H. Kholilurrohman', NULL, '<p>Sufisme Dalam Tafsir Nawawi by Dr. H. Kholilurrohman</p>'),
(1134, 2974, 'id', 'Sufisme dan Pengembangan Pendidikan Karakter by Abdul Wahab Asy Syarani', NULL, '<p>Sufisme dan Pengembangan Pendidikan Karakter by Abdul Wahab Asy Syarani</p>'),
(1135, 2975, 'id', 'sufistik dalam zaman pasca moden', NULL, '<p>sufistik dalam zaman pasca moden</p>'),
(1136, 2976, 'id', 'Sufsime Lokal Mencari Akar Tradisi Tasawuf Indonesia by Drs. H. Suteja, M.Ag', NULL, '<p>Sufsime Lokal Mencari Akar Tradisi Tasawuf Indonesia by Drs. H. Suteja, M.Ag</p>'),
(1137, 2977, 'id', 'SUMBER SUMBER HUKUM ISLAM', NULL, '<p>SUMBER SUMBER HUKUM ISLAM</p>'),
(1138, 2978, 'id', 'Super Spiritual Quotient (SSQ) Sosiologi Berpikir Qur`ani dan Revolusi Mental by Dr. Syahrul Akmal Latif, S.Ag, M.Si. dan Alfin el Fikri Ssq', NULL, '<p>Super Spiritual Quotient (SSQ) Sosiologi Berpikir Qur`ani dan Revolusi Mental by Dr. Syahrul Akmal Latif, S.Ag, M.Si. dan Alfin el Fikri Ssq</p>'),
(1139, 2979, 'id', 'surangama sutra', NULL, '<p>surangama sutra</p>'),
(1140, 2980, 'id', 'sutra altar hui neng (dharma permata) jilid 1', NULL, '<p>sutra altar hui neng (dharma permata) jilid 1</p>'),
(1141, 2981, 'id', 'sutra altar hui neng (dharma permata) jilid 2', NULL, '<p>sutra altar hui neng (dharma permata) jilid 2</p>'),
(1142, 2982, 'id', 'sutra bodhisattva maitreya', NULL, '<p>sutra bodhisattva maitreya</p>'),
(1143, 2983, 'id', 'sutra intan', NULL, '<p>sutra intan</p>'),
(1144, 2984, 'id', 'sutra ksitigharba bodhisattva', NULL, '<p>sutra ksitigharba bodhisattva</p>'),
(1145, 2985, 'id', 'sutra pemutaran roda dharma', NULL, '<p>sutra pemutaran roda dharma</p>'),
(1146, 2986, 'id', 'Syekh Baribin Misteri Sekar Jagad dan Atlantis Purba by HAS. Chamidi', NULL, '<p>Syekh Baribin Misteri Sekar Jagad dan Atlantis Purba by HAS. Chamidi</p>'),
(1147, 2987, 'id', 'Syekh Siti Jenar Makrifat dan Makna Kehidupan by Achmad Chodjim', NULL, '<p>Syekh Siti Jenar Makrifat dan Makna Kehidupan by Achmad Chodjim</p>'),
(1148, 2988, 'id', 'Syiah Imamiah Mazhab ke 5', NULL, '<p>Syiah Imamiah Mazhab ke 5</p>'),
(1149, 2989, 'id', 'SYIAH IMAMIYAH Ideologi dan Ajarannya ', NULL, '<p>SYIAH IMAMIYAH Ideologi dan Ajarannya </p>'),
(1150, 2990, 'id', 'Syirik masyarakat indonesia perdana ahmad', NULL, '<p>Syirik masyarakat indonesia perdana ahmad</p>'),
(1151, 2991, 'id', 'Syukur Kepada Orang Tua', NULL, '<p>Syukur Kepada Orang Tua</p>'),
(1152, 2992, 'id', 'Tadabbur Al Quran Isu dan Cabaran Semasa by Sedek Ariffin, Khadher Ahmad, Selamat Amir', NULL, '<p>Tadabbur Al Quran Isu dan Cabaran Semasa by Sedek Ariffin, Khadher Ahmad, Selamat Amir</p>'),
(1153, 2993, 'id', 'Tafsir Ayat Ayat Sufistik (Studi Komparatif Tafsir Al Qusyairi dan Al Jailani) by Irwan Muhibudin', NULL, '<p>Tafsir Ayat Ayat Sufistik (Studi Komparatif Tafsir Al Qusyairi dan Al Jailani) by Irwan Muhibudin</p>'),
(1154, 2994, 'id', 'Tafsir Filsafat atas Kehidupan Risalah Seputar Wacana Filsafat dan Keislaman by M. Zainal Abidin', NULL, '<p>Tafsir Filsafat atas Kehidupan Risalah Seputar Wacana Filsafat dan Keislaman by M. Zainal Abidin</p>'),
(1155, 2995, 'id', 'Tahlilan dan Haul Ritual Islam by Abu Ubaidah Yusuf bin Mukhtar As Sidawi', NULL, '<p>Tahlilan dan Haul Ritual Islam by Abu Ubaidah Yusuf bin Mukhtar As Sidawi</p>'),
(1156, 2996, 'id', 'Tanggung Jawab Bersama', NULL, '<p>Tanggung Jawab Bersama</p>'),
(1157, 2997, 'id', 'Tantra Tibet', NULL, '<p>Tantra Tibet</p>'),
(1158, 2998, 'id', 'tao te ching', NULL, '<p>tao te ching</p>'),
(1159, 2999, 'id', 'Tarekat dalam Tasawwuf by Prof. Dr. H. Aboebakar Atjeh', NULL, '<p>Tarekat dalam Tasawwuf by Prof. Dr. H. Aboebakar Atjeh</p>'),
(1160, 3000, 'id', 'Tarekat dan Mistisme dalam Islam by Awaliah Musgamy', NULL, '<p>Tarekat dan Mistisme dalam Islam by Awaliah Musgamy</p>'),
(1161, 3001, 'id', 'Tarekat Naqsabandiyah di Kepulauan Melayu Kajian Atas Naskah Kaifiyah Al Zikir ‘Ala Tharīqah An Naqsabandiyah Al Mujaddidiyah Al Ahmadiyah by Dr Muhammad Faisal, M.Ag.', NULL, '<p>Tarekat Naqsabandiyah di Kepulauan Melayu Kajian Atas Naskah Kaifiyah Al Zikir ‘Ala Tharīqah An Naqsabandiyah Al Mujaddidiyah Al Ahmadiyah by Dr Muhammad Faisal, M.Ag.</p>'),
(1162, 3002, 'id', 'Tarekat Naqsyabandiyah Khalidiyah Babussalam (TNKB) Dari Doktrin, Seni hingga Arsitektur by Ziaulhaq Hidayat (editor)', NULL, '<p>Tarekat Naqsyabandiyah Khalidiyah Babussalam (TNKB) Dari Doktrin, Seni hingga Arsitektur by Ziaulhaq Hidayat (editor)</p>'),
(1163, 3003, 'id', 'Tasawuf Amali Bagi Pencari Tuhan by Dr. A. Gani, S.Ag., S.H., M.Ag.', NULL, '<p>Tasawuf Amali Bagi Pencari Tuhan by Dr. A. Gani, S.Ag., S.H., M.Ag.</p>'),
(1164, 3004, 'id', 'TASAWUF ANTARA AL GHAZALI DAN IBNU TAIMIYAH by Dr. Abdul Fattah Sayyid Ahmad ', NULL, '<p>TASAWUF ANTARA AL GHAZALI DAN IBNU TAIMIYAH by Dr. Abdul Fattah Sayyid Ahmad </p>'),
(1165, 3005, 'id', 'Tasawuf dan pluralisme by Yasin, H', NULL, '<p>Tasawuf dan pluralisme by Yasin, H</p>'),
(1166, 3006, 'id', 'Tasawuf di Nusantara Tadarus Tasawuf Tarekat by DR. H. Suteja, M.Ag.', NULL, '<p>Tasawuf di Nusantara Tadarus Tasawuf Tarekat by DR. H. Suteja, M.Ag.</p>'),
(1167, 3007, 'id', 'Tasawuf for Beginner', NULL, '<p>Tasawuf for Beginner</p>'),
(1168, 3008, 'id', 'Tasawuf Mulla Shadra by Khalid Al Walid', NULL, '<p>Tasawuf Mulla Shadra by Khalid Al Walid</p>'),
(1169, 3009, 'id', 'Tashawuf dan Ahli ahli Tashawuf', NULL, '<p>Tashawuf dan Ahli ahli Tashawuf</p>'),
(1170, 3010, 'id', 'tata cara qurban tuntunan nabi al utsaimin', NULL, '<p>tata cara qurban tuntunan nabi al utsaimin</p>'),
(1171, 3011, 'id', 'Tawasul Mencari Allah dan Rasul Lewat Jalan Guru by Muhammad Luthfi Ghozali', NULL, '<p>Tawasul Mencari Allah dan Rasul Lewat Jalan Guru by Muhammad Luthfi Ghozali</p>'),
(1172, 3012, 'id', 'Tentang Manusia Dari Pikiran, Pemahaman sampai dengan Perdamaian Dunia by Reza Alexander Antonius Wattimena', NULL, '<p>Tentang Manusia Dari Pikiran, Pemahaman sampai dengan Perdamaian Dunia by Reza Alexander Antonius Wattimena</p>'),
(1173, 3013, 'id', 'Teokrasi Kontemporer Integrasi Teologi dan Politik dalam Negara Islam by Salamuddin Candiki Repantu', NULL, '<p>Teokrasi Kontemporer Integrasi Teologi dan Politik dalam Negara Islam by Salamuddin Candiki Repantu</p>'),
(1174, 3014, 'id', 'Teolog Versus Filosof Debat tentang Tuhan dan Alam antara Teolog dengan Filsuf Peripatetik by Dr. Mambaul Ngadhimah, M.Ag.', NULL, '<p>Teolog Versus Filosof Debat tentang Tuhan dan Alam antara Teolog dengan Filsuf Peripatetik by Dr. Mambaul Ngadhimah, M.Ag.</p>'),
(1175, 3015, 'id', 'Teologi Damai Rekonstruksi Paradigmatik Relasi Kristen dan Islam by Dr. Abdullah, M.Ag.', NULL, '<p>Teologi Damai Rekonstruksi Paradigmatik Relasi Kristen dan Islam by Dr. Abdullah, M.Ag.</p>'),
(1176, 3016, 'id', 'Teologi Feminisme Islam by Syarif Hidayatullah, M.Ag., M.A.', NULL, '<p>Teologi Feminisme Islam by Syarif Hidayatullah, M.Ag., M.A.</p>'),
(1177, 3017, 'id', 'Teologi Kaum Tarekat by Dr. H. Ahmad Amir Aziz, M.Ag.', NULL, '<p>Teologi Kaum Tarekat by Dr. H. Ahmad Amir Aziz, M.Ag.</p>'),
(1178, 3018, 'id', 'TEOLOGI MUSLIM PURITAN (Genealogi dan Ajaran Salafi) by Dr. Arrazy Hasyim, MA', NULL, '<p>TEOLOGI MUSLIM PURITAN (Genealogi dan Ajaran Salafi) by Dr. Arrazy Hasyim, MA</p>'),
(1179, 3019, 'id', 'Teologi Pembebasan Kritik Marxisme Marxisme Kritis by Michael Lowy', NULL, '<p>Teologi Pembebasan Kritik Marxisme Marxisme Kritis by Michael Lowy</p>'),
(1180, 3020, 'id', 'Teologi Perjanjian Baru by Leon Morris', NULL, '<p>Teologi Perjanjian Baru by Leon Morris</p>'),
(1181, 3021, 'id', 'Teologi Sistematika by Henry Theissen', NULL, '<p>Teologi Sistematika by Henry Theissen</p>'),
(1182, 3022, 'id', 'Teori dasar Qi Gong dalam Agama Tao by Dr. I. D. Lika, Msc, ', NULL, '<p>Teori dasar Qi Gong dalam Agama Tao by Dr. I. D. Lika, Msc, </p>'),
(1183, 3023, 'id', 'Teori Pergerakan Sosial by Robert Mirsel', NULL, '<p>Teori Pergerakan Sosial by Robert Mirsel</p>'),
(1184, 3024, 'id', 'Teori Sosiologi Modern by George Ritzer, Douglas J Goodman', NULL, '<p>Teori Sosiologi Modern by George Ritzer, Douglas J Goodman</p>'),
(1185, 3025, 'id', 'Teori teori Sosial dalam Tiga Paradigma by Prof. Dr. I.B. Wirawan', NULL, '<p>Teori teori Sosial dalam Tiga Paradigma by Prof. Dr. I.B. Wirawan</p>'),
(1186, 3026, 'id', 'tercecer dari dialog dengan alam spiritual', NULL, '<p>tercecer dari dialog dengan alam spiritual</p>'),
(1187, 3027, 'id', 'Terjemah Daqoiqul Akhbar', NULL, '<p>Terjemah Daqoiqul Akhbar</p>'),
(1188, 3028, 'id', 'The God Delusion by Richard Dawkins', NULL, '<p>The God Delusion by Richard Dawkins</p>'),
(1189, 3029, 'id', 'The Greatest Philosophers 100 Tokoh Filsuf Barat dari Abad 6 SM Abad 21 yang Menginspirasi Dunia Bisnis by Kumara Ari Yuana', NULL, '<p>The Greatest Philosophers 100 Tokoh Filsuf Barat dari Abad 6 SM Abad 21 yang Menginspirasi Dunia Bisnis by Kumara Ari Yuana</p>'),
(1190, 3030, 'id', 'The Power of Story (100 Kisah Inspiratif Penghidup Hati) by Imron Fauzi', NULL, '<p>The Power of Story (100 Kisah Inspiratif Penghidup Hati) by Imron Fauzi</p>'),
(1191, 3031, 'id', 'Theologi Islam Ilmu Tauhid by Drs. Hadis Purba, MA. dan Dr. Sakamuddin, MA', NULL, '<p>Theologi Islam Ilmu Tauhid by Drs. Hadis Purba, MA. dan Dr. Sakamuddin, MA</p>'),
(1192, 3032, 'id', 'Theragatha Syair Syair Bhikkhu Senior', NULL, '<p>Theragatha Syair Syair Bhikkhu Senior</p>'),
(1193, 3033, 'id', 'tidak ada ajahn chah', NULL, '<p>tidak ada ajahn chah</p>'),
(1194, 3034, 'id', 'Tokoh Filsuf dan Era Keemasan Filsafat by Nurnaningsih Nawawi', NULL, '<p>Tokoh Filsuf dan Era Keemasan Filsafat by Nurnaningsih Nawawi</p>'),
(1195, 3035, 'id', 'Tokoh Sabdopalon Rekonstruksi Pemaknaan Politik Kebudayaan Hindu Islam di Jawa by I Nengah Duija', NULL, '<p>Tokoh Sabdopalon Rekonstruksi Pemaknaan Politik Kebudayaan Hindu Islam di Jawa by I Nengah Duija</p>'),
(1196, 3036, 'id', 'Toleransi dan Perkauman Keberagaman dalam Perspektif Agama Agama dan Etnis Etnis by TM. Dhani Iqbal (editor)', NULL, '<p>Toleransi dan Perkauman Keberagaman dalam Perspektif Agama Agama dan Etnis Etnis by TM. Dhani Iqbal (editor)</p>'),
(1197, 3037, 'id', 'Toleransi yang Otentik by Abdul Mu’ti', NULL, '<p>Toleransi yang Otentik by Abdul Mu’ti</p>'),
(1198, 3038, 'id', 'Tradisi Kebudayaan Nusantara by Sumanto Al Qurtuby Izak Y.M. Lattu (editor)', NULL, '<p>Tradisi Kebudayaan Nusantara by Sumanto Al Qurtuby Izak Y.M. Lattu (editor)</p>'),
(1199, 3039, 'id', 'Tradisi Amaliyah Warga NU Tahlilan, Hadiyuan, Dzikir, Yasinan, Ziarah Kubur by Sutejo Ibnu Pakar', NULL, '<p>Tradisi Amaliyah Warga NU Tahlilan, Hadiyuan, Dzikir, Yasinan, Ziarah Kubur by Sutejo Ibnu Pakar</p>'),
(1200, 3040, 'id', 'Tradisi Utama Buddhisme', NULL, '<p>Tradisi Utama Buddhisme</p>'),
(1201, 3041, 'id', 'trilogi jalan keselamatan', NULL, '<p>trilogi jalan keselamatan</p>'),
(1202, 3042, 'id', 'Tujuh Filsuf Muslim', NULL, '<p>Tujuh Filsuf Muslim</p>'),
(1203, 3043, 'id', 'Ucapan Benar', NULL, '<p>Ucapan Benar</p>'),
(1204, 3044, 'id', 'Umar Tilmatsani Pemerintahan Agama', NULL, '<p>Umar Tilmatsani Pemerintahan Agama</p>'),
(1205, 3045, 'id', 'Umat Bergerak Mobilisasi Damai Kaum Islamis di Indonesia, Malaysia, dan Turki by Dr. Julie Chernov Hwang PhD', NULL, '<p>Umat Bergerak Mobilisasi Damai Kaum Islamis di Indonesia, Malaysia, dan Turki by Dr. Julie Chernov Hwang PhD</p>'),
(1206, 3046, 'id', 'Unravelling the Mysteries of Mind Body through Abhidhamma (Mengungkap Misteri Batin dan Jasmani Melalui Abhidhamma) by Sayalay Susila', NULL, '<p>Unravelling the Mysteries of Mind Body through Abhidhamma (Mengungkap Misteri Batin dan Jasmani Melalui Abhidhamma) by Sayalay Susila</p>'),
(1207, 3047, 'id', 'Upasaka & Upasika Ariya', NULL, '<p>Upasaka & Upasika Ariya</p>'),
(1208, 3048, 'id', 'Uraian Mengenai Tumbuhan', NULL, '<p>Uraian Mengenai Tumbuhan</p>'),
(1209, 3049, 'id', 'Venerable Acariya Man Bhuridatta Thera A Spiritual Biography', NULL, '<p>Venerable Acariya Man Bhuridatta Thera A Spiritual Biography</p>'),
(1210, 3050, 'id', 'vinaya pitaka volume i suttavibhanga', NULL, '<p>vinaya pitaka volume i suttavibhanga</p>'),
(1211, 3051, 'id', 'VISUDDHI MAGGA INA', NULL, '<p>VISUDDHI MAGGA INA</p>'),
(1212, 3052, 'id', 'Wacana Praktik Pluralisme Keagamaan di Indonesia by Ahmad Zainul Hamdi Muktafi', NULL, '<p>Wacana Praktik Pluralisme Keagamaan di Indonesia by Ahmad Zainul Hamdi Muktafi</p>'),
(1213, 3053, 'id', 'Wanita Dalam Sutta', NULL, '<p>Wanita Dalam Sutta</p>'),
(1214, 3054, 'id', 'Wasiat Ibn Arabi Kupasan Hakekat dan Marifat dalam Tasawwuf Islam by Atjeh Aboebakar H.', NULL, '<p>Wasiat Ibn Arabi Kupasan Hakekat dan Marifat dalam Tasawwuf Islam by Atjeh Aboebakar H.</p>'),
(1215, 3055, 'id', 'Wawasan Al Quran Tafsir tematik Quraish Shihab ', NULL, '<p>Wawasan Al Quran Tafsir tematik Quraish Shihab </p>'),
(1216, 3056, 'id', 'Weddhatama Jinarwa R. Tanojo TB. Pelajar', NULL, '<p>Weddhatama Jinarwa R. Tanojo TB. Pelajar</p>'),
(1217, 3057, 'id', 'Who Am I Kenali Diri Anda dan Raihlah Kesuksesan Dunia Akhirat by Antye Al Inqilabi', NULL, '<p>Who Am I Kenali Diri Anda dan Raihlah Kesuksesan Dunia Akhirat by Antye Al Inqilabi</p>'),
(1218, 3058, 'id', 'Wujud Wanita Avalokitesvara', NULL, '<p>Wujud Wanita Avalokitesvara</p>'),
(1219, 3059, 'id', 'Xu Yun (Awan Kosong) Otobiografi Seorang Chinese Zen Master by Ivan Taniputera (penerjemah) ', NULL, '<p>Xu Yun (Awan Kosong) Otobiografi Seorang Chinese Zen Master by Ivan Taniputera (penerjemah) </p>'),
(1220, 3060, 'id', 'Yang Mengenal Dirinya Yang Mengenal Tuhannya by Jalaluddin Rumi', NULL, '<p>Yang Mengenal Dirinya Yang Mengenal Tuhannya by Jalaluddin Rumi</p>'),
(1221, 3061, 'id', 'zen kunci menuju kebahagiaan tersembunyi', NULL, '<p>zen kunci menuju kebahagiaan tersembunyi</p>');

--
-- Indexes for dumped tables
--

--
-- Indexes for table `accounting`
--
ALTER TABLE `accounting`
  ADD PRIMARY KEY (`id`) USING BTREE,
  ADD KEY `id` (`id`) USING BTREE,
  ADD KEY `user_id` (`user_id`) USING BTREE,
  ADD KEY `webinar_id` (`webinar_id`) USING BTREE,
  ADD KEY `meeting_time_id` (`meeting_time_id`) USING BTREE,
  ADD KEY `subscribe_id` (`subscribe_id`) USING BTREE,
  ADD KEY `promotion_id` (`promotion_id`) USING BTREE,
  ADD KEY `accounting_installment_payment_id_foreign` (`installment_payment_id`);

--
-- Indexes for table `advertising_banners`
--
ALTER TABLE `advertising_banners`
  ADD PRIMARY KEY (`id`) USING BTREE;

--
-- Indexes for table `advertising_banners_translations`
--
ALTER TABLE `advertising_banners_translations`
  ADD PRIMARY KEY (`id`),
  ADD KEY `advertising_banners_translations_advertising_banner_id_foreign` (`advertising_banner_id`),
  ADD KEY `advertising_banners_translations_locale_index` (`locale`);

--
-- Indexes for table `affiliates`
--
ALTER TABLE `affiliates`
  ADD PRIMARY KEY (`id`),
  ADD KEY `affiliates_affiliate_user_id_foreign` (`affiliate_user_id`),
  ADD KEY `affiliates_referred_user_id_foreign` (`referred_user_id`);

--
-- Indexes for table `affiliates_codes`
--
ALTER TABLE `affiliates_codes`
  ADD PRIMARY KEY (`id`),
  ADD UNIQUE KEY `affiliates_codes_code_unique` (`code`),
  ADD KEY `affiliates_codes_user_id_foreign` (`user_id`);

--
-- Indexes for table `agora_history`
--
ALTER TABLE `agora_history`
  ADD PRIMARY KEY (`id`),
  ADD KEY `agora_history_session_id_foreign` (`session_id`);

--
-- Indexes for table `badges`
--
ALTER TABLE `badges`
  ADD PRIMARY KEY (`id`) USING BTREE,
  ADD KEY `badges_type_index` (`type`) USING BTREE;

--
-- Indexes for table `badge_translations`
--
ALTER TABLE `badge_translations`
  ADD PRIMARY KEY (`id`),
  ADD KEY `badge_translations_badge_id_foreign` (`badge_id`),
  ADD KEY `badge_translations_locale_index` (`locale`);

--
-- Indexes for table `become_instructors`
--
ALTER TABLE `become_instructors`
  ADD PRIMARY KEY (`id`) USING BTREE,
  ADD KEY `become_instructors_user_id_foreign` (`user_id`) USING BTREE;

--
-- Indexes for table `blog`
--
ALTER TABLE `blog`
  ADD PRIMARY KEY (`id`) USING BTREE,
  ADD KEY `blog_category_id_foreign` (`category_id`) USING BTREE,
  ADD KEY `slug` (`slug`) USING BTREE;

--
-- Indexes for table `blog_categories`
--
ALTER TABLE `blog_categories`
  ADD PRIMARY KEY (`id`) USING BTREE;

--
-- Indexes for table `blog_translations`
--
ALTER TABLE `blog_translations`
  ADD PRIMARY KEY (`id`),
  ADD UNIQUE KEY `blog_translations_blog_id_locale_unique` (`blog_id`,`locale`),
  ADD KEY `blog_translations_locale_index` (`locale`);

--
-- Indexes for table `bundles`
--
ALTER TABLE `bundles`
  ADD PRIMARY KEY (`id`),
  ADD KEY `bundles_creator_id_foreign` (`creator_id`),
  ADD KEY `bundles_teacher_id_foreign` (`teacher_id`),
  ADD KEY `bundles_category_id_foreign` (`category_id`),
  ADD KEY `bundles_slug_index` (`slug`);

--
-- Indexes for table `bundle_filter_option`
--
ALTER TABLE `bundle_filter_option`
  ADD PRIMARY KEY (`id`),
  ADD KEY `bundle_filter_option_bundle_id_foreign` (`bundle_id`),
  ADD KEY `bundle_filter_option_filter_option_id_foreign` (`filter_option_id`);

--
-- Indexes for table `bundle_translations`
--
ALTER TABLE `bundle_translations`
  ADD PRIMARY KEY (`id`),
  ADD KEY `bundle_translations_bundle_id_foreign` (`bundle_id`),
  ADD KEY `bundle_translations_locale_index` (`locale`);

--
-- Indexes for table `bundle_webinars`
--
ALTER TABLE `bundle_webinars`
  ADD PRIMARY KEY (`id`),
  ADD KEY `bundle_webinars_bundle_id_foreign` (`bundle_id`),
  ADD KEY `bundle_webinars_webinar_id_foreign` (`webinar_id`);

--
-- Indexes for table `cart`
--
ALTER TABLE `cart`
  ADD PRIMARY KEY (`id`) USING BTREE,
  ADD KEY `cart_creator_id_foreign` (`creator_id`) USING BTREE,
  ADD KEY `cart_webinar_id_foreign` (`webinar_id`) USING BTREE,
  ADD KEY `cart_ticket_id_foreign` (`ticket_id`) USING BTREE,
  ADD KEY `cart_reserve_meeting_id_foreign` (`reserve_meeting_id`) USING BTREE,
  ADD KEY `cart_subscribe_id_foreign` (`subscribe_id`) USING BTREE,
  ADD KEY `cart_promotion_id_foreign` (`promotion_id`) USING BTREE,
  ADD KEY `cart_special_offer_id_foreign` (`special_offer_id`),
  ADD KEY `cart_product_order_id_foreign` (`product_order_id`),
  ADD KEY `cart_product_discount_id_foreign` (`product_discount_id`),
  ADD KEY `cart_bundle_id_foreign` (`bundle_id`),
  ADD KEY `cart_installment_payment_id_foreign` (`installment_payment_id`),
  ADD KEY `cart_gift_id_foreign` (`gift_id`);

--
-- Indexes for table `cashback_rules`
--
ALTER TABLE `cashback_rules`
  ADD PRIMARY KEY (`id`);

--
-- Indexes for table `cashback_rule_specification_items`
--
ALTER TABLE `cashback_rule_specification_items`
  ADD PRIMARY KEY (`id`),
  ADD KEY `cashback_rule_specification_items_cashback_rule_id_foreign` (`cashback_rule_id`),
  ADD KEY `cashback_rule_specification_items_category_id_foreign` (`category_id`),
  ADD KEY `cashback_rule_specification_items_instructor_id_foreign` (`instructor_id`),
  ADD KEY `cashback_rule_specification_items_seller_id_foreign` (`seller_id`),
  ADD KEY `cashback_rule_specification_items_webinar_id_foreign` (`webinar_id`),
  ADD KEY `cashback_rule_specification_items_product_id_foreign` (`product_id`),
  ADD KEY `cashback_rule_specification_items_bundle_id_foreign` (`bundle_id`),
  ADD KEY `cashback_rule_specification_items_subscribe_id_foreign` (`subscribe_id`),
  ADD KEY `rules_registration_package_id` (`registration_package_id`);

--
-- Indexes for table `cashback_rule_translations`
--
ALTER TABLE `cashback_rule_translations`
  ADD PRIMARY KEY (`id`),
  ADD KEY `cashback_rule_translations_cashback_rule_id_foreign` (`cashback_rule_id`),
  ADD KEY `cashback_rule_translations_locale_index` (`locale`);

--
-- Indexes for table `cashback_rule_users_groups`
--
ALTER TABLE `cashback_rule_users_groups`
  ADD PRIMARY KEY (`id`),
  ADD KEY `cashback_rule_users_groups_cashback_rule_id_foreign` (`cashback_rule_id`),
  ADD KEY `cashback_rule_users_groups_group_id_foreign` (`group_id`),
  ADD KEY `cashback_rule_users_groups_user_id_foreign` (`user_id`);

--
-- Indexes for table `categories`
--
ALTER TABLE `categories`
  ADD PRIMARY KEY (`id`) USING BTREE,
  ADD KEY `parent_id` (`parent_id`) USING BTREE;

--
-- Indexes for table `category_translations`
--
ALTER TABLE `category_translations`
  ADD PRIMARY KEY (`id`) USING BTREE,
  ADD KEY `category_translations_category_id_foreign` (`category_id`) USING BTREE,
  ADD KEY `category_translations_locale_index` (`locale`) USING BTREE;

--
-- Indexes for table `certificates`
--
ALTER TABLE `certificates`
  ADD PRIMARY KEY (`id`) USING BTREE,
  ADD KEY `certificates_quiz_id_foreign` (`quiz_id`) USING BTREE,
  ADD KEY `certificates_quiz_result_id_foreign` (`quiz_result_id`) USING BTREE,
  ADD KEY `certificates_student_id_foreign` (`student_id`) USING BTREE,
  ADD KEY `certificates_webinar_id_foreign` (`webinar_id`);

--
-- Indexes for table `certificates_templates`
--
ALTER TABLE `certificates_templates`
  ADD PRIMARY KEY (`id`) USING BTREE;

--
-- Indexes for table `certificate_template_translations`
--
ALTER TABLE `certificate_template_translations`
  ADD PRIMARY KEY (`id`),
  ADD KEY `certificate_template_id` (`certificate_template_id`),
  ADD KEY `certificate_template_translations_locale_index` (`locale`);

--
-- Indexes for table `comments`
--
ALTER TABLE `comments`
  ADD PRIMARY KEY (`id`) USING BTREE,
  ADD KEY `comments_webinar_id_foreign` (`webinar_id`) USING BTREE,
  ADD KEY `comments_user_id_foreign` (`user_id`) USING BTREE,
  ADD KEY `comments_review_id_foreign` (`review_id`) USING BTREE,
  ADD KEY `comments_reply_id_foreign` (`reply_id`) USING BTREE,
  ADD KEY `comments_product_id_foreign` (`product_id`),
  ADD KEY `comments_bundle_id_foreign` (`bundle_id`),
  ADD KEY `blog_id` (`blog_id`),
  ADD KEY `comments_upcoming_course_id_foreign` (`upcoming_course_id`);

--
-- Indexes for table `comments_reports`
--
ALTER TABLE `comments_reports`
  ADD PRIMARY KEY (`id`) USING BTREE,
  ADD KEY `comments_reports_comment_id_foreign` (`comment_id`) USING BTREE,
  ADD KEY `comments_reports_product_id_foreign` (`product_id`);

--
-- Indexes for table `contacts`
--
ALTER TABLE `contacts`
  ADD PRIMARY KEY (`id`) USING BTREE;

--
-- Indexes for table `course_forums`
--
ALTER TABLE `course_forums`
  ADD PRIMARY KEY (`id`),
  ADD KEY `course_forums_webinar_id_foreign` (`webinar_id`),
  ADD KEY `course_forums_user_id_foreign` (`user_id`);

--
-- Indexes for table `course_forum_answers`
--
ALTER TABLE `course_forum_answers`
  ADD PRIMARY KEY (`id`),
  ADD KEY `course_forum_answers_user_id_foreign` (`user_id`),
  ADD KEY `course_forum_answers_forum_id_foreign` (`forum_id`);

--
-- Indexes for table `course_learning`
--
ALTER TABLE `course_learning`
  ADD PRIMARY KEY (`id`),
  ADD KEY `course_learning_user_id_foreign` (`user_id`),
  ADD KEY `course_learning_text_lesson_id_foreign` (`text_lesson_id`),
  ADD KEY `course_learning_file_id_foreign` (`file_id`),
  ADD KEY `course_learning_session_id_foreign` (`session_id`);

--
-- Indexes for table `course_noticeboards`
--
ALTER TABLE `course_noticeboards`
  ADD PRIMARY KEY (`id`),
  ADD KEY `course_noticeboards_creator_id_foreign` (`creator_id`),
  ADD KEY `course_noticeboards_webinar_id_foreign` (`webinar_id`);

--
-- Indexes for table `course_noticeboard_status`
--
ALTER TABLE `course_noticeboard_status`
  ADD PRIMARY KEY (`id`),
  ADD KEY `course_noticeboard_status_noticeboard_id_foreign` (`noticeboard_id`);

--
-- Indexes for table `currencies`
--
ALTER TABLE `currencies`
  ADD PRIMARY KEY (`id`);

--
-- Indexes for table `delete_account_requests`
--
ALTER TABLE `delete_account_requests`
  ADD PRIMARY KEY (`id`),
  ADD KEY `delete_account_requests_user_id_foreign` (`user_id`);

--
-- Indexes for table `discounts`
--
ALTER TABLE `discounts`
  ADD PRIMARY KEY (`id`) USING BTREE,
  ADD UNIQUE KEY `discounts_code_unique` (`code`),
  ADD KEY `discounts_creator_id_foreign` (`creator_id`) USING BTREE;

--
-- Indexes for table `discount_bundles`
--
ALTER TABLE `discount_bundles`
  ADD PRIMARY KEY (`id`),
  ADD KEY `discount_bundles_discount_id_foreign` (`discount_id`),
  ADD KEY `discount_bundles_bundle_id_foreign` (`bundle_id`);

--
-- Indexes for table `discount_categories`
--
ALTER TABLE `discount_categories`
  ADD PRIMARY KEY (`id`),
  ADD KEY `discount_categories_discount_id_foreign` (`discount_id`),
  ADD KEY `discount_categories_category_id_foreign` (`category_id`);

--
-- Indexes for table `discount_courses`
--
ALTER TABLE `discount_courses`
  ADD PRIMARY KEY (`id`),
  ADD KEY `discount_courses_discount_id_foreign` (`discount_id`),
  ADD KEY `discount_courses_course_id_foreign` (`course_id`);

--
-- Indexes for table `discount_groups`
--
ALTER TABLE `discount_groups`
  ADD PRIMARY KEY (`id`),
  ADD KEY `discount_groups_discount_id_foreign` (`discount_id`),
  ADD KEY `discount_groups_group_id_foreign` (`group_id`);

--
-- Indexes for table `discount_users`
--
ALTER TABLE `discount_users`
  ADD PRIMARY KEY (`id`) USING BTREE,
  ADD KEY `discount_users_discount_id_foreign` (`discount_id`) USING BTREE,
  ADD KEY `discount_users_user_id_foreign` (`user_id`) USING BTREE;

--
-- Indexes for table `faqs`
--
ALTER TABLE `faqs`
  ADD PRIMARY KEY (`id`) USING BTREE,
  ADD KEY `faqs_webinar_id_foreign` (`webinar_id`) USING BTREE,
  ADD KEY `faqs_creator_id_foreign` (`creator_id`) USING BTREE,
  ADD KEY `faqs_bundle_id_foreign` (`bundle_id`),
  ADD KEY `faqs_upcoming_course_id_foreign` (`upcoming_course_id`);

--
-- Indexes for table `faq_translations`
--
ALTER TABLE `faq_translations`
  ADD PRIMARY KEY (`id`),
  ADD KEY `faq_translations_faq_id_foreign` (`faq_id`),
  ADD KEY `faq_translations_locale_index` (`locale`);

--
-- Indexes for table `favorites`
--
ALTER TABLE `favorites`
  ADD PRIMARY KEY (`id`) USING BTREE,
  ADD KEY `favorites_webinar_id_foreign` (`webinar_id`) USING BTREE,
  ADD KEY `favorites_user_id_foreign` (`user_id`) USING BTREE,
  ADD KEY `favorites_bundle_id_foreign` (`bundle_id`),
  ADD KEY `favorites_upcoming_course_id_foreign` (`upcoming_course_id`);

--
-- Indexes for table `feature_webinars`
--
ALTER TABLE `feature_webinars`
  ADD PRIMARY KEY (`id`) USING BTREE,
  ADD KEY `feature_webinars_webinar_id_index` (`webinar_id`) USING BTREE;

--
-- Indexes for table `feature_webinar_translations`
--
ALTER TABLE `feature_webinar_translations`
  ADD PRIMARY KEY (`id`),
  ADD KEY `feature_webinar_translations_feature_webinar_id_foreign` (`feature_webinar_id`),
  ADD KEY `feature_webinar_translations_locale_index` (`locale`);

--
-- Indexes for table `files`
--
ALTER TABLE `files`
  ADD PRIMARY KEY (`id`) USING BTREE,
  ADD KEY `files_webinar_id_foreign` (`webinar_id`) USING BTREE,
  ADD KEY `files_creator_id_foreign` (`creator_id`) USING BTREE,
  ADD KEY `files_chapter_id_foreign` (`chapter_id`);

--
-- Indexes for table `file_translations`
--
ALTER TABLE `file_translations`
  ADD PRIMARY KEY (`id`),
  ADD KEY `file_translations_file_id_foreign` (`file_id`),
  ADD KEY `file_translations_locale_index` (`locale`);

--
-- Indexes for table `filters`
--
ALTER TABLE `filters`
  ADD PRIMARY KEY (`id`) USING BTREE,
  ADD KEY `filters_category_id_foreign` (`category_id`) USING BTREE;

--
-- Indexes for table `filter_options`
--
ALTER TABLE `filter_options`
  ADD PRIMARY KEY (`id`) USING BTREE,
  ADD KEY `filter_options_filter_id_foreign` (`filter_id`) USING BTREE;

--
-- Indexes for table `filter_option_translations`
--
ALTER TABLE `filter_option_translations`
  ADD PRIMARY KEY (`id`),
  ADD KEY `filter_option_translations_filter_option_id_foreign` (`filter_option_id`),
  ADD KEY `filter_option_translations_locale_index` (`locale`);

--
-- Indexes for table `filter_translations`
--
ALTER TABLE `filter_translations`
  ADD PRIMARY KEY (`id`),
  ADD KEY `filter_translations_filter_id_foreign` (`filter_id`),
  ADD KEY `filter_translations_locale_index` (`locale`);

--
-- Indexes for table `floating_bars`
--
ALTER TABLE `floating_bars`
  ADD PRIMARY KEY (`id`);

--
-- Indexes for table `floating_bar_translations`
--
ALTER TABLE `floating_bar_translations`
  ADD PRIMARY KEY (`id`),
  ADD KEY `floating_bar_translations_floating_bar_id_foreign` (`floating_bar_id`),
  ADD KEY `floating_bar_translations_locale_index` (`locale`);

--
-- Indexes for table `follows`
--
ALTER TABLE `follows`
  ADD PRIMARY KEY (`id`) USING BTREE,
  ADD KEY `follows_follower_foreign` (`follower`) USING BTREE,
  ADD KEY `follows_user_id_foreign` (`user_id`) USING BTREE;

--
-- Indexes for table `forums`
--
ALTER TABLE `forums`
  ADD PRIMARY KEY (`id`),
  ADD UNIQUE KEY `forums_slug_unique` (`slug`),
  ADD KEY `forums_role_id_foreign` (`role_id`),
  ADD KEY `forums_group_id_foreign` (`group_id`);

--
-- Indexes for table `forum_featured_topics`
--
ALTER TABLE `forum_featured_topics`
  ADD PRIMARY KEY (`id`),
  ADD KEY `forum_featured_topics_topic_id_foreign` (`topic_id`);

--
-- Indexes for table `forum_recommended_topics`
--
ALTER TABLE `forum_recommended_topics`
  ADD PRIMARY KEY (`id`);

--
-- Indexes for table `forum_recommended_topic_items`
--
ALTER TABLE `forum_recommended_topic_items`
  ADD PRIMARY KEY (`id`),
  ADD KEY `forum_recommended_topic_items_recommended_topic_id_foreign` (`recommended_topic_id`),
  ADD KEY `forum_recommended_topic_items_topic_id_foreign` (`topic_id`);

--
-- Indexes for table `forum_topics`
--
ALTER TABLE `forum_topics`
  ADD PRIMARY KEY (`id`),
  ADD UNIQUE KEY `forum_topics_slug_unique` (`slug`),
  ADD KEY `forum_topics_creator_id_foreign` (`creator_id`),
  ADD KEY `forum_topics_forum_id_foreign` (`forum_id`);

--
-- Indexes for table `forum_topic_attachments`
--
ALTER TABLE `forum_topic_attachments`
  ADD PRIMARY KEY (`id`),
  ADD KEY `forum_topic_attachments_topic_id_foreign` (`topic_id`),
  ADD KEY `forum_topic_attachments_creator_id_foreign` (`creator_id`);

--
-- Indexes for table `forum_topic_bookmarks`
--
ALTER TABLE `forum_topic_bookmarks`
  ADD PRIMARY KEY (`id`),
  ADD KEY `forum_topic_bookmarks_user_id_foreign` (`user_id`),
  ADD KEY `forum_topic_bookmarks_topic_id_foreign` (`topic_id`);

--
-- Indexes for table `forum_topic_likes`
--
ALTER TABLE `forum_topic_likes`
  ADD PRIMARY KEY (`id`),
  ADD KEY `forum_topic_likes_user_id_foreign` (`user_id`),
  ADD KEY `forum_topic_likes_topic_id_foreign` (`topic_id`),
  ADD KEY `forum_topic_likes_topic_post_id_foreign` (`topic_post_id`);

--
-- Indexes for table `forum_topic_posts`
--
ALTER TABLE `forum_topic_posts`
  ADD PRIMARY KEY (`id`),
  ADD KEY `forum_topic_posts_user_id_foreign` (`user_id`),
  ADD KEY `forum_topic_posts_topic_id_foreign` (`topic_id`),
  ADD KEY `forum_topic_posts_parent_id_foreign` (`parent_id`);

--
-- Indexes for table `forum_topic_reports`
--
ALTER TABLE `forum_topic_reports`
  ADD PRIMARY KEY (`id`),
  ADD KEY `forum_topic_reports_user_id_foreign` (`user_id`),
  ADD KEY `forum_topic_reports_topic_id_foreign` (`topic_id`),
  ADD KEY `forum_topic_reports_topic_post_id_foreign` (`topic_post_id`);

--
-- Indexes for table `forum_translations`
--
ALTER TABLE `forum_translations`
  ADD PRIMARY KEY (`id`),
  ADD KEY `forum_translations_forum_id_foreign` (`forum_id`),
  ADD KEY `forum_translations_locale_index` (`locale`);

--
-- Indexes for table `gifts`
--
ALTER TABLE `gifts`
  ADD PRIMARY KEY (`id`),
  ADD KEY `gifts_user_id_foreign` (`user_id`),
  ADD KEY `gifts_webinar_id_foreign` (`webinar_id`),
  ADD KEY `gifts_bundle_id_foreign` (`bundle_id`),
  ADD KEY `gifts_product_id_foreign` (`product_id`);

--
-- Indexes for table `groups`
--
ALTER TABLE `groups`
  ADD PRIMARY KEY (`id`) USING BTREE,
  ADD KEY `groups_creator_id_foreign` (`creator_id`) USING BTREE;

--
-- Indexes for table `groups_registration_packages`
--
ALTER TABLE `groups_registration_packages`
  ADD PRIMARY KEY (`id`),
  ADD KEY `groups_registration_packages_group_id_foreign` (`group_id`);

--
-- Indexes for table `group_users`
--
ALTER TABLE `group_users`
  ADD PRIMARY KEY (`id`) USING BTREE,
  ADD KEY `group_users_group_id_foreign` (`group_id`) USING BTREE,
  ADD KEY `group_users_user_id_foreign` (`user_id`) USING BTREE;

--
-- Indexes for table `home_page_statistics`
--
ALTER TABLE `home_page_statistics`
  ADD PRIMARY KEY (`id`);

--
-- Indexes for table `home_page_statistic_translations`
--
ALTER TABLE `home_page_statistic_translations`
  ADD PRIMARY KEY (`id`),
  ADD KEY `home_page_statistic_id` (`home_page_statistic_id`),
  ADD KEY `home_page_statistic_translations_locale_index` (`locale`);

--
-- Indexes for table `home_sections`
--
ALTER TABLE `home_sections`
  ADD PRIMARY KEY (`id`),
  ADD KEY `home_sections_name_index` (`name`);

--
-- Indexes for table `installments`
--
ALTER TABLE `installments`
  ADD PRIMARY KEY (`id`);

--
-- Indexes for table `installment_orders`
--
ALTER TABLE `installment_orders`
  ADD PRIMARY KEY (`id`),
  ADD KEY `installment_orders_installment_id_foreign` (`installment_id`),
  ADD KEY `installment_orders_user_id_foreign` (`user_id`),
  ADD KEY `installment_orders_webinar_id_foreign` (`webinar_id`),
  ADD KEY `installment_orders_product_id_foreign` (`product_id`),
  ADD KEY `installment_orders_bundle_id_foreign` (`bundle_id`),
  ADD KEY `installment_orders_subscribe_id_foreign` (`subscribe_id`),
  ADD KEY `installment_orders_registration_package_id_foreign` (`registration_package_id`),
  ADD KEY `installment_product_order_id` (`product_order_id`);

--
-- Indexes for table `installment_order_attachments`
--
ALTER TABLE `installment_order_attachments`
  ADD PRIMARY KEY (`id`),
  ADD KEY `installment_order_id_attachment` (`installment_order_id`);

--
-- Indexes for table `installment_order_payments`
--
ALTER TABLE `installment_order_payments`
  ADD PRIMARY KEY (`id`),
  ADD KEY `installment_order_id` (`installment_order_id`),
  ADD KEY `installment_order_payments_step_id_foreign` (`step_id`),
  ADD KEY `installment_order_payments_sale_id_foreign` (`sale_id`);

--
-- Indexes for table `installment_reminders`
--
ALTER TABLE `installment_reminders`
  ADD PRIMARY KEY (`id`),
  ADD KEY `installment_reminders_user_id_foreign` (`user_id`);

--
-- Indexes for table `installment_specification_items`
--
ALTER TABLE `installment_specification_items`
  ADD PRIMARY KEY (`id`),
  ADD KEY `installment_specification_items_installment_id_foreign` (`installment_id`),
  ADD KEY `installment_specification_items_category_id_foreign` (`category_id`),
  ADD KEY `installment_specification_items_instructor_id_foreign` (`instructor_id`),
  ADD KEY `installment_specification_items_seller_id_foreign` (`seller_id`),
  ADD KEY `installment_specification_items_webinar_id_foreign` (`webinar_id`),
  ADD KEY `installment_specification_items_product_id_foreign` (`product_id`),
  ADD KEY `installment_specification_items_bundle_id_foreign` (`bundle_id`),
  ADD KEY `installment_specification_items_subscribe_id_foreign` (`subscribe_id`),
  ADD KEY `installment_specification_items_registration_package_id_foreign` (`registration_package_id`);

--
-- Indexes for table `installment_steps`
--
ALTER TABLE `installment_steps`
  ADD PRIMARY KEY (`id`),
  ADD KEY `installment_steps_installment_id_foreign` (`installment_id`);

--
-- Indexes for table `installment_step_translations`
--
ALTER TABLE `installment_step_translations`
  ADD PRIMARY KEY (`id`),
  ADD KEY `installment_step_translations_installment_step_id_foreign` (`installment_step_id`),
  ADD KEY `installment_step_translations_locale_index` (`locale`);

--
-- Indexes for table `installment_translations`
--
ALTER TABLE `installment_translations`
  ADD PRIMARY KEY (`id`),
  ADD KEY `installment_translations_installment_id_foreign` (`installment_id`),
  ADD KEY `installment_translations_locale_index` (`locale`);

--
-- Indexes for table `installment_user_groups`
--
ALTER TABLE `installment_user_groups`
  ADD PRIMARY KEY (`id`),
  ADD KEY `installment_user_groups_installment_id_foreign` (`installment_id`),
  ADD KEY `installment_user_groups_group_id_foreign` (`group_id`);

--
-- Indexes for table `jazzcash_transactions`
--
ALTER TABLE `jazzcash_transactions`
  ADD PRIMARY KEY (`id`);

--
-- Indexes for table `meetings`
--
ALTER TABLE `meetings`
  ADD PRIMARY KEY (`id`) USING BTREE,
  ADD KEY `meetings_creator_id_foreign` (`creator_id`) USING BTREE;

--
-- Indexes for table `meeting_times`
--
ALTER TABLE `meeting_times`
  ADD PRIMARY KEY (`id`) USING BTREE,
  ADD KEY `meeting_times_meeting_id_foreign` (`meeting_id`) USING BTREE;

--
-- Indexes for table `migrations`
--
ALTER TABLE `migrations`
  ADD PRIMARY KEY (`id`) USING BTREE;

--
-- Indexes for table `navbar_buttons`
--
ALTER TABLE `navbar_buttons`
  ADD PRIMARY KEY (`id`),
  ADD KEY `navbar_buttons_role_id_foreign` (`role_id`);

--
-- Indexes for table `navbar_button_translations`
--
ALTER TABLE `navbar_button_translations`
  ADD PRIMARY KEY (`id`),
  ADD KEY `navbar_button_translations_navbar_button_id_foreign` (`navbar_button_id`),
  ADD KEY `navbar_button_translations_locale_index` (`locale`);

--
-- Indexes for table `newsletters`
--
ALTER TABLE `newsletters`
  ADD PRIMARY KEY (`id`);

--
-- Indexes for table `newsletters_history`
--
ALTER TABLE `newsletters_history`
  ADD PRIMARY KEY (`id`);

--
-- Indexes for table `noticeboards`
--
ALTER TABLE `noticeboards`
  ADD PRIMARY KEY (`id`),
  ADD KEY `noticeboards_organ_id_foreign` (`organ_id`),
  ADD KEY `noticeboards_user_id_foreign` (`user_id`),
  ADD KEY `noticeboards_instructor_id_foreign` (`instructor_id`),
  ADD KEY `noticeboards_webinar_id_foreign` (`webinar_id`);

--
-- Indexes for table `noticeboards_status`
--
ALTER TABLE `noticeboards_status`
  ADD PRIMARY KEY (`id`),
  ADD KEY `noticeboards_status_noticeboard_id_foreign` (`noticeboard_id`);

--
-- Indexes for table `notifications`
--
ALTER TABLE `notifications`
  ADD PRIMARY KEY (`id`) USING BTREE,
  ADD KEY `notifications_user_id_foreign` (`user_id`) USING BTREE,
  ADD KEY `notifications_group_id_foreign` (`group_id`) USING BTREE,
  ADD KEY `webinar_id` (`webinar_id`);

--
-- Indexes for table `notifications_status`
--
ALTER TABLE `notifications_status`
  ADD PRIMARY KEY (`id`) USING BTREE,
  ADD KEY `notifications_status_notification_id_foreign` (`notification_id`) USING BTREE;

--
-- Indexes for table `notification_templates`
--
ALTER TABLE `notification_templates`
  ADD PRIMARY KEY (`id`) USING BTREE;

--
-- Indexes for table `offline_banks`
--
ALTER TABLE `offline_banks`
  ADD PRIMARY KEY (`id`);

--
-- Indexes for table `offline_bank_specifications`
--
ALTER TABLE `offline_bank_specifications`
  ADD PRIMARY KEY (`id`),
  ADD KEY `offline_bank_specifications_offline_bank_id_foreign` (`offline_bank_id`);

--
-- Indexes for table `offline_bank_specification_translations`
--
ALTER TABLE `offline_bank_specification_translations`
  ADD PRIMARY KEY (`id`),
  ADD KEY `offline_bank_specification_id` (`offline_bank_specification_id`),
  ADD KEY `locale` (`locale`) USING BTREE;

--
-- Indexes for table `offline_bank_translations`
--
ALTER TABLE `offline_bank_translations`
  ADD PRIMARY KEY (`id`),
  ADD KEY `offline_bank_translations_offline_bank_id_foreign` (`offline_bank_id`),
  ADD KEY `offline_bank_translations_locale_index` (`locale`);

--
-- Indexes for table `offline_payments`
--
ALTER TABLE `offline_payments`
  ADD PRIMARY KEY (`id`) USING BTREE,
  ADD KEY `offline_payments_user_id_foreign` (`user_id`) USING BTREE,
  ADD KEY `offline_payments_offline_bank_id_foreign` (`offline_bank_id`);

--
-- Indexes for table `orders`
--
ALTER TABLE `orders`
  ADD PRIMARY KEY (`id`) USING BTREE,
  ADD KEY `orders_user_id_foreign` (`user_id`) USING BTREE;

--
-- Indexes for table `order_items`
--
ALTER TABLE `order_items`
  ADD PRIMARY KEY (`id`) USING BTREE,
  ADD KEY `order_items_order_id_foreign` (`order_id`) USING BTREE,
  ADD KEY `order_items_webinar_id_foreign` (`webinar_id`) USING BTREE,
  ADD KEY `order_items_ticket_id_foreign` (`ticket_id`) USING BTREE,
  ADD KEY `order_items_reserve_meeting_id_foreign` (`reserve_meeting_id`) USING BTREE,
  ADD KEY `order_items_subscribe_id_foreign` (`subscribe_id`) USING BTREE,
  ADD KEY `order_items_promotion_id_foreign` (`promotion_id`) USING BTREE,
  ADD KEY `order_items_gift_id_foreign` (`gift_id`);

--
-- Indexes for table `pages`
--
ALTER TABLE `pages`
  ADD PRIMARY KEY (`id`),
  ADD UNIQUE KEY `pages_link_unique` (`link`);

--
-- Indexes for table `page_translations`
--
ALTER TABLE `page_translations`
  ADD PRIMARY KEY (`id`),
  ADD KEY `page_translations_page_id_foreign` (`page_id`),
  ADD KEY `page_translations_locale_index` (`locale`);

--
-- Indexes for table `password_resets`
--
ALTER TABLE `password_resets`
  ADD KEY `password_resets_email_index` (`email`) USING BTREE;

--
-- Indexes for table `payku_payments`
--
ALTER TABLE `payku_payments`
  ADD UNIQUE KEY `payku_payments_transaction_id_unique` (`transaction_id`);

--
-- Indexes for table `payku_transactions`
--
ALTER TABLE `payku_transactions`
  ADD UNIQUE KEY `payku_transactions_id_unique` (`id`),
  ADD UNIQUE KEY `payku_transactions_order_unique` (`order`);

--
-- Indexes for table `payment_channels`
--
ALTER TABLE `payment_channels`
  ADD PRIMARY KEY (`id`) USING BTREE;

--
-- Indexes for table `payouts`
--
ALTER TABLE `payouts`
  ADD PRIMARY KEY (`id`) USING BTREE,
  ADD KEY `payouts_user_id_foreign` (`user_id`) USING BTREE,
  ADD KEY `payout_user_selected_bank_id` (`user_selected_bank_id`) USING BTREE;

--
-- Indexes for table `payu_transactions`
--
ALTER TABLE `payu_transactions`
  ADD PRIMARY KEY (`id`) USING BTREE,
  ADD UNIQUE KEY `payu_transactions_transaction_id_unique` (`transaction_id`) USING BTREE,
  ADD KEY `payu_transactions_status_index` (`status`) USING BTREE,
  ADD KEY `payu_transactions_verified_at_index` (`verified_at`) USING BTREE;

--
-- Indexes for table `permissions`
--
ALTER TABLE `permissions`
  ADD PRIMARY KEY (`id`) USING BTREE,
  ADD KEY `permissions_role_id_index` (`role_id`) USING BTREE,
  ADD KEY `permissions_section_id_index` (`section_id`) USING BTREE;

--
-- Indexes for table `prerequisites`
--
ALTER TABLE `prerequisites`
  ADD PRIMARY KEY (`id`) USING BTREE,
  ADD KEY `prerequisites_webinar_id_foreign` (`webinar_id`) USING BTREE,
  ADD KEY `prerequisite_id` (`prerequisite_id`);

--
-- Indexes for table `products`
--
ALTER TABLE `products`
  ADD PRIMARY KEY (`id`),
  ADD KEY `products_creator_id_foreign` (`creator_id`),
  ADD KEY `products_category_id_foreign` (`category_id`),
  ADD KEY `products_type_index` (`type`),
  ADD KEY `products_slug_index` (`slug`);

--
-- Indexes for table `product_categories`
--
ALTER TABLE `product_categories`
  ADD PRIMARY KEY (`id`);

--
-- Indexes for table `product_category_translations`
--
ALTER TABLE `product_category_translations`
  ADD PRIMARY KEY (`id`),
  ADD KEY `product_category_id` (`product_category_id`),
  ADD KEY `product_category_translations_locale_index` (`locale`);

--
-- Indexes for table `product_discounts`
--
ALTER TABLE `product_discounts`
  ADD PRIMARY KEY (`id`),
  ADD KEY `product_discounts_creator_id_foreign` (`creator_id`),
  ADD KEY `product_discounts_product_id_foreign` (`product_id`);

--
-- Indexes for table `product_faqs`
--
ALTER TABLE `product_faqs`
  ADD PRIMARY KEY (`id`),
  ADD KEY `product_faqs_product_id_foreign` (`product_id`),
  ADD KEY `product_faqs_creator_id_foreign` (`creator_id`);

--
-- Indexes for table `product_faq_translations`
--
ALTER TABLE `product_faq_translations`
  ADD PRIMARY KEY (`id`),
  ADD KEY `product_faq_id` (`product_faq_id`),
  ADD KEY `product_faq_translations_locale_index` (`locale`);

--
-- Indexes for table `product_files`
--
ALTER TABLE `product_files`
  ADD PRIMARY KEY (`id`),
  ADD KEY `file_product_id` (`product_id`),
  ADD KEY `file_creator_id` (`creator_id`);

--
-- Indexes for table `product_file_translations`
--
ALTER TABLE `product_file_translations`
  ADD PRIMARY KEY (`id`),
  ADD KEY `product_file_id` (`product_file_id`),
  ADD KEY `product_file_translations_locale_index` (`locale`);

--
-- Indexes for table `product_filters`
--
ALTER TABLE `product_filters`
  ADD PRIMARY KEY (`id`),
  ADD KEY `product_filters_category_id_foreign` (`category_id`);

--
-- Indexes for table `product_filter_options`
--
ALTER TABLE `product_filter_options`
  ADD PRIMARY KEY (`id`),
  ADD KEY `product_filter_options_filter_id_foreign` (`filter_id`);

--
-- Indexes for table `product_filter_option_translations`
--
ALTER TABLE `product_filter_option_translations`
  ADD PRIMARY KEY (`id`),
  ADD KEY `product_filter_option_id` (`product_filter_option_id`),
  ADD KEY `product_filter_option_translations_locale_index` (`locale`);

--
-- Indexes for table `product_filter_translations`
--
ALTER TABLE `product_filter_translations`
  ADD PRIMARY KEY (`id`),
  ADD KEY `product_filter_id` (`product_filter_id`),
  ADD KEY `product_filter_translations_locale_index` (`locale`);

--
-- Indexes for table `product_media`
--
ALTER TABLE `product_media`
  ADD PRIMARY KEY (`id`),
  ADD KEY `media_product_id` (`product_id`),
  ADD KEY `media_creator_id` (`creator_id`);

--
-- Indexes for table `product_orders`
--
ALTER TABLE `product_orders`
  ADD PRIMARY KEY (`id`),
  ADD KEY `product_orders_installment_order_id_foreign` (`installment_order_id`),
  ADD KEY `product_orders_gift_id_foreign` (`gift_id`);

--
-- Indexes for table `product_reviews`
--
ALTER TABLE `product_reviews`
  ADD PRIMARY KEY (`id`),
  ADD KEY `product_reviews_creator_id_foreign` (`creator_id`),
  ADD KEY `product_reviews_product_id_foreign` (`product_id`);

--
-- Indexes for table `product_selected_filter_options`
--
ALTER TABLE `product_selected_filter_options`
  ADD PRIMARY KEY (`id`),
  ADD KEY `product_selected_filter_options_product_id_foreign` (`product_id`),
  ADD KEY `product_selected_filter_options_filter_option_id_foreign` (`filter_option_id`);

--
-- Indexes for table `product_selected_specifications`
--
ALTER TABLE `product_selected_specifications`
  ADD PRIMARY KEY (`id`),
  ADD KEY `product_selected_specifications_creator_id_foreign` (`creator_id`),
  ADD KEY `product_selected_specifications_product_id_foreign` (`product_id`),
  ADD KEY `product_selected_specifications_product_specification_id_foreign` (`product_specification_id`);

--
-- Indexes for table `product_selected_specification_multi_values`
--
ALTER TABLE `product_selected_specification_multi_values`
  ADD PRIMARY KEY (`id`),
  ADD KEY `selected_specification_id` (`selected_specification_id`),
  ADD KEY `specification_multi_value_id` (`specification_multi_value_id`);

--
-- Indexes for table `product_selected_specification_translations`
--
ALTER TABLE `product_selected_specification_translations`
  ADD PRIMARY KEY (`id`),
  ADD KEY `product_selected_specification_id_translations` (`product_selected_specification_id`),
  ADD KEY `product_selected_specification_translations_locale_index` (`locale`);

--
-- Indexes for table `product_specifications`
--
ALTER TABLE `product_specifications`
  ADD PRIMARY KEY (`id`);

--
-- Indexes for table `product_specification_categories`
--
ALTER TABLE `product_specification_categories`
  ADD PRIMARY KEY (`id`),
  ADD KEY `product_specification_categories_specification_id_foreign` (`specification_id`),
  ADD KEY `product_specification_categories_category_id_foreign` (`category_id`);

--
-- Indexes for table `product_specification_multi_values`
--
ALTER TABLE `product_specification_multi_values`
  ADD PRIMARY KEY (`id`),
  ADD KEY `product_specification_multi_values_specification_id_foreign` (`specification_id`);

--
-- Indexes for table `product_specification_multi_value_translations`
--
ALTER TABLE `product_specification_multi_value_translations`
  ADD PRIMARY KEY (`id`),
  ADD KEY `product_specification_multi_value_id` (`product_specification_multi_value_id`),
  ADD KEY `product_specification_multi_value_translations_locale_index` (`locale`);

--
-- Indexes for table `product_specification_translations`
--
ALTER TABLE `product_specification_translations`
  ADD PRIMARY KEY (`id`),
  ADD KEY `product_specification_id` (`product_specification_id`),
  ADD KEY `product_specification_translations_locale_index` (`locale`);

--
-- Indexes for table `product_translations`
--
ALTER TABLE `product_translations`
  ADD PRIMARY KEY (`id`),
  ADD KEY `product_id` (`product_id`),
  ADD KEY `product_translations_locale_index` (`locale`);

--
-- Indexes for table `promotions`
--
ALTER TABLE `promotions`
  ADD PRIMARY KEY (`id`) USING BTREE;

--
-- Indexes for table `promotion_translations`
--
ALTER TABLE `promotion_translations`
  ADD PRIMARY KEY (`id`),
  ADD KEY `promotion_translations_promotion_id_foreign` (`promotion_id`),
  ADD KEY `promotion_translations_locale_index` (`locale`);

--
-- Indexes for table `purchases`
--
ALTER TABLE `purchases`
  ADD PRIMARY KEY (`id`) USING BTREE,
  ADD KEY `purchases_webinar_id_foreign` (`webinar_id`) USING BTREE,
  ADD KEY `purchases_user_id_foreign` (`user_id`) USING BTREE;

--
-- Indexes for table `quizzes`
--
ALTER TABLE `quizzes`
  ADD PRIMARY KEY (`id`) USING BTREE,
  ADD KEY `quizzes_webinar_id_foreign` (`webinar_id`) USING BTREE,
  ADD KEY `quizzes_creator_id_foreign` (`creator_id`) USING BTREE,
  ADD KEY `quizzes_chapter_id_foreign` (`chapter_id`);

--
-- Indexes for table `quizzes_questions`
--
ALTER TABLE `quizzes_questions`
  ADD PRIMARY KEY (`id`) USING BTREE,
  ADD KEY `quizzes_questions_quiz_id_foreign` (`quiz_id`) USING BTREE,
  ADD KEY `quizzes_questions_creator_id_foreign` (`creator_id`) USING BTREE;

--
-- Indexes for table `quizzes_questions_answers`
--
ALTER TABLE `quizzes_questions_answers`
  ADD PRIMARY KEY (`id`) USING BTREE,
  ADD KEY `quizzes_questions_answers_question_id_foreign` (`question_id`) USING BTREE,
  ADD KEY `quizzes_questions_answers_creator_id_foreign` (`creator_id`) USING BTREE;

--
-- Indexes for table `quizzes_questions_answer_translations`
--
ALTER TABLE `quizzes_questions_answer_translations`
  ADD PRIMARY KEY (`id`),
  ADD KEY `quizzes_questions_answer_id` (`quizzes_questions_answer_id`),
  ADD KEY `quizzes_questions_answer_translations_locale_index` (`locale`);

--
-- Indexes for table `quizzes_results`
--
ALTER TABLE `quizzes_results`
  ADD PRIMARY KEY (`id`) USING BTREE,
  ADD KEY `quizzes_results_quiz_id_foreign` (`quiz_id`) USING BTREE,
  ADD KEY `quizzes_results_user_id_foreign` (`user_id`) USING BTREE;

--
-- Indexes for table `quiz_question_translations`
--
ALTER TABLE `quiz_question_translations`
  ADD PRIMARY KEY (`id`),
  ADD KEY `quiz_question_translations_quiz_question_id_foreign` (`quizzes_question_id`),
  ADD KEY `quiz_question_translations_locale_index` (`locale`);

--
-- Indexes for table `quiz_translations`
--
ALTER TABLE `quiz_translations`
  ADD PRIMARY KEY (`id`),
  ADD KEY `quiz_translations_quiz_id_foreign` (`quiz_id`),
  ADD KEY `quiz_translations_locale_index` (`locale`);

--
-- Indexes for table `rating`
--
ALTER TABLE `rating`
  ADD PRIMARY KEY (`id`) USING BTREE,
  ADD KEY `rating_user_id_foreign` (`user_id`) USING BTREE,
  ADD KEY `rating_webinar_id_foreign` (`webinar_id`) USING BTREE,
  ADD KEY `rating_creator_id_foreign` (`creator_id`) USING BTREE;

--
-- Indexes for table `regions`
--
ALTER TABLE `regions`
  ADD PRIMARY KEY (`id`),
  ADD KEY `regions_country_id_foreign` (`country_id`),
  ADD KEY `regions_province_id_foreign` (`province_id`),
  ADD KEY `regions_city_id_foreign` (`city_id`);

--
-- Indexes for table `registration_packages`
--
ALTER TABLE `registration_packages`
  ADD PRIMARY KEY (`id`),
  ADD KEY `registration_packages_role_index` (`role`);

--
-- Indexes for table `registration_packages_translations`
--
ALTER TABLE `registration_packages_translations`
  ADD PRIMARY KEY (`id`),
  ADD KEY `registration_package` (`registration_package_id`),
  ADD KEY `registration_packages_translations_locale_index` (`locale`);

--
-- Indexes for table `reserve_meetings`
--
ALTER TABLE `reserve_meetings`
  ADD PRIMARY KEY (`id`) USING BTREE,
  ADD KEY `reserve_meetings_meeting_time_id_foreign` (`meeting_time_id`) USING BTREE,
  ADD KEY `reserve_meetings_user_id_foreign` (`user_id`) USING BTREE,
  ADD KEY `reserve_meetings_sale_id_foreign` (`sale_id`);

--
-- Indexes for table `rewards`
--
ALTER TABLE `rewards`
  ADD PRIMARY KEY (`id`);

--
-- Indexes for table `rewards_accounting`
--
ALTER TABLE `rewards_accounting`
  ADD PRIMARY KEY (`id`),
  ADD KEY `rewards_accounting_user_id_foreign` (`user_id`);

--
-- Indexes for table `roles`
--
ALTER TABLE `roles`
  ADD PRIMARY KEY (`id`) USING BTREE;

--
-- Indexes for table `sales`
--
ALTER TABLE `sales`
  ADD PRIMARY KEY (`id`) USING BTREE,
  ADD KEY `sales_order_id_foreign` (`order_id`) USING BTREE,
  ADD KEY `sales_webinar_id_foreign` (`webinar_id`) USING BTREE,
  ADD KEY `sales_meeting_id_foreign` (`meeting_id`) USING BTREE,
  ADD KEY `sales_ticket_id_foreign` (`ticket_id`) USING BTREE,
  ADD KEY `sales_buyer_id_foreign` (`buyer_id`) USING BTREE,
  ADD KEY `sales_seller_id_foreign` (`seller_id`) USING BTREE,
  ADD KEY `sales_promotion_id_foreign` (`promotion_id`) USING BTREE,
  ADD KEY `sales_installment_payment_id_foreign` (`installment_payment_id`);

--
-- Indexes for table `sales_log`
--
ALTER TABLE `sales_log`
  ADD PRIMARY KEY (`id`),
  ADD KEY `sales_status_sale_id_foreign` (`sale_id`);

--
-- Indexes for table `sections`
--
ALTER TABLE `sections`
  ADD PRIMARY KEY (`id`) USING BTREE;

--
-- Indexes for table `sessions`
--
ALTER TABLE `sessions`
  ADD PRIMARY KEY (`id`) USING BTREE,
  ADD KEY `sessions_webinar_id_foreign` (`webinar_id`) USING BTREE,
  ADD KEY `sessions_creator_id_foreign` (`creator_id`) USING BTREE,
  ADD KEY `sessions_chapter_id_foreign` (`chapter_id`),
  ADD KEY `sessions_reserve_meeting_id_foreign` (`reserve_meeting_id`);

--
-- Indexes for table `session_reminds`
--
ALTER TABLE `session_reminds`
  ADD PRIMARY KEY (`id`),
  ADD KEY `session_reminds_session_id_foreign` (`session_id`),
  ADD KEY `session_reminds_user_id_foreign` (`user_id`);

--
-- Indexes for table `session_translations`
--
ALTER TABLE `session_translations`
  ADD PRIMARY KEY (`id`),
  ADD KEY `session_translations_session_id_foreign` (`session_id`),
  ADD KEY `session_translations_locale_index` (`locale`);

--
-- Indexes for table `settings`
--
ALTER TABLE `settings`
  ADD PRIMARY KEY (`id`) USING BTREE,
  ADD KEY `name` (`name`) USING BTREE;

--
-- Indexes for table `setting_translations`
--
ALTER TABLE `setting_translations`
  ADD PRIMARY KEY (`id`),
  ADD KEY `setting_translations_setting_id_foreign` (`setting_id`),
  ADD KEY `setting_translations_locale_index` (`locale`);

--
-- Indexes for table `special_offers`
--
ALTER TABLE `special_offers`
  ADD PRIMARY KEY (`id`) USING BTREE,
  ADD KEY `special_offers_creator_id_foreign` (`creator_id`) USING BTREE,
  ADD KEY `special_offers_webinar_id_foreign` (`webinar_id`) USING BTREE,
  ADD KEY `special_offers_bundle_id_foreign` (`bundle_id`),
  ADD KEY `special_offers_subscribe_id_foreign` (`subscribe_id`),
  ADD KEY `special_offers_registration_package_id_foreign` (`registration_package_id`);

--
-- Indexes for table `subscribes`
--
ALTER TABLE `subscribes`
  ADD PRIMARY KEY (`id`) USING BTREE;

--
-- Indexes for table `subscribe_reminds`
--
ALTER TABLE `subscribe_reminds`
  ADD PRIMARY KEY (`id`),
  ADD KEY `subscribe_reminds_subscribe_id_foreign` (`subscribe_id`),
  ADD KEY `subscribe_reminds_user_id_foreign` (`user_id`);

--
-- Indexes for table `subscribe_translations`
--
ALTER TABLE `subscribe_translations`
  ADD PRIMARY KEY (`id`),
  ADD KEY `subscribe_translations_subscribe_id_foreign` (`subscribe_id`),
  ADD KEY `subscribe_translations_locale_index` (`locale`);

--
-- Indexes for table `subscribe_uses`
--
ALTER TABLE `subscribe_uses`
  ADD PRIMARY KEY (`id`) USING BTREE,
  ADD KEY `subscribe_uses_user_id_foreign` (`user_id`) USING BTREE,
  ADD KEY `subscribe_uses_webinar_id_foreign` (`webinar_id`) USING BTREE,
  ADD KEY `subscribe_uses_subscribe_id_foreign` (`subscribe_id`) USING BTREE,
  ADD KEY `subscribe_uses_sale_id_foreign` (`sale_id`) USING BTREE,
  ADD KEY `subscribe_uses_bundle_id_foreign` (`bundle_id`),
  ADD KEY `subscribe_uses_installment_order_id_foreign` (`installment_order_id`);

--
-- Indexes for table `supports`
--
ALTER TABLE `supports`
  ADD PRIMARY KEY (`id`) USING BTREE,
  ADD KEY `supports_user_id_foreign` (`user_id`) USING BTREE,
  ADD KEY `supports_webinar_id_foreign` (`webinar_id`) USING BTREE,
  ADD KEY `supports_department_id_foreign` (`department_id`) USING BTREE;

--
-- Indexes for table `support_conversations`
--
ALTER TABLE `support_conversations`
  ADD PRIMARY KEY (`id`) USING BTREE,
  ADD KEY `support_conversations_support_id_foreign` (`support_id`) USING BTREE,
  ADD KEY `support_conversations_sender_id_foreign` (`sender_id`) USING BTREE,
  ADD KEY `support_conversations_supporter_id_foreign` (`supporter_id`) USING BTREE;

--
-- Indexes for table `support_departments`
--
ALTER TABLE `support_departments`
  ADD PRIMARY KEY (`id`) USING BTREE;

--
-- Indexes for table `support_department_translations`
--
ALTER TABLE `support_department_translations`
  ADD PRIMARY KEY (`id`),
  ADD KEY `support_department_id` (`support_department_id`),
  ADD KEY `support_department_translations_locale_index` (`locale`);

--
-- Indexes for table `tags`
--
ALTER TABLE `tags`
  ADD PRIMARY KEY (`id`) USING BTREE,
  ADD KEY `tags_webinar_id_foreign` (`webinar_id`) USING BTREE,
  ADD KEY `tags_bundle_id_foreign` (`bundle_id`),
  ADD KEY `tags_upcoming_course_id_foreign` (`upcoming_course_id`);

--
-- Indexes for table `testimonials`
--
ALTER TABLE `testimonials`
  ADD PRIMARY KEY (`id`) USING BTREE;

--
-- Indexes for table `testimonial_translations`
--
ALTER TABLE `testimonial_translations`
  ADD PRIMARY KEY (`id`),
  ADD KEY `testimonial_translations_testimonial_id_foreign` (`testimonial_id`),
  ADD KEY `testimonial_translations_locale_index` (`locale`);

--
-- Indexes for table `text_lessons`
--
ALTER TABLE `text_lessons`
  ADD PRIMARY KEY (`id`) USING BTREE,
  ADD KEY `text_lessons_creator_id_foreign` (`creator_id`) USING BTREE,
  ADD KEY `text_lessons_webinar_id_foreign` (`webinar_id`) USING BTREE,
  ADD KEY `text_lessons_chapter_id_foreign` (`chapter_id`);

--
-- Indexes for table `text_lessons_attachments`
--
ALTER TABLE `text_lessons_attachments`
  ADD PRIMARY KEY (`id`) USING BTREE,
  ADD KEY `text_lessons_attachments_text_lesson_id_foreign` (`text_lesson_id`) USING BTREE,
  ADD KEY `text_lessons_attachments_file_id_foreign` (`file_id`) USING BTREE;

--
-- Indexes for table `text_lesson_translations`
--
ALTER TABLE `text_lesson_translations`
  ADD PRIMARY KEY (`id`),
  ADD KEY `text_lesson_id` (`text_lesson_id`),
  ADD KEY `text_lesson_translations_locale_index` (`locale`);

--
-- Indexes for table `tickets`
--
ALTER TABLE `tickets`
  ADD PRIMARY KEY (`id`) USING BTREE,
  ADD KEY `tickets_webinar_id_foreign` (`webinar_id`) USING BTREE,
  ADD KEY `tickets_creator_id_foreign` (`creator_id`) USING BTREE,
  ADD KEY `tickets_bundle_id_foreign` (`bundle_id`);

--
-- Indexes for table `ticket_translations`
--
ALTER TABLE `ticket_translations`
  ADD PRIMARY KEY (`id`),
  ADD KEY `ticket_translations_ticket_id_foreign` (`ticket_id`),
  ADD KEY `ticket_translations_locale_index` (`locale`);

--
-- Indexes for table `ticket_users`
--
ALTER TABLE `ticket_users`
  ADD PRIMARY KEY (`id`) USING BTREE,
  ADD KEY `ticket_users_ticket_id_foreign` (`ticket_id`) USING BTREE,
  ADD KEY `ticket_users_user_id_foreign` (`user_id`) USING BTREE;

--
-- Indexes for table `trend_categories`
--
ALTER TABLE `trend_categories`
  ADD PRIMARY KEY (`id`) USING BTREE,
  ADD KEY `trend_categories_category_id_index` (`category_id`) USING BTREE;

--
-- Indexes for table `upcoming_courses`
--
ALTER TABLE `upcoming_courses`
  ADD PRIMARY KEY (`id`),
  ADD UNIQUE KEY `upcoming_courses_slug_unique` (`slug`),
  ADD KEY `upcoming_courses_creator_id_foreign` (`creator_id`),
  ADD KEY `upcoming_courses_teacher_id_foreign` (`teacher_id`),
  ADD KEY `upcoming_courses_category_id_foreign` (`category_id`),
  ADD KEY `upcoming_courses_webinar_id_foreign` (`webinar_id`);

--
-- Indexes for table `upcoming_course_filter_option`
--
ALTER TABLE `upcoming_course_filter_option`
  ADD PRIMARY KEY (`id`),
  ADD KEY `upcoming_course_filter_option_upcoming_course_id_foreign` (`upcoming_course_id`),
  ADD KEY `upcoming_course_filter_option_filter_option_id_foreign` (`filter_option_id`);

--
-- Indexes for table `upcoming_course_followers`
--
ALTER TABLE `upcoming_course_followers`
  ADD PRIMARY KEY (`id`),
  ADD KEY `upcoming_course_followers_upcoming_course_id_foreign` (`upcoming_course_id`),
  ADD KEY `upcoming_course_followers_user_id_foreign` (`user_id`);

--
-- Indexes for table `upcoming_course_reports`
--
ALTER TABLE `upcoming_course_reports`
  ADD PRIMARY KEY (`id`),
  ADD KEY `upcoming_course_reports_upcoming_course_id_foreign` (`upcoming_course_id`),
  ADD KEY `upcoming_course_reports_user_id_foreign` (`user_id`);

--
-- Indexes for table `upcoming_course_translations`
--
ALTER TABLE `upcoming_course_translations`
  ADD PRIMARY KEY (`id`),
  ADD KEY `upcoming_course_translations_upcoming_course_id_foreign` (`upcoming_course_id`),
  ADD KEY `upcoming_course_translations_locale_index` (`locale`);

--
-- Indexes for table `users`
--
ALTER TABLE `users`
  ADD PRIMARY KEY (`id`) USING BTREE,
  ADD UNIQUE KEY `users_email_unique` (`email`) USING BTREE,
  ADD UNIQUE KEY `users_mobile_unique` (`mobile`) USING BTREE,
  ADD KEY `users_country_id_foreign` (`country_id`),
  ADD KEY `users_province_id_foreign` (`province_id`),
  ADD KEY `users_city_id_foreign` (`city_id`),
  ADD KEY `users_district_id_foreign` (`district_id`);

--
-- Indexes for table `users_badges`
--
ALTER TABLE `users_badges`
  ADD PRIMARY KEY (`id`) USING BTREE,
  ADD KEY `users_badges_user_id_foreign` (`user_id`) USING BTREE,
  ADD KEY `users_badges_badge_id_foreign` (`badge_id`) USING BTREE;

--
-- Indexes for table `users_cookie_security`
--
ALTER TABLE `users_cookie_security`
  ADD PRIMARY KEY (`id`),
  ADD KEY `users_cookie_security_user_id_foreign` (`user_id`);

--
-- Indexes for table `users_manual_purchase`
--
ALTER TABLE `users_manual_purchase`
  ADD PRIMARY KEY (`id`);

--
-- Indexes for table `users_metas`
--
ALTER TABLE `users_metas`
  ADD PRIMARY KEY (`id`),
  ADD KEY `users_metas_user_id_foreign` (`user_id`);

--
-- Indexes for table `users_occupations`
--
ALTER TABLE `users_occupations`
  ADD PRIMARY KEY (`id`) USING BTREE,
  ADD KEY `users_occupations_user_id_foreign` (`user_id`) USING BTREE,
  ADD KEY `users_occupations_category_id_foreign` (`category_id`) USING BTREE;

--
-- Indexes for table `users_registration_packages`
--
ALTER TABLE `users_registration_packages`
  ADD PRIMARY KEY (`id`),
  ADD KEY `users_registration_packages_user_id_foreign` (`user_id`);

--
-- Indexes for table `users_zoom_api`
--
ALTER TABLE `users_zoom_api`
  ADD PRIMARY KEY (`id`),
  ADD KEY `users_zoom_api_user_id_foreign` (`user_id`);

--
-- Indexes for table `user_banks`
--
ALTER TABLE `user_banks`
  ADD PRIMARY KEY (`id`);

--
-- Indexes for table `user_bank_specifications`
--
ALTER TABLE `user_bank_specifications`
  ADD PRIMARY KEY (`id`),
  ADD KEY `user_bank_specifications_user_bank_id_foreign` (`user_bank_id`);

--
-- Indexes for table `user_bank_specification_translations`
--
ALTER TABLE `user_bank_specification_translations`
  ADD PRIMARY KEY (`id`),
  ADD KEY `user_bank_specification_id` (`user_bank_specification_id`),
  ADD KEY `user_bank_specification_translations_locale_index` (`locale`);

--
-- Indexes for table `user_bank_translations`
--
ALTER TABLE `user_bank_translations`
  ADD PRIMARY KEY (`id`),
  ADD KEY `user_bank_translations_user_bank_id_foreign` (`user_bank_id`),
  ADD KEY `user_bank_translations_locale_index` (`locale`);

--
-- Indexes for table `user_selected_banks`
--
ALTER TABLE `user_selected_banks`
  ADD PRIMARY KEY (`id`),
  ADD KEY `user_selected_banks_user_bank_id_foreign` (`user_bank_id`),
  ADD KEY `user_selected_banks_user_id_foreign` (`user_id`);

--
-- Indexes for table `user_selected_bank_specifications`
--
ALTER TABLE `user_selected_bank_specifications`
  ADD PRIMARY KEY (`id`),
  ADD KEY `user_selected_bank_id_specifications` (`user_selected_bank_id`),
  ADD KEY `user_bank_specification_id_specifications` (`user_bank_specification_id`);

--
-- Indexes for table `verifications`
--
ALTER TABLE `verifications`
  ADD PRIMARY KEY (`id`) USING BTREE,
  ADD KEY `verifications_user_id_foreign` (`user_id`) USING BTREE;

--
-- Indexes for table `waitlists`
--
ALTER TABLE `waitlists`
  ADD PRIMARY KEY (`id`),
  ADD KEY `waitlists_webinar_id_foreign` (`webinar_id`),
  ADD KEY `waitlists_user_id_foreign` (`user_id`);

--
-- Indexes for table `webinars`
--
ALTER TABLE `webinars`
  ADD PRIMARY KEY (`id`) USING BTREE,
  ADD UNIQUE KEY `webinars_slug_unique` (`slug`) USING BTREE,
  ADD KEY `webinars_teacher_id_foreign` (`teacher_id`) USING BTREE,
  ADD KEY `webinars_category_id_foreign` (`category_id`) USING BTREE,
  ADD KEY `webinars_slug_index` (`slug`) USING BTREE,
  ADD KEY `webinars_creator_id_foreign` (`creator_id`) USING BTREE;

--
-- Indexes for table `webinar_assignments`
--
ALTER TABLE `webinar_assignments`
  ADD PRIMARY KEY (`id`),
  ADD KEY `webinar_assignments_creator_id_foreign` (`creator_id`),
  ADD KEY `webinar_assignments_webinar_id_foreign` (`webinar_id`),
  ADD KEY `webinar_assignments_chapter_id_foreign` (`chapter_id`);

--
-- Indexes for table `webinar_assignment_attachments`
--
ALTER TABLE `webinar_assignment_attachments`
  ADD PRIMARY KEY (`id`),
  ADD KEY `webinar_assignment_attachments_assignment_id_foreign` (`assignment_id`);

--
-- Indexes for table `webinar_assignment_history`
--
ALTER TABLE `webinar_assignment_history`
  ADD PRIMARY KEY (`id`),
  ADD KEY `webinar_assignment_history_instructor_id_foreign` (`instructor_id`),
  ADD KEY `webinar_assignment_history_student_id_foreign` (`student_id`),
  ADD KEY `webinar_assignment_history_assignment_id_foreign` (`assignment_id`);

--
-- Indexes for table `webinar_assignment_history_messages`
--
ALTER TABLE `webinar_assignment_history_messages`
  ADD PRIMARY KEY (`id`),
  ADD KEY `webinar_assignment_history_id` (`assignment_history_id`);

--
-- Indexes for table `webinar_assignment_translations`
--
ALTER TABLE `webinar_assignment_translations`
  ADD PRIMARY KEY (`id`),
  ADD KEY `webinar_assignment_id_translate_foreign` (`webinar_assignment_id`),
  ADD KEY `webinar_assignment_translations_locale_index` (`locale`);

--
-- Indexes for table `webinar_chapters`
--
ALTER TABLE `webinar_chapters`
  ADD PRIMARY KEY (`id`),
  ADD KEY `webinar_chapters_user_id_foreign` (`user_id`),
  ADD KEY `webinar_chapters_webinar_id_foreign` (`webinar_id`);

--
-- Indexes for table `webinar_chapter_items`
--
ALTER TABLE `webinar_chapter_items`
  ADD PRIMARY KEY (`id`),
  ADD KEY `webinar_chapter_items_chapter_id_foreign` (`chapter_id`),
  ADD KEY `user_id` (`user_id`);

--
-- Indexes for table `webinar_chapter_translations`
--
ALTER TABLE `webinar_chapter_translations`
  ADD PRIMARY KEY (`id`),
  ADD KEY `webinar_chapter_id` (`webinar_chapter_id`),
  ADD KEY `webinar_chapter_translations_locale_index` (`locale`);

--
-- Indexes for table `webinar_extra_descriptions`
--
ALTER TABLE `webinar_extra_descriptions`
  ADD PRIMARY KEY (`id`),
  ADD KEY `webinar_extra_descriptions_creator_id_foreign` (`creator_id`),
  ADD KEY `webinar_extra_descriptions_webinar_id_foreign` (`webinar_id`),
  ADD KEY `webinar_extra_descriptions_upcoming_course_id_foreign` (`upcoming_course_id`);

--
-- Indexes for table `webinar_extra_description_translations`
--
ALTER TABLE `webinar_extra_description_translations`
  ADD PRIMARY KEY (`id`),
  ADD KEY `webinar_extra_description_id_foreign` (`webinar_extra_description_id`),
  ADD KEY `webinar_extra_description_translations_locale_index` (`locale`);

--
-- Indexes for table `webinar_filter_option`
--
ALTER TABLE `webinar_filter_option`
  ADD PRIMARY KEY (`id`) USING BTREE,
  ADD KEY `webinar_filter_option_filter_option_id_foreign` (`filter_option_id`) USING BTREE,
  ADD KEY `webinar_filter_option_webinar_id_foreign` (`webinar_id`) USING BTREE;

--
-- Indexes for table `webinar_partner_teacher`
--
ALTER TABLE `webinar_partner_teacher`
  ADD PRIMARY KEY (`id`) USING BTREE,
  ADD KEY `webinar_partner_teacher_webinar_id_foreign` (`webinar_id`) USING BTREE,
  ADD KEY `webinar_partner_teacher_teacher_id_foreign` (`teacher_id`) USING BTREE;

--
-- Indexes for table `webinar_reports`
--
ALTER TABLE `webinar_reports`
  ADD PRIMARY KEY (`id`) USING BTREE,
  ADD KEY `webinar_reports_webinar_id_foreign` (`webinar_id`) USING BTREE;

--
-- Indexes for table `webinar_reviews`
--
ALTER TABLE `webinar_reviews`
  ADD PRIMARY KEY (`id`) USING BTREE,
  ADD KEY `webinar_reviews_webinar_id_foreign` (`webinar_id`) USING BTREE,
  ADD KEY `webinar_reviews_creator_id_foreign` (`creator_id`) USING BTREE,
  ADD KEY `webinar_reviews_bundle_id_foreign` (`bundle_id`);

--
-- Indexes for table `webinar_translations`
--
ALTER TABLE `webinar_translations`
  ADD PRIMARY KEY (`id`),
  ADD KEY `webinar_translations_webinar_id_foreign` (`webinar_id`),
  ADD KEY `webinar_translations_locale_index` (`locale`);

--
-- AUTO_INCREMENT for dumped tables
--

--
-- AUTO_INCREMENT for table `accounting`
--
ALTER TABLE `accounting`
  MODIFY `id` int(10) UNSIGNED NOT NULL AUTO_INCREMENT, AUTO_INCREMENT=825;

--
-- AUTO_INCREMENT for table `advertising_banners`
--
ALTER TABLE `advertising_banners`
  MODIFY `id` int(10) UNSIGNED NOT NULL AUTO_INCREMENT, AUTO_INCREMENT=14;

--
-- AUTO_INCREMENT for table `advertising_banners_translations`
--
ALTER TABLE `advertising_banners_translations`
  MODIFY `id` int(10) UNSIGNED NOT NULL AUTO_INCREMENT, AUTO_INCREMENT=28;

--
-- AUTO_INCREMENT for table `affiliates`
--
ALTER TABLE `affiliates`
  MODIFY `id` int(10) UNSIGNED NOT NULL AUTO_INCREMENT, AUTO_INCREMENT=16;

--
-- AUTO_INCREMENT for table `affiliates_codes`
--
ALTER TABLE `affiliates_codes`
  MODIFY `id` int(10) UNSIGNED NOT NULL AUTO_INCREMENT, AUTO_INCREMENT=5;

--
-- AUTO_INCREMENT for table `agora_history`
--
ALTER TABLE `agora_history`
  MODIFY `id` int(10) UNSIGNED NOT NULL AUTO_INCREMENT, AUTO_INCREMENT=29;

--
-- AUTO_INCREMENT for table `badges`
--
ALTER TABLE `badges`
  MODIFY `id` int(10) UNSIGNED NOT NULL AUTO_INCREMENT, AUTO_INCREMENT=42;

--
-- AUTO_INCREMENT for table `badge_translations`
--
ALTER TABLE `badge_translations`
  MODIFY `id` bigint(20) UNSIGNED NOT NULL AUTO_INCREMENT, AUTO_INCREMENT=22;

--
-- AUTO_INCREMENT for table `become_instructors`
--
ALTER TABLE `become_instructors`
  MODIFY `id` int(10) UNSIGNED NOT NULL AUTO_INCREMENT, AUTO_INCREMENT=14;

--
-- AUTO_INCREMENT for table `blog`
--
ALTER TABLE `blog`
  MODIFY `id` int(10) UNSIGNED NOT NULL AUTO_INCREMENT, AUTO_INCREMENT=28;

--
-- AUTO_INCREMENT for table `blog_categories`
--
ALTER TABLE `blog_categories`
  MODIFY `id` int(10) UNSIGNED NOT NULL AUTO_INCREMENT, AUTO_INCREMENT=39;

--
-- AUTO_INCREMENT for table `blog_translations`
--
ALTER TABLE `blog_translations`
  MODIFY `id` bigint(20) UNSIGNED NOT NULL AUTO_INCREMENT, AUTO_INCREMENT=33;

--
-- AUTO_INCREMENT for table `bundles`
--
ALTER TABLE `bundles`
  MODIFY `id` int(10) UNSIGNED NOT NULL AUTO_INCREMENT, AUTO_INCREMENT=5;

--
-- AUTO_INCREMENT for table `bundle_filter_option`
--
ALTER TABLE `bundle_filter_option`
  MODIFY `id` int(10) UNSIGNED NOT NULL AUTO_INCREMENT, AUTO_INCREMENT=52;

--
-- AUTO_INCREMENT for table `bundle_translations`
--
ALTER TABLE `bundle_translations`
  MODIFY `id` bigint(20) UNSIGNED NOT NULL AUTO_INCREMENT, AUTO_INCREMENT=6;

--
-- AUTO_INCREMENT for table `bundle_webinars`
--
ALTER TABLE `bundle_webinars`
  MODIFY `id` int(10) UNSIGNED NOT NULL AUTO_INCREMENT, AUTO_INCREMENT=12;

--
-- AUTO_INCREMENT for table `cart`
--
ALTER TABLE `cart`
  MODIFY `id` int(10) UNSIGNED NOT NULL AUTO_INCREMENT, AUTO_INCREMENT=210;

--
-- AUTO_INCREMENT for table `cashback_rules`
--
ALTER TABLE `cashback_rules`
  MODIFY `id` int(10) UNSIGNED NOT NULL AUTO_INCREMENT, AUTO_INCREMENT=6;

--
-- AUTO_INCREMENT for table `cashback_rule_specification_items`
--
ALTER TABLE `cashback_rule_specification_items`
  MODIFY `id` int(10) UNSIGNED NOT NULL AUTO_INCREMENT, AUTO_INCREMENT=20;

--
-- AUTO_INCREMENT for table `cashback_rule_translations`
--
ALTER TABLE `cashback_rule_translations`
  MODIFY `id` int(10) UNSIGNED NOT NULL AUTO_INCREMENT, AUTO_INCREMENT=6;

--
-- AUTO_INCREMENT for table `cashback_rule_users_groups`
--
ALTER TABLE `cashback_rule_users_groups`
  MODIFY `id` int(10) UNSIGNED NOT NULL AUTO_INCREMENT, AUTO_INCREMENT=32;

--
-- AUTO_INCREMENT for table `categories`
--
ALTER TABLE `categories`
  MODIFY `id` int(10) UNSIGNED NOT NULL AUTO_INCREMENT, AUTO_INCREMENT=615;

--
-- AUTO_INCREMENT for table `category_translations`
--
ALTER TABLE `category_translations`
  MODIFY `id` bigint(20) UNSIGNED NOT NULL AUTO_INCREMENT, AUTO_INCREMENT=75;

--
-- AUTO_INCREMENT for table `certificates`
--
ALTER TABLE `certificates`
  MODIFY `id` int(10) UNSIGNED NOT NULL AUTO_INCREMENT, AUTO_INCREMENT=12;

--
-- AUTO_INCREMENT for table `certificates_templates`
--
ALTER TABLE `certificates_templates`
  MODIFY `id` int(10) UNSIGNED NOT NULL AUTO_INCREMENT, AUTO_INCREMENT=7;

--
-- AUTO_INCREMENT for table `certificate_template_translations`
--
ALTER TABLE `certificate_template_translations`
  MODIFY `id` bigint(20) UNSIGNED NOT NULL AUTO_INCREMENT, AUTO_INCREMENT=9;

--
-- AUTO_INCREMENT for table `comments`
--
ALTER TABLE `comments`
  MODIFY `id` int(10) UNSIGNED NOT NULL AUTO_INCREMENT, AUTO_INCREMENT=69;

--
-- AUTO_INCREMENT for table `comments_reports`
--
ALTER TABLE `comments_reports`
  MODIFY `id` int(10) UNSIGNED NOT NULL AUTO_INCREMENT, AUTO_INCREMENT=9;

--
-- AUTO_INCREMENT for table `contacts`
--
ALTER TABLE `contacts`
  MODIFY `id` int(10) UNSIGNED NOT NULL AUTO_INCREMENT, AUTO_INCREMENT=4;

--
-- AUTO_INCREMENT for table `course_forums`
--
ALTER TABLE `course_forums`
  MODIFY `id` int(10) UNSIGNED NOT NULL AUTO_INCREMENT, AUTO_INCREMENT=4;

--
-- AUTO_INCREMENT for table `course_forum_answers`
--
ALTER TABLE `course_forum_answers`
  MODIFY `id` int(10) UNSIGNED NOT NULL AUTO_INCREMENT, AUTO_INCREMENT=11;

--
-- AUTO_INCREMENT for table `course_learning`
--
ALTER TABLE `course_learning`
  MODIFY `id` int(10) UNSIGNED NOT NULL AUTO_INCREMENT, AUTO_INCREMENT=80;

--
-- AUTO_INCREMENT for table `course_noticeboards`
--
ALTER TABLE `course_noticeboards`
  MODIFY `id` int(10) UNSIGNED NOT NULL AUTO_INCREMENT, AUTO_INCREMENT=8;

--
-- AUTO_INCREMENT for table `course_noticeboard_status`
--
ALTER TABLE `course_noticeboard_status`
  MODIFY `id` int(10) UNSIGNED NOT NULL AUTO_INCREMENT, AUTO_INCREMENT=51;

--
-- AUTO_INCREMENT for table `currencies`
--
ALTER TABLE `currencies`
  MODIFY `id` int(10) UNSIGNED NOT NULL AUTO_INCREMENT, AUTO_INCREMENT=7;

--
-- AUTO_INCREMENT for table `delete_account_requests`
--
ALTER TABLE `delete_account_requests`
  MODIFY `id` int(10) UNSIGNED NOT NULL AUTO_INCREMENT, AUTO_INCREMENT=4;

--
-- AUTO_INCREMENT for table `discounts`
--
ALTER TABLE `discounts`
  MODIFY `id` int(10) UNSIGNED NOT NULL AUTO_INCREMENT, AUTO_INCREMENT=24;

--
-- AUTO_INCREMENT for table `discount_bundles`
--
ALTER TABLE `discount_bundles`
  MODIFY `id` int(10) UNSIGNED NOT NULL AUTO_INCREMENT, AUTO_INCREMENT=5;

--
-- AUTO_INCREMENT for table `discount_categories`
--
ALTER TABLE `discount_categories`
  MODIFY `id` int(10) UNSIGNED NOT NULL AUTO_INCREMENT, AUTO_INCREMENT=7;

--
-- AUTO_INCREMENT for table `discount_courses`
--
ALTER TABLE `discount_courses`
  MODIFY `id` int(10) UNSIGNED NOT NULL AUTO_INCREMENT, AUTO_INCREMENT=12;

--
-- AUTO_INCREMENT for table `discount_groups`
--
ALTER TABLE `discount_groups`
  MODIFY `id` int(10) UNSIGNED NOT NULL AUTO_INCREMENT, AUTO_INCREMENT=8;

--
-- AUTO_INCREMENT for table `discount_users`
--
ALTER TABLE `discount_users`
  MODIFY `id` int(10) UNSIGNED NOT NULL AUTO_INCREMENT, AUTO_INCREMENT=9;

--
-- AUTO_INCREMENT for table `faqs`
--
ALTER TABLE `faqs`
  MODIFY `id` int(10) UNSIGNED NOT NULL AUTO_INCREMENT, AUTO_INCREMENT=59;

--
-- AUTO_INCREMENT for table `faq_translations`
--
ALTER TABLE `faq_translations`
  MODIFY `id` bigint(20) UNSIGNED NOT NULL AUTO_INCREMENT, AUTO_INCREMENT=47;

--
-- AUTO_INCREMENT for table `favorites`
--
ALTER TABLE `favorites`
  MODIFY `id` int(10) UNSIGNED NOT NULL AUTO_INCREMENT, AUTO_INCREMENT=21;

--
-- AUTO_INCREMENT for table `feature_webinars`
--
ALTER TABLE `feature_webinars`
  MODIFY `id` int(10) UNSIGNED NOT NULL AUTO_INCREMENT, AUTO_INCREMENT=29;

--
-- AUTO_INCREMENT for table `feature_webinar_translations`
--
ALTER TABLE `feature_webinar_translations`
  MODIFY `id` bigint(20) UNSIGNED NOT NULL AUTO_INCREMENT, AUTO_INCREMENT=25;

--
-- AUTO_INCREMENT for table `files`
--
ALTER TABLE `files`
  MODIFY `id` int(10) UNSIGNED NOT NULL AUTO_INCREMENT, AUTO_INCREMENT=1134;

--
-- AUTO_INCREMENT for table `file_translations`
--
ALTER TABLE `file_translations`
  MODIFY `id` bigint(20) UNSIGNED NOT NULL AUTO_INCREMENT, AUTO_INCREMENT=87;

--
-- AUTO_INCREMENT for table `filters`
--
ALTER TABLE `filters`
  MODIFY `id` int(10) UNSIGNED NOT NULL AUTO_INCREMENT, AUTO_INCREMENT=1848;

--
-- AUTO_INCREMENT for table `filter_options`
--
ALTER TABLE `filter_options`
  MODIFY `id` int(10) UNSIGNED NOT NULL AUTO_INCREMENT, AUTO_INCREMENT=9294;

--
-- AUTO_INCREMENT for table `filter_option_translations`
--
ALTER TABLE `filter_option_translations`
  MODIFY `id` bigint(20) UNSIGNED NOT NULL AUTO_INCREMENT, AUTO_INCREMENT=1235;

--
-- AUTO_INCREMENT for table `filter_translations`
--
ALTER TABLE `filter_translations`
  MODIFY `id` bigint(20) UNSIGNED NOT NULL AUTO_INCREMENT, AUTO_INCREMENT=281;

--
-- AUTO_INCREMENT for table `floating_bars`
--
ALTER TABLE `floating_bars`
  MODIFY `id` int(10) UNSIGNED NOT NULL AUTO_INCREMENT, AUTO_INCREMENT=3;

--
-- AUTO_INCREMENT for table `floating_bar_translations`
--
ALTER TABLE `floating_bar_translations`
  MODIFY `id` int(10) UNSIGNED NOT NULL AUTO_INCREMENT, AUTO_INCREMENT=5;

--
-- AUTO_INCREMENT for table `follows`
--
ALTER TABLE `follows`
  MODIFY `id` int(10) UNSIGNED NOT NULL AUTO_INCREMENT, AUTO_INCREMENT=24;

--
-- AUTO_INCREMENT for table `forums`
--
ALTER TABLE `forums`
  MODIFY `id` int(10) UNSIGNED NOT NULL AUTO_INCREMENT, AUTO_INCREMENT=11;

--
-- AUTO_INCREMENT for table `forum_featured_topics`
--
ALTER TABLE `forum_featured_topics`
  MODIFY `id` int(10) UNSIGNED NOT NULL AUTO_INCREMENT, AUTO_INCREMENT=5;

--
-- AUTO_INCREMENT for table `forum_recommended_topics`
--
ALTER TABLE `forum_recommended_topics`
  MODIFY `id` int(10) UNSIGNED NOT NULL AUTO_INCREMENT, AUTO_INCREMENT=5;

--
-- AUTO_INCREMENT for table `forum_recommended_topic_items`
--
ALTER TABLE `forum_recommended_topic_items`
  MODIFY `id` int(10) UNSIGNED NOT NULL AUTO_INCREMENT, AUTO_INCREMENT=55;

--
-- AUTO_INCREMENT for table `forum_topics`
--
ALTER TABLE `forum_topics`
  MODIFY `id` int(10) UNSIGNED NOT NULL AUTO_INCREMENT, AUTO_INCREMENT=11;

--
-- AUTO_INCREMENT for table `forum_topic_attachments`
--
ALTER TABLE `forum_topic_attachments`
  MODIFY `id` int(10) UNSIGNED NOT NULL AUTO_INCREMENT, AUTO_INCREMENT=9;

--
-- AUTO_INCREMENT for table `forum_topic_bookmarks`
--
ALTER TABLE `forum_topic_bookmarks`
  MODIFY `id` int(10) UNSIGNED NOT NULL AUTO_INCREMENT, AUTO_INCREMENT=9;

--
-- AUTO_INCREMENT for table `forum_topic_likes`
--
ALTER TABLE `forum_topic_likes`
  MODIFY `id` int(10) UNSIGNED NOT NULL AUTO_INCREMENT, AUTO_INCREMENT=5;

--
-- AUTO_INCREMENT for table `forum_topic_posts`
--
ALTER TABLE `forum_topic_posts`
  MODIFY `id` int(10) UNSIGNED NOT NULL AUTO_INCREMENT, AUTO_INCREMENT=20;

--
-- AUTO_INCREMENT for table `forum_topic_reports`
--
ALTER TABLE `forum_topic_reports`
  MODIFY `id` int(10) UNSIGNED NOT NULL AUTO_INCREMENT, AUTO_INCREMENT=4;

--
-- AUTO_INCREMENT for table `forum_translations`
--
ALTER TABLE `forum_translations`
  MODIFY `id` bigint(20) UNSIGNED NOT NULL AUTO_INCREMENT, AUTO_INCREMENT=11;

--
-- AUTO_INCREMENT for table `gifts`
--
ALTER TABLE `gifts`
  MODIFY `id` int(10) UNSIGNED NOT NULL AUTO_INCREMENT, AUTO_INCREMENT=7;

--
-- AUTO_INCREMENT for table `groups`
--
ALTER TABLE `groups`
  MODIFY `id` int(10) UNSIGNED NOT NULL AUTO_INCREMENT, AUTO_INCREMENT=4;

--
-- AUTO_INCREMENT for table `groups_registration_packages`
--
ALTER TABLE `groups_registration_packages`
  MODIFY `id` bigint(20) UNSIGNED NOT NULL AUTO_INCREMENT, AUTO_INCREMENT=3;

--
-- AUTO_INCREMENT for table `group_users`
--
ALTER TABLE `group_users`
  MODIFY `id` int(10) UNSIGNED NOT NULL AUTO_INCREMENT, AUTO_INCREMENT=67;

--
-- AUTO_INCREMENT for table `home_page_statistics`
--
ALTER TABLE `home_page_statistics`
  MODIFY `id` int(10) UNSIGNED NOT NULL AUTO_INCREMENT, AUTO_INCREMENT=6;

--
-- AUTO_INCREMENT for table `home_page_statistic_translations`
--
ALTER TABLE `home_page_statistic_translations`
  MODIFY `id` int(10) UNSIGNED NOT NULL AUTO_INCREMENT, AUTO_INCREMENT=7;

--
-- AUTO_INCREMENT for table `home_sections`
--
ALTER TABLE `home_sections`
  MODIFY `id` int(10) UNSIGNED NOT NULL AUTO_INCREMENT, AUTO_INCREMENT=32;

--
-- AUTO_INCREMENT for table `installments`
--
ALTER TABLE `installments`
  MODIFY `id` int(10) UNSIGNED NOT NULL AUTO_INCREMENT, AUTO_INCREMENT=2;

--
-- AUTO_INCREMENT for table `installment_orders`
--
ALTER TABLE `installment_orders`
  MODIFY `id` int(10) UNSIGNED NOT NULL AUTO_INCREMENT, AUTO_INCREMENT=9;

--
-- AUTO_INCREMENT for table `installment_order_attachments`
--
ALTER TABLE `installment_order_attachments`
  MODIFY `id` int(10) UNSIGNED NOT NULL AUTO_INCREMENT, AUTO_INCREMENT=15;

--
-- AUTO_INCREMENT for table `installment_order_payments`
--
ALTER TABLE `installment_order_payments`
  MODIFY `id` int(10) UNSIGNED NOT NULL AUTO_INCREMENT, AUTO_INCREMENT=13;

--
-- AUTO_INCREMENT for table `installment_reminders`
--
ALTER TABLE `installment_reminders`
  MODIFY `id` int(10) UNSIGNED NOT NULL AUTO_INCREMENT, AUTO_INCREMENT=4;

--
-- AUTO_INCREMENT for table `installment_specification_items`
--
ALTER TABLE `installment_specification_items`
  MODIFY `id` int(10) UNSIGNED NOT NULL AUTO_INCREMENT, AUTO_INCREMENT=16;

--
-- AUTO_INCREMENT for table `installment_steps`
--
ALTER TABLE `installment_steps`
  MODIFY `id` int(10) UNSIGNED NOT NULL AUTO_INCREMENT, AUTO_INCREMENT=4;

--
-- AUTO_INCREMENT for table `installment_step_translations`
--
ALTER TABLE `installment_step_translations`
  MODIFY `id` int(10) UNSIGNED NOT NULL AUTO_INCREMENT, AUTO_INCREMENT=4;

--
-- AUTO_INCREMENT for table `installment_translations`
--
ALTER TABLE `installment_translations`
  MODIFY `id` int(10) UNSIGNED NOT NULL AUTO_INCREMENT, AUTO_INCREMENT=2;

--
-- AUTO_INCREMENT for table `installment_user_groups`
--
ALTER TABLE `installment_user_groups`
  MODIFY `id` int(10) UNSIGNED NOT NULL AUTO_INCREMENT;

--
-- AUTO_INCREMENT for table `jazzcash_transactions`
--
ALTER TABLE `jazzcash_transactions`
  MODIFY `id` bigint(20) UNSIGNED NOT NULL AUTO_INCREMENT, AUTO_INCREMENT=19;

--
-- AUTO_INCREMENT for table `meetings`
--
ALTER TABLE `meetings`
  MODIFY `id` int(10) UNSIGNED NOT NULL AUTO_INCREMENT, AUTO_INCREMENT=37;

--
-- AUTO_INCREMENT for table `meeting_times`
--
ALTER TABLE `meeting_times`
  MODIFY `id` int(10) UNSIGNED NOT NULL AUTO_INCREMENT, AUTO_INCREMENT=174;

--
-- AUTO_INCREMENT for table `migrations`
--
ALTER TABLE `migrations`
  MODIFY `id` int(10) UNSIGNED NOT NULL AUTO_INCREMENT, AUTO_INCREMENT=536;

--
-- AUTO_INCREMENT for table `navbar_buttons`
--
ALTER TABLE `navbar_buttons`
  MODIFY `id` int(10) UNSIGNED NOT NULL AUTO_INCREMENT, AUTO_INCREMENT=7;

--
-- AUTO_INCREMENT for table `navbar_button_translations`
--
ALTER TABLE `navbar_button_translations`
  MODIFY `id` int(10) UNSIGNED NOT NULL AUTO_INCREMENT, AUTO_INCREMENT=16;

--
-- AUTO_INCREMENT for table `newsletters`
--
ALTER TABLE `newsletters`
  MODIFY `id` int(10) UNSIGNED NOT NULL AUTO_INCREMENT, AUTO_INCREMENT=14;

--
-- AUTO_INCREMENT for table `newsletters_history`
--
ALTER TABLE `newsletters_history`
  MODIFY `id` int(10) UNSIGNED NOT NULL AUTO_INCREMENT, AUTO_INCREMENT=2;

--
-- AUTO_INCREMENT for table `noticeboards`
--
ALTER TABLE `noticeboards`
  MODIFY `id` int(10) UNSIGNED NOT NULL AUTO_INCREMENT, AUTO_INCREMENT=15;

--
-- AUTO_INCREMENT for table `noticeboards_status`
--
ALTER TABLE `noticeboards_status`
  MODIFY `id` int(10) UNSIGNED NOT NULL AUTO_INCREMENT, AUTO_INCREMENT=8;

--
-- AUTO_INCREMENT for table `notifications`
--
ALTER TABLE `notifications`
  MODIFY `id` int(10) UNSIGNED NOT NULL AUTO_INCREMENT, AUTO_INCREMENT=74;

--
-- AUTO_INCREMENT for table `notifications_status`
--
ALTER TABLE `notifications_status`
  MODIFY `id` int(10) UNSIGNED NOT NULL AUTO_INCREMENT;

--
-- AUTO_INCREMENT for table `notification_templates`
--
ALTER TABLE `notification_templates`
  MODIFY `id` int(10) UNSIGNED NOT NULL AUTO_INCREMENT, AUTO_INCREMENT=120;

--
-- AUTO_INCREMENT for table `offline_banks`
--
ALTER TABLE `offline_banks`
  MODIFY `id` int(10) UNSIGNED NOT NULL AUTO_INCREMENT, AUTO_INCREMENT=9;

--
-- AUTO_INCREMENT for table `offline_bank_specifications`
--
ALTER TABLE `offline_bank_specifications`
  MODIFY `id` int(10) UNSIGNED NOT NULL AUTO_INCREMENT, AUTO_INCREMENT=35;

--
-- AUTO_INCREMENT for table `offline_bank_specification_translations`
--
ALTER TABLE `offline_bank_specification_translations`
  MODIFY `id` int(10) UNSIGNED NOT NULL AUTO_INCREMENT, AUTO_INCREMENT=47;

--
-- AUTO_INCREMENT for table `offline_bank_translations`
--
ALTER TABLE `offline_bank_translations`
  MODIFY `id` int(10) UNSIGNED NOT NULL AUTO_INCREMENT, AUTO_INCREMENT=13;

--
-- AUTO_INCREMENT for table `offline_payments`
--
ALTER TABLE `offline_payments`
  MODIFY `id` int(10) UNSIGNED NOT NULL AUTO_INCREMENT, AUTO_INCREMENT=42;

--
-- AUTO_INCREMENT for table `orders`
--
ALTER TABLE `orders`
  MODIFY `id` int(10) UNSIGNED NOT NULL AUTO_INCREMENT, AUTO_INCREMENT=715;

--
-- AUTO_INCREMENT for table `order_items`
--
ALTER TABLE `order_items`
  MODIFY `id` int(10) UNSIGNED NOT NULL AUTO_INCREMENT, AUTO_INCREMENT=713;

--
-- AUTO_INCREMENT for table `pages`
--
ALTER TABLE `pages`
  MODIFY `id` int(10) UNSIGNED NOT NULL AUTO_INCREMENT, AUTO_INCREMENT=7;

--
-- AUTO_INCREMENT for table `page_translations`
--
ALTER TABLE `page_translations`
  MODIFY `id` bigint(20) UNSIGNED NOT NULL AUTO_INCREMENT, AUTO_INCREMENT=9;

--
-- AUTO_INCREMENT for table `payment_channels`
--
ALTER TABLE `payment_channels`
  MODIFY `id` int(10) UNSIGNED NOT NULL AUTO_INCREMENT, AUTO_INCREMENT=33;

--
-- AUTO_INCREMENT for table `payouts`
--
ALTER TABLE `payouts`
  MODIFY `id` int(10) UNSIGNED NOT NULL AUTO_INCREMENT;

--
-- AUTO_INCREMENT for table `payu_transactions`
--
ALTER TABLE `payu_transactions`
  MODIFY `id` bigint(20) UNSIGNED NOT NULL AUTO_INCREMENT, AUTO_INCREMENT=15;

--
-- AUTO_INCREMENT for table `permissions`
--
ALTER TABLE `permissions`
  MODIFY `id` int(10) UNSIGNED NOT NULL AUTO_INCREMENT, AUTO_INCREMENT=16662;

--
-- AUTO_INCREMENT for table `prerequisites`
--
ALTER TABLE `prerequisites`
  MODIFY `id` int(10) UNSIGNED NOT NULL AUTO_INCREMENT, AUTO_INCREMENT=32;

--
-- AUTO_INCREMENT for table `products`
--
ALTER TABLE `products`
  MODIFY `id` int(10) UNSIGNED NOT NULL AUTO_INCREMENT, AUTO_INCREMENT=9;

--
-- AUTO_INCREMENT for table `product_categories`
--
ALTER TABLE `product_categories`
  MODIFY `id` int(10) UNSIGNED NOT NULL AUTO_INCREMENT, AUTO_INCREMENT=17;

--
-- AUTO_INCREMENT for table `product_category_translations`
--
ALTER TABLE `product_category_translations`
  MODIFY `id` bigint(20) UNSIGNED NOT NULL AUTO_INCREMENT, AUTO_INCREMENT=26;

--
-- AUTO_INCREMENT for table `product_discounts`
--
ALTER TABLE `product_discounts`
  MODIFY `id` int(10) UNSIGNED NOT NULL AUTO_INCREMENT, AUTO_INCREMENT=3;

--
-- AUTO_INCREMENT for table `product_faqs`
--
ALTER TABLE `product_faqs`
  MODIFY `id` int(10) UNSIGNED NOT NULL AUTO_INCREMENT, AUTO_INCREMENT=6;

--
-- AUTO_INCREMENT for table `product_faq_translations`
--
ALTER TABLE `product_faq_translations`
  MODIFY `id` bigint(20) UNSIGNED NOT NULL AUTO_INCREMENT, AUTO_INCREMENT=7;

--
-- AUTO_INCREMENT for table `product_files`
--
ALTER TABLE `product_files`
  MODIFY `id` int(10) UNSIGNED NOT NULL AUTO_INCREMENT, AUTO_INCREMENT=8;

--
-- AUTO_INCREMENT for table `product_file_translations`
--
ALTER TABLE `product_file_translations`
  MODIFY `id` bigint(20) UNSIGNED NOT NULL AUTO_INCREMENT, AUTO_INCREMENT=9;

--
-- AUTO_INCREMENT for table `product_filters`
--
ALTER TABLE `product_filters`
  MODIFY `id` int(10) UNSIGNED NOT NULL AUTO_INCREMENT, AUTO_INCREMENT=4;

--
-- AUTO_INCREMENT for table `product_filter_options`
--
ALTER TABLE `product_filter_options`
  MODIFY `id` int(10) UNSIGNED NOT NULL AUTO_INCREMENT, AUTO_INCREMENT=11;

--
-- AUTO_INCREMENT for table `product_filter_option_translations`
--
ALTER TABLE `product_filter_option_translations`
  MODIFY `id` bigint(20) UNSIGNED NOT NULL AUTO_INCREMENT, AUTO_INCREMENT=11;

--
-- AUTO_INCREMENT for table `product_filter_translations`
--
ALTER TABLE `product_filter_translations`
  MODIFY `id` bigint(20) UNSIGNED NOT NULL AUTO_INCREMENT, AUTO_INCREMENT=4;

--
-- AUTO_INCREMENT for table `product_media`
--
ALTER TABLE `product_media`
  MODIFY `id` int(10) UNSIGNED NOT NULL AUTO_INCREMENT, AUTO_INCREMENT=91;

--
-- AUTO_INCREMENT for table `product_orders`
--
ALTER TABLE `product_orders`
  MODIFY `id` int(10) UNSIGNED NOT NULL AUTO_INCREMENT, AUTO_INCREMENT=42;

--
-- AUTO_INCREMENT for table `product_reviews`
--
ALTER TABLE `product_reviews`
  MODIFY `id` int(10) UNSIGNED NOT NULL AUTO_INCREMENT, AUTO_INCREMENT=6;

--
-- AUTO_INCREMENT for table `product_selected_filter_options`
--
ALTER TABLE `product_selected_filter_options`
  MODIFY `id` int(10) UNSIGNED NOT NULL AUTO_INCREMENT, AUTO_INCREMENT=99;

--
-- AUTO_INCREMENT for table `product_selected_specifications`
--
ALTER TABLE `product_selected_specifications`
  MODIFY `id` int(10) UNSIGNED NOT NULL AUTO_INCREMENT, AUTO_INCREMENT=20;

--
-- AUTO_INCREMENT for table `product_selected_specification_multi_values`
--
ALTER TABLE `product_selected_specification_multi_values`
  MODIFY `id` int(10) UNSIGNED NOT NULL AUTO_INCREMENT, AUTO_INCREMENT=24;

--
-- AUTO_INCREMENT for table `product_selected_specification_translations`
--
ALTER TABLE `product_selected_specification_translations`
  MODIFY `id` bigint(20) UNSIGNED NOT NULL AUTO_INCREMENT, AUTO_INCREMENT=17;

--
-- AUTO_INCREMENT for table `product_specifications`
--
ALTER TABLE `product_specifications`
  MODIFY `id` int(10) UNSIGNED NOT NULL AUTO_INCREMENT, AUTO_INCREMENT=10;

--
-- AUTO_INCREMENT for table `product_specification_categories`
--
ALTER TABLE `product_specification_categories`
  MODIFY `id` int(10) UNSIGNED NOT NULL AUTO_INCREMENT, AUTO_INCREMENT=47;

--
-- AUTO_INCREMENT for table `product_specification_multi_values`
--
ALTER TABLE `product_specification_multi_values`
  MODIFY `id` int(10) UNSIGNED NOT NULL AUTO_INCREMENT, AUTO_INCREMENT=15;

--
-- AUTO_INCREMENT for table `product_specification_multi_value_translations`
--
ALTER TABLE `product_specification_multi_value_translations`
  MODIFY `id` bigint(20) UNSIGNED NOT NULL AUTO_INCREMENT, AUTO_INCREMENT=15;

--
-- AUTO_INCREMENT for table `product_specification_translations`
--
ALTER TABLE `product_specification_translations`
  MODIFY `id` bigint(20) UNSIGNED NOT NULL AUTO_INCREMENT, AUTO_INCREMENT=12;

--
-- AUTO_INCREMENT for table `product_translations`
--
ALTER TABLE `product_translations`
  MODIFY `id` bigint(20) UNSIGNED NOT NULL AUTO_INCREMENT, AUTO_INCREMENT=14;

--
-- AUTO_INCREMENT for table `promotions`
--
ALTER TABLE `promotions`
  MODIFY `id` int(10) UNSIGNED NOT NULL AUTO_INCREMENT, AUTO_INCREMENT=5;

--
-- AUTO_INCREMENT for table `promotion_translations`
--
ALTER TABLE `promotion_translations`
  MODIFY `id` bigint(20) UNSIGNED NOT NULL AUTO_INCREMENT, AUTO_INCREMENT=10;

--
-- AUTO_INCREMENT for table `purchases`
--
ALTER TABLE `purchases`
  MODIFY `id` int(10) UNSIGNED NOT NULL AUTO_INCREMENT;

--
-- AUTO_INCREMENT for table `quizzes`
--
ALTER TABLE `quizzes`
  MODIFY `id` int(10) UNSIGNED NOT NULL AUTO_INCREMENT, AUTO_INCREMENT=44;

--
-- AUTO_INCREMENT for table `quizzes_questions`
--
ALTER TABLE `quizzes_questions`
  MODIFY `id` int(10) UNSIGNED NOT NULL AUTO_INCREMENT, AUTO_INCREMENT=80;

--
-- AUTO_INCREMENT for table `quizzes_questions_answers`
--
ALTER TABLE `quizzes_questions_answers`
  MODIFY `id` int(10) UNSIGNED NOT NULL AUTO_INCREMENT, AUTO_INCREMENT=219;

--
-- AUTO_INCREMENT for table `quizzes_questions_answer_translations`
--
ALTER TABLE `quizzes_questions_answer_translations`
  MODIFY `id` bigint(20) UNSIGNED NOT NULL AUTO_INCREMENT, AUTO_INCREMENT=149;

--
-- AUTO_INCREMENT for table `quizzes_results`
--
ALTER TABLE `quizzes_results`
  MODIFY `id` int(10) UNSIGNED NOT NULL AUTO_INCREMENT, AUTO_INCREMENT=58;

--
-- AUTO_INCREMENT for table `quiz_question_translations`
--
ALTER TABLE `quiz_question_translations`
  MODIFY `id` bigint(20) UNSIGNED NOT NULL AUTO_INCREMENT, AUTO_INCREMENT=59;

--
-- AUTO_INCREMENT for table `quiz_translations`
--
ALTER TABLE `quiz_translations`
  MODIFY `id` bigint(20) UNSIGNED NOT NULL AUTO_INCREMENT, AUTO_INCREMENT=21;

--
-- AUTO_INCREMENT for table `rating`
--
ALTER TABLE `rating`
  MODIFY `id` int(10) UNSIGNED NOT NULL AUTO_INCREMENT;

--
-- AUTO_INCREMENT for table `regions`
--
ALTER TABLE `regions`
  MODIFY `id` int(10) UNSIGNED NOT NULL AUTO_INCREMENT, AUTO_INCREMENT=69;

--
-- AUTO_INCREMENT for table `registration_packages`
--
ALTER TABLE `registration_packages`
  MODIFY `id` int(10) UNSIGNED NOT NULL AUTO_INCREMENT, AUTO_INCREMENT=9;

--
-- AUTO_INCREMENT for table `registration_packages_translations`
--
ALTER TABLE `registration_packages_translations`
  MODIFY `id` bigint(20) UNSIGNED NOT NULL AUTO_INCREMENT, AUTO_INCREMENT=10;

--
-- AUTO_INCREMENT for table `reserve_meetings`
--
ALTER TABLE `reserve_meetings`
  MODIFY `id` int(10) UNSIGNED NOT NULL AUTO_INCREMENT, AUTO_INCREMENT=74;

--
-- AUTO_INCREMENT for table `rewards`
--
ALTER TABLE `rewards`
  MODIFY `id` int(10) UNSIGNED NOT NULL AUTO_INCREMENT, AUTO_INCREMENT=25;

--
-- AUTO_INCREMENT for table `rewards_accounting`
--
ALTER TABLE `rewards_accounting`
  MODIFY `id` int(10) UNSIGNED NOT NULL AUTO_INCREMENT, AUTO_INCREMENT=282;

--
-- AUTO_INCREMENT for table `roles`
--
ALTER TABLE `roles`
  MODIFY `id` int(10) UNSIGNED NOT NULL AUTO_INCREMENT, AUTO_INCREMENT=10;

--
-- AUTO_INCREMENT for table `sales`
--
ALTER TABLE `sales`
  MODIFY `id` int(10) UNSIGNED NOT NULL AUTO_INCREMENT, AUTO_INCREMENT=297;

--
-- AUTO_INCREMENT for table `sales_log`
--
ALTER TABLE `sales_log`
  MODIFY `id` int(10) UNSIGNED NOT NULL AUTO_INCREMENT, AUTO_INCREMENT=150;

--
-- AUTO_INCREMENT for table `sections`
--
ALTER TABLE `sections`
  MODIFY `id` int(10) UNSIGNED NOT NULL AUTO_INCREMENT, AUTO_INCREMENT=3036;

--
-- AUTO_INCREMENT for table `sessions`
--
ALTER TABLE `sessions`
  MODIFY `id` int(10) UNSIGNED NOT NULL AUTO_INCREMENT, AUTO_INCREMENT=104;

--
-- AUTO_INCREMENT for table `session_reminds`
--
ALTER TABLE `session_reminds`
  MODIFY `id` int(10) UNSIGNED NOT NULL AUTO_INCREMENT, AUTO_INCREMENT=5;

--
-- AUTO_INCREMENT for table `session_translations`
--
ALTER TABLE `session_translations`
  MODIFY `id` bigint(20) UNSIGNED NOT NULL AUTO_INCREMENT, AUTO_INCREMENT=59;

--
-- AUTO_INCREMENT for table `settings`
--
ALTER TABLE `settings`
  MODIFY `id` int(10) UNSIGNED NOT NULL AUTO_INCREMENT, AUTO_INCREMENT=65;

--
-- AUTO_INCREMENT for table `setting_translations`
--
ALTER TABLE `setting_translations`
  MODIFY `id` bigint(20) UNSIGNED NOT NULL AUTO_INCREMENT, AUTO_INCREMENT=93;

--
-- AUTO_INCREMENT for table `special_offers`
--
ALTER TABLE `special_offers`
  MODIFY `id` int(10) UNSIGNED NOT NULL AUTO_INCREMENT, AUTO_INCREMENT=18;

--
-- AUTO_INCREMENT for table `subscribes`
--
ALTER TABLE `subscribes`
  MODIFY `id` int(10) UNSIGNED NOT NULL AUTO_INCREMENT, AUTO_INCREMENT=7;

--
-- AUTO_INCREMENT for table `subscribe_reminds`
--
ALTER TABLE `subscribe_reminds`
  MODIFY `id` int(10) UNSIGNED NOT NULL AUTO_INCREMENT, AUTO_INCREMENT=2;

--
-- AUTO_INCREMENT for table `subscribe_translations`
--
ALTER TABLE `subscribe_translations`
  MODIFY `id` bigint(20) UNSIGNED NOT NULL AUTO_INCREMENT, AUTO_INCREMENT=10;

--
-- AUTO_INCREMENT for table `subscribe_uses`
--
ALTER TABLE `subscribe_uses`
  MODIFY `id` int(10) UNSIGNED NOT NULL AUTO_INCREMENT, AUTO_INCREMENT=23;

--
-- AUTO_INCREMENT for table `supports`
--
ALTER TABLE `supports`
  MODIFY `id` int(10) UNSIGNED NOT NULL AUTO_INCREMENT, AUTO_INCREMENT=35;

--
-- AUTO_INCREMENT for table `support_conversations`
--
ALTER TABLE `support_conversations`
  MODIFY `id` int(10) UNSIGNED NOT NULL AUTO_INCREMENT, AUTO_INCREMENT=64;

--
-- AUTO_INCREMENT for table `support_departments`
--
ALTER TABLE `support_departments`
  MODIFY `id` int(10) UNSIGNED NOT NULL AUTO_INCREMENT, AUTO_INCREMENT=8;

--
-- AUTO_INCREMENT for table `support_department_translations`
--
ALTER TABLE `support_department_translations`
  MODIFY `id` bigint(20) UNSIGNED NOT NULL AUTO_INCREMENT, AUTO_INCREMENT=10;

--
-- AUTO_INCREMENT for table `tags`
--
ALTER TABLE `tags`
  MODIFY `id` int(10) UNSIGNED NOT NULL AUTO_INCREMENT, AUTO_INCREMENT=6919;

--
-- AUTO_INCREMENT for table `testimonials`
--
ALTER TABLE `testimonials`
  MODIFY `id` int(10) UNSIGNED NOT NULL AUTO_INCREMENT, AUTO_INCREMENT=7;

--
-- AUTO_INCREMENT for table `testimonial_translations`
--
ALTER TABLE `testimonial_translations`
  MODIFY `id` bigint(20) UNSIGNED NOT NULL AUTO_INCREMENT, AUTO_INCREMENT=26;

--
-- AUTO_INCREMENT for table `text_lessons`
--
ALTER TABLE `text_lessons`
  MODIFY `id` int(10) UNSIGNED NOT NULL AUTO_INCREMENT, AUTO_INCREMENT=24;

--
-- AUTO_INCREMENT for table `text_lessons_attachments`
--
ALTER TABLE `text_lessons_attachments`
  MODIFY `id` int(10) UNSIGNED NOT NULL AUTO_INCREMENT, AUTO_INCREMENT=31;

--
-- AUTO_INCREMENT for table `text_lesson_translations`
--
ALTER TABLE `text_lesson_translations`
  MODIFY `id` bigint(20) UNSIGNED NOT NULL AUTO_INCREMENT, AUTO_INCREMENT=16;

--
-- AUTO_INCREMENT for table `tickets`
--
ALTER TABLE `tickets`
  MODIFY `id` int(10) UNSIGNED NOT NULL AUTO_INCREMENT, AUTO_INCREMENT=41;

--
-- AUTO_INCREMENT for table `ticket_translations`
--
ALTER TABLE `ticket_translations`
  MODIFY `id` bigint(20) UNSIGNED NOT NULL AUTO_INCREMENT, AUTO_INCREMENT=28;

--
-- AUTO_INCREMENT for table `ticket_users`
--
ALTER TABLE `ticket_users`
  MODIFY `id` int(10) UNSIGNED NOT NULL AUTO_INCREMENT, AUTO_INCREMENT=11;

--
-- AUTO_INCREMENT for table `trend_categories`
--
ALTER TABLE `trend_categories`
  MODIFY `id` int(10) UNSIGNED NOT NULL AUTO_INCREMENT, AUTO_INCREMENT=11;

--
-- AUTO_INCREMENT for table `upcoming_courses`
--
ALTER TABLE `upcoming_courses`
  MODIFY `id` int(10) UNSIGNED NOT NULL AUTO_INCREMENT, AUTO_INCREMENT=6;

--
-- AUTO_INCREMENT for table `upcoming_course_filter_option`
--
ALTER TABLE `upcoming_course_filter_option`
  MODIFY `id` int(10) UNSIGNED NOT NULL AUTO_INCREMENT, AUTO_INCREMENT=53;

--
-- AUTO_INCREMENT for table `upcoming_course_followers`
--
ALTER TABLE `upcoming_course_followers`
  MODIFY `id` int(10) UNSIGNED NOT NULL AUTO_INCREMENT, AUTO_INCREMENT=19;

--
-- AUTO_INCREMENT for table `upcoming_course_reports`
--
ALTER TABLE `upcoming_course_reports`
  MODIFY `id` int(10) UNSIGNED NOT NULL AUTO_INCREMENT, AUTO_INCREMENT=2;

--
-- AUTO_INCREMENT for table `upcoming_course_translations`
--
ALTER TABLE `upcoming_course_translations`
  MODIFY `id` bigint(20) UNSIGNED NOT NULL AUTO_INCREMENT, AUTO_INCREMENT=6;

--
-- AUTO_INCREMENT for table `users`
--
ALTER TABLE `users`
  MODIFY `id` int(10) UNSIGNED NOT NULL AUTO_INCREMENT, AUTO_INCREMENT=1061;

--
-- AUTO_INCREMENT for table `users_badges`
--
ALTER TABLE `users_badges`
  MODIFY `id` int(10) UNSIGNED NOT NULL AUTO_INCREMENT, AUTO_INCREMENT=11;

--
-- AUTO_INCREMENT for table `users_cookie_security`
--
ALTER TABLE `users_cookie_security`
  MODIFY `id` int(10) UNSIGNED NOT NULL AUTO_INCREMENT, AUTO_INCREMENT=12;

--
-- AUTO_INCREMENT for table `users_manual_purchase`
--
ALTER TABLE `users_manual_purchase`
  MODIFY `id` int(10) UNSIGNED NOT NULL AUTO_INCREMENT;

--
-- AUTO_INCREMENT for table `users_metas`
--
ALTER TABLE `users_metas`
  MODIFY `id` int(10) UNSIGNED NOT NULL AUTO_INCREMENT, AUTO_INCREMENT=82;

--
-- AUTO_INCREMENT for table `users_occupations`
--
ALTER TABLE `users_occupations`
  MODIFY `id` int(10) UNSIGNED NOT NULL AUTO_INCREMENT, AUTO_INCREMENT=1071;

--
-- AUTO_INCREMENT for table `users_registration_packages`
--
ALTER TABLE `users_registration_packages`
  MODIFY `id` bigint(20) UNSIGNED NOT NULL AUTO_INCREMENT, AUTO_INCREMENT=3;

--
-- AUTO_INCREMENT for table `users_zoom_api`
--
ALTER TABLE `users_zoom_api`
  MODIFY `id` int(10) UNSIGNED NOT NULL AUTO_INCREMENT, AUTO_INCREMENT=4;

--
-- AUTO_INCREMENT for table `user_banks`
--
ALTER TABLE `user_banks`
  MODIFY `id` int(10) UNSIGNED NOT NULL AUTO_INCREMENT, AUTO_INCREMENT=6;

--
-- AUTO_INCREMENT for table `user_bank_specifications`
--
ALTER TABLE `user_bank_specifications`
  MODIFY `id` int(10) UNSIGNED NOT NULL AUTO_INCREMENT, AUTO_INCREMENT=14;

--
-- AUTO_INCREMENT for table `user_bank_specification_translations`
--
ALTER TABLE `user_bank_specification_translations`
  MODIFY `id` int(10) UNSIGNED NOT NULL AUTO_INCREMENT, AUTO_INCREMENT=23;

--
-- AUTO_INCREMENT for table `user_bank_translations`
--
ALTER TABLE `user_bank_translations`
  MODIFY `id` int(10) UNSIGNED NOT NULL AUTO_INCREMENT, AUTO_INCREMENT=10;

--
-- AUTO_INCREMENT for table `user_selected_banks`
--
ALTER TABLE `user_selected_banks`
  MODIFY `id` int(10) UNSIGNED NOT NULL AUTO_INCREMENT;

--
-- AUTO_INCREMENT for table `user_selected_bank_specifications`
--
ALTER TABLE `user_selected_bank_specifications`
  MODIFY `id` int(10) UNSIGNED NOT NULL AUTO_INCREMENT;

--
-- AUTO_INCREMENT for table `verifications`
--
ALTER TABLE `verifications`
  MODIFY `id` int(10) UNSIGNED NOT NULL AUTO_INCREMENT, AUTO_INCREMENT=97;

--
-- AUTO_INCREMENT for table `waitlists`
--
ALTER TABLE `waitlists`
  MODIFY `id` int(10) UNSIGNED NOT NULL AUTO_INCREMENT, AUTO_INCREMENT=5;

--
-- AUTO_INCREMENT for table `webinars`
--
ALTER TABLE `webinars`
  MODIFY `id` int(10) UNSIGNED NOT NULL AUTO_INCREMENT, AUTO_INCREMENT=3062;

--
-- AUTO_INCREMENT for table `webinar_assignments`
--
ALTER TABLE `webinar_assignments`
  MODIFY `id` int(10) UNSIGNED NOT NULL AUTO_INCREMENT, AUTO_INCREMENT=6;

--
-- AUTO_INCREMENT for table `webinar_assignment_attachments`
--
ALTER TABLE `webinar_assignment_attachments`
  MODIFY `id` bigint(20) UNSIGNED NOT NULL AUTO_INCREMENT, AUTO_INCREMENT=9;

--
-- AUTO_INCREMENT for table `webinar_assignment_history`
--
ALTER TABLE `webinar_assignment_history`
  MODIFY `id` int(10) UNSIGNED NOT NULL AUTO_INCREMENT, AUTO_INCREMENT=10;

--
-- AUTO_INCREMENT for table `webinar_assignment_history_messages`
--
ALTER TABLE `webinar_assignment_history_messages`
  MODIFY `id` int(10) UNSIGNED NOT NULL AUTO_INCREMENT, AUTO_INCREMENT=18;

--
-- AUTO_INCREMENT for table `webinar_assignment_translations`
--
ALTER TABLE `webinar_assignment_translations`
  MODIFY `id` bigint(20) UNSIGNED NOT NULL AUTO_INCREMENT, AUTO_INCREMENT=8;

--
-- AUTO_INCREMENT for table `webinar_chapters`
--
ALTER TABLE `webinar_chapters`
  MODIFY `id` int(10) UNSIGNED NOT NULL AUTO_INCREMENT, AUTO_INCREMENT=1090;

--
-- AUTO_INCREMENT for table `webinar_chapter_items`
--
ALTER TABLE `webinar_chapter_items`
  MODIFY `id` bigint(20) UNSIGNED NOT NULL AUTO_INCREMENT, AUTO_INCREMENT=1285;

--
-- AUTO_INCREMENT for table `webinar_chapter_translations`
--
ALTER TABLE `webinar_chapter_translations`
  MODIFY `id` bigint(20) UNSIGNED NOT NULL AUTO_INCREMENT, AUTO_INCREMENT=1090;

--
-- AUTO_INCREMENT for table `webinar_extra_descriptions`
--
ALTER TABLE `webinar_extra_descriptions`
  MODIFY `id` int(10) UNSIGNED NOT NULL AUTO_INCREMENT, AUTO_INCREMENT=48;

--
-- AUTO_INCREMENT for table `webinar_extra_description_translations`
--
ALTER TABLE `webinar_extra_description_translations`
  MODIFY `id` bigint(20) UNSIGNED NOT NULL AUTO_INCREMENT, AUTO_INCREMENT=48;

--
-- AUTO_INCREMENT for table `webinar_filter_option`
--
ALTER TABLE `webinar_filter_option`
  MODIFY `id` int(10) UNSIGNED NOT NULL AUTO_INCREMENT, AUTO_INCREMENT=12055;

--
-- AUTO_INCREMENT for table `webinar_partner_teacher`
--
ALTER TABLE `webinar_partner_teacher`
  MODIFY `id` int(10) UNSIGNED NOT NULL AUTO_INCREMENT, AUTO_INCREMENT=131;

--
-- AUTO_INCREMENT for table `webinar_reports`
--
ALTER TABLE `webinar_reports`
  MODIFY `id` int(10) UNSIGNED NOT NULL AUTO_INCREMENT, AUTO_INCREMENT=5;

--
-- AUTO_INCREMENT for table `webinar_reviews`
--
ALTER TABLE `webinar_reviews`
  MODIFY `id` int(10) UNSIGNED NOT NULL AUTO_INCREMENT, AUTO_INCREMENT=43;

--
-- AUTO_INCREMENT for table `webinar_translations`
--
ALTER TABLE `webinar_translations`
  MODIFY `id` bigint(20) UNSIGNED NOT NULL AUTO_INCREMENT, AUTO_INCREMENT=1222;

--
-- Constraints for dumped tables
--

--
-- Constraints for table `accounting`
--
ALTER TABLE `accounting`
  ADD CONSTRAINT `accounting_installment_payment_id_foreign` FOREIGN KEY (`installment_payment_id`) REFERENCES `installment_order_payments` (`id`) ON DELETE CASCADE;

--
-- Constraints for table `advertising_banners_translations`
--
ALTER TABLE `advertising_banners_translations`
  ADD CONSTRAINT `advertising_banners_translations_advertising_banner_id_foreign` FOREIGN KEY (`advertising_banner_id`) REFERENCES `advertising_banners` (`id`) ON DELETE CASCADE;

--
-- Constraints for table `affiliates`
--
ALTER TABLE `affiliates`
  ADD CONSTRAINT `affiliates_affiliate_user_id_foreign` FOREIGN KEY (`affiliate_user_id`) REFERENCES `users` (`id`) ON DELETE CASCADE,
  ADD CONSTRAINT `affiliates_referred_user_id_foreign` FOREIGN KEY (`referred_user_id`) REFERENCES `users` (`id`) ON DELETE CASCADE;

--
-- Constraints for table `affiliates_codes`
--
ALTER TABLE `affiliates_codes`
  ADD CONSTRAINT `affiliates_codes_user_id_foreign` FOREIGN KEY (`user_id`) REFERENCES `users` (`id`) ON DELETE CASCADE;

--
-- Constraints for table `agora_history`
--
ALTER TABLE `agora_history`
  ADD CONSTRAINT `agora_history_session_id_foreign` FOREIGN KEY (`session_id`) REFERENCES `sessions` (`id`) ON DELETE CASCADE;

--
-- Constraints for table `badge_translations`
--
ALTER TABLE `badge_translations`
  ADD CONSTRAINT `badge_translations_badge_id_foreign` FOREIGN KEY (`badge_id`) REFERENCES `badges` (`id`) ON DELETE CASCADE;

--
-- Constraints for table `become_instructors`
--
ALTER TABLE `become_instructors`
  ADD CONSTRAINT `become_instructors_user_id_foreign` FOREIGN KEY (`user_id`) REFERENCES `users` (`id`) ON DELETE CASCADE;

--
-- Constraints for table `blog`
--
ALTER TABLE `blog`
  ADD CONSTRAINT `blog_category_id_foreign` FOREIGN KEY (`category_id`) REFERENCES `blog_categories` (`id`) ON DELETE CASCADE;

--
-- Constraints for table `blog_translations`
--
ALTER TABLE `blog_translations`
  ADD CONSTRAINT `blog_translations_blog_id_foreign` FOREIGN KEY (`blog_id`) REFERENCES `blog` (`id`) ON DELETE CASCADE;

--
-- Constraints for table `bundles`
--
ALTER TABLE `bundles`
  ADD CONSTRAINT `bundles_category_id_foreign` FOREIGN KEY (`category_id`) REFERENCES `categories` (`id`) ON DELETE CASCADE,
  ADD CONSTRAINT `bundles_creator_id_foreign` FOREIGN KEY (`creator_id`) REFERENCES `users` (`id`) ON DELETE CASCADE,
  ADD CONSTRAINT `bundles_teacher_id_foreign` FOREIGN KEY (`teacher_id`) REFERENCES `users` (`id`) ON DELETE CASCADE;

--
-- Constraints for table `bundle_filter_option`
--
ALTER TABLE `bundle_filter_option`
  ADD CONSTRAINT `bundle_filter_option_bundle_id_foreign` FOREIGN KEY (`bundle_id`) REFERENCES `bundles` (`id`) ON DELETE CASCADE,
  ADD CONSTRAINT `bundle_filter_option_filter_option_id_foreign` FOREIGN KEY (`filter_option_id`) REFERENCES `filter_options` (`id`) ON DELETE CASCADE;

--
-- Constraints for table `bundle_translations`
--
ALTER TABLE `bundle_translations`
  ADD CONSTRAINT `bundle_translations_bundle_id_foreign` FOREIGN KEY (`bundle_id`) REFERENCES `bundles` (`id`) ON DELETE CASCADE;

--
-- Constraints for table `bundle_webinars`
--
ALTER TABLE `bundle_webinars`
  ADD CONSTRAINT `bundle_webinars_bundle_id_foreign` FOREIGN KEY (`bundle_id`) REFERENCES `bundles` (`id`) ON DELETE CASCADE,
  ADD CONSTRAINT `bundle_webinars_webinar_id_foreign` FOREIGN KEY (`webinar_id`) REFERENCES `webinars` (`id`) ON DELETE CASCADE;

--
-- Constraints for table `cart`
--
ALTER TABLE `cart`
  ADD CONSTRAINT `cart_bundle_id_foreign` FOREIGN KEY (`bundle_id`) REFERENCES `bundles` (`id`) ON DELETE CASCADE,
  ADD CONSTRAINT `cart_creator_id_foreign` FOREIGN KEY (`creator_id`) REFERENCES `users` (`id`) ON DELETE CASCADE,
  ADD CONSTRAINT `cart_gift_id_foreign` FOREIGN KEY (`gift_id`) REFERENCES `gifts` (`id`) ON DELETE CASCADE,
  ADD CONSTRAINT `cart_installment_payment_id_foreign` FOREIGN KEY (`installment_payment_id`) REFERENCES `installment_order_payments` (`id`) ON DELETE CASCADE,
  ADD CONSTRAINT `cart_product_discount_id_foreign` FOREIGN KEY (`product_discount_id`) REFERENCES `product_discounts` (`id`) ON DELETE SET NULL,
  ADD CONSTRAINT `cart_product_order_id_foreign` FOREIGN KEY (`product_order_id`) REFERENCES `product_orders` (`id`) ON DELETE CASCADE,
  ADD CONSTRAINT `cart_promotion_id_foreign` FOREIGN KEY (`promotion_id`) REFERENCES `promotions` (`id`) ON DELETE CASCADE,
  ADD CONSTRAINT `cart_reserve_meeting_id_foreign` FOREIGN KEY (`reserve_meeting_id`) REFERENCES `reserve_meetings` (`id`) ON DELETE CASCADE,
  ADD CONSTRAINT `cart_special_offer_id_foreign` FOREIGN KEY (`special_offer_id`) REFERENCES `special_offers` (`id`) ON DELETE CASCADE,
  ADD CONSTRAINT `cart_subscribe_id_foreign` FOREIGN KEY (`subscribe_id`) REFERENCES `subscribes` (`id`) ON DELETE CASCADE,
  ADD CONSTRAINT `cart_ticket_id_foreign` FOREIGN KEY (`ticket_id`) REFERENCES `tickets` (`id`) ON DELETE CASCADE,
  ADD CONSTRAINT `cart_webinar_id_foreign` FOREIGN KEY (`webinar_id`) REFERENCES `webinars` (`id`) ON DELETE CASCADE;

--
-- Constraints for table `cashback_rule_specification_items`
--
ALTER TABLE `cashback_rule_specification_items`
  ADD CONSTRAINT `cashback_rule_specification_items_bundle_id_foreign` FOREIGN KEY (`bundle_id`) REFERENCES `bundles` (`id`) ON DELETE CASCADE,
  ADD CONSTRAINT `cashback_rule_specification_items_cashback_rule_id_foreign` FOREIGN KEY (`cashback_rule_id`) REFERENCES `cashback_rules` (`id`) ON DELETE CASCADE,
  ADD CONSTRAINT `cashback_rule_specification_items_category_id_foreign` FOREIGN KEY (`category_id`) REFERENCES `categories` (`id`) ON DELETE CASCADE,
  ADD CONSTRAINT `cashback_rule_specification_items_instructor_id_foreign` FOREIGN KEY (`instructor_id`) REFERENCES `users` (`id`) ON DELETE CASCADE,
  ADD CONSTRAINT `cashback_rule_specification_items_product_id_foreign` FOREIGN KEY (`product_id`) REFERENCES `products` (`id`) ON DELETE CASCADE,
  ADD CONSTRAINT `cashback_rule_specification_items_seller_id_foreign` FOREIGN KEY (`seller_id`) REFERENCES `users` (`id`) ON DELETE CASCADE,
  ADD CONSTRAINT `cashback_rule_specification_items_subscribe_id_foreign` FOREIGN KEY (`subscribe_id`) REFERENCES `subscribes` (`id`) ON DELETE CASCADE,
  ADD CONSTRAINT `cashback_rule_specification_items_webinar_id_foreign` FOREIGN KEY (`webinar_id`) REFERENCES `webinars` (`id`) ON DELETE CASCADE,
  ADD CONSTRAINT `rules_registration_package_id` FOREIGN KEY (`registration_package_id`) REFERENCES `registration_packages` (`id`) ON DELETE CASCADE;

--
-- Constraints for table `cashback_rule_translations`
--
ALTER TABLE `cashback_rule_translations`
  ADD CONSTRAINT `cashback_rule_translations_cashback_rule_id_foreign` FOREIGN KEY (`cashback_rule_id`) REFERENCES `cashback_rules` (`id`) ON DELETE CASCADE;

--
-- Constraints for table `cashback_rule_users_groups`
--
ALTER TABLE `cashback_rule_users_groups`
  ADD CONSTRAINT `cashback_rule_users_groups_cashback_rule_id_foreign` FOREIGN KEY (`cashback_rule_id`) REFERENCES `cashback_rules` (`id`) ON DELETE CASCADE,
  ADD CONSTRAINT `cashback_rule_users_groups_group_id_foreign` FOREIGN KEY (`group_id`) REFERENCES `groups` (`id`) ON DELETE CASCADE,
  ADD CONSTRAINT `cashback_rule_users_groups_user_id_foreign` FOREIGN KEY (`user_id`) REFERENCES `users` (`id`) ON DELETE CASCADE;

--
-- Constraints for table `category_translations`
--
ALTER TABLE `category_translations`
  ADD CONSTRAINT `category_translations_category_id_foreign` FOREIGN KEY (`category_id`) REFERENCES `categories` (`id`) ON DELETE CASCADE;

--
-- Constraints for table `certificates`
--
ALTER TABLE `certificates`
  ADD CONSTRAINT `certificates_quiz_id_foreign` FOREIGN KEY (`quiz_id`) REFERENCES `quizzes` (`id`) ON DELETE CASCADE,
  ADD CONSTRAINT `certificates_quiz_result_id_foreign` FOREIGN KEY (`quiz_result_id`) REFERENCES `quizzes_results` (`id`) ON DELETE CASCADE,
  ADD CONSTRAINT `certificates_student_id_foreign` FOREIGN KEY (`student_id`) REFERENCES `users` (`id`) ON DELETE CASCADE,
  ADD CONSTRAINT `certificates_webinar_id_foreign` FOREIGN KEY (`webinar_id`) REFERENCES `webinars` (`id`) ON DELETE CASCADE;

--
-- Constraints for table `certificate_template_translations`
--
ALTER TABLE `certificate_template_translations`
  ADD CONSTRAINT `certificate_template_id` FOREIGN KEY (`certificate_template_id`) REFERENCES `certificates_templates` (`id`) ON DELETE CASCADE;

--
-- Constraints for table `comments`
--
ALTER TABLE `comments`
  ADD CONSTRAINT `comments_bundle_id_foreign` FOREIGN KEY (`bundle_id`) REFERENCES `bundles` (`id`) ON DELETE CASCADE,
  ADD CONSTRAINT `comments_ibfk_1` FOREIGN KEY (`blog_id`) REFERENCES `blog` (`id`) ON DELETE CASCADE,
  ADD CONSTRAINT `comments_product_id_foreign` FOREIGN KEY (`product_id`) REFERENCES `products` (`id`) ON DELETE CASCADE,
  ADD CONSTRAINT `comments_reply_id_foreign` FOREIGN KEY (`reply_id`) REFERENCES `comments` (`id`) ON DELETE CASCADE,
  ADD CONSTRAINT `comments_review_id_foreign` FOREIGN KEY (`review_id`) REFERENCES `webinar_reviews` (`id`) ON DELETE CASCADE,
  ADD CONSTRAINT `comments_upcoming_course_id_foreign` FOREIGN KEY (`upcoming_course_id`) REFERENCES `upcoming_courses` (`id`) ON DELETE CASCADE,
  ADD CONSTRAINT `comments_user_id_foreign` FOREIGN KEY (`user_id`) REFERENCES `users` (`id`) ON DELETE CASCADE,
  ADD CONSTRAINT `comments_webinar_id_foreign` FOREIGN KEY (`webinar_id`) REFERENCES `webinars` (`id`) ON DELETE CASCADE;

--
-- Constraints for table `comments_reports`
--
ALTER TABLE `comments_reports`
  ADD CONSTRAINT `comments_reports_comment_id_foreign` FOREIGN KEY (`comment_id`) REFERENCES `comments` (`id`) ON DELETE CASCADE,
  ADD CONSTRAINT `comments_reports_product_id_foreign` FOREIGN KEY (`product_id`) REFERENCES `products` (`id`) ON DELETE CASCADE;

--
-- Constraints for table `course_forums`
--
ALTER TABLE `course_forums`
  ADD CONSTRAINT `course_forums_user_id_foreign` FOREIGN KEY (`user_id`) REFERENCES `users` (`id`) ON DELETE CASCADE,
  ADD CONSTRAINT `course_forums_webinar_id_foreign` FOREIGN KEY (`webinar_id`) REFERENCES `webinars` (`id`) ON DELETE CASCADE;

--
-- Constraints for table `course_forum_answers`
--
ALTER TABLE `course_forum_answers`
  ADD CONSTRAINT `course_forum_answers_forum_id_foreign` FOREIGN KEY (`forum_id`) REFERENCES `course_forums` (`id`) ON DELETE CASCADE,
  ADD CONSTRAINT `course_forum_answers_user_id_foreign` FOREIGN KEY (`user_id`) REFERENCES `users` (`id`) ON DELETE CASCADE;

--
-- Constraints for table `course_learning`
--
ALTER TABLE `course_learning`
  ADD CONSTRAINT `course_learning_file_id_foreign` FOREIGN KEY (`file_id`) REFERENCES `files` (`id`) ON DELETE CASCADE,
  ADD CONSTRAINT `course_learning_session_id_foreign` FOREIGN KEY (`session_id`) REFERENCES `sessions` (`id`) ON DELETE CASCADE,
  ADD CONSTRAINT `course_learning_text_lesson_id_foreign` FOREIGN KEY (`text_lesson_id`) REFERENCES `text_lessons` (`id`) ON DELETE CASCADE,
  ADD CONSTRAINT `course_learning_user_id_foreign` FOREIGN KEY (`user_id`) REFERENCES `users` (`id`) ON DELETE CASCADE;

--
-- Constraints for table `course_noticeboards`
--
ALTER TABLE `course_noticeboards`
  ADD CONSTRAINT `course_noticeboards_creator_id_foreign` FOREIGN KEY (`creator_id`) REFERENCES `users` (`id`) ON DELETE CASCADE,
  ADD CONSTRAINT `course_noticeboards_webinar_id_foreign` FOREIGN KEY (`webinar_id`) REFERENCES `webinars` (`id`) ON DELETE CASCADE;

--
-- Constraints for table `course_noticeboard_status`
--
ALTER TABLE `course_noticeboard_status`
  ADD CONSTRAINT `course_noticeboard_status_noticeboard_id_foreign` FOREIGN KEY (`noticeboard_id`) REFERENCES `course_noticeboards` (`id`) ON DELETE CASCADE;

--
-- Constraints for table `delete_account_requests`
--
ALTER TABLE `delete_account_requests`
  ADD CONSTRAINT `delete_account_requests_user_id_foreign` FOREIGN KEY (`user_id`) REFERENCES `users` (`id`) ON DELETE CASCADE;

--
-- Constraints for table `discounts`
--
ALTER TABLE `discounts`
  ADD CONSTRAINT `discounts_creator_id_foreign` FOREIGN KEY (`creator_id`) REFERENCES `users` (`id`) ON DELETE CASCADE;

--
-- Constraints for table `discount_bundles`
--
ALTER TABLE `discount_bundles`
  ADD CONSTRAINT `discount_bundles_bundle_id_foreign` FOREIGN KEY (`bundle_id`) REFERENCES `bundles` (`id`) ON DELETE CASCADE ON UPDATE NO ACTION,
  ADD CONSTRAINT `discount_bundles_discount_id_foreign` FOREIGN KEY (`discount_id`) REFERENCES `discounts` (`id`) ON DELETE CASCADE ON UPDATE NO ACTION;

--
-- Constraints for table `discount_categories`
--
ALTER TABLE `discount_categories`
  ADD CONSTRAINT `discount_categories_category_id_foreign` FOREIGN KEY (`category_id`) REFERENCES `categories` (`id`) ON DELETE CASCADE,
  ADD CONSTRAINT `discount_categories_discount_id_foreign` FOREIGN KEY (`discount_id`) REFERENCES `discounts` (`id`) ON DELETE CASCADE;

--
-- Constraints for table `discount_courses`
--
ALTER TABLE `discount_courses`
  ADD CONSTRAINT `discount_courses_course_id_foreign` FOREIGN KEY (`course_id`) REFERENCES `webinars` (`id`) ON DELETE CASCADE ON UPDATE NO ACTION,
  ADD CONSTRAINT `discount_courses_discount_id_foreign` FOREIGN KEY (`discount_id`) REFERENCES `discounts` (`id`) ON DELETE CASCADE ON UPDATE NO ACTION;

--
-- Constraints for table `discount_groups`
--
ALTER TABLE `discount_groups`
  ADD CONSTRAINT `discount_groups_discount_id_foreign` FOREIGN KEY (`discount_id`) REFERENCES `discounts` (`id`) ON DELETE CASCADE ON UPDATE NO ACTION,
  ADD CONSTRAINT `discount_groups_group_id_foreign` FOREIGN KEY (`group_id`) REFERENCES `groups` (`id`) ON DELETE CASCADE ON UPDATE NO ACTION;

--
-- Constraints for table `discount_users`
--
ALTER TABLE `discount_users`
  ADD CONSTRAINT `discount_users_discount_id_foreign` FOREIGN KEY (`discount_id`) REFERENCES `discounts` (`id`) ON DELETE CASCADE ON UPDATE NO ACTION,
  ADD CONSTRAINT `discount_users_user_id_foreign` FOREIGN KEY (`user_id`) REFERENCES `users` (`id`) ON DELETE CASCADE ON UPDATE NO ACTION;

--
-- Constraints for table `faqs`
--
ALTER TABLE `faqs`
  ADD CONSTRAINT `faqs_bundle_id_foreign` FOREIGN KEY (`bundle_id`) REFERENCES `bundles` (`id`) ON DELETE CASCADE ON UPDATE NO ACTION,
  ADD CONSTRAINT `faqs_creator_id_foreign` FOREIGN KEY (`creator_id`) REFERENCES `users` (`id`) ON DELETE CASCADE ON UPDATE NO ACTION,
  ADD CONSTRAINT `faqs_upcoming_course_id_foreign` FOREIGN KEY (`upcoming_course_id`) REFERENCES `upcoming_courses` (`id`) ON DELETE CASCADE ON UPDATE NO ACTION,
  ADD CONSTRAINT `faqs_webinar_id_foreign` FOREIGN KEY (`webinar_id`) REFERENCES `webinars` (`id`) ON DELETE CASCADE ON UPDATE NO ACTION;

--
-- Constraints for table `faq_translations`
--
ALTER TABLE `faq_translations`
  ADD CONSTRAINT `faq_translations_faq_id_foreign` FOREIGN KEY (`faq_id`) REFERENCES `faqs` (`id`) ON DELETE CASCADE ON UPDATE NO ACTION;

--
-- Constraints for table `favorites`
--
ALTER TABLE `favorites`
  ADD CONSTRAINT `favorites_bundle_id_foreign` FOREIGN KEY (`bundle_id`) REFERENCES `bundles` (`id`) ON DELETE CASCADE ON UPDATE NO ACTION,
  ADD CONSTRAINT `favorites_upcoming_course_id_foreign` FOREIGN KEY (`upcoming_course_id`) REFERENCES `upcoming_courses` (`id`) ON DELETE CASCADE ON UPDATE NO ACTION,
  ADD CONSTRAINT `favorites_user_id_foreign` FOREIGN KEY (`user_id`) REFERENCES `users` (`id`) ON DELETE CASCADE ON UPDATE NO ACTION,
  ADD CONSTRAINT `favorites_webinar_id_foreign` FOREIGN KEY (`webinar_id`) REFERENCES `webinars` (`id`) ON DELETE CASCADE ON UPDATE NO ACTION;

--
-- Constraints for table `feature_webinars`
--
ALTER TABLE `feature_webinars`
  ADD CONSTRAINT `feature_webinars_webinar_id_foreign` FOREIGN KEY (`webinar_id`) REFERENCES `webinars` (`id`) ON DELETE CASCADE ON UPDATE NO ACTION;

--
-- Constraints for table `feature_webinar_translations`
--
ALTER TABLE `feature_webinar_translations`
  ADD CONSTRAINT `feature_webinar_translations_feature_webinar_id_foreign` FOREIGN KEY (`feature_webinar_id`) REFERENCES `feature_webinars` (`id`) ON DELETE CASCADE ON UPDATE NO ACTION;

--
-- Constraints for table `files`
--
ALTER TABLE `files`
  ADD CONSTRAINT `files_chapter_id_foreign` FOREIGN KEY (`chapter_id`) REFERENCES `webinar_chapters` (`id`) ON DELETE CASCADE ON UPDATE NO ACTION,
  ADD CONSTRAINT `files_creator_id_foreign` FOREIGN KEY (`creator_id`) REFERENCES `users` (`id`) ON DELETE CASCADE ON UPDATE NO ACTION,
  ADD CONSTRAINT `files_webinar_id_foreign` FOREIGN KEY (`webinar_id`) REFERENCES `webinars` (`id`) ON DELETE CASCADE ON UPDATE NO ACTION;

--
-- Constraints for table `file_translations`
--
ALTER TABLE `file_translations`
  ADD CONSTRAINT `file_translations_file_id_foreign` FOREIGN KEY (`file_id`) REFERENCES `files` (`id`) ON DELETE CASCADE ON UPDATE NO ACTION;

--
-- Constraints for table `filters`
--
ALTER TABLE `filters`
  ADD CONSTRAINT `filters_category_id_foreign` FOREIGN KEY (`category_id`) REFERENCES `categories` (`id`) ON DELETE CASCADE ON UPDATE NO ACTION;

--
-- Constraints for table `filter_options`
--
ALTER TABLE `filter_options`
  ADD CONSTRAINT `filter_options_filter_id_foreign` FOREIGN KEY (`filter_id`) REFERENCES `filters` (`id`) ON DELETE CASCADE ON UPDATE NO ACTION;

--
-- Constraints for table `filter_option_translations`
--
ALTER TABLE `filter_option_translations`
  ADD CONSTRAINT `filter_option_translations_filter_option_id_foreign` FOREIGN KEY (`filter_option_id`) REFERENCES `filter_options` (`id`) ON DELETE CASCADE ON UPDATE NO ACTION;

--
-- Constraints for table `filter_translations`
--
ALTER TABLE `filter_translations`
  ADD CONSTRAINT `filter_translations_filter_id_foreign` FOREIGN KEY (`filter_id`) REFERENCES `filters` (`id`) ON DELETE CASCADE ON UPDATE NO ACTION;

--
-- Constraints for table `floating_bar_translations`
--
ALTER TABLE `floating_bar_translations`
  ADD CONSTRAINT `floating_bar_translations_floating_bar_id_foreign` FOREIGN KEY (`floating_bar_id`) REFERENCES `floating_bars` (`id`) ON DELETE CASCADE ON UPDATE NO ACTION;

--
-- Constraints for table `follows`
--
ALTER TABLE `follows`
  ADD CONSTRAINT `follows_follower_foreign` FOREIGN KEY (`follower`) REFERENCES `users` (`id`) ON DELETE CASCADE ON UPDATE NO ACTION,
  ADD CONSTRAINT `follows_user_id_foreign` FOREIGN KEY (`user_id`) REFERENCES `users` (`id`) ON DELETE CASCADE ON UPDATE NO ACTION;

--
-- Constraints for table `forums`
--
ALTER TABLE `forums`
  ADD CONSTRAINT `forums_group_id_foreign` FOREIGN KEY (`group_id`) REFERENCES `groups` (`id`) ON DELETE CASCADE ON UPDATE NO ACTION,
  ADD CONSTRAINT `forums_role_id_foreign` FOREIGN KEY (`role_id`) REFERENCES `roles` (`id`) ON DELETE CASCADE ON UPDATE NO ACTION;

--
-- Constraints for table `forum_featured_topics`
--
ALTER TABLE `forum_featured_topics`
  ADD CONSTRAINT `forum_featured_topics_topic_id_foreign` FOREIGN KEY (`topic_id`) REFERENCES `forum_topics` (`id`) ON DELETE CASCADE ON UPDATE NO ACTION;

--
-- Constraints for table `forum_recommended_topic_items`
--
ALTER TABLE `forum_recommended_topic_items`
  ADD CONSTRAINT `forum_recommended_topic_items_recommended_topic_id_foreign` FOREIGN KEY (`recommended_topic_id`) REFERENCES `forum_recommended_topics` (`id`) ON DELETE CASCADE ON UPDATE NO ACTION,
  ADD CONSTRAINT `forum_recommended_topic_items_topic_id_foreign` FOREIGN KEY (`topic_id`) REFERENCES `forum_topics` (`id`) ON DELETE CASCADE ON UPDATE NO ACTION;

--
-- Constraints for table `forum_topics`
--
ALTER TABLE `forum_topics`
  ADD CONSTRAINT `forum_topics_creator_id_foreign` FOREIGN KEY (`creator_id`) REFERENCES `users` (`id`) ON DELETE CASCADE ON UPDATE NO ACTION,
  ADD CONSTRAINT `forum_topics_forum_id_foreign` FOREIGN KEY (`forum_id`) REFERENCES `forums` (`id`) ON DELETE CASCADE ON UPDATE NO ACTION;

--
-- Constraints for table `forum_topic_attachments`
--
ALTER TABLE `forum_topic_attachments`
  ADD CONSTRAINT `forum_topic_attachments_creator_id_foreign` FOREIGN KEY (`creator_id`) REFERENCES `users` (`id`) ON DELETE CASCADE ON UPDATE NO ACTION,
  ADD CONSTRAINT `forum_topic_attachments_topic_id_foreign` FOREIGN KEY (`topic_id`) REFERENCES `forum_topics` (`id`) ON DELETE CASCADE ON UPDATE NO ACTION;

--
-- Constraints for table `forum_topic_bookmarks`
--
ALTER TABLE `forum_topic_bookmarks`
  ADD CONSTRAINT `forum_topic_bookmarks_topic_id_foreign` FOREIGN KEY (`topic_id`) REFERENCES `forum_topics` (`id`) ON DELETE CASCADE ON UPDATE NO ACTION,
  ADD CONSTRAINT `forum_topic_bookmarks_user_id_foreign` FOREIGN KEY (`user_id`) REFERENCES `users` (`id`) ON DELETE CASCADE ON UPDATE NO ACTION;

--
-- Constraints for table `forum_topic_likes`
--
ALTER TABLE `forum_topic_likes`
  ADD CONSTRAINT `forum_topic_likes_topic_id_foreign` FOREIGN KEY (`topic_id`) REFERENCES `forum_topics` (`id`) ON DELETE CASCADE ON UPDATE NO ACTION,
  ADD CONSTRAINT `forum_topic_likes_topic_post_id_foreign` FOREIGN KEY (`topic_post_id`) REFERENCES `forum_topic_posts` (`id`) ON DELETE CASCADE ON UPDATE NO ACTION,
  ADD CONSTRAINT `forum_topic_likes_user_id_foreign` FOREIGN KEY (`user_id`) REFERENCES `users` (`id`) ON DELETE CASCADE ON UPDATE NO ACTION;

--
-- Constraints for table `forum_topic_posts`
--
ALTER TABLE `forum_topic_posts`
  ADD CONSTRAINT `forum_topic_posts_parent_id_foreign` FOREIGN KEY (`parent_id`) REFERENCES `forum_topic_posts` (`id`) ON DELETE SET NULL ON UPDATE NO ACTION,
  ADD CONSTRAINT `forum_topic_posts_topic_id_foreign` FOREIGN KEY (`topic_id`) REFERENCES `forum_topics` (`id`) ON DELETE CASCADE ON UPDATE NO ACTION,
  ADD CONSTRAINT `forum_topic_posts_user_id_foreign` FOREIGN KEY (`user_id`) REFERENCES `users` (`id`) ON DELETE CASCADE ON UPDATE NO ACTION;

--
-- Constraints for table `forum_topic_reports`
--
ALTER TABLE `forum_topic_reports`
  ADD CONSTRAINT `forum_topic_reports_topic_id_foreign` FOREIGN KEY (`topic_id`) REFERENCES `forum_topics` (`id`) ON DELETE CASCADE ON UPDATE NO ACTION,
  ADD CONSTRAINT `forum_topic_reports_topic_post_id_foreign` FOREIGN KEY (`topic_post_id`) REFERENCES `forum_topic_posts` (`id`) ON DELETE CASCADE ON UPDATE NO ACTION,
  ADD CONSTRAINT `forum_topic_reports_user_id_foreign` FOREIGN KEY (`user_id`) REFERENCES `users` (`id`) ON DELETE CASCADE ON UPDATE NO ACTION;

--
-- Constraints for table `forum_translations`
--
ALTER TABLE `forum_translations`
  ADD CONSTRAINT `forum_translations_forum_id_foreign` FOREIGN KEY (`forum_id`) REFERENCES `forums` (`id`) ON DELETE CASCADE ON UPDATE NO ACTION;

--
-- Constraints for table `gifts`
--
ALTER TABLE `gifts`
  ADD CONSTRAINT `gifts_bundle_id_foreign` FOREIGN KEY (`bundle_id`) REFERENCES `bundles` (`id`) ON DELETE CASCADE ON UPDATE NO ACTION,
  ADD CONSTRAINT `gifts_product_id_foreign` FOREIGN KEY (`product_id`) REFERENCES `products` (`id`) ON DELETE CASCADE ON UPDATE NO ACTION,
  ADD CONSTRAINT `gifts_user_id_foreign` FOREIGN KEY (`user_id`) REFERENCES `users` (`id`) ON DELETE CASCADE ON UPDATE NO ACTION,
  ADD CONSTRAINT `gifts_webinar_id_foreign` FOREIGN KEY (`webinar_id`) REFERENCES `webinars` (`id`) ON DELETE CASCADE ON UPDATE NO ACTION;

--
-- Constraints for table `groups`
--
ALTER TABLE `groups`
  ADD CONSTRAINT `groups_creator_id_foreign` FOREIGN KEY (`creator_id`) REFERENCES `users` (`id`) ON DELETE CASCADE ON UPDATE NO ACTION;

--
-- Constraints for table `groups_registration_packages`
--
ALTER TABLE `groups_registration_packages`
  ADD CONSTRAINT `groups_registration_packages_group_id_foreign` FOREIGN KEY (`group_id`) REFERENCES `groups` (`id`) ON DELETE CASCADE ON UPDATE NO ACTION;

--
-- Constraints for table `group_users`
--
ALTER TABLE `group_users`
  ADD CONSTRAINT `group_users_group_id_foreign` FOREIGN KEY (`group_id`) REFERENCES `groups` (`id`) ON DELETE CASCADE ON UPDATE NO ACTION,
  ADD CONSTRAINT `group_users_user_id_foreign` FOREIGN KEY (`user_id`) REFERENCES `users` (`id`) ON DELETE CASCADE ON UPDATE NO ACTION;

--
-- Constraints for table `home_page_statistic_translations`
--
ALTER TABLE `home_page_statistic_translations`
  ADD CONSTRAINT `home_page_statistic_id` FOREIGN KEY (`home_page_statistic_id`) REFERENCES `home_page_statistics` (`id`) ON DELETE CASCADE ON UPDATE NO ACTION;

--
-- Constraints for table `installment_orders`
--
ALTER TABLE `installment_orders`
  ADD CONSTRAINT `installment_orders_bundle_id_foreign` FOREIGN KEY (`bundle_id`) REFERENCES `bundles` (`id`) ON DELETE CASCADE ON UPDATE NO ACTION,
  ADD CONSTRAINT `installment_orders_installment_id_foreign` FOREIGN KEY (`installment_id`) REFERENCES `installments` (`id`) ON DELETE CASCADE ON UPDATE NO ACTION,
  ADD CONSTRAINT `installment_orders_product_id_foreign` FOREIGN KEY (`product_id`) REFERENCES `products` (`id`) ON DELETE CASCADE ON UPDATE NO ACTION,
  ADD CONSTRAINT `installment_orders_registration_package_id_foreign` FOREIGN KEY (`registration_package_id`) REFERENCES `registration_packages` (`id`) ON DELETE CASCADE ON UPDATE NO ACTION,
  ADD CONSTRAINT `installment_orders_subscribe_id_foreign` FOREIGN KEY (`subscribe_id`) REFERENCES `subscribes` (`id`) ON DELETE CASCADE ON UPDATE NO ACTION,
  ADD CONSTRAINT `installment_orders_user_id_foreign` FOREIGN KEY (`user_id`) REFERENCES `users` (`id`) ON DELETE CASCADE ON UPDATE NO ACTION,
  ADD CONSTRAINT `installment_orders_webinar_id_foreign` FOREIGN KEY (`webinar_id`) REFERENCES `webinars` (`id`) ON DELETE CASCADE ON UPDATE NO ACTION,
  ADD CONSTRAINT `installment_product_order_id` FOREIGN KEY (`product_order_id`) REFERENCES `product_orders` (`id`) ON DELETE CASCADE ON UPDATE NO ACTION;

--
-- Constraints for table `installment_order_attachments`
--
ALTER TABLE `installment_order_attachments`
  ADD CONSTRAINT `installment_order_id_attachment` FOREIGN KEY (`installment_order_id`) REFERENCES `installment_orders` (`id`) ON DELETE CASCADE ON UPDATE NO ACTION;

--
-- Constraints for table `installment_order_payments`
--
ALTER TABLE `installment_order_payments`
  ADD CONSTRAINT `installment_order_id` FOREIGN KEY (`installment_order_id`) REFERENCES `installment_orders` (`id`) ON DELETE CASCADE ON UPDATE NO ACTION,
  ADD CONSTRAINT `installment_order_payments_sale_id_foreign` FOREIGN KEY (`sale_id`) REFERENCES `sales` (`id`) ON DELETE CASCADE ON UPDATE NO ACTION,
  ADD CONSTRAINT `installment_order_payments_step_id_foreign` FOREIGN KEY (`step_id`) REFERENCES `installment_steps` (`id`) ON DELETE CASCADE ON UPDATE NO ACTION;

--
-- Constraints for table `installment_reminders`
--
ALTER TABLE `installment_reminders`
  ADD CONSTRAINT `installment_reminders_user_id_foreign` FOREIGN KEY (`user_id`) REFERENCES `users` (`id`) ON DELETE CASCADE ON UPDATE NO ACTION;

--
-- Constraints for table `installment_specification_items`
--
ALTER TABLE `installment_specification_items`
  ADD CONSTRAINT `installment_specification_items_bundle_id_foreign` FOREIGN KEY (`bundle_id`) REFERENCES `bundles` (`id`) ON DELETE CASCADE ON UPDATE NO ACTION,
  ADD CONSTRAINT `installment_specification_items_category_id_foreign` FOREIGN KEY (`category_id`) REFERENCES `categories` (`id`) ON DELETE CASCADE ON UPDATE NO ACTION,
  ADD CONSTRAINT `installment_specification_items_installment_id_foreign` FOREIGN KEY (`installment_id`) REFERENCES `installments` (`id`) ON DELETE CASCADE ON UPDATE NO ACTION,
  ADD CONSTRAINT `installment_specification_items_instructor_id_foreign` FOREIGN KEY (`instructor_id`) REFERENCES `users` (`id`) ON DELETE CASCADE ON UPDATE NO ACTION,
  ADD CONSTRAINT `installment_specification_items_product_id_foreign` FOREIGN KEY (`product_id`) REFERENCES `products` (`id`) ON DELETE CASCADE ON UPDATE NO ACTION,
  ADD CONSTRAINT `installment_specification_items_registration_package_id_foreign` FOREIGN KEY (`registration_package_id`) REFERENCES `registration_packages` (`id`) ON DELETE CASCADE ON UPDATE NO ACTION,
  ADD CONSTRAINT `installment_specification_items_seller_id_foreign` FOREIGN KEY (`seller_id`) REFERENCES `users` (`id`) ON DELETE CASCADE ON UPDATE NO ACTION,
  ADD CONSTRAINT `installment_specification_items_subscribe_id_foreign` FOREIGN KEY (`subscribe_id`) REFERENCES `subscribes` (`id`) ON DELETE CASCADE ON UPDATE NO ACTION,
  ADD CONSTRAINT `installment_specification_items_webinar_id_foreign` FOREIGN KEY (`webinar_id`) REFERENCES `webinars` (`id`) ON DELETE CASCADE ON UPDATE NO ACTION;

--
-- Constraints for table `installment_steps`
--
ALTER TABLE `installment_steps`
  ADD CONSTRAINT `installment_steps_installment_id_foreign` FOREIGN KEY (`installment_id`) REFERENCES `installments` (`id`) ON DELETE CASCADE ON UPDATE NO ACTION;

--
-- Constraints for table `installment_step_translations`
--
ALTER TABLE `installment_step_translations`
  ADD CONSTRAINT `installment_step_translations_installment_step_id_foreign` FOREIGN KEY (`installment_step_id`) REFERENCES `installment_steps` (`id`) ON DELETE CASCADE ON UPDATE NO ACTION;

--
-- Constraints for table `installment_translations`
--
ALTER TABLE `installment_translations`
  ADD CONSTRAINT `installment_translations_installment_id_foreign` FOREIGN KEY (`installment_id`) REFERENCES `installments` (`id`) ON DELETE CASCADE ON UPDATE NO ACTION;

--
-- Constraints for table `installment_user_groups`
--
ALTER TABLE `installment_user_groups`
  ADD CONSTRAINT `installment_user_groups_group_id_foreign` FOREIGN KEY (`group_id`) REFERENCES `groups` (`id`) ON DELETE CASCADE ON UPDATE NO ACTION,
  ADD CONSTRAINT `installment_user_groups_installment_id_foreign` FOREIGN KEY (`installment_id`) REFERENCES `installments` (`id`) ON DELETE CASCADE ON UPDATE NO ACTION;

--
-- Constraints for table `meetings`
--
ALTER TABLE `meetings`
  ADD CONSTRAINT `meetings_creator_id_foreign` FOREIGN KEY (`creator_id`) REFERENCES `users` (`id`) ON DELETE CASCADE ON UPDATE NO ACTION;

--
-- Constraints for table `meeting_times`
--
ALTER TABLE `meeting_times`
  ADD CONSTRAINT `meeting_times_meeting_id_foreign` FOREIGN KEY (`meeting_id`) REFERENCES `meetings` (`id`) ON DELETE CASCADE ON UPDATE NO ACTION;

--
-- Constraints for table `navbar_buttons`
--
ALTER TABLE `navbar_buttons`
  ADD CONSTRAINT `navbar_buttons_role_id_foreign` FOREIGN KEY (`role_id`) REFERENCES `roles` (`id`) ON DELETE CASCADE ON UPDATE NO ACTION;

--
-- Constraints for table `navbar_button_translations`
--
ALTER TABLE `navbar_button_translations`
  ADD CONSTRAINT `navbar_button_translations_navbar_button_id_foreign` FOREIGN KEY (`navbar_button_id`) REFERENCES `navbar_buttons` (`id`) ON DELETE CASCADE ON UPDATE NO ACTION;

--
-- Constraints for table `noticeboards`
--
ALTER TABLE `noticeboards`
  ADD CONSTRAINT `noticeboards_instructor_id_foreign` FOREIGN KEY (`instructor_id`) REFERENCES `users` (`id`) ON DELETE CASCADE ON UPDATE NO ACTION,
  ADD CONSTRAINT `noticeboards_organ_id_foreign` FOREIGN KEY (`organ_id`) REFERENCES `users` (`id`) ON DELETE CASCADE ON UPDATE NO ACTION,
  ADD CONSTRAINT `noticeboards_user_id_foreign` FOREIGN KEY (`user_id`) REFERENCES `users` (`id`) ON DELETE CASCADE ON UPDATE NO ACTION,
  ADD CONSTRAINT `noticeboards_webinar_id_foreign` FOREIGN KEY (`webinar_id`) REFERENCES `webinars` (`id`) ON DELETE CASCADE ON UPDATE NO ACTION;

--
-- Constraints for table `noticeboards_status`
--
ALTER TABLE `noticeboards_status`
  ADD CONSTRAINT `noticeboards_status_noticeboard_id_foreign` FOREIGN KEY (`noticeboard_id`) REFERENCES `noticeboards` (`id`) ON DELETE CASCADE ON UPDATE NO ACTION;

--
-- Constraints for table `notifications`
--
ALTER TABLE `notifications`
  ADD CONSTRAINT `notifications_group_id_foreign` FOREIGN KEY (`group_id`) REFERENCES `groups` (`id`) ON DELETE CASCADE ON UPDATE NO ACTION,
  ADD CONSTRAINT `notifications_ibfk_1` FOREIGN KEY (`webinar_id`) REFERENCES `webinars` (`id`) ON DELETE CASCADE ON UPDATE NO ACTION,
  ADD CONSTRAINT `notifications_user_id_foreign` FOREIGN KEY (`user_id`) REFERENCES `users` (`id`) ON DELETE CASCADE ON UPDATE NO ACTION;

--
-- Constraints for table `notifications_status`
--
ALTER TABLE `notifications_status`
  ADD CONSTRAINT `notifications_status_notification_id_foreign` FOREIGN KEY (`notification_id`) REFERENCES `notifications` (`id`) ON DELETE CASCADE ON UPDATE NO ACTION;

--
-- Constraints for table `offline_bank_specifications`
--
ALTER TABLE `offline_bank_specifications`
  ADD CONSTRAINT `offline_bank_specifications_offline_bank_id_foreign` FOREIGN KEY (`offline_bank_id`) REFERENCES `offline_banks` (`id`) ON DELETE CASCADE ON UPDATE NO ACTION;

--
-- Constraints for table `offline_bank_specification_translations`
--
ALTER TABLE `offline_bank_specification_translations`
  ADD CONSTRAINT `offline_bank_specification_id` FOREIGN KEY (`offline_bank_specification_id`) REFERENCES `offline_bank_specifications` (`id`) ON DELETE CASCADE ON UPDATE NO ACTION;

--
-- Constraints for table `offline_bank_translations`
--
ALTER TABLE `offline_bank_translations`
  ADD CONSTRAINT `offline_bank_translations_offline_bank_id_foreign` FOREIGN KEY (`offline_bank_id`) REFERENCES `offline_banks` (`id`) ON DELETE CASCADE ON UPDATE NO ACTION;

--
-- Constraints for table `offline_payments`
--
ALTER TABLE `offline_payments`
  ADD CONSTRAINT `offline_payments_offline_bank_id_foreign` FOREIGN KEY (`offline_bank_id`) REFERENCES `offline_banks` (`id`) ON DELETE SET NULL ON UPDATE NO ACTION,
  ADD CONSTRAINT `offline_payments_user_id_foreign` FOREIGN KEY (`user_id`) REFERENCES `users` (`id`) ON DELETE CASCADE ON UPDATE NO ACTION;

--
-- Constraints for table `orders`
--
ALTER TABLE `orders`
  ADD CONSTRAINT `orders_user_id_foreign` FOREIGN KEY (`user_id`) REFERENCES `users` (`id`) ON DELETE CASCADE ON UPDATE NO ACTION;

--
-- Constraints for table `order_items`
--
ALTER TABLE `order_items`
  ADD CONSTRAINT `order_items_gift_id_foreign` FOREIGN KEY (`gift_id`) REFERENCES `gifts` (`id`) ON DELETE CASCADE ON UPDATE NO ACTION;

--
-- Constraints for table `page_translations`
--
ALTER TABLE `page_translations`
  ADD CONSTRAINT `page_translations_page_id_foreign` FOREIGN KEY (`page_id`) REFERENCES `pages` (`id`) ON DELETE CASCADE ON UPDATE NO ACTION;

--
-- Constraints for table `payku_payments`
--
ALTER TABLE `payku_payments`
  ADD CONSTRAINT `payku_payments_transaction_id_foreign` FOREIGN KEY (`transaction_id`) REFERENCES `payku_transactions` (`id`) ON DELETE NO ACTION ON UPDATE NO ACTION;

--
-- Constraints for table `payouts`
--
ALTER TABLE `payouts`
  ADD CONSTRAINT `payout_user_selected_bank_id` FOREIGN KEY (`user_selected_bank_id`) REFERENCES `user_selected_banks` (`id`) ON DELETE CASCADE ON UPDATE NO ACTION,
  ADD CONSTRAINT `payouts_user_id_foreign` FOREIGN KEY (`user_id`) REFERENCES `users` (`id`) ON DELETE CASCADE ON UPDATE NO ACTION;

--
-- Constraints for table `permissions`
--
ALTER TABLE `permissions`
  ADD CONSTRAINT `permissions_role_id_foreign` FOREIGN KEY (`role_id`) REFERENCES `roles` (`id`) ON DELETE CASCADE ON UPDATE NO ACTION,
  ADD CONSTRAINT `permissions_section_id_foreign` FOREIGN KEY (`section_id`) REFERENCES `sections` (`id`) ON DELETE NO ACTION ON UPDATE NO ACTION;

--
-- Constraints for table `prerequisites`
--
ALTER TABLE `prerequisites`
  ADD CONSTRAINT `prerequisite_id` FOREIGN KEY (`prerequisite_id`) REFERENCES `webinars` (`id`) ON DELETE CASCADE ON UPDATE NO ACTION,
  ADD CONSTRAINT `prerequisites_webinar_id_foreign` FOREIGN KEY (`webinar_id`) REFERENCES `webinars` (`id`) ON DELETE CASCADE ON UPDATE NO ACTION;

--
-- Constraints for table `products`
--
ALTER TABLE `products`
  ADD CONSTRAINT `products_category_id_foreign` FOREIGN KEY (`category_id`) REFERENCES `product_categories` (`id`) ON DELETE CASCADE ON UPDATE NO ACTION,
  ADD CONSTRAINT `products_creator_id_foreign` FOREIGN KEY (`creator_id`) REFERENCES `users` (`id`) ON DELETE CASCADE ON UPDATE NO ACTION;

--
-- Constraints for table `product_category_translations`
--
ALTER TABLE `product_category_translations`
  ADD CONSTRAINT `product_category_id` FOREIGN KEY (`product_category_id`) REFERENCES `product_categories` (`id`) ON DELETE CASCADE ON UPDATE NO ACTION;

--
-- Constraints for table `product_discounts`
--
ALTER TABLE `product_discounts`
  ADD CONSTRAINT `product_discounts_creator_id_foreign` FOREIGN KEY (`creator_id`) REFERENCES `users` (`id`) ON DELETE CASCADE ON UPDATE NO ACTION,
  ADD CONSTRAINT `product_discounts_product_id_foreign` FOREIGN KEY (`product_id`) REFERENCES `products` (`id`) ON DELETE CASCADE ON UPDATE NO ACTION;

--
-- Constraints for table `product_faqs`
--
ALTER TABLE `product_faqs`
  ADD CONSTRAINT `product_faqs_creator_id_foreign` FOREIGN KEY (`creator_id`) REFERENCES `users` (`id`) ON DELETE CASCADE ON UPDATE NO ACTION,
  ADD CONSTRAINT `product_faqs_product_id_foreign` FOREIGN KEY (`product_id`) REFERENCES `products` (`id`) ON DELETE CASCADE ON UPDATE NO ACTION;

--
-- Constraints for table `product_faq_translations`
--
ALTER TABLE `product_faq_translations`
  ADD CONSTRAINT `product_faq_id` FOREIGN KEY (`product_faq_id`) REFERENCES `product_faqs` (`id`) ON DELETE CASCADE ON UPDATE NO ACTION;

--
-- Constraints for table `product_files`
--
ALTER TABLE `product_files`
  ADD CONSTRAINT `file_creator_id` FOREIGN KEY (`creator_id`) REFERENCES `users` (`id`) ON DELETE CASCADE ON UPDATE NO ACTION,
  ADD CONSTRAINT `file_product_id` FOREIGN KEY (`product_id`) REFERENCES `products` (`id`) ON DELETE CASCADE ON UPDATE NO ACTION;

--
-- Constraints for table `product_file_translations`
--
ALTER TABLE `product_file_translations`
  ADD CONSTRAINT `product_file_id` FOREIGN KEY (`product_file_id`) REFERENCES `product_files` (`id`) ON DELETE CASCADE ON UPDATE NO ACTION;

--
-- Constraints for table `product_filters`
--
ALTER TABLE `product_filters`
  ADD CONSTRAINT `product_filters_category_id_foreign` FOREIGN KEY (`category_id`) REFERENCES `product_categories` (`id`) ON DELETE CASCADE ON UPDATE NO ACTION;

--
-- Constraints for table `product_filter_options`
--
ALTER TABLE `product_filter_options`
  ADD CONSTRAINT `product_filter_options_filter_id_foreign` FOREIGN KEY (`filter_id`) REFERENCES `product_filters` (`id`) ON DELETE CASCADE ON UPDATE NO ACTION;

--
-- Constraints for table `product_filter_option_translations`
--
ALTER TABLE `product_filter_option_translations`
  ADD CONSTRAINT `product_filter_option_id` FOREIGN KEY (`product_filter_option_id`) REFERENCES `product_filter_options` (`id`) ON DELETE CASCADE ON UPDATE NO ACTION;

--
-- Constraints for table `product_filter_translations`
--
ALTER TABLE `product_filter_translations`
  ADD CONSTRAINT `product_filter_id` FOREIGN KEY (`product_filter_id`) REFERENCES `product_filters` (`id`) ON DELETE CASCADE ON UPDATE NO ACTION;

--
-- Constraints for table `product_media`
--
ALTER TABLE `product_media`
  ADD CONSTRAINT `media_creator_id` FOREIGN KEY (`creator_id`) REFERENCES `users` (`id`) ON DELETE CASCADE ON UPDATE NO ACTION,
  ADD CONSTRAINT `media_product_id` FOREIGN KEY (`product_id`) REFERENCES `products` (`id`) ON DELETE CASCADE ON UPDATE NO ACTION;

--
-- Constraints for table `product_orders`
--
ALTER TABLE `product_orders`
  ADD CONSTRAINT `product_orders_gift_id_foreign` FOREIGN KEY (`gift_id`) REFERENCES `gifts` (`id`) ON DELETE CASCADE ON UPDATE NO ACTION,
  ADD CONSTRAINT `product_orders_installment_order_id_foreign` FOREIGN KEY (`installment_order_id`) REFERENCES `installment_orders` (`id`) ON DELETE CASCADE ON UPDATE NO ACTION;

--
-- Constraints for table `product_reviews`
--
ALTER TABLE `product_reviews`
  ADD CONSTRAINT `product_reviews_creator_id_foreign` FOREIGN KEY (`creator_id`) REFERENCES `users` (`id`) ON DELETE CASCADE ON UPDATE NO ACTION,
  ADD CONSTRAINT `product_reviews_product_id_foreign` FOREIGN KEY (`product_id`) REFERENCES `products` (`id`) ON DELETE CASCADE ON UPDATE NO ACTION;

--
-- Constraints for table `product_selected_filter_options`
--
ALTER TABLE `product_selected_filter_options`
  ADD CONSTRAINT `product_selected_filter_options_filter_option_id_foreign` FOREIGN KEY (`filter_option_id`) REFERENCES `product_filter_options` (`id`) ON DELETE CASCADE ON UPDATE NO ACTION,
  ADD CONSTRAINT `product_selected_filter_options_product_id_foreign` FOREIGN KEY (`product_id`) REFERENCES `products` (`id`) ON DELETE CASCADE ON UPDATE NO ACTION;

--
-- Constraints for table `product_selected_specifications`
--
ALTER TABLE `product_selected_specifications`
  ADD CONSTRAINT `product_selected_specifications_creator_id_foreign` FOREIGN KEY (`creator_id`) REFERENCES `users` (`id`) ON DELETE CASCADE ON UPDATE NO ACTION,
  ADD CONSTRAINT `product_selected_specifications_product_id_foreign` FOREIGN KEY (`product_id`) REFERENCES `products` (`id`) ON DELETE CASCADE ON UPDATE NO ACTION,
  ADD CONSTRAINT `product_selected_specifications_product_specification_id_foreign` FOREIGN KEY (`product_specification_id`) REFERENCES `product_specifications` (`id`) ON DELETE CASCADE ON UPDATE NO ACTION;

--
-- Constraints for table `product_selected_specification_multi_values`
--
ALTER TABLE `product_selected_specification_multi_values`
  ADD CONSTRAINT `selected_specification_id` FOREIGN KEY (`selected_specification_id`) REFERENCES `product_selected_specifications` (`id`) ON DELETE CASCADE ON UPDATE NO ACTION,
  ADD CONSTRAINT `specification_multi_value_id` FOREIGN KEY (`specification_multi_value_id`) REFERENCES `product_specification_multi_values` (`id`) ON DELETE CASCADE ON UPDATE NO ACTION;

--
-- Constraints for table `product_selected_specification_translations`
--
ALTER TABLE `product_selected_specification_translations`
  ADD CONSTRAINT `product_selected_specification_id_translations` FOREIGN KEY (`product_selected_specification_id`) REFERENCES `product_selected_specifications` (`id`) ON DELETE CASCADE ON UPDATE NO ACTION;

--
-- Constraints for table `product_specification_categories`
--
ALTER TABLE `product_specification_categories`
  ADD CONSTRAINT `product_specification_categories_category_id_foreign` FOREIGN KEY (`category_id`) REFERENCES `product_categories` (`id`) ON DELETE CASCADE ON UPDATE NO ACTION,
  ADD CONSTRAINT `product_specification_categories_specification_id_foreign` FOREIGN KEY (`specification_id`) REFERENCES `product_specifications` (`id`) ON DELETE CASCADE ON UPDATE NO ACTION;

--
-- Constraints for table `product_specification_multi_values`
--
ALTER TABLE `product_specification_multi_values`
  ADD CONSTRAINT `product_specification_multi_values_specification_id_foreign` FOREIGN KEY (`specification_id`) REFERENCES `product_specifications` (`id`) ON DELETE CASCADE ON UPDATE NO ACTION;

--
-- Constraints for table `product_specification_multi_value_translations`
--
ALTER TABLE `product_specification_multi_value_translations`
  ADD CONSTRAINT `product_specification_multi_value_id` FOREIGN KEY (`product_specification_multi_value_id`) REFERENCES `product_specification_multi_values` (`id`) ON DELETE CASCADE ON UPDATE NO ACTION;

--
-- Constraints for table `product_specification_translations`
--
ALTER TABLE `product_specification_translations`
  ADD CONSTRAINT `product_specification_id` FOREIGN KEY (`product_specification_id`) REFERENCES `product_specifications` (`id`) ON DELETE CASCADE ON UPDATE NO ACTION;

--
-- Constraints for table `product_translations`
--
ALTER TABLE `product_translations`
  ADD CONSTRAINT `product_id` FOREIGN KEY (`product_id`) REFERENCES `products` (`id`) ON DELETE CASCADE ON UPDATE NO ACTION;

--
-- Constraints for table `promotion_translations`
--
ALTER TABLE `promotion_translations`
  ADD CONSTRAINT `promotion_translations_promotion_id_foreign` FOREIGN KEY (`promotion_id`) REFERENCES `promotions` (`id`) ON DELETE CASCADE ON UPDATE NO ACTION;

--
-- Constraints for table `purchases`
--
ALTER TABLE `purchases`
  ADD CONSTRAINT `purchases_user_id_foreign` FOREIGN KEY (`user_id`) REFERENCES `users` (`id`) ON DELETE CASCADE ON UPDATE NO ACTION,
  ADD CONSTRAINT `purchases_webinar_id_foreign` FOREIGN KEY (`webinar_id`) REFERENCES `webinars` (`id`) ON DELETE CASCADE ON UPDATE NO ACTION;

--
-- Constraints for table `quizzes`
--
ALTER TABLE `quizzes`
  ADD CONSTRAINT `quizzes_chapter_id_foreign` FOREIGN KEY (`chapter_id`) REFERENCES `webinar_chapters` (`id`) ON DELETE CASCADE ON UPDATE NO ACTION,
  ADD CONSTRAINT `quizzes_creator_id_foreign` FOREIGN KEY (`creator_id`) REFERENCES `users` (`id`) ON DELETE CASCADE ON UPDATE NO ACTION,
  ADD CONSTRAINT `quizzes_webinar_id_foreign` FOREIGN KEY (`webinar_id`) REFERENCES `webinars` (`id`) ON DELETE CASCADE ON UPDATE NO ACTION;

--
-- Constraints for table `quizzes_questions`
--
ALTER TABLE `quizzes_questions`
  ADD CONSTRAINT `quizzes_questions_creator_id_foreign` FOREIGN KEY (`creator_id`) REFERENCES `users` (`id`) ON DELETE CASCADE ON UPDATE NO ACTION,
  ADD CONSTRAINT `quizzes_questions_quiz_id_foreign` FOREIGN KEY (`quiz_id`) REFERENCES `quizzes` (`id`) ON DELETE CASCADE ON UPDATE NO ACTION;

--
-- Constraints for table `quizzes_questions_answers`
--
ALTER TABLE `quizzes_questions_answers`
  ADD CONSTRAINT `quizzes_questions_answers_creator_id_foreign` FOREIGN KEY (`creator_id`) REFERENCES `users` (`id`) ON DELETE CASCADE ON UPDATE NO ACTION,
  ADD CONSTRAINT `quizzes_questions_answers_question_id_foreign` FOREIGN KEY (`question_id`) REFERENCES `quizzes_questions` (`id`) ON DELETE CASCADE ON UPDATE NO ACTION;

--
-- Constraints for table `quizzes_questions_answer_translations`
--
ALTER TABLE `quizzes_questions_answer_translations`
  ADD CONSTRAINT `quizzes_questions_answer_id` FOREIGN KEY (`quizzes_questions_answer_id`) REFERENCES `quizzes_questions_answers` (`id`) ON DELETE CASCADE ON UPDATE NO ACTION;

--
-- Constraints for table `quizzes_results`
--
ALTER TABLE `quizzes_results`
  ADD CONSTRAINT `quizzes_results_quiz_id_foreign` FOREIGN KEY (`quiz_id`) REFERENCES `quizzes` (`id`) ON DELETE CASCADE ON UPDATE NO ACTION,
  ADD CONSTRAINT `quizzes_results_user_id_foreign` FOREIGN KEY (`user_id`) REFERENCES `users` (`id`) ON DELETE CASCADE ON UPDATE NO ACTION;

--
-- Constraints for table `quiz_question_translations`
--
ALTER TABLE `quiz_question_translations`
  ADD CONSTRAINT `quiz_question_translations_quiz_question_id_foreign` FOREIGN KEY (`quizzes_question_id`) REFERENCES `quizzes_questions` (`id`) ON DELETE CASCADE ON UPDATE NO ACTION;

--
-- Constraints for table `quiz_translations`
--
ALTER TABLE `quiz_translations`
  ADD CONSTRAINT `quiz_translations_quiz_id_foreign` FOREIGN KEY (`quiz_id`) REFERENCES `quizzes` (`id`) ON DELETE CASCADE ON UPDATE NO ACTION;

--
-- Constraints for table `rating`
--
ALTER TABLE `rating`
  ADD CONSTRAINT `rating_creator_id_foreign` FOREIGN KEY (`creator_id`) REFERENCES `users` (`id`) ON DELETE CASCADE ON UPDATE NO ACTION,
  ADD CONSTRAINT `rating_user_id_foreign` FOREIGN KEY (`user_id`) REFERENCES `users` (`id`) ON DELETE CASCADE ON UPDATE NO ACTION,
  ADD CONSTRAINT `rating_webinar_id_foreign` FOREIGN KEY (`webinar_id`) REFERENCES `webinars` (`id`) ON DELETE CASCADE ON UPDATE NO ACTION;

--
-- Constraints for table `regions`
--
ALTER TABLE `regions`
  ADD CONSTRAINT `regions_city_id_foreign` FOREIGN KEY (`city_id`) REFERENCES `regions` (`id`) ON DELETE CASCADE ON UPDATE NO ACTION,
  ADD CONSTRAINT `regions_country_id_foreign` FOREIGN KEY (`country_id`) REFERENCES `regions` (`id`) ON DELETE CASCADE ON UPDATE NO ACTION,
  ADD CONSTRAINT `regions_province_id_foreign` FOREIGN KEY (`province_id`) REFERENCES `regions` (`id`) ON DELETE CASCADE ON UPDATE NO ACTION;

--
-- Constraints for table `registration_packages_translations`
--
ALTER TABLE `registration_packages_translations`
  ADD CONSTRAINT `registration_package` FOREIGN KEY (`registration_package_id`) REFERENCES `registration_packages` (`id`) ON DELETE CASCADE ON UPDATE NO ACTION;

--
-- Constraints for table `reserve_meetings`
--
ALTER TABLE `reserve_meetings`
  ADD CONSTRAINT `reserve_meetings_meeting_time_id_foreign` FOREIGN KEY (`meeting_time_id`) REFERENCES `meeting_times` (`id`) ON DELETE CASCADE ON UPDATE NO ACTION,
  ADD CONSTRAINT `reserve_meetings_sale_id_foreign` FOREIGN KEY (`sale_id`) REFERENCES `sales` (`id`) ON DELETE CASCADE ON UPDATE NO ACTION,
  ADD CONSTRAINT `reserve_meetings_user_id_foreign` FOREIGN KEY (`user_id`) REFERENCES `users` (`id`) ON DELETE CASCADE ON UPDATE NO ACTION;

--
-- Constraints for table `rewards_accounting`
--
ALTER TABLE `rewards_accounting`
  ADD CONSTRAINT `rewards_accounting_user_id_foreign` FOREIGN KEY (`user_id`) REFERENCES `users` (`id`) ON DELETE CASCADE ON UPDATE NO ACTION;

--
-- Constraints for table `sales`
--
ALTER TABLE `sales`
  ADD CONSTRAINT `sales_installment_payment_id_foreign` FOREIGN KEY (`installment_payment_id`) REFERENCES `installment_order_payments` (`id`) ON DELETE CASCADE ON UPDATE NO ACTION;

--
-- Constraints for table `sales_log`
--
ALTER TABLE `sales_log`
  ADD CONSTRAINT `sales_status_sale_id_foreign` FOREIGN KEY (`sale_id`) REFERENCES `sales` (`id`) ON DELETE CASCADE ON UPDATE NO ACTION;

--
-- Constraints for table `sessions`
--
ALTER TABLE `sessions`
  ADD CONSTRAINT `sessions_chapter_id_foreign` FOREIGN KEY (`chapter_id`) REFERENCES `webinar_chapters` (`id`) ON DELETE CASCADE ON UPDATE NO ACTION,
  ADD CONSTRAINT `sessions_creator_id_foreign` FOREIGN KEY (`creator_id`) REFERENCES `users` (`id`) ON DELETE CASCADE ON UPDATE NO ACTION,
  ADD CONSTRAINT `sessions_reserve_meeting_id_foreign` FOREIGN KEY (`reserve_meeting_id`) REFERENCES `reserve_meetings` (`id`) ON DELETE CASCADE ON UPDATE NO ACTION,
  ADD CONSTRAINT `sessions_webinar_id_foreign` FOREIGN KEY (`webinar_id`) REFERENCES `webinars` (`id`) ON DELETE CASCADE ON UPDATE NO ACTION;

--
-- Constraints for table `session_reminds`
--
ALTER TABLE `session_reminds`
  ADD CONSTRAINT `session_reminds_session_id_foreign` FOREIGN KEY (`session_id`) REFERENCES `sessions` (`id`) ON DELETE CASCADE ON UPDATE NO ACTION,
  ADD CONSTRAINT `session_reminds_user_id_foreign` FOREIGN KEY (`user_id`) REFERENCES `users` (`id`) ON DELETE CASCADE ON UPDATE NO ACTION;

--
-- Constraints for table `session_translations`
--
ALTER TABLE `session_translations`
  ADD CONSTRAINT `session_translations_session_id_foreign` FOREIGN KEY (`session_id`) REFERENCES `sessions` (`id`) ON DELETE CASCADE ON UPDATE NO ACTION;

--
-- Constraints for table `setting_translations`
--
ALTER TABLE `setting_translations`
  ADD CONSTRAINT `setting_translations_setting_id_foreign` FOREIGN KEY (`setting_id`) REFERENCES `settings` (`id`) ON DELETE CASCADE ON UPDATE NO ACTION;

--
-- Constraints for table `special_offers`
--
ALTER TABLE `special_offers`
  ADD CONSTRAINT `special_offers_bundle_id_foreign` FOREIGN KEY (`bundle_id`) REFERENCES `bundles` (`id`) ON DELETE CASCADE ON UPDATE NO ACTION,
  ADD CONSTRAINT `special_offers_creator_id_foreign` FOREIGN KEY (`creator_id`) REFERENCES `users` (`id`) ON DELETE CASCADE ON UPDATE NO ACTION,
  ADD CONSTRAINT `special_offers_registration_package_id_foreign` FOREIGN KEY (`registration_package_id`) REFERENCES `registration_packages` (`id`) ON DELETE CASCADE ON UPDATE NO ACTION,
  ADD CONSTRAINT `special_offers_subscribe_id_foreign` FOREIGN KEY (`subscribe_id`) REFERENCES `subscribes` (`id`) ON DELETE CASCADE ON UPDATE NO ACTION,
  ADD CONSTRAINT `special_offers_webinar_id_foreign` FOREIGN KEY (`webinar_id`) REFERENCES `webinars` (`id`) ON DELETE CASCADE ON UPDATE NO ACTION;

--
-- Constraints for table `subscribe_reminds`
--
ALTER TABLE `subscribe_reminds`
  ADD CONSTRAINT `subscribe_reminds_subscribe_id_foreign` FOREIGN KEY (`subscribe_id`) REFERENCES `subscribes` (`id`) ON DELETE CASCADE ON UPDATE NO ACTION,
  ADD CONSTRAINT `subscribe_reminds_user_id_foreign` FOREIGN KEY (`user_id`) REFERENCES `users` (`id`) ON DELETE CASCADE ON UPDATE NO ACTION;

--
-- Constraints for table `subscribe_translations`
--
ALTER TABLE `subscribe_translations`
  ADD CONSTRAINT `subscribe_translations_subscribe_id_foreign` FOREIGN KEY (`subscribe_id`) REFERENCES `subscribes` (`id`) ON DELETE CASCADE ON UPDATE NO ACTION;

--
-- Constraints for table `subscribe_uses`
--
ALTER TABLE `subscribe_uses`
  ADD CONSTRAINT `subscribe_uses_bundle_id_foreign` FOREIGN KEY (`bundle_id`) REFERENCES `bundles` (`id`) ON DELETE CASCADE ON UPDATE NO ACTION,
  ADD CONSTRAINT `subscribe_uses_installment_order_id_foreign` FOREIGN KEY (`installment_order_id`) REFERENCES `installment_orders` (`id`) ON DELETE CASCADE ON UPDATE NO ACTION,
  ADD CONSTRAINT `subscribe_uses_sale_id_foreign` FOREIGN KEY (`sale_id`) REFERENCES `sales` (`id`) ON DELETE CASCADE ON UPDATE NO ACTION,
  ADD CONSTRAINT `subscribe_uses_subscribe_id_foreign` FOREIGN KEY (`subscribe_id`) REFERENCES `subscribes` (`id`) ON DELETE CASCADE ON UPDATE NO ACTION,
  ADD CONSTRAINT `subscribe_uses_user_id_foreign` FOREIGN KEY (`user_id`) REFERENCES `users` (`id`) ON DELETE CASCADE ON UPDATE NO ACTION,
  ADD CONSTRAINT `subscribe_uses_webinar_id_foreign` FOREIGN KEY (`webinar_id`) REFERENCES `webinars` (`id`) ON DELETE CASCADE ON UPDATE NO ACTION;

--
-- Constraints for table `supports`
--
ALTER TABLE `supports`
  ADD CONSTRAINT `supports_department_id_foreign` FOREIGN KEY (`department_id`) REFERENCES `support_departments` (`id`) ON DELETE CASCADE ON UPDATE NO ACTION,
  ADD CONSTRAINT `supports_user_id_foreign` FOREIGN KEY (`user_id`) REFERENCES `users` (`id`) ON DELETE CASCADE ON UPDATE NO ACTION,
  ADD CONSTRAINT `supports_webinar_id_foreign` FOREIGN KEY (`webinar_id`) REFERENCES `webinars` (`id`) ON DELETE CASCADE ON UPDATE NO ACTION;

--
-- Constraints for table `support_conversations`
--
ALTER TABLE `support_conversations`
  ADD CONSTRAINT `support_conversations_sender_id_foreign` FOREIGN KEY (`sender_id`) REFERENCES `users` (`id`) ON DELETE CASCADE ON UPDATE NO ACTION,
  ADD CONSTRAINT `support_conversations_support_id_foreign` FOREIGN KEY (`support_id`) REFERENCES `supports` (`id`) ON DELETE CASCADE ON UPDATE NO ACTION;

--
-- Constraints for table `support_department_translations`
--
ALTER TABLE `support_department_translations`
  ADD CONSTRAINT `support_department_id` FOREIGN KEY (`support_department_id`) REFERENCES `support_departments` (`id`) ON DELETE CASCADE ON UPDATE NO ACTION;

--
-- Constraints for table `tags`
--
ALTER TABLE `tags`
  ADD CONSTRAINT `tags_bundle_id_foreign` FOREIGN KEY (`bundle_id`) REFERENCES `bundles` (`id`) ON DELETE CASCADE ON UPDATE NO ACTION,
  ADD CONSTRAINT `tags_upcoming_course_id_foreign` FOREIGN KEY (`upcoming_course_id`) REFERENCES `upcoming_courses` (`id`) ON DELETE CASCADE ON UPDATE NO ACTION,
  ADD CONSTRAINT `tags_webinar_id_foreign` FOREIGN KEY (`webinar_id`) REFERENCES `webinars` (`id`) ON DELETE CASCADE ON UPDATE NO ACTION;

--
-- Constraints for table `testimonial_translations`
--
ALTER TABLE `testimonial_translations`
  ADD CONSTRAINT `testimonial_translations_testimonial_id_foreign` FOREIGN KEY (`testimonial_id`) REFERENCES `testimonials` (`id`) ON DELETE CASCADE ON UPDATE NO ACTION;

--
-- Constraints for table `text_lessons`
--
ALTER TABLE `text_lessons`
  ADD CONSTRAINT `text_lessons_chapter_id_foreign` FOREIGN KEY (`chapter_id`) REFERENCES `webinar_chapters` (`id`) ON DELETE CASCADE ON UPDATE NO ACTION,
  ADD CONSTRAINT `text_lessons_creator_id_foreign` FOREIGN KEY (`creator_id`) REFERENCES `users` (`id`) ON DELETE CASCADE ON UPDATE NO ACTION,
  ADD CONSTRAINT `text_lessons_webinar_id_foreign` FOREIGN KEY (`webinar_id`) REFERENCES `webinars` (`id`) ON DELETE CASCADE ON UPDATE NO ACTION;

--
-- Constraints for table `text_lessons_attachments`
--
ALTER TABLE `text_lessons_attachments`
  ADD CONSTRAINT `text_lessons_attachments_file_id_foreign` FOREIGN KEY (`file_id`) REFERENCES `files` (`id`) ON DELETE CASCADE ON UPDATE NO ACTION,
  ADD CONSTRAINT `text_lessons_attachments_text_lesson_id_foreign` FOREIGN KEY (`text_lesson_id`) REFERENCES `text_lessons` (`id`) ON DELETE CASCADE ON UPDATE NO ACTION;

--
-- Constraints for table `text_lesson_translations`
--
ALTER TABLE `text_lesson_translations`
  ADD CONSTRAINT `text_lesson_id` FOREIGN KEY (`text_lesson_id`) REFERENCES `text_lessons` (`id`) ON DELETE CASCADE ON UPDATE NO ACTION;

--
-- Constraints for table `tickets`
--
ALTER TABLE `tickets`
  ADD CONSTRAINT `tickets_bundle_id_foreign` FOREIGN KEY (`bundle_id`) REFERENCES `bundles` (`id`) ON DELETE CASCADE ON UPDATE NO ACTION,
  ADD CONSTRAINT `tickets_creator_id_foreign` FOREIGN KEY (`creator_id`) REFERENCES `users` (`id`) ON DELETE CASCADE ON UPDATE NO ACTION,
  ADD CONSTRAINT `tickets_webinar_id_foreign` FOREIGN KEY (`webinar_id`) REFERENCES `webinars` (`id`) ON DELETE CASCADE ON UPDATE NO ACTION;

--
-- Constraints for table `ticket_translations`
--
ALTER TABLE `ticket_translations`
  ADD CONSTRAINT `ticket_translations_ticket_id_foreign` FOREIGN KEY (`ticket_id`) REFERENCES `tickets` (`id`) ON DELETE CASCADE ON UPDATE NO ACTION;

--
-- Constraints for table `ticket_users`
--
ALTER TABLE `ticket_users`
  ADD CONSTRAINT `ticket_users_ticket_id_foreign` FOREIGN KEY (`ticket_id`) REFERENCES `tickets` (`id`) ON DELETE CASCADE ON UPDATE NO ACTION,
  ADD CONSTRAINT `ticket_users_user_id_foreign` FOREIGN KEY (`user_id`) REFERENCES `users` (`id`) ON DELETE CASCADE ON UPDATE NO ACTION;

--
-- Constraints for table `trend_categories`
--
ALTER TABLE `trend_categories`
  ADD CONSTRAINT `trend_categories_category_id_foreign` FOREIGN KEY (`category_id`) REFERENCES `categories` (`id`) ON DELETE CASCADE ON UPDATE NO ACTION;

--
-- Constraints for table `upcoming_courses`
--
ALTER TABLE `upcoming_courses`
  ADD CONSTRAINT `upcoming_courses_category_id_foreign` FOREIGN KEY (`category_id`) REFERENCES `categories` (`id`) ON DELETE CASCADE ON UPDATE NO ACTION,
  ADD CONSTRAINT `upcoming_courses_creator_id_foreign` FOREIGN KEY (`creator_id`) REFERENCES `users` (`id`) ON DELETE CASCADE ON UPDATE NO ACTION,
  ADD CONSTRAINT `upcoming_courses_teacher_id_foreign` FOREIGN KEY (`teacher_id`) REFERENCES `users` (`id`) ON DELETE CASCADE ON UPDATE NO ACTION,
  ADD CONSTRAINT `upcoming_courses_webinar_id_foreign` FOREIGN KEY (`webinar_id`) REFERENCES `webinars` (`id`) ON DELETE SET NULL ON UPDATE NO ACTION;

--
-- Constraints for table `upcoming_course_filter_option`
--
ALTER TABLE `upcoming_course_filter_option`
  ADD CONSTRAINT `upcoming_course_filter_option_filter_option_id_foreign` FOREIGN KEY (`filter_option_id`) REFERENCES `filter_options` (`id`) ON DELETE CASCADE ON UPDATE NO ACTION,
  ADD CONSTRAINT `upcoming_course_filter_option_upcoming_course_id_foreign` FOREIGN KEY (`upcoming_course_id`) REFERENCES `upcoming_courses` (`id`) ON DELETE CASCADE ON UPDATE NO ACTION;

--
-- Constraints for table `upcoming_course_followers`
--
ALTER TABLE `upcoming_course_followers`
  ADD CONSTRAINT `upcoming_course_followers_upcoming_course_id_foreign` FOREIGN KEY (`upcoming_course_id`) REFERENCES `upcoming_courses` (`id`) ON DELETE CASCADE ON UPDATE NO ACTION,
  ADD CONSTRAINT `upcoming_course_followers_user_id_foreign` FOREIGN KEY (`user_id`) REFERENCES `users` (`id`) ON DELETE CASCADE ON UPDATE NO ACTION;

--
-- Constraints for table `upcoming_course_reports`
--
ALTER TABLE `upcoming_course_reports`
  ADD CONSTRAINT `upcoming_course_reports_upcoming_course_id_foreign` FOREIGN KEY (`upcoming_course_id`) REFERENCES `upcoming_courses` (`id`) ON DELETE CASCADE ON UPDATE NO ACTION,
  ADD CONSTRAINT `upcoming_course_reports_user_id_foreign` FOREIGN KEY (`user_id`) REFERENCES `users` (`id`) ON DELETE CASCADE ON UPDATE NO ACTION;

--
-- Constraints for table `upcoming_course_translations`
--
ALTER TABLE `upcoming_course_translations`
  ADD CONSTRAINT `upcoming_course_translations_upcoming_course_id_foreign` FOREIGN KEY (`upcoming_course_id`) REFERENCES `upcoming_courses` (`id`) ON DELETE CASCADE ON UPDATE NO ACTION;

--
-- Constraints for table `users`
--
ALTER TABLE `users`
  ADD CONSTRAINT `users_city_id_foreign` FOREIGN KEY (`city_id`) REFERENCES `regions` (`id`) ON DELETE SET NULL ON UPDATE NO ACTION,
  ADD CONSTRAINT `users_country_id_foreign` FOREIGN KEY (`country_id`) REFERENCES `regions` (`id`) ON DELETE SET NULL ON UPDATE NO ACTION,
  ADD CONSTRAINT `users_district_id_foreign` FOREIGN KEY (`district_id`) REFERENCES `regions` (`id`) ON DELETE SET NULL ON UPDATE NO ACTION,
  ADD CONSTRAINT `users_province_id_foreign` FOREIGN KEY (`province_id`) REFERENCES `regions` (`id`) ON DELETE SET NULL ON UPDATE NO ACTION;

--
-- Constraints for table `users_badges`
--
ALTER TABLE `users_badges`
  ADD CONSTRAINT `users_badges_badge_id_foreign` FOREIGN KEY (`badge_id`) REFERENCES `badges` (`id`) ON DELETE CASCADE ON UPDATE NO ACTION,
  ADD CONSTRAINT `users_badges_user_id_foreign` FOREIGN KEY (`user_id`) REFERENCES `users` (`id`) ON DELETE CASCADE ON UPDATE NO ACTION;

--
-- Constraints for table `users_cookie_security`
--
ALTER TABLE `users_cookie_security`
  ADD CONSTRAINT `users_cookie_security_user_id_foreign` FOREIGN KEY (`user_id`) REFERENCES `users` (`id`) ON DELETE CASCADE ON UPDATE NO ACTION;

--
-- Constraints for table `users_metas`
--
ALTER TABLE `users_metas`
  ADD CONSTRAINT `users_metas_user_id_foreign` FOREIGN KEY (`user_id`) REFERENCES `users` (`id`) ON DELETE CASCADE ON UPDATE NO ACTION;

--
-- Constraints for table `users_occupations`
--
ALTER TABLE `users_occupations`
  ADD CONSTRAINT `users_occupations_category_id_foreign` FOREIGN KEY (`category_id`) REFERENCES `categories` (`id`) ON DELETE CASCADE ON UPDATE NO ACTION,
  ADD CONSTRAINT `users_occupations_user_id_foreign` FOREIGN KEY (`user_id`) REFERENCES `users` (`id`) ON DELETE CASCADE ON UPDATE NO ACTION;

--
-- Constraints for table `users_registration_packages`
--
ALTER TABLE `users_registration_packages`
  ADD CONSTRAINT `users_registration_packages_user_id_foreign` FOREIGN KEY (`user_id`) REFERENCES `users` (`id`) ON DELETE CASCADE ON UPDATE NO ACTION;

--
-- Constraints for table `users_zoom_api`
--
ALTER TABLE `users_zoom_api`
  ADD CONSTRAINT `users_zoom_api_user_id_foreign` FOREIGN KEY (`user_id`) REFERENCES `users` (`id`) ON DELETE CASCADE ON UPDATE NO ACTION;

--
-- Constraints for table `user_bank_specifications`
--
ALTER TABLE `user_bank_specifications`
  ADD CONSTRAINT `user_bank_specifications_user_bank_id_foreign` FOREIGN KEY (`user_bank_id`) REFERENCES `user_banks` (`id`) ON DELETE CASCADE ON UPDATE NO ACTION;

--
-- Constraints for table `user_bank_specification_translations`
--
ALTER TABLE `user_bank_specification_translations`
  ADD CONSTRAINT `user_bank_specification_id` FOREIGN KEY (`user_bank_specification_id`) REFERENCES `user_bank_specifications` (`id`) ON DELETE CASCADE ON UPDATE NO ACTION;

--
-- Constraints for table `user_bank_translations`
--
ALTER TABLE `user_bank_translations`
  ADD CONSTRAINT `user_bank_translations_user_bank_id_foreign` FOREIGN KEY (`user_bank_id`) REFERENCES `user_banks` (`id`) ON DELETE CASCADE ON UPDATE NO ACTION;

--
-- Constraints for table `user_selected_banks`
--
ALTER TABLE `user_selected_banks`
  ADD CONSTRAINT `user_selected_banks_user_bank_id_foreign` FOREIGN KEY (`user_bank_id`) REFERENCES `user_banks` (`id`) ON DELETE CASCADE ON UPDATE NO ACTION,
  ADD CONSTRAINT `user_selected_banks_user_id_foreign` FOREIGN KEY (`user_id`) REFERENCES `users` (`id`) ON DELETE CASCADE ON UPDATE NO ACTION;

--
-- Constraints for table `user_selected_bank_specifications`
--
ALTER TABLE `user_selected_bank_specifications`
  ADD CONSTRAINT `user_bank_specification_id_specifications` FOREIGN KEY (`user_bank_specification_id`) REFERENCES `user_bank_specifications` (`id`) ON DELETE CASCADE ON UPDATE NO ACTION,
  ADD CONSTRAINT `user_selected_bank_id_specifications` FOREIGN KEY (`user_selected_bank_id`) REFERENCES `user_selected_banks` (`id`) ON DELETE CASCADE ON UPDATE NO ACTION;

--
-- Constraints for table `verifications`
--
ALTER TABLE `verifications`
  ADD CONSTRAINT `verifications_user_id_foreign` FOREIGN KEY (`user_id`) REFERENCES `users` (`id`) ON DELETE CASCADE ON UPDATE NO ACTION;

--
-- Constraints for table `waitlists`
--
ALTER TABLE `waitlists`
  ADD CONSTRAINT `waitlists_user_id_foreign` FOREIGN KEY (`user_id`) REFERENCES `users` (`id`) ON DELETE CASCADE ON UPDATE NO ACTION,
  ADD CONSTRAINT `waitlists_webinar_id_foreign` FOREIGN KEY (`webinar_id`) REFERENCES `webinars` (`id`) ON DELETE CASCADE ON UPDATE NO ACTION;

--
-- Constraints for table `webinars`
--
ALTER TABLE `webinars`
  ADD CONSTRAINT `webinars_category_id_foreign` FOREIGN KEY (`category_id`) REFERENCES `categories` (`id`) ON DELETE CASCADE ON UPDATE NO ACTION,
  ADD CONSTRAINT `webinars_creator_id_foreign` FOREIGN KEY (`creator_id`) REFERENCES `users` (`id`) ON DELETE CASCADE ON UPDATE NO ACTION,
  ADD CONSTRAINT `webinars_teacher_id_foreign` FOREIGN KEY (`teacher_id`) REFERENCES `users` (`id`) ON DELETE CASCADE ON UPDATE NO ACTION;

--
-- Constraints for table `webinar_assignments`
--
ALTER TABLE `webinar_assignments`
  ADD CONSTRAINT `webinar_assignments_chapter_id_foreign` FOREIGN KEY (`chapter_id`) REFERENCES `webinar_chapters` (`id`) ON DELETE CASCADE ON UPDATE NO ACTION,
  ADD CONSTRAINT `webinar_assignments_creator_id_foreign` FOREIGN KEY (`creator_id`) REFERENCES `users` (`id`) ON DELETE CASCADE ON UPDATE NO ACTION,
  ADD CONSTRAINT `webinar_assignments_webinar_id_foreign` FOREIGN KEY (`webinar_id`) REFERENCES `webinars` (`id`) ON DELETE CASCADE ON UPDATE NO ACTION;

--
-- Constraints for table `webinar_assignment_attachments`
--
ALTER TABLE `webinar_assignment_attachments`
  ADD CONSTRAINT `webinar_assignment_attachments_assignment_id_foreign` FOREIGN KEY (`assignment_id`) REFERENCES `webinar_assignments` (`id`) ON DELETE CASCADE ON UPDATE NO ACTION;

--
-- Constraints for table `webinar_assignment_history`
--
ALTER TABLE `webinar_assignment_history`
  ADD CONSTRAINT `webinar_assignment_history_assignment_id_foreign` FOREIGN KEY (`assignment_id`) REFERENCES `webinar_assignments` (`id`) ON DELETE CASCADE ON UPDATE NO ACTION,
  ADD CONSTRAINT `webinar_assignment_history_instructor_id_foreign` FOREIGN KEY (`instructor_id`) REFERENCES `users` (`id`) ON DELETE CASCADE ON UPDATE NO ACTION,
  ADD CONSTRAINT `webinar_assignment_history_student_id_foreign` FOREIGN KEY (`student_id`) REFERENCES `users` (`id`) ON DELETE CASCADE ON UPDATE NO ACTION;

--
-- Constraints for table `webinar_assignment_history_messages`
--
ALTER TABLE `webinar_assignment_history_messages`
  ADD CONSTRAINT `webinar_assignment_history_id` FOREIGN KEY (`assignment_history_id`) REFERENCES `webinar_assignment_history` (`id`) ON DELETE CASCADE ON UPDATE NO ACTION;

--
-- Constraints for table `webinar_assignment_translations`
--
ALTER TABLE `webinar_assignment_translations`
  ADD CONSTRAINT `webinar_assignment_id_translate_foreign` FOREIGN KEY (`webinar_assignment_id`) REFERENCES `webinar_assignments` (`id`) ON DELETE CASCADE ON UPDATE NO ACTION;

--
-- Constraints for table `webinar_chapters`
--
ALTER TABLE `webinar_chapters`
  ADD CONSTRAINT `webinar_chapters_user_id_foreign` FOREIGN KEY (`user_id`) REFERENCES `users` (`id`) ON DELETE CASCADE ON UPDATE NO ACTION,
  ADD CONSTRAINT `webinar_chapters_webinar_id_foreign` FOREIGN KEY (`webinar_id`) REFERENCES `webinars` (`id`) ON DELETE CASCADE ON UPDATE NO ACTION;

--
-- Constraints for table `webinar_chapter_items`
--
ALTER TABLE `webinar_chapter_items`
  ADD CONSTRAINT `user_id` FOREIGN KEY (`user_id`) REFERENCES `users` (`id`) ON DELETE CASCADE ON UPDATE NO ACTION,
  ADD CONSTRAINT `webinar_chapter_items_chapter_id_foreign` FOREIGN KEY (`chapter_id`) REFERENCES `webinar_chapters` (`id`) ON DELETE CASCADE ON UPDATE NO ACTION;

--
-- Constraints for table `webinar_chapter_translations`
--
ALTER TABLE `webinar_chapter_translations`
  ADD CONSTRAINT `webinar_chapter_id` FOREIGN KEY (`webinar_chapter_id`) REFERENCES `webinar_chapters` (`id`) ON DELETE CASCADE ON UPDATE NO ACTION;

--
-- Constraints for table `webinar_extra_descriptions`
--
ALTER TABLE `webinar_extra_descriptions`
  ADD CONSTRAINT `webinar_extra_descriptions_creator_id_foreign` FOREIGN KEY (`creator_id`) REFERENCES `users` (`id`) ON DELETE CASCADE ON UPDATE NO ACTION,
  ADD CONSTRAINT `webinar_extra_descriptions_upcoming_course_id_foreign` FOREIGN KEY (`upcoming_course_id`) REFERENCES `upcoming_courses` (`id`) ON DELETE CASCADE ON UPDATE NO ACTION,
  ADD CONSTRAINT `webinar_extra_descriptions_webinar_id_foreign` FOREIGN KEY (`webinar_id`) REFERENCES `webinars` (`id`) ON DELETE CASCADE ON UPDATE NO ACTION;

--
-- Constraints for table `webinar_extra_description_translations`
--
ALTER TABLE `webinar_extra_description_translations`
  ADD CONSTRAINT `webinar_extra_description_id_foreign` FOREIGN KEY (`webinar_extra_description_id`) REFERENCES `webinar_extra_descriptions` (`id`) ON DELETE CASCADE ON UPDATE NO ACTION;

--
-- Constraints for table `webinar_filter_option`
--
ALTER TABLE `webinar_filter_option`
  ADD CONSTRAINT `webinar_filter_option_filter_option_id_foreign` FOREIGN KEY (`filter_option_id`) REFERENCES `filter_options` (`id`) ON DELETE CASCADE ON UPDATE NO ACTION,
  ADD CONSTRAINT `webinar_filter_option_webinar_id_foreign` FOREIGN KEY (`webinar_id`) REFERENCES `webinars` (`id`) ON DELETE CASCADE ON UPDATE NO ACTION;

--
-- Constraints for table `webinar_partner_teacher`
--
ALTER TABLE `webinar_partner_teacher`
  ADD CONSTRAINT `webinar_partner_teacher_teacher_id_foreign` FOREIGN KEY (`teacher_id`) REFERENCES `users` (`id`) ON DELETE CASCADE ON UPDATE NO ACTION,
  ADD CONSTRAINT `webinar_partner_teacher_webinar_id_foreign` FOREIGN KEY (`webinar_id`) REFERENCES `webinars` (`id`) ON DELETE CASCADE ON UPDATE NO ACTION;

--
-- Constraints for table `webinar_reports`
--
ALTER TABLE `webinar_reports`
  ADD CONSTRAINT `webinar_reports_webinar_id_foreign` FOREIGN KEY (`webinar_id`) REFERENCES `webinars` (`id`) ON DELETE CASCADE ON UPDATE NO ACTION;

--
-- Constraints for table `webinar_reviews`
--
ALTER TABLE `webinar_reviews`
  ADD CONSTRAINT `webinar_reviews_bundle_id_foreign` FOREIGN KEY (`bundle_id`) REFERENCES `bundles` (`id`) ON DELETE CASCADE ON UPDATE NO ACTION,
  ADD CONSTRAINT `webinar_reviews_creator_id_foreign` FOREIGN KEY (`creator_id`) REFERENCES `users` (`id`) ON DELETE CASCADE ON UPDATE NO ACTION,
  ADD CONSTRAINT `webinar_reviews_webinar_id_foreign` FOREIGN KEY (`webinar_id`) REFERENCES `webinars` (`id`) ON DELETE CASCADE ON UPDATE NO ACTION;

--
-- Constraints for table `webinar_translations`
--
ALTER TABLE `webinar_translations`
  ADD CONSTRAINT `webinar_translations_webinar_id_foreign` FOREIGN KEY (`webinar_id`) REFERENCES `webinars` (`id`) ON DELETE CASCADE ON UPDATE NO ACTION;
COMMIT;

/*!40101 SET CHARACTER_SET_CLIENT=@OLD_CHARACTER_SET_CLIENT */;
/*!40101 SET CHARACTER_SET_RESULTS=@OLD_CHARACTER_SET_RESULTS */;
/*!40101 SET COLLATION_CONNECTION=@OLD_COLLATION_CONNECTION */;
